cubeta_id,cuenca,dist_divide_m,slope_s50,slope_s100,slope_s200,slope_s500,slope_s1000,slope_s2000,tpi_R500,tpi_R1000,tpi_R2000,tpi_R5000,vd_ord4,vd_ord6
CRR_0001,CRR,333.9883849313735,0.0252634268254041,0.0110716484487056,0.0060351975262165,0.0077096191234886,,,-0.137178748846054,,,,0.2660693526268005,189.7872009277344
CRR_0002,CRR,490.4283785843409,0.0080414768308401,0.0209178067743778,0.0204867012798786,0.0134701384231448,0.0086593860760331,,-0.2664209902286529,-0.1936026066541671,,,0.39393150806427,189.93722534179688
CRR_0003,CRR,217.8711302316828,0.0130281364545226,0.0412124060094356,0.0354468859732151,0.0194785129278898,0.0115150837227702,,-0.1631941646337509,0.0330914370715618,,,0.5105918049812317,189.75726318359372
CRR_0004,CRR,611.2042026629342,0.0239058267325162,0.0254330988973379,0.0246637240052223,0.0181800164282321,0.0113647580146789,0.0097382199019193,-0.24769988656044,-0.1557098776102066,0.0878434106707573,,0.3650250434875488,189.97726440429688
CRR_0005,CRR,488.7663149715385,0.0301274508237838,0.0483753383159637,0.0464788600802421,0.0201653614640235,0.0095331538468599,,-0.1159029752016067,-0.0222903694957494,,,0.3277152180671692,189.7572479248047
CRR_0006,CRR,834.2434107827447,0.0648022964596748,0.0527191311120986,0.0179392099380493,0.0183768663555383,0.0103557221591472,,-0.2252027541399002,-0.1899093091487884,,,0.4717473983764648,189.98727416992188
CRR_0007,CRR,69.22121497402617,0.0306618865579366,0.0324535407125949,0.0161401219666004,,,,,,,,0.141416311264038,189.5973358154297
CRR_0008,CRR,976.2905055456262,0.0160676334053277,0.0233524423092603,0.03566799685359,0.0305798929184675,0.0161086842417716,0.0116473650559782,-0.3625978827476501,-0.3175828456878662,-0.1214755177497863,1.3515524864196775,0.6065170764923096,190.28729248046875
CRR_0009,CRR,1440.058967787725,0.018736857920885,0.0219977367669343,0.0239829421043396,0.0224161315709352,0.0159279610961675,0.0110816899687051,-0.2014731913805008,-0.275400161743164,-0.1599393188953399,1.2554030418395996,0.5556513071060181,190.29736328125
CRR_0010,CRR,1605.876315704904,0.0391590781509876,0.0282468944787979,0.0171452406793832,0.0183697994798421,0.014854647219181,0.0101596405729651,-0.2467894107103347,-0.3341397941112518,-0.225694328546524,1.1637423038482666,0.57460618019104,190.3173675537109
CRR_0011,CRR,1164.3499836635349,0.0140620563179254,0.0202659163624048,0.0273471437394619,0.0253186170011758,0.0129161002114415,0.0081275766715407,-0.608587384223938,-0.6185533404350281,-0.4834392368793487,,0.8559702634811401,190.47738647460935
CRR_0012,CRR,1457.855317740695,0.0228825584053993,0.022868713364005,0.0073614851571619,0.0183247067034244,0.0141492243856191,0.0094162430614233,-0.5348998308181763,-0.6144167184829712,-0.5019676089286804,0.8658314943313599,0.8319395780563354,190.55735778808597
CRR_0013,CRR,1711.905446366284,0.0359323434531688,0.0326753854751586,0.0198089908808469,0.0220644995570182,0.0174258388578891,0.0120446048676967,-0.2512846291065216,-0.3615285158157348,-0.2944910824298858,1.1041384935379028,0.680756688117981,190.47738647460935
CRR_0014,CRR,875.5431645072047,0.0334964171051979,0.0608320832252502,0.0498983077704906,0.0252381656318902,0.0122502502053976,0.0076202554628252,-0.228155180811882,-0.1487710773944854,-0.0063588595949113,,0.4663840532302856,189.9774475097656
CRR_0015,CRR,162.4751283806772,0.0113694360479712,0.0227445587515831,0.0355723910033702,0.019195158034563,0.0066589396446943,0.0051656197756528,-0.1328129470348358,-0.0422489643096923,0.1427401006221771,,0.2421965599060058,189.73757934570312
CRR_0016,CRR,1310.967938512813,0.0128095988184213,0.0104420809075236,0.0177680347114801,0.0216749738901853,0.0143623873591423,0.009128900244832,-0.409817487001419,-0.3846252262592315,-0.2798665761947632,1.041403889656067,0.6231979131698608,190.3175048828125
CRR_0017,CRR,1974.32449001282,0.1743542253971099,0.0764007270336151,0.0449679940938949,0.0259794034063816,0.0174515657126903,0.0116479583084583,-0.4645266532897949,-0.5420913696289062,-0.5026471614837646,0.8574939370155334,0.8370704650878906,190.65745544433597
CRR_0018,CRR,2415.830435337158,0.0321657843887805,0.0328563600778579,0.0494278967380523,0.0357705987989902,0.020541338250041,0.0139714498072862,-0.6713765859603882,-0.7880849838256836,-0.7914838790893555,0.5663631558418274,1.1696946620941162,191.04751586914065
CRR_0019,CRR,1856.207007587288,0.0211106557399034,0.0209805183112621,0.0143129061907529,0.0182123500853776,0.0174557622522115,0.0110755935311317,-0.2691802978515625,-0.2409484535455703,-0.1302950531244278,1.2077490091323853,0.4721207618713379,190.24761962890625
CRR_0020,CRR,675.0229826487746,0.0125369215384125,0.0184359047561883,0.0263159703463315,0.0104628149420022,0.0064359665848314,0.0057965014129877,-0.1933716386556625,-0.1978580057621002,0.0013557738857343,1.2478173971176147,0.3470747470855713,189.92774963378903
CRR_0021,CRR,1266.3334497766218,0.0132952351123094,0.0037733411882072,0.006006411742419,0.010406537912786,0.0103523787111043,0.007774222176522,-0.2468946129083633,-0.2687367498874664,-0.0676516741514206,1.2318307161331177,0.4367568492889404,190.06776428222656
CRR_0022,CRR,1098.1759901881346,0.019413873553276,0.0349356271326541,0.0391798615455627,0.0160170067101717,0.007533251773566,0.0066110175102949,-0.2717646956443786,-0.2651086747646332,-0.0373448319733142,1.2407710552215576,0.4593295454978943,190.00784301757807
CRR_0023,CRR,157.04129686367415,0.0034806251060217,0.0381978303194046,0.0305817499756813,0.0061490703374147,0.0009656851761974,0.0045301620848476,-0.485879898071289,-0.4174194931983948,-0.1987216919660568,,0.4492013454437256,190.0979766845703
CRR_0024,CRR,2460.389585359484,0.0132864480838179,0.0045320005156099,0.0111098140478134,0.0211654137820005,0.0218591075390577,0.0134784877300262,-0.1118989363312721,-0.0327538810670375,0.1788597553968429,1.538931369781494,0.2984310388565063,190.03775024414065
CRR_0025,CRR,3280.23041889341,0.0494568720459938,0.0373469181358814,0.0587607622146606,0.0521105080842971,0.0325563065707683,0.0188781078904867,-0.5830965042114258,-0.4809010624885559,-0.3383119404315948,1.0041335821151731,0.9367095232009888,190.7876892089844
CRR_0026,CRR,967.479339844805,0.0050040250644087,0.0091267526149749,0.0087896371260285,0.00188674707897,0.00165675743483,0.0060816714540123,-0.1918192654848098,-0.0554011985659599,0.2306423634290695,1.4629923105239868,0.3300050497055053,189.7481231689453
CRR_0027,CRR,384.134358786336,0.0060728187672793,0.0139362895861268,0.0127796195447444,0.0099912313744425,0.0073743644170463,0.0066903075203299,-0.2785961627960205,-0.2857382595539093,-0.1126474067568779,,0.310874342918396,190.06832885742188
CRR_0028,CRR,2600.1571023706424,0.0160935223102569,0.0164174921810627,0.0200269725173711,0.0191475301980972,0.0185270588845014,0.0131482509896159,-0.2679062485694885,-0.1550184339284896,0.1803340464830398,1.5525949001312256,0.4259957075119018,190.03787231445312
CRR_0029,CRR,2181.338447324984,0.0054152379743754,0.0244607869535684,0.0312231630086898,0.0146384229883551,0.0065345354378223,0.0097530437633395,-0.3076508045196533,-0.2335118800401687,0.1581661254167556,1.5123662948608398,0.4484710097312927,189.9680328369141
CRR_0030,CRR,101.5652602605521,0.0990502908825874,0.0759491473436355,0.0290739741176366,,,,,,,,0.313645601272583,190.3484344482422
CRR_0031,CRR,534.5215903480135,0.0223033782094717,0.0094931181520223,0.0087850335985422,0.0092622796073555,0.008097244426608,0.0071973172016441,-0.3315532803535461,-0.3339080810546875,-0.1595987230539322,,0.380405068397522,190.13839721679688
CRR_0032,CRR,2306.4325847542864,0.0198320429772138,0.0211568251252174,0.0182128269225358,0.0159452930092811,0.0110491458326578,0.0107561461627483,-0.3060492873191833,-0.2434759587049484,0.1297114640474319,1.4934711456298828,0.4574121832847595,190.0179748535156
CRR_0033,CRR,776.033706066628,0.0098195225000381,0.0109223462641239,0.0115836858749389,0.0120357386767864,0.0081884795799851,0.007041850592941,-0.2586819529533386,-0.1374676078557968,0.1151771247386932,1.264499545097351,0.3615244030952453,189.87828063964844
CRR_0034,CRR,3754.752692244878,0.0071275471709668,0.0272239595651626,0.0450695566833019,0.0569476447999477,0.0381326973438262,0.0221350621432065,0.0420230776071548,0.2465137541294098,0.4313701391220093,1.7497062683105469,0.2913943529129028,190.167724609375
CRR_0035,CRR,653.7856898609846,0.0213164202868938,0.0265281070023775,0.0267062075436115,0.015207590535283,0.0093911346048116,0.0074471901170909,-0.0993980914354324,-0.0512989312410354,0.1552706807851791,,0.1763184070587158,189.8383636474609
CRR_0036,CRR,1450.4620951562315,0.0086016142740845,0.0164607539772987,0.0086781661957502,0.006680320482701,0.0076336795464158,0.0077792811207473,-0.2139114737510681,-0.0662447288632392,0.2525787055492401,1.4933234453201294,0.3144749402999878,189.79827880859372
CRR_0037,CRR,1333.021556397877,0.0075894203037023,0.0149967800825834,0.0049364403821527,0.0113784605637192,0.0100992573425173,0.0080591710284352,-0.1487205326557159,-0.0003891579690389,0.2920568287372589,1.4964110851287842,0.2703662514686584,189.75833129882807
CRR_0038,CRR,2837.482698240185,0.0391148440539836,0.0460804849863052,0.0357592515647411,0.0171886105090379,0.0123628890141844,0.0132353492081165,-0.1477372795343399,0.0752448588609695,0.5382349491119385,1.9234998226165767,0.3439247608184814,189.718017578125
CRR_0039,CRR,1876.3054262397231,0.0437204465270042,0.0318643376231193,0.0118076112121343,0.003543832572177,0.0068962350487709,0.0085826478898525,-0.0999916046857833,0.0431269444525241,0.4110206365585327,1.7010867595672607,0.2235450744628906,189.68826293945312
CRR_0040,CRR,941.6235330183712,0.0100162969902157,0.0090278182178735,0.0081247109919786,0.0110485535115003,0.011452043429017,0.0087967803701758,-0.2178405374288559,-0.2004440426826477,-0.029691893607378,,0.3247883319854736,190.0885772705078
CRR_0041,CRR,2054.0108515299744,0.0116152865812182,0.0210403818637132,0.0135532394051551,0.0056301606819033,0.0078452695161104,0.0091357491910457,-0.1804644465446472,-0.0276367776095867,0.3588222861289978,1.660906195640564,0.3063526153564453,189.76828002929688
CRR_0042,CRR,741.1666037801865,0.0062061897478997,0.0117499521002173,0.0194082092493772,0.008930679410696,0.0111618731170892,0.0089889951050281,-0.189966470003128,-0.1530710607767105,-0.0009328331798315,,0.3171128034591675,190.0886993408203
CRR_0043,CRR,3619.387888651166,0.0234452988952398,0.0188607275485992,0.0212660431861877,0.0262984801083803,0.0243588630110025,0.0187170896679162,0.0226106960326433,0.3842903971672058,0.885288417339325,2.2654855251312256,0.2750232815742492,189.5879669189453
CRR_0044,CRR,1454.4274132474566,0.0205828417092561,0.0269274860620498,0.0257295258343219,0.0208028648048639,0.0158180557191371,0.0101774418726563,-0.1133373230695724,-0.0795370042324066,0.0858640447258949,1.1092088222503662,0.2729562520980835,190.0386657714844
CRR_0045,CRR,678.1611839677021,0.0200248528271913,0.0300719868391752,0.0320666544139385,0.0121424905955791,0.0116791939362883,0.0092225829139351,-0.2527766227722168,-0.1647020727396011,-0.0262508708983659,,0.3998738527297973,190.1588592529297
CRR_0046,CRR,4114.820644130853,0.0971276238560676,0.1006303504109382,0.0778871923685073,0.0464850217103958,0.0315923243761062,0.022509841248393,-0.1255894601345062,0.1390448659658432,0.6351431012153625,1.986154317855835,0.4038484096527099,190.00796508789065
CRR_0047,CRR,3157.651713870214,0.0046379175037145,0.0085503254085779,0.0144430985674262,0.0088030435144901,0.0079171303659677,0.013545922935009,-0.2138881534337997,0.0721675381064415,0.6108526587486267,1.992519497871399,0.3885325193405151,189.71823120117188
CRR_0048,CRR,2362.681617337103,0.0563842877745628,0.0531574822962284,0.0388130620121955,0.0278639961034059,0.0175588186830282,0.011108823120594,-0.1585656255483627,-0.0265055801719427,0.3182929158210754,1.579086422920227,0.3703712821006775,189.8884735107422
CRR_0049,CRR,2912.092228673473,0.0286820698529481,0.0271197613328695,0.0197918154299259,0.0210867617279291,0.0143720125779509,0.012264777906239,-0.1223787739872932,0.0911983624100685,0.5499155521392822,1.8836015462875368,0.3747525215148926,189.7384033203125
CRR_0050,CRR,1328.3771140195483,0.0204720832407474,0.0083913411945104,0.0127048892900347,0.021125515922904,0.0176337342709302,0.0112305721268057,-0.4421202838420868,-0.4283956289291382,-0.3240565061569214,0.6102897524833679,0.6474882364273071,190.53890991210935
CRR_0051,CRR,4206.637533674716,0.0294986851513385,0.0699791312217712,0.0645631775259971,0.0391078814864158,0.025484561920166,0.0218329727649688,-0.3528581857681274,-0.1159733012318611,0.4562770426273346,1.818660378456116,0.5678552389144897,190.1980743408203
CRR_0052,CRR,61.77783635580945,0.0408677011728286,0.0276969615370035,0.0288439318537712,0.0157845895737409,0.0097527261823415,0.0082540931180119,-0.2013338208198547,-0.1071594879031181,0.0302917994558811,,0.2611721754074096,190.1592254638672
CRR_0053,CRR,3198.903435656124,0.0297028757631778,0.0280424412339925,0.0241774264723062,0.0254953857511281,0.0162737742066383,0.0134508982300758,-0.2718313038349151,-0.0619308799505233,0.4144730269908905,1.751957654953003,0.5058578848838806,189.9384307861328
CRR_0054,CRR,2763.941237164644,0.066976860165596,0.0709380209445953,0.060906670987606,0.0356903336942195,0.022247489541769,0.0129169691354036,-0.2666638791561126,-0.1613808721303939,0.168215662240982,1.4190952777862549,0.5875659584999084,190.12857055664065
CRR_0055,CRR,890.9033705853326,0.0234370417892932,0.0188222005963325,0.0255386922508478,0.0207339990884065,0.0157306808978319,0.0106340320780873,-0.1678887456655502,-0.0815283358097076,0.0142160365357995,0.8630001544952393,0.3603878021240234,190.2290954589844
CRR_0056,CRR,2366.69758103795,0.0137541089206933,0.0162093807011842,0.0411841869354248,0.0335638448596,0.0243373978883028,0.0134096154943108,-0.5546233654022217,-0.6496005058288574,-0.5350465178489685,0.530396580696106,0.9366742372512816,190.828857421875
CRR_0057,CRR,3732.13508344674,0.028243513777852,0.0426543913781642,0.0360064059495925,0.0228538252413272,0.0133415786549448,0.0161281581968069,-0.1486917734146118,0.1018685922026634,0.6707763671875,2.043057441711426,0.4434582591056824,189.80833435058597
CRR_0058,CRR,231.57088771506267,0.012412192299962,0.0173257030546665,0.0115863308310508,0.0096280267462134,0.0097632696852087,0.0081725576892495,-0.3337474465370178,-0.2968516945838928,-0.1448082029819488,,0.3166652917861938,190.36949157714844
CRR_0059,CRR,1714.5898346229303,0.0170560516417026,0.0169913358986377,0.0353169664740562,0.0311809107661247,0.0218701753765344,0.0131645491346716,-0.3164085447788238,-0.3931921720504761,-0.3714894354343414,0.5359538197517395,0.694438099861145,190.71913146972656
CRR_0060,CRR,1364.7911637243983,0.0153000149875879,0.0361029133200645,0.0410986393690109,0.0309507250785827,0.019725190475583,0.0122522599995136,-0.2742644846439361,-0.2739498615264892,-0.2392248958349228,0.6115883588790894,0.5702486038208008,190.5792236328125
CRR_0061,CRR,2744.630503822215,0.0071918605826795,0.0167067162692546,0.0245755314826965,0.0283244401216506,0.0273883081972599,0.0150554478168487,-0.3716744780540466,-0.4494397342205047,-0.3576461374759674,0.7148449420928955,0.8137589693069458,190.74891662597656
CRR_0062,CRR,4393.659111540172,0.0294201262295246,0.0420994833111763,0.0360693670809268,0.0191885624080896,0.0166532285511493,0.0206031743437051,-0.0713469982147216,0.1496359705924987,0.7727154493331909,2.1301426887512207,0.273779034614563,189.91827392578125
CRR_0063,CRR,732.8809425927097,0.0192872695624828,0.0301113538444042,0.0350752398371696,0.0174650195986032,0.0142059689387679,0.0099375918507575,-0.1886867731809616,-0.1272734701633453,-0.0217729583382606,,0.3682118654251098,190.31944274902344
CRR_0064,CRR,3598.5233381779226,0.0228478647768497,0.0251605622470378,0.0280020162463188,0.0342786721885204,0.0246367864310741,0.0159319434314966,-0.1315611749887466,-0.0248723290860652,0.3672051727771759,1.6413415670394895,0.407162070274353,190.1186370849609
CRR_0065,CRR,3839.510221365278,0.0413896739482879,0.0359691232442855,0.0347135141491889,0.032612781971693,0.0216341335326433,0.0165641698986291,-0.3048498630523681,-0.1836976259946823,0.2849768996238708,1.5928486585617063,0.5515210628509521,190.24855041503903
CRR_0066,CRR,3364.5812992260085,0.0326131023466587,0.0388706065714359,0.041586872190237,0.0342346578836441,0.0292032547295093,0.0163139887154102,-0.2523144781589508,-0.2140194624662399,-0.0022775225806981,1.1645852327346802,0.5979795455932617,190.47882080078125
CRR_0067,CRR,642.3820683434014,0.0183334704488515,0.034406304359436,0.0282007083296775,0.0175542887300252,0.0129392854869365,0.0094223143532872,-0.3841116726398468,-0.3251164257526397,-0.1796966195106506,,0.5323688983917236,190.46966552734372
CRR_0068,CRR,1074.6053862533645,0.0124563165009021,0.0110036451369524,0.013015211559832,0.0204047504812479,0.0167414993047714,0.0108196604996919,-0.1805689483880996,-0.1444349288940429,-0.0612496398389339,0.6892276406288147,0.3977820873260498,190.4195556640625
CRR_0069,CRR,4470.585420863679,0.0191682465374469,0.0249020960181951,0.0307901818305253,0.0188452564179897,0.0161499716341495,0.0199219547212123,-0.1540812104940414,0.0343578457832336,0.6343584060668945,1.967421293258667,0.3567986488342285,190.07843017578125
CRR_0070,CRR,3318.495436576038,0.0159901399165391,0.0207637920975685,0.0187492333352565,0.030857054516673,0.0309612061828374,0.0176665671169757,-0.2424588501453399,-0.2257453948259353,-0.1619714200496673,0.895440936088562,0.6819878816604614,190.72903442382807
CRR_0071,CRR,2256.878988147833,0.0297329276800155,0.0178041849285364,0.0277982726693153,0.0291242506355047,0.0245869699865579,0.0153593989089131,-0.6317294239997864,-0.7973083853721619,-0.8947330713272095,-0.0470436140894889,1.2456958293914795,191.4293670654297
CRR_0072,CRR,4518.379097960218,0.0173497796058654,0.0224323291331529,0.0258343238383531,0.0303178653120994,0.0243538077920675,0.0200863108038902,-0.3722000420093536,-0.2875829935073852,0.1842588484287262,1.432373285293579,0.6186150312423706,190.5787048339844
CRR_0073,CRR,4189.684510429932,0.0337768867611885,0.0615732073783874,0.0539239086210727,0.0361953377723693,0.030883053317666,0.0195282287895679,-0.2158339917659759,-0.2030463367700576,0.0576159246265888,1.211206078529358,0.5824263095855713,190.64889526367188
CRR_0074,CRR,1286.9762891846456,0.0128225302323699,0.0212072283029556,0.0244010593742132,0.0257918238639831,0.0189391132444143,0.011644946411252,-0.346615582704544,-0.300410658121109,-0.191105768084526,,0.5763294696807861,190.59988403320312
CRR_0075,CRR,5096.341027931871,0.0131249092519283,0.0302537847310304,0.0271167326718568,0.0162452235817909,0.0180604755878448,0.0234975889325141,-0.1178531944751739,0.1471980512142181,0.7977375984191895,2.06832242012024,0.3643985986709595,190.15850830078125
CRR_0076,CRR,3146.9789024446864,0.0397726334631443,0.0534346364438533,0.0551058202981948,0.0389144979417324,0.0298673883080482,0.0182958431541919,-0.1518339067697525,-0.1769055426120758,-0.2637860476970672,0.6671582460403442,0.7559787034988403,190.9292755126953
CRR_0077,CRR,3863.316323654819,0.0166682563722133,0.0495526976883411,0.0441627129912376,0.0373393930494785,0.0327235981822013,0.0196433421224355,-0.2576533257961273,-0.2599398493766784,-0.1556038856506347,0.905592679977417,0.7099134922027588,190.8690643310547
CRR_0078,CRR,2083.590900773211,0.0298800151795148,0.0306191481649875,0.0395268648862838,0.0367285534739494,0.0245318822562694,0.0143187791109085,-0.1972433626651764,-0.3071013689041137,-0.3812155425548553,0.3571068942546844,0.7232698202133179,190.95974731445312
CRR_0079,CRR,2736.6690282742115,0.0870326086878776,0.0670558288693428,0.0497402437031269,0.0338444113731384,0.0257126856595277,0.0169922709465026,-0.5496938824653625,-0.7512276768684387,-0.9323415160179138,-0.1302867382764816,1.3217188119888306,191.6195526123047
CRR_0080,CRR,737.2022980662842,0.0289597045630216,0.0451447516679763,0.0436458252370357,0.0272965431213378,0.0173062570393085,0.0121223973110318,-0.1748966574668884,-0.0239122435450553,0.1658845990896225,,0.3776750564575195,190.17013549804688
CRR_0081,CRR,1889.502146613588,0.0077589605934917,0.0154633577913045,0.0316783003509044,0.0340519919991493,0.0248142518103122,0.0138063468039035,-0.1185253858566284,-0.1454273611307144,-0.1532216519117355,0.5608489513397217,0.5183624029159546,190.70989990234372
CRR_0082,CRR,4936.286604212306,0.0019560039509087,0.0251099523156881,0.0275394413620233,0.0316138193011283,0.0259127635508775,0.0223013684153556,-0.249476745724678,-0.1278849989175796,0.3558963239192962,1.549222707748413,0.4645783901214599,190.5687713623047
CRR_0083,CRR,3557.3252326388733,0.0371230281889438,0.0458533428609371,0.0509872585535049,0.0435291565954685,0.0312506072223186,0.0198789462447166,-0.1090075522661209,-0.169786125421524,-0.2822721302509308,0.615261435508728,0.7632745504379272,191.08937072753903
CRR_0084,CRR,4449.913794080493,0.0092838276177644,0.0276250783354043,0.0389108248054981,0.0377464182674884,0.0338122472167015,0.0222085267305374,-0.4695480465888977,-0.4870334267616272,-0.3377445042133331,0.6811280250549316,0.9477273225784302,191.2691345214844
CRR_0085,CRR,5343.596591361668,0.0033759342040866,0.0176358222961425,0.0363910086452961,0.0320450291037559,0.0256305653601884,0.0243974607437849,-0.2548826038837433,-0.0712429285049438,0.4783797860145569,1.6364624500274658,0.441775918006897,190.6087951660156
CRR_0086,CRR,3081.352724330431,0.0464097559452056,0.0490076504647731,0.0422843284904956,0.0321964770555496,0.0258486457169055,0.0180307421833276,-0.4498713314533233,-0.705426037311554,-0.9503058791160583,-0.202950969338417,1.3681387901306152,191.76971435546875
CRR_0087,CRR,577.6841149202198,0.0189887080341577,0.0308514721691608,0.0319144576787948,0.0233494099229574,0.0199777912348508,0.0140531193464994,-0.1765799075365066,-0.0563147626817226,0.1678861230611801,,0.3459981679916382,190.17037963867188
CRR_0088,CRR,3580.2643764213394,0.0179859101772308,0.0326651111245155,0.0479115657508373,0.0431400723755359,0.0288735087960958,0.0199669245630502,-0.3585344552993774,-0.5236390233039856,-0.7369352579116821,0.0650762319564819,1.20642352104187,191.6395721435547
CRR_0089,CRR,2094.736724104568,0.0393863394856452,0.0167897082865238,0.0546303018927574,0.0442289225757122,0.0294547881931066,0.0158365108072757,-0.3756903409957886,-0.4147914946079254,-0.5012802481651306,0.1819840520620346,0.9089910984039308,191.20008850097656
CRR_0090,CRR,4075.727041709655,0.0358108431100845,0.0516036339104175,0.0517418086528778,0.0422251708805561,0.0326023288071155,0.0217440389096736,-0.3677710592746734,-0.469203382730484,-0.5773444771766663,0.2770096063613891,1.1011887788772583,191.5694580078125
CRR_0091,CRR,981.9779372088896,0.0160444565117359,0.009400961920619,0.0117128575220704,0.0264275278896093,0.0280170906335115,0.0166973117738962,-0.3208323419094085,-0.224972128868103,-0.0306297354400157,,0.5555369853973389,190.5105743408203
CRR_0092,CRR,3389.203558810433,0.0179003458470106,0.0346421748399734,0.0322462357580661,0.0255216769874095,0.0256681591272354,0.0195951331406831,-0.4139026999473572,-0.6932879686355591,-1.01072096824646,-0.3299362957477569,1.487667441368103,192.02989196777344
CRR_0093,CRR,5183.69980309676,0.0149191059172153,0.0288370866328477,0.0416920483112335,0.0396053567528724,0.0345978997647762,0.025311954319477,-0.2938645482063293,-0.2162333577871322,0.0507897324860096,1.0024996995925903,0.6330254077911377,191.17919921875
CRR_0094,CRR,6001.306946387032,0.0176802650094032,0.0170502364635467,0.0267045181244611,0.0308326873928308,0.0305493548512458,0.0278551988303661,-0.2555463314056396,-0.0468458048999309,0.5335108637809753,1.566877365112305,0.3941527605056762,190.8788909912109
CRR_0095,CRR,2344.011862468426,0.0471066385507583,0.067889392375946,0.0704110860824585,0.0497016310691833,0.0326539129018783,0.0177116431295871,-0.3263091742992401,-0.3850604295730591,-0.5620875358581543,0.085411362349987,1.002475380897522,191.41026306152344
CRR_0096,CRR,472.2081191223669,0.0020632257219403,0.0353003479540348,0.0456046573817729,0.0308572705835104,0.0261388700455427,0.0173118337988853,-0.3858755230903625,-0.2762495875358581,0.0223173033446073,,0.5538270473480225,190.31077575683597
CRR_0097,CRR,3983.3446864262273,0.0328758507966995,0.0529489181935787,0.0490594021975994,0.0358282700181007,0.028820076957345,0.0215970948338508,-0.2856205999851227,-0.4922295808792114,-0.7499582767486572,-0.0347560718655586,1.2785382270812988,191.8897399902344
CRR_0098,CRR,3214.995486513444,0.0148391360417008,0.0185223557054996,0.0195401776582002,0.0245152376592159,0.0259922910481691,0.0193602535873651,-0.453739732503891,-0.7271721959114075,-1.0612703561782837,-0.4138070344924927,1.5404963493347168,192.1000213623047
CRR_0099,CRR,3549.366120834804,0.0384960062801837,0.0322937481105327,0.0230766665190458,0.0237085036933422,0.0256141554564237,0.0203549116849899,-0.3877955377101898,-0.6553907990455627,-0.9931634068489076,-0.3376778066158294,1.500316143035889,192.1099548339844
CRR_0100,CRR,4169.640337863512,0.0553786940872669,0.0624601505696773,0.0505689494311809,0.0372363664209842,0.0302696619182825,0.0223174132406711,-0.2486124336719513,-0.4252492487430572,-0.6505586504936218,0.0659930035471916,1.20066499710083,191.8497314453125
CRR_0101,CRR,4833.227884363444,0.0539274998009204,0.0609123036265373,0.05470472574234,0.0425030663609504,0.0353888235986232,0.0245732497423887,-0.3023883402347564,-0.3374571800231933,-0.3410457372665405,0.4511200785636902,0.9543290138244628,191.63949584960935
CRR_0102,CRR,3075.505875070796,0.0257078278809785,0.0329007059335708,0.0335774198174476,0.0307279434055089,0.0275871623307466,0.0194145999848842,-0.3100874125957489,-0.5444090962409973,-0.8893705010414124,-0.2735623121261596,1.3783998489379885,191.96017456054688
CRR_0103,CRR,1433.3571989894117,0.0422605350613594,0.0327751152217388,0.0337788760662078,0.0365125350654125,0.0354384891688823,0.0187433138489723,-0.3514354228973388,-0.2548516392707824,-0.1477111726999282,0.5719844102859497,0.6773415803909302,190.7806854248047
CRR_0104,CRR,173.24903432120067,0.0330307818949222,0.026742709800601,0.0167581234127283,0.0306995343416929,0.024607615545392,0.017795717343688,-0.1356031447649002,0.0544657297432422,0.4675908386707306,,0.2939143776893616,189.6610870361328
CRR_0105,CRR,3998.7750083191936,0.0330905467271804,0.0231127105653285,0.0292198341339826,0.0300919376313686,0.0279887784272432,0.0218805782496929,-0.3482230007648468,-0.5610739588737488,-0.8564352989196777,-0.1960266828536987,1.4084570407867432,192.0998687744141
CRR_0106,CRR,2650.224685467585,0.0168775636702775,0.0482837110757827,0.0630459561944007,0.0473445057868957,0.0331119447946548,0.0191642884165048,-0.2423966526985168,-0.3565990328788757,-0.632611870765686,-0.0214990563690662,1.110612154006958,191.6303558349609
CRR_0107,CRR,6441.413365795414,0.0151898711919784,0.0137839512899518,0.0150857493281364,0.0280370209366083,0.0368555188179016,0.0300209000706672,-0.1685835421085357,0.1095547899603843,0.678180456161499,1.6075271368026731,0.3198754787445068,190.9989471435547
CRR_0108,CRR,3691.070818443238,0.0110229896381497,0.0145648568868637,0.0150214210152626,0.021304914727807,0.0255240369588136,0.0209989454597234,-0.3870382010936737,-0.6325288414955139,-0.9964972734451294,-0.3821227252483368,1.5372066497802734,192.2300262451172
CRR_0109,CRR,18.45842432654999,0.0302366949617862,0.0022998871281743,0.0172066111117601,0.0198672898113727,0.0200119540095329,0.0171670224517583,-0.2875539660453796,-0.0969638079404831,0.3628509640693664,,0.2135801315307617,189.6212615966797
CRR_0110,CRR,237.49751840014952,0.0304905232042074,0.0243023671209812,0.0101293046027421,0.0232346821576356,0.0228168573230505,0.0180590935051441,-0.2029143422842025,0.0201700329780578,0.4833878874778747,,0.2986975908279419,189.5712738037109
CRR_0111,CRR,3916.2339106997206,0.0198059380054473,0.0161621030420064,0.0188112687319517,0.0225674677640199,0.0261785238981246,0.0217269249260425,-0.3830411732196808,-0.5953319668769836,-0.9630720615386964,-0.3761795163154602,1.5374391078948977,192.31008911132807
CRR_0112,CRR,1078.373199779493,0.0789456367492675,0.0919298529624939,0.0791831463575363,0.0491682104766368,0.0351489558815956,0.0205987188965082,-0.1550172567367553,0.0316889993846416,0.3414593338966369,,0.4688153266906738,190.09109497070312
CRR_0113,CRR,5057.896234542346,0.0240563713014125,0.0329668261110782,0.0356110669672489,0.040195032954216,0.0376309268176555,0.0257805995643138,-0.1998011469841003,-0.1633833944797516,-0.1885346919298172,0.4893575310707092,0.8609583377838135,191.7496795654297
CRR_0114,CRR,1505.7155515479235,0.0097225038334727,0.0323460698127746,0.046232596039772,0.0508548729121685,0.0402856804430484,0.021231573075056,-0.2995927035808563,-0.2239538431167602,-0.0616353005170822,0.7083587646484375,0.6729404926300049,190.68099975585935
CRR_0115,CRR,4144.113362415388,0.0137538174167275,0.0232887547463178,0.0306961927562952,0.0265182927250862,0.0277037508785724,0.0224170666188001,-0.3554929494857788,-0.5261858701705933,-0.8735836744308472,-0.2993406355381012,1.4753425121307373,192.31007385253903
CRR_0116,CRR,5680.200849981653,0.0208758506923913,0.0417689569294452,0.0404265597462654,0.0413835905492305,0.0419950112700462,0.0281044971197843,-0.2180618792772293,-0.0150762042030692,0.1664053052663803,0.882231593132019,0.6033482551574707,191.5494842529297
CRR_0117,CRR,6787.711269359352,0.0193124301731586,0.0161967054009437,0.0246739853173494,0.0436709895730018,0.0456086210906505,0.0315243490040302,-0.0921118855476379,0.2610341310501098,0.7366511821746826,1.5392872095108032,0.4283452033996582,191.2289886474609
CRR_0118,CRR,625.9990213494758,0.0557158477604389,0.0649666860699653,0.0423676781356334,0.0202253572642803,0.0244292244315147,0.0194207578897476,-0.2004947066307068,0.087507277727127,0.5845621824264526,,0.4270602166652679,189.50148010253903
CRR_0119,CRR,4393.506977726088,0.0169780366122722,0.0259816255420446,0.0321256257593631,0.0314498469233512,0.0298775099217891,0.0231587551534175,-0.1560513973236084,-0.2698949873447418,-0.5864551663398743,-0.0259609427303075,1.2178893089294434,192.12005615234372
CRR_0120,CRR,42.7617301229195,0.0383622460067272,0.0448605976998806,0.0318380333483219,0.0176527630537748,0.0060258856974542,,-0.4168859720230102,-0.4219441413879394,,,0.2583357691764831,189.73178100585935
CRR_0121,CRR,3065.1987518685005,0.010371365584433,0.0099029997363686,0.0240052975714206,0.0400838255882263,0.0334621854126453,0.0212080664932727,-0.4181326329708099,-0.5814787745475769,-0.9688118696212769,-0.4135571122169494,1.5106072425842283,192.1806182861328
CRR_0122,CRR,2263.972006925644,0.0463024675846099,0.0540083758533,0.060027677565813,0.0536560304462909,0.0429285988211631,0.021807238459587,-0.3432976603507995,-0.3980075120925903,-0.5228697657585144,0.1318590492010116,1.0495632886886597,191.4409027099609
CRR_0123,CRR,94.78570822713614,0.0190130900591611,0.0173849835991859,0.0115035157650709,,,,,,,,0.1553668975830078,190.07205200195312
CRR_0124,CRR,128.20458523862067,0.0455537550151348,0.0562549196183681,0.0382535867393016,0.0120267802849411,0.0080192377790808,0.0151850990951061,-0.2763983905315399,-0.1984456181526184,0.2659150660037994,,0.3585615158081054,189.5117950439453
CRR_0125,CRR,280.5361610699284,0.0357455089688301,0.0429409816861152,0.0227116830646991,0.0110821053385734,,,-0.2571418285369873,,,,0.2295448780059814,189.93212890625
CRR_0126,CRR,6294.840075777212,0.1245860382914543,0.0590993501245975,0.0445314161479473,0.0565814934670925,0.0492028705775737,0.0302646271884441,-0.3517232239246368,-0.0408221073448658,0.2040074467658996,0.8802143335342407,0.7476787567138672,191.7893524169922
CRR_0127,CRR,4764.89239129013,0.02177394926548,0.0365800373256206,0.034636091440916,0.0393602102994918,0.0332380197942256,0.0242200344800949,-0.1296123564243316,-0.1596906781196594,-0.438933402299881,0.0882394388318061,1.1199944019317627,192.14007568359372
CRR_0128,CRR,4017.685283788822,0.035502590239048,0.012904180213809,0.0124339098110795,0.0262099932879209,0.02502709813416,0.0221253428608179,-0.4622065722942352,-0.6618703007698059,-1.128765344619751,-0.6365363001823425,1.7565670013427734,192.67044067382807
CRR_0129,CRR,1206.706885072187,0.0387638732790946,0.0632839202880859,0.0504902377724647,0.0357776172459125,0.0320275127887725,0.0217909067869186,-0.0934462770819664,0.2231938391923904,0.694412350654602,,0.4043740630149841,189.53163146972656
CRR_0130,CRR,852.6801624040795,0.0403159633278846,0.0236978251487016,0.0045272451825439,0.0104669388383626,0.021411882713437,0.0195775050669908,-0.2749497294425964,-0.007445094641298,0.5270147323608398,,0.521510660648346,189.48179626464844
CRR_0131,CRR,444.4943643203841,0.0062255091033875,0.0154966721311211,0.0265754461288452,0.0251516140997409,0.0115609327331185,,-0.35797119140625,-0.5046685338020325,,,0.3718549013137817,189.8621826171875
CRR_0132,CRR,592.7439901761305,0.0349048599600791,0.0387050323188304,0.0226140785962343,0.0056247320026159,0.0103718675673007,0.0163615122437477,-0.1550272554159164,-0.0458199195563793,0.4635502994060516,,0.3450916111469269,189.34202575683597
CRR_0133,CRR,5286.9704084445575,0.0385738089680671,0.0621063336730003,0.0625133067369461,0.0524002723395824,0.0382673777639865,0.0257784742861986,-0.1517824679613113,-0.1096319407224655,-0.3387326300144195,0.1480580866336822,1.0873401165008545,192.27001953125
CRR_0134,CRR,4541.647499203521,0.0749538019299507,0.0626889541745185,0.0541545115411281,0.0373581126332283,0.0253478623926639,0.0231573320925235,-0.2357919514179229,-0.4180564880371094,-0.8761928677558899,-0.4285236597061157,1.5696423053741455,192.64044189453125
CRR_0135,CRR,848.0190243281253,0.0338983684778213,0.0448971726000309,0.035649012774229,0.0274174213409423,0.0126726729795336,,-0.3270068764686584,-0.466462641954422,,,0.3885567188262939,189.86248779296875
CRR_0136,CRR,1280.9474520279036,0.0154221411794424,0.0242344327270984,0.0300386734306812,0.0205442421138286,0.0239509921520948,0.0206589065492153,-0.1276663839817047,0.0795304998755455,0.619557797908783,,0.3399467170238495,189.40208435058597
CRR_0137,CRR,3297.0946287951624,0.032244473695755,0.0337392352521419,0.0386935994029045,0.0419430397450923,0.0402414985001087,0.0244471337646245,-0.6338028907775879,-0.8910502791404724,-1.2430416345596311,-0.662395179271698,1.834948301315308,192.52120971679688
CRR_0138,CRR,1092.5785419629865,0.0364816598594188,0.0539074540138244,0.0476680696010589,0.0263673439621925,0.0068044755607843,,-0.3352936208248138,-0.2305457293987274,,,0.5488784313201904,189.43247985839844
CRR_0139,CRR,2613.5031856473483,0.0321767963469028,0.033167652785778,0.065522976219654,0.0639159977436065,0.0481313094496727,0.0259043127298355,-0.406981885433197,-0.5549108982086182,-0.5187347531318665,0.2787514328956604,1.13371741771698,191.35162353515625
CRR_0140,CRR,1831.3997834137965,0.0244791638106107,0.0272430926561355,0.0458181612193584,0.0432829484343528,0.0361905954778194,0.0238717924803495,-0.1613408029079437,0.0239287801086902,0.4699793756008148,,0.3723847866058349,189.8119964599609
CRR_0141,CRR,1149.036557471161,0.0397621840238571,0.0482835732400417,0.0385193936526775,0.0241781044751405,,,-0.4380214810371399,,,,0.2844082117080688,190.062744140625
CRR_0142,CRR,4477.927868880785,0.0403533950448036,0.0307036582380533,0.0410410016775131,0.0330220870673656,0.0214669983834028,0.0233751665800809,-0.4004329442977905,-0.7329955697059631,-1.2501178979873655,-0.8235586285591125,1.957274436950684,193.04071044921875
CRR_0143,CRR,6926.650217140586,0.0396137051284313,0.0660759285092353,0.0923504531383514,0.0872025042772293,0.0556564144790172,0.0308223962783813,-0.312268316745758,-0.4220487177371979,-0.5171962976455688,-0.0480975024402141,1.3894832134246826,193.0394592285156
CRR_0144,CRR,1223.6018402214845,0.0429615713655948,0.0381930582225322,0.0346408560872077,0.024486381560564,0.006179666146636,,-0.3567945659160614,-0.214190661907196,,,0.5485481023788452,189.40252685546875
CRR_0145,CRR,1399.8202697043623,0.0087142083793878,0.003912623040378,0.0158917885273695,0.0197416245937347,0.0194940380752086,0.0192117914557456,-0.3658750653266907,-0.2188475877046585,0.329790860414505,,0.60057532787323,189.57241821289065
CRR_0146,CRR,5419.655550249269,0.0315381214022636,0.03366369754076,0.0357250645756721,0.0406440533697605,0.0264693666249513,0.0251765828579664,-0.2260054498910904,-0.4195004105567932,-0.8404626846313477,-0.4674517512321472,1.6450786590576172,192.9904022216797
CRR_0147,CRR,5018.324172544581,0.0247975811362266,0.0252070948481559,0.0323486328125,0.0319009944796562,0.0200314298272132,0.0242205932736396,-0.3777999877929687,-0.6993860006332397,-1.1789662837982178,-0.79361891746521,1.9521477222442627,193.1906280517578
CRR_0148,CRR,2465.8488401918144,0.0133900232613086,0.0252141915261745,0.0366086587309837,0.0419223606586456,0.0394317023456096,0.0259441789239645,-0.1929297447204589,-0.1192268878221511,0.2473837733268737,,0.4705661535263061,190.18228149414065
CRR_0149,CRR,2095.684722595422,0.0069150859490036,0.0122959911823272,0.0281715299934148,0.0358949825167655,0.0298017393797636,0.0228637494146823,-0.3155715763568878,-0.2284179478883743,0.2720348536968231,,0.5401431322097778,189.82261657714844
CRR_0150,CRR,4790.079169360473,0.0395383387804031,0.0182152818888425,0.0270278938114643,0.0311309807002544,0.027347270399332,0.0250661522150039,-0.6663795113563538,-1.1485471725463867,-1.5668303966522217,-1.1391922235488892,2.338866949081421,193.4711151123047
CRR_0151,CRR,5182.320039881441,0.0053319395519793,0.0200314931571483,0.0241304654628038,0.0097450455650687,0.0222334749996662,0.0251291338354349,-0.563681423664093,-1.006044626235962,-1.4327982664108276,-1.0566881895065308,2.252548694610596,193.5209197998047
CRR_0152,CRR,2884.0867407233086,0.0290649142116308,0.0532695464789867,0.0438450016081333,0.037617240101099,0.0393904112279415,0.0270150583237409,-0.2083301246166229,-0.12042036652565,0.2021302580833435,,0.5202257633209229,190.34243774414065
CRR_0153,CRR,5888.7292639303405,0.0223199520260095,0.0268082711845636,0.0231868661940097,0.0165465176105499,0.02485709823668,0.0263950638473033,-0.4452415704727173,-0.7095484137535095,-1.1179174184799194,-0.8078835010528564,2.009110689163208,193.52061462402344
CRR_0154,CRR,2123.993213049472,0.0351092703640461,0.0927490442991256,0.1040646508336067,,,,,,,,0.3854928016662597,190.21337890625
CRR_0155,CRR,2127.5935364546976,0.0550939664244651,0.0566202513873577,0.0214912593364715,0.0205370318144559,0.0063644950278103,,-0.3675965368747711,-0.0237440019845962,,,0.4361920952796936,189.1332550048828
CRR_0156,CRR,2324.932663736556,0.0152137549594044,0.0388118736445903,0.0476328842341899,0.0383369363844394,0.0285015143454074,0.0223479159176349,-0.3588990569114685,-0.2616157829761505,0.2418275773525238,,0.5726761817932129,189.7928771972656
CRR_0157,CRR,5293.295621573374,0.0193006824702024,0.0401925928890705,0.0468591414391994,0.0398266837000846,0.0311378054320812,0.026122311130166,-0.6709424257278442,-1.085596799850464,-1.3898712396621704,-0.997140645980835,2.250988721847534,193.5011444091797
CRR_0158,CRR,3350.3535139058167,0.0333543680608272,0.038771741092205,0.0456994622945785,0.0446944758296012,0.0406151339411735,0.0279521308839321,-0.2070136219263076,-0.0644061863422393,0.1685686558485031,,0.576053261756897,190.6124267578125
CRR_0159,CRR,4373.554673224548,0.0478782951831817,0.0686930790543556,0.0649006962776184,0.0636420249938964,0.040835328400135,0.0270722843706607,-0.3641734421253204,-0.5000472068786621,-0.6309566497802734,-0.0173699539154768,1.3736932277679443,192.1717834472656
CRR_0160,CRR,2273.059795835451,0.0996742770075798,0.11410603672266,0.073674775660038,0.0337334647774696,0.0170551519840955,,-0.2552644312381744,0.0526280291378498,,,0.3487441539764404,189.15316772460935
CRR_0161,CRR,4919.697883894743,0.0445846170186996,0.0976873412728309,0.1081126853823661,0.0684403628110885,0.0383845977485179,0.0267351400107145,-0.3466226160526275,-0.6300408840179443,-0.806557297706604,-0.3101126551628113,1.6224918365478516,192.6715087890625
CRR_0162,CRR,4050.218262440028,0.1124225854873657,0.1062768474221229,0.0764288082718849,0.0602865293622016,0.0407918393611907,0.0280180014669895,-0.6874775886535645,-0.6043813228607178,-0.5341938734054565,0.2512248158454895,1.359286546707153,191.75218200683597
CRR_0163,CRR,5715.169079629546,0.0136658195406198,0.0553433522582054,0.0621696412563324,0.0509787239134311,0.0359049625694751,0.0271785389631986,-0.5998916625976562,-0.8595525026321411,-1.0685982704162598,-0.7136227488517761,2.011462450027466,193.37109375
CRR_0164,CRR,5238.797052393386,0.0502064265310764,0.0832068473100662,0.0995746329426765,0.0697379931807518,0.0387621372938156,0.0270412974059581,-0.5099409818649292,-0.7801617980003357,-0.9176813364028932,-0.4652725458145141,1.7984683513641355,192.94143676757807
CRR_0165,CRR,7585.614428551419,0.0031262701377272,0.0346651822328567,0.0468909554183483,0.0338261909782886,0.0331361517310142,0.0287489108741283,-0.5068516135215759,-0.9613008499145508,-1.5081655979156494,-1.301377534866333,2.4420998096466064,194.65989685058597
CRR_0166,CRR,2888.01137777308,0.0518172532320022,0.0318231657147407,0.0139151429757475,0.0342878103256225,0.0297219567000865,,-0.2645436823368072,-0.2091731280088424,,,0.4485479593276977,189.82325744628903
CRR_0167,CRR,3506.153210733603,0.0089640347287058,0.0130768623203039,0.0109616611152887,0.0220232550054788,0.0348519310355186,0.0278175789862871,-0.1986912786960601,-0.0204563606530427,0.3124918043613434,,0.3853863477706909,190.3228759765625
CRR_0168,CRR,3721.801766141787,0.0112594226375222,0.0190425161272287,0.0095463003963232,0.0245058722794055,0.0350233651697635,0.0281520653516054,-0.157823160290718,0.0737253427505493,0.3809565007686615,,0.4850646257400512,190.37283325195312
CRR_0169,CRR,3310.901315139654,0.0215767193585634,0.0425493121147155,0.0416802540421485,0.0258085709065198,0.0317288450896739,0.0263747554272413,-0.5852607488632202,-0.5269814729690552,-0.1284973472356796,,0.4842275381088257,190.48318481445312
CRR_0170,CRR,7935.73335297475,0.0677585750818252,0.042485699057579,0.0381173007190227,0.0326803997159004,0.0288084857165813,0.0284915957599878,-0.4306704401969909,-0.8935174345970154,-1.476089358329773,-1.3447240591049194,2.453933954238892,194.8700714111328
CRR_0171,CRR,6292.294673142049,0.0442133210599422,0.0633720159530639,0.0783414244651794,0.0737932324409484,0.0482735633850097,0.0294047910720109,-0.3030057549476623,-0.2235313653945922,-0.219255119562149,0.0994777083396911,1.3187119960784912,192.77117919921875
CRR_0172,CRR,5225.329915476019,0.0120447231456637,0.0127396928146481,0.0314716808497905,0.0528471060097217,0.0372066237032413,0.0285335108637809,-0.3205477893352508,-0.2075240761041641,0.0126535138115286,0.6358033418655396,0.8867666721343994,191.7820587158203
CRR_0173,CRR,5878.129970139619,0.0307665336877107,0.0719574019312858,0.1024330630898475,0.0774892196059227,0.0448466055095195,0.0295292418450117,-0.2959083616733551,-0.0968059375882148,0.1535694152116775,0.609848141670227,0.9993152618408204,192.08164978027344
CRR_0174,CRR,7105.1747602745,0.0336473956704139,0.0608139112591743,0.0708786994218826,0.0794481039047241,0.0530520491302013,0.0301547981798648,-0.1783075779676437,-0.224748820066452,-0.4866703152656555,-0.2957009673118591,1.5548741817474363,193.49078369140625
CRR_0175,CRR,4343.211058415251,0.0372767522931098,0.0605080910027027,0.062825508415699,0.0339498072862625,0.0303331147879362,0.0284062381833791,-0.3048490583896637,-0.0713303312659263,0.2373572587966919,,0.2261954545974731,190.72303771972656
CRR_0176,CRR,5152.653881506644,0.0530245900154113,0.0451076552271842,0.0272361822426319,0.0219337921589612,0.025832001119852,0.0288632232695817,-0.1321177333593368,0.0153675377368927,0.3843650221824646,1.1907355785369873,0.4765338897705078,191.14259338378903
CRR_0177,CRR,5686.46604511264,0.0565442517399787,0.050288587808609,0.0294663980603218,0.0328646972775459,0.0330778323113918,0.0298696532845497,-0.2326578050851822,0.0108817070722579,0.4847252368927002,1.1232116222381592,0.600167989730835,191.44223022460935
CRR_0178,CRR,4746.763059924038,0.0360849611461162,0.0492801517248153,0.0608992129564285,0.0355380699038505,0.0256291069090366,0.0285344310104846,-0.3995141983032226,-0.2483408004045486,0.0761173442006111,,0.4730081558227539,191.1029815673828
CRR_0179,CRR,6862.116270403996,0.0751908496022224,0.1019444018602371,0.1091634854674339,0.092659093439579,0.0603173971176147,0.0318676754832267,-0.1269969493150711,0.1781052500009536,0.3579145073890686,0.6368672251701355,0.9051554203033448,192.4512634277344
CRR_0180,CRR,7522.772643528633,0.0665075629949569,0.09497682005167,0.0997833162546157,0.0917713195085525,0.0571926981210708,0.0309624224901199,-0.3118833601474762,-0.4946990013122558,-0.7882972955703735,-0.6439324617385864,1.872483730316162,194.01077270507807
CRR_0181,CRR,6109.391070714818,0.049844067543745,0.0607373677194118,0.0425765700638294,0.0290019642561674,0.0336231738328933,0.0313790589570999,-0.1856634616851806,0.2166094332933426,0.8622264266014099,1.4594862461090088,0.5197286605834961,191.26220703125
CRR_0182,CRR,5959.772832561861,0.0430430434644222,0.0226996969431638,0.0202436875551939,0.0222899261862039,0.0295907314866781,0.0308907497674226,-0.107478842139244,0.1901786029338836,0.8170435428619385,1.4699428081512451,0.4020435810089111,191.18235778808597
CRR_0183,CRR,5325.921613270175,0.0204238668084144,0.0258875265717506,0.0167426019906997,0.0115764588117599,0.0182292629033327,0.0290910899639129,-0.5454626679420471,-0.5147483944892883,-0.0690530762076377,,0.8054521083831787,191.5030059814453
CRR_0184,CRR,6716.277140756125,0.0816294252872467,0.0726534873247146,0.0667648091912269,0.0610386915504932,0.0509391240775585,0.0333287268877029,0.1141067221760749,0.764101505279541,1.3867013454437256,1.808026909828186,0.4326157569885254,191.1818084716797
CRR_0185,CRR,7460.33048765649,0.0464930869638919,0.1097930371761322,0.1467920392751693,0.1179728955030441,0.0698732063174247,0.0336102284491062,-0.5224520564079285,-0.3868321180343628,-0.2442840188741684,-0.0375991985201835,1.5064382553100586,193.36126708984372
CRR_0186,CRR,5743.439790220102,0.0157720614224672,0.0176219046115875,0.0182934310287237,0.0097109330818057,0.0187875088304281,0.0301542449742555,-0.4499589204788208,-0.3562712967395782,0.2388618886470794,1.0579227209091189,0.7372431755065918,191.4628448486328
CRR_0187,CRR,7037.974842724376,0.0967769175767898,0.0800173282623291,0.0794185325503349,0.0715731009840965,0.0564550086855888,0.0348097495734691,-0.0504604950547218,0.6246182322502136,1.3003230094909668,1.6902707815170288,0.5781359672546387,191.421875
CRR_0188,CRR,6034.439175657249,0.0735170915722847,0.0477781668305397,0.0421665906906127,0.0165953859686851,0.015577427111566,0.0311613101512193,-0.4634180963039398,-0.3399408459663391,0.3699057400226593,1.2079453468322754,0.796454906463623,191.4029998779297
CRR_0189,CRR,7982.743651798637,0.1105093732476234,0.158930554986,0.162954956293106,0.1199995130300521,0.072605550289154,0.0343232825398445,-0.6977226138114929,-0.7768445611000061,-0.7741009593009949,-0.643301784992218,1.9644761085510252,194.1812286376953
CRR_0190,CRR,8935.896701194168,0.0227979458868503,0.0318633019924163,0.0501037575304508,0.0372922345995903,0.0382076576352119,0.0298655536025762,-0.494010329246521,-1.055459976196289,-1.6056698560714722,-1.6153146028518677,2.634521961212158,195.58058166503903
CRR_0191,CRR,6929.385276968897,0.0727249458432197,0.0733074769377708,0.0278866551816463,0.009598228149116,0.0337871350347995,0.0356272086501121,-0.2076097726821899,0.2824258208274841,1.2566325664520264,1.8751283884048464,0.4483451843261719,191.1126708984375
CRR_0192,CRR,6517.285475426025,0.0336499288678169,0.0542812645435333,0.0483667850494384,0.0147581342607736,0.0179229546338319,0.0334537848830223,-0.4363018274307251,-0.1864405125379562,0.7038049101829529,1.4937667846679688,0.7084228992462158,191.2930450439453
CRR_0193,CRR,7828.43954217855,0.0411863960325717,0.0728428438305854,0.0918707251548767,0.100758709013462,0.0718538463115692,0.0372275225818157,-0.1924133896827697,0.2845176756381988,0.8081581592559814,1.066510796546936,0.6924881935119629,192.36184692382807
CRR_0194,CRR,6912.124655128434,0.0993024408817291,0.042981881648302,0.030174471437931,0.0131452111527323,0.0265636015683412,0.0356782190501689,-0.5646583437919617,-0.2050748169422149,0.7882865071296692,1.5226058959960938,0.472341775894165,191.41310119628903
CRR_0195,CRR,8839.574118847106,0.0883334875106811,0.1609899848699569,0.1505395621061325,0.1045780926942825,0.0672517046332359,0.0341354273259639,-0.2589440047740936,-0.3643864393234253,-0.5903327465057373,-0.5800955295562744,1.6677861213684082,194.4712677001953
CRR_0196,CRR,8329.517973836959,0.0838469862937927,0.0917289480566978,0.0946724340319633,0.0960416942834854,0.0744946226477623,0.0380693674087524,-0.1493402570486068,0.2280284315347671,0.6150110960006714,0.7945595383644104,0.692638635635376,192.83192443847656
CRR_0197,CRR,9272.200216917656,0.0457690544426441,0.0960362330079078,0.0966526567935943,0.0769815295934677,0.0511390827596187,0.0314253270626068,-0.3894191384315491,-0.7640882134437561,-1.2504526376724243,-1.305101752281189,2.2759013175964355,195.4009246826172
CRR_0198,CRR,8910.337758685097,0.0572893172502517,0.040935892611742,0.0727339461445808,0.0935293957591056,0.0719932988286018,0.0376846306025981,-0.3892259001731872,-0.1782836019992828,0.0146156139671802,0.0963766574859619,1.12809419631958,193.7619781494141
CRR_0199,CRR,9596.833018103707,0.0688610151410102,0.0968350395560264,0.1169422715902328,0.0907335504889488,0.0611639395356178,0.0330106057226657,-0.3739016950130462,-0.5730485916137695,-0.9060739278793336,-0.9844454526901244,1.919240951538086,195.1814117431641
CRR_0200,CRR,8715.279617284148,0.0825491249561309,0.094881385564804,0.1027224287390708,0.0814480632543563,0.0650371834635734,0.0403611846268177,-0.039882481098175,0.3354306519031524,0.884484052658081,1.1382392644882202,0.4516401290893554,192.56277465820312
CRR_0201,CRR,9296.22727250178,0.0147266285493969,0.0509399846196174,0.0770538002252578,0.088054746389389,0.0666947662830352,0.0371626168489456,-0.3713357448577881,-0.2649605870246887,-0.1205112487077713,-0.0809869691729545,1.2000737190246582,194.0821533203125
CRR_0202,CRR,9965.804906108018,0.0600849017500877,0.0946682840585708,0.0924355313181877,0.0754323005676269,0.056718498468399,0.0316765867173671,-0.4582161605358124,-0.7377030849456787,-1.1309200525283811,-1.2473886013031006,2.127716541290283,195.6014404296875
CRR_0203,CRR,9520.40849119438,0.0420581586658954,0.060976717621088,0.0770628526806831,0.0720232874155044,0.0576694943010807,0.0372716523706913,-0.368016242980957,-0.196679413318634,0.0639122277498245,0.1300853937864303,0.98630952835083,193.9226226806641
CRR_0204,CRR,9900.530084200196,0.0317820906639099,0.0713269487023353,0.0923757627606391,0.0788011476397514,0.0574000254273414,0.0348386541008949,-0.3681130409240722,-0.3242403268814087,-0.2436940521001815,-0.2719271779060364,1.2805709838867188,194.5123291015625
CRR_0205,CRR,9476.73753487124,0.0275168772786855,0.0202081110328435,0.0465361773967742,0.0458784326910972,0.0470383688807487,0.0380415022373199,0.0494560934603214,0.3341617882251739,0.7559796571731567,,0.1667385101318359,193.0333251953125
CRR_0206,CRR,10315.558734572847,0.038248986005783,0.0631002411246299,0.0949545577168464,0.0800080522894859,0.0520836003124713,0.032934945076704,-0.2009139657020568,-0.0507411956787109,0.0731809362769126,0.0205647889524698,1.018388271331787,194.38247680664065
CRR_0207,CRR,11232.22416728975,0.0826273411512374,0.0815013647079467,0.0707235783338546,0.0640432387590408,0.0449335612356662,0.029508588835597,0.0385162308812141,0.5751946568489075,1.046202540397644,,0.3816566467285156,193.722900390625
CRR_0208,CRR,11583.968665704686,0.0321046002209186,0.070499263703823,0.0766225159168243,0.0675330087542533,0.0468343645334243,0.0288409106433391,-0.0977032557129859,0.422353595495224,0.9415906667709352,,0.4770970344543457,193.9828186035156
CRR_0209,CRR,11531.502024048496,0.002868506591767,0.0057874135673046,0.0446119084954261,0.0411107875406742,0.0384406484663486,,-0.1731571108102798,0.4283767342567444,,,0.4978084564208984,193.6732940673828
CRR_0210,CRR,12283.108517901132,0.0349012911319732,0.0651011317968368,0.0566569752991199,0.0517746806144714,0.0447685196995735,,-0.1752663403749466,0.4046275913715362,,,0.4824504852294922,194.00296020507807
CRR_0211,CRR,63.35157692249462,0.0208141561597585,0.0161805972456932,0.0315181463956832,,,0.0273160897195339,,,0.2667701840400696,1.2178189754486084,0.1441259384155273,192.10809326171875
CRR_0212,CRR,378.1300692211232,0.0192598439753055,0.0533186793327331,0.0644146353006362,0.0373240560293197,0.0280857197940349,0.0274857189506292,-0.1242114976048469,0.0391520000994205,0.3679506182670593,1.3974765539169312,0.3935935497283935,192.0181121826172
CRR_0213,CRR,442.02137545599743,0.0425838157534599,0.0706140398979187,0.0682005882263183,0.0434654355049133,0.034278217703104,0.0295390412211418,-0.2659962177276611,-0.0433487184345722,0.3821986019611358,1.6105473041534424,0.5395753383636475,191.77793884277344
CRR_0214,CRR,691.1683067970174,0.024774707853794,0.0325047448277473,0.0413440912961959,0.0440539084374904,0.0355709865689277,0.0298918820917606,-0.1992833316326141,0.0333432257175445,0.5072409510612488,1.84383237361908,0.3568739891052246,191.50784301757807
CRR_0215,CRR,166.41530882694872,0.0135982809588313,0.0283415205776691,0.0395181365311145,0.0397452563047409,0.0354067310690879,0.0297089014202356,-0.2609197199344635,0.0258385315537452,0.5467626452445984,1.9659390449523928,0.3288724422454834,191.1376953125
CRR_0216,CRR,607.3473599000364,0.0191804859787225,0.0412614196538925,0.051431305706501,0.0399935245513916,0.0341962575912475,0.0290508046746253,-0.2749736607074737,0.0172411501407623,0.5392202734947205,1.982109427452088,0.4338088035583496,191.22769165039065
CRR_0217,CRR,1008.3281457480468,0.0139055252075195,0.028369141742587,0.0316546559333801,0.0372044630348682,0.0342017263174057,0.0286451987922191,-0.2094046622514724,0.0607987232506275,0.5579414367675781,2.025799036026001,0.4901814460754394,191.2677001953125
CRR_0218,CRR,384.4670495305244,0.0139359915629029,0.023909693583846,0.0296041797846555,0.0313215591013431,0.0292926859110593,0.0236776061356067,-0.3361535966396332,-0.0207584891468286,0.6007932424545288,2.213338851928711,0.6100709438323975,190.6174774169922
CRR_0219,CRR,1080.721316810583,0.0180997177958488,0.0665474981069564,0.082209289073944,0.0496340245008468,0.0324610397219657,0.0253971368074417,-0.3334077894687652,-0.1941077262163162,0.3195803761482239,1.881905198097229,0.7166544198989868,191.25753784179688
CRR_0220,CRR,52.35061214615098,0.0866474881768226,0.056776724755764,0.0189032554626464,0.0142011446878314,0.0142995174974203,0.0150826936587691,-0.4969814419746399,-0.1190213039517402,0.3833821415901184,2.012283563613892,0.4762669801712036,189.96730041503903
CRR_0221,CRR,354.7952931507612,0.0284137204289436,0.0385083630681037,0.0453308746218681,0.0245425086468458,0.0136166205629706,0.0117580145597457,-0.1463067680597305,0.0813902840018272,0.4080657362937927,1.966739654541016,0.5025310516357422,189.75726318359372
CRR_0222,CRR,187.98266129496136,0.0310789365321397,0.0297613013535738,0.0078199803829193,0.0128922006115317,0.0222686305642128,0.0210866797715425,-0.2251443117856979,0.0254640746861696,0.6961122155189514,2.33677625656128,0.3630441427230835,190.2373962402344
CRR_0223,CRR,799.6180804997593,0.0963507145643234,0.0688527673482894,0.0519552715122699,0.0474232584238052,0.0307170543819665,0.022866703569889,-0.1943513005971908,0.0324185639619827,0.6205247640609741,2.224693775177002,0.563646674156189,190.6874847412109
CRR_0224,CRR,1555.0314515287405,0.0163966119289398,0.0439390800893306,0.0616528578102588,0.0429922565817832,0.0322690121829509,0.0260034315288066,-0.5439599752426147,-0.5587408542633057,-0.1174214631319046,1.426713943481445,1.0736980438232422,191.8775787353516
CRR_0225,CRR,35.55160304210832,0.0643129125237464,0.036817267537117,0.0223151799291372,0.0208936315029859,0.0155307780951261,0.0166544001549482,-0.1318577080965042,0.2110486924648285,0.7486566305160522,2.368037700653076,0.3447778224945068,189.7173309326172
CRR_0226,CRR,574.5234649513185,0.0264468062669038,0.0399738885462284,0.0494059771299362,0.0306452047079801,0.0173277109861373,0.0138408401980996,-0.110376626253128,0.1830938011407852,0.5354698300361633,2.09053111076355,0.4649457931518554,189.74729919433597
CRR_0227,CRR,487.495954274011,0.0488436445593833,0.0417955592274665,0.0156728494912385,0.0144355352967977,0.0221975650638341,0.0207518897950649,-0.1934466511011123,0.0796509534120559,0.7458224296569824,2.3623242378234863,0.41371750831604,190.22738647460935
CRR_0228,CRR,415.8938088851852,0.0391820669174194,0.0358182527124881,0.0266773328185081,0.0122797396034002,0.0183606836944818,0.0200324021279811,-0.2764512002468109,-0.050357449799776,0.6086567044258118,2.225085973739624,0.4490699768066406,190.22735595703125
CRR_0229,CRR,369.9958517667814,0.0551697090268135,0.0357974059879779,0.0126337492838501,0.0165166240185499,0.0167763009667396,0.0192874819040298,-0.1955803334712982,0.0371430702507495,0.6535184979438782,2.253016233444214,0.3920220136642456,190.0673370361328
CRR_0230,CRR,332.44181107818395,0.0515642389655113,0.0424991473555564,0.0212882049381732,0.0193101465702056,0.0171047784388065,0.0188836269080638,-0.1887192279100418,0.067472442984581,0.6491720080375671,2.2370946407318115,0.3804856538772583,190.017333984375
CRR_0231,CRR,747.0677652926206,0.0700780004262924,0.0593493208289146,0.0220270436257123,0.0175921265035867,0.0233448352664709,0.0209043435752391,-0.2145256698131561,0.0749824717640876,0.7311850786209106,2.320558547973633,0.5672674179077148,190.29737854003903
CRR_0232,CRR,666.816469515979,0.0374793000519275,0.0368632972240448,0.0522831715643405,0.0365942269563674,0.0210398808121681,0.0165430568158626,-0.0573761127889156,0.2367753386497497,0.6128817796707153,2.146515369415283,0.5438626408576965,189.8373260498047
CRR_0233,CRR,1988.7820462528564,0.0228848624974489,0.0306811463087797,0.031056597828865,0.0314837582409381,0.028724817559123,0.0236421320587396,-0.5346317887306213,-0.7242307066917419,-0.3247081935405731,1.235579490661621,1.1380844116210938,192.08746337890625
CRR_0234,CRR,1862.07035418394,0.0133120147511363,0.0458265133202075,0.0592075362801551,0.052400853484869,0.0313561372458934,0.021929956972599,-0.443689614534378,-0.4776782989501953,-0.0282004345208406,1.5233898162841797,0.9163553714752196,191.60739135742188
CRR_0235,CRR,1129.6408595860582,0.086695022881031,0.079430341720581,0.0488617122173309,0.0224777646362781,0.0262415390461683,0.0216150730848312,-0.4419466555118561,-0.1484108716249466,0.480255663394928,2.0189175605773926,0.7733848094940186,190.63735961914065
CRR_0236,CRR,981.4852820607542,0.0238331574946641,0.0291147958487272,0.0399010926485061,0.0353424623608589,0.0249679330736398,0.0201481599360704,-0.4282235503196716,-0.2139972448348999,0.1885426789522171,1.6623810529708862,0.9291987419128418,190.5173492431641
CRR_0237,CRR,1632.1594811383309,0.0170009024441242,0.0192608889192342,0.028342880308628,0.0344575233757495,0.0205798149108886,0.0143133923411369,-0.4667488038539886,-0.5711380243301392,-0.4962499439716339,0.9258862733840942,1.0391380786895752,190.79736328125
CRR_0238,CRR,1531.5306149156531,0.0192547366023063,0.0354990400373935,0.0417821332812309,0.0435535125434398,0.0226968675851821,0.0157392174005508,-0.2381037026643753,-0.3097480535507202,-0.206276386976242,1.226118564605713,0.9118452072143556,190.5873565673828
CRR_0239,CRR,1418.328623716662,0.0164640694856643,0.0254024192690849,0.0251417476683855,0.0245850328356027,0.027730556204915,0.022714577615261,-0.3801374137401581,-0.1416558474302292,0.4282704889774322,1.8926457166671755,0.6045045852661133,190.6373291015625
CRR_0240,CRR,1186.3583269316125,0.0403694845736026,0.0080731539055705,0.0220684353262186,0.0310099087655544,0.026821669191122,0.0216401796787977,-0.166477769613266,0.0458883419632911,0.4739907681941986,1.9186294078826904,0.567339301109314,190.3573455810547
CRR_0241,CRR,1658.2397669322452,0.0719865560531616,0.0783239975571632,0.0398829989135265,0.0300684105604887,0.0334062129259109,0.0232900753617286,-0.5822131037712097,-0.2715820968151092,0.2796444594860077,1.7338221073150637,0.8962613344192505,191.00732421875
CRR_0242,CRR,1565.5702269937092,0.0459481328725814,0.050122994929552,0.0524967722594738,0.0480536520481109,0.0246799904853105,0.0176970865577459,-0.4006615579128265,-0.5063807368278503,-0.4155402481555938,0.9986671209335328,1.2657431364059448,190.90737915039065
CRR_0243,CRR,1866.2595752118573,0.0034505361691117,0.0096162101253867,0.0086800903081893,0.0287232119590044,0.0368976667523384,0.0247860085219144,-0.1859875172376632,0.1091794222593307,0.5897504091262817,1.965209364891052,0.4278966188430786,190.65733337402344
CRR_0244,CRR,1804.126232330692,0.0197137128561735,0.0136192282661795,0.0118390619754791,0.0249176900833845,0.0358470529317855,0.0248458590358495,-0.5118617415428162,-0.2284690290689468,0.1859569102525711,1.537293553352356,0.7777343988418579,190.94732666015625
CRR_0245,CRR,1675.8215922990337,0.0553096681833267,0.06171365827322,0.0505381748080253,0.0415246821939945,0.0316242948174476,0.0230839774012565,-0.2153260707855224,-0.0906914919614791,0.1391480714082718,1.4935368299484253,0.7914479970932007,190.73736572265625
CRR_0246,CRR,2863.0092210473567,0.005029791034758,0.0065718307159841,0.0043155485764145,0.0244906172156333,0.0256070792675018,0.023020651191473,-0.3189162909984588,-0.2533775866031647,0.097281813621521,1.5329835414886477,0.7501580715179443,191.78726196289065
CRR_0247,CRR,1937.255833828228,0.0325033105909824,0.0314671769738197,0.0380160473287105,0.044215440750122,0.033965777605772,0.0244690887629985,-0.1566405147314071,-0.0287751592695713,0.138608768582344,1.443973183631897,0.7451009750366211,190.82736206054688
CRR_0248,CRR,2894.5630928024584,0.0236145537346601,0.0284983273595571,0.0232687070965766,0.0360235460102558,0.0340290702879428,0.0246955379843711,-0.3208814561367035,-0.2145601212978363,0.0852095708250999,1.445545315742493,0.7830872535705566,191.7872467041016
CRR_0249,CRR,2296.442855677812,0.0258106682449579,0.0336748585104942,0.0435877777636051,0.0317564979195594,0.0218637287616729,0.0189102906733751,-0.6261215806007385,-0.9761483669281006,-1.052569031715393,0.2943364679813385,1.645649790763855,191.5774688720703
CRR_0250,CRR,3148.0456635321225,0.0797173753380775,0.0805001333355903,0.0539282262325286,0.0433041453361511,0.0373000986874103,0.025980332866311,-0.1955973505973816,-0.1054866835474968,0.1326246261596679,1.4292129278182983,0.7578809261322021,191.8472137451172
CRR_0251,CRR,2251.4863120936784,0.0221094228327274,0.0199354514479637,0.0453333333134651,0.051676794886589,0.0355206094682216,0.0259678922593593,-0.0635207071900367,0.0226701591163873,0.0846906751394271,1.330405592918396,0.8431437015533447,190.96739196777344
CRR_0252,CRR,2356.7363951046736,0.072535753250122,0.0541075691580772,0.0416101589798927,0.0468326918780803,0.0428313799202442,0.0275195706635713,-0.129172533750534,0.1699960082769394,0.3030267655849457,1.5138156414031982,0.5699863433837891,190.93736267089844
CRR_0253,CRR,2616.689290749403,0.0486185140907764,0.0562494546175003,0.0479411929845809,0.0297895986586809,0.0237412266433239,0.0211230628192424,-0.6175098419189453,-1.0101580619812012,-1.1165246963500977,0.1937274187803268,1.7061116695404053,191.7475128173828
CRR_0254,CRR,2662.744678221792,0.0221670810133218,0.0373537838459014,0.0447318442165851,0.0285999421030282,0.024393331259489,0.021886071190238,-0.8464299440383911,-1.2429428100585938,-1.354578137397766,-0.0561422482132911,1.9545934200286863,192.0275115966797
CRR_0255,CRR,2732.0853040499,0.0153860272839665,0.0157735887914896,0.0238519441336393,0.0242862161248922,0.025738600641489,0.0235513877123594,-0.7893091440200806,-1.182984709739685,-1.3052027225494385,-0.0352615863084793,1.9311202764511108,192.07749938964844
CRR_0256,CRR,2978.5636432713127,0.0491322539746761,0.0649727806448936,0.0763777494430542,0.0534525848925113,0.0283311195671558,0.0202852729707956,-0.3658020794391632,-0.6069892048835754,-0.6643709540367126,0.6530449390411377,1.2019853591918943,191.2175750732422
CRR_0257,CRR,2740.998219158433,0.0758763775229454,0.0549989528954029,0.0586515069007873,0.0691055804491043,0.0465058647096157,0.0295476093888282,-0.040872823446989,0.1791534125804901,0.1626031696796417,1.2832835912704468,0.6776098012924194,191.22735595703125
CRR_0258,CRR,2927.028524741671,0.0138501590117812,0.0280745737254619,0.0281868409365415,0.0246738791465759,0.0302341971546411,0.0271252021193504,-0.7299960851669312,-1.0646418333053589,-1.211184859275818,-0.020833546295762,1.893138647079468,192.22747802734372
CRR_0259,CRR,3257.19585458124,0.0174479912966489,0.0410856343805789,0.0704416558146476,0.0453692302107811,0.0376447327435016,0.030834374949336,-0.8533031344413757,-1.1356027126312256,-1.3352500200271606,-0.2615573704242706,2.103783130645752,192.65745544433597
CRR_0260,CRR,4042.4029014194207,0.0132838524878025,0.0527133494615554,0.0759761407971382,0.0760195031762123,0.0545395165681839,0.0332294702529907,-0.6048420071601868,-1.0241411924362185,-1.340468168258667,-0.4751772582530975,2.3687961101531982,193.75711059570312
CRR_0261,CRR,3861.879235486478,0.0295946449041366,0.0672667399048805,0.07630405575037,0.0740948468446731,0.052397571504116,0.0348208658397197,-0.5622426271438599,-0.9727373123168944,-1.392647624015808,-0.5842702984809875,2.364609718322754,193.48727416992188
CRR_0262,CRR,3814.3220755028633,0.0200392082333564,0.042899340391159,0.0629650950431823,0.067324697971344,0.0420168153941631,0.0255315341055393,-0.1341477483510971,-0.0336284041404724,0.056851539760828,1.3192139863967896,0.6389951705932617,190.7276611328125
CRR_0263,CRR,3638.373551745573,0.0127443168312311,0.0290349032729864,0.0399692878127098,0.0447513163089752,0.0407773330807685,0.0327087640762329,-0.6435446739196777,-1.0011595487594604,-1.2212659120559692,-0.1999470144510269,1.99332857131958,192.63748168945312
CRR_0264,CRR,3829.353188924164,0.0168205108493566,0.0412706211209297,0.0621993876993656,0.0571778230369091,0.0477455295622348,0.0352027676999568,-0.7696242332458496,-1.138175129890442,-1.5048580169677734,-0.6625784635543823,2.4213554859161377,193.39735412597656
CRR_0265,CRR,4143.631974155093,0.0487259179353714,0.0678484961390495,0.0454149954020977,0.0465056523680686,0.0479184612631797,0.036734215915203,-0.365287572145462,-0.7095370292663574,-1.0729044675827026,-0.2852950096130371,2.043434858322144,193.03738403320312
CRR_0267,CRR,4346.3488417368,0.0338502377271652,0.0661972612142562,0.0812197998166084,0.0545770525932312,0.0495111867785453,0.0374945290386676,-0.6361411213874817,-0.95420241355896,-1.395154595375061,-0.7021664977073669,2.4196665287017822,193.5873107910156
CRR_0268,CRR,4218.868410777894,0.0066856774501502,0.0447482764720916,0.0597815327346324,0.0676705315709114,0.0482519194483757,0.032363299280405,-0.3352693915367126,-0.4113400280475616,-0.3860414028167724,0.7235012650489807,1.133209228515625,191.5976409912109
CRR_0269,CRR,4591.007254541488,0.0431756563484668,0.0214008893817663,0.0462343022227287,0.0566069297492504,0.048403363674879,0.0374287851154804,-0.7854889035224915,-1.1840791702270508,-1.7555173635482788,-1.170251965522766,2.87264347076416,194.2572021484375
CRR_0270,CRR,4403.128956159234,0.0457778796553611,0.0915315449237823,0.099579244852066,0.0627897307276725,0.0505079925060272,0.0372185930609703,-0.6435099244117737,-0.8243734836578369,-0.9753097891807556,-0.0929213091731071,1.844081163406372,192.69749450683597
CRR_0271,CRR,4753.466840844922,0.0250931046903133,0.0455652102828025,0.0516721084713935,0.0520480796694755,0.0431959852576255,0.0286915805190801,-0.4175392985343933,-0.3246177434921264,0.0512291081249713,1.303540587425232,0.7584524154663086,190.88784790039065
CRR_0272,CRR,4706.324461567826,0.0105835143476724,0.0385671108961105,0.0601651258766651,0.0619073435664176,0.0520314872264862,0.0363327749073505,-0.1150545552372932,-0.1106353253126144,-0.0199244637042284,0.9828875064849854,0.8373491764068604,191.50762939453125
CRR_0273,CRR,4791.367449787761,0.0305468551814556,0.0545484162867069,0.0499152839183807,0.0532024577260017,0.047987125813961,0.0322194099426269,-0.28414186835289,-0.23348268866539,0.0415208935737609,1.2051620483398438,0.7419947385787964,191.10775756835935
CRR_0274,CRR,5433.079545407633,0.1043296605348587,0.0794913098216056,0.05527263879776,0.046328455209732,0.0473294183611869,0.0367218479514122,-1.082235336303711,-1.6351313591003418,-2.353482246398926,-1.98654305934906,3.695718050003052,195.59695434570312
CRR_0275,CRR,5579.454935510348,0.0573609769344329,0.0312491692602634,0.0427229814231395,0.0485792942345142,0.0482076592743396,0.036704383790493,-1.1068274974822998,-1.6592950820922852,-2.3947174549102783,-2.065121650695801,3.768201589584351,195.7369079589844
CRR_0276,CRR,4561.2410512321385,0.0264089573174715,0.0448380149900913,0.0489907674491405,0.0464316606521606,0.035454723984003,0.0259493086487054,-0.3331486880779266,-0.1915829479694366,0.3119123876094818,1.62225341796875,0.5675410032272339,190.50796508789065
CRR_0277,CRR,5101.945573634699,0.0180983729660511,0.050418023020029,0.0593186467885971,0.0562584064900875,0.056961353868246,0.0402592271566391,-0.2722451686859131,-0.1293293535709381,-0.0456336513161659,0.7859614491462708,0.9680261611938475,191.9175720214844
CRR_0278,CRR,5170.845616589779,0.0286448076367378,0.0469669364392757,0.0444646179676055,0.0594145245850086,0.0607614703476429,0.0416934005916118,-0.11414335668087,0.0827733799815177,-0.0028060332406312,0.6576652526855469,1.0527498722076416,192.21743774414065
CRR_0279,CRR,4707.219024127688,0.0414439626038074,0.0412786900997161,0.0351233519613742,0.0380061790347099,0.0306152533739805,0.0257881972938776,-0.2331494688987732,-0.0822536423802375,0.4948755800724029,1.810354471206665,0.4073587656021118,190.35806274414065
CRR_0280,CRR,5372.129561352002,0.0429720468819141,0.0449090003967285,0.0564998425543308,0.0636954829096794,0.0636234581470489,0.0425841435790061,-0.137324720621109,0.0943816527724266,0.0238484181463718,0.6323778629302979,1.0607802867889404,192.3074188232422
CRR_0281,CRR,5383.395686438445,0.055658858269453,0.0703830868005752,0.0622200295329093,0.0470078215003013,0.0474068149924278,0.0352374874055385,-0.2008994817733764,-0.0681703984737396,0.3497564196586609,1.455935835838318,0.5072575807571411,191.0078125
CRR_0282,CRR,5769.036631918097,0.0189011879265308,0.0515342876315116,0.0637120530009269,0.0799710601568222,0.0601983442902565,0.04017935693264,-0.2125606685876846,-0.2651668488979339,-0.8980579376220703,-0.6588893532752991,2.254031181335449,194.06712341308597
CRR_0283,CRR,6004.3475391312695,0.0334939770400524,0.0497797280550003,0.0634490102529525,0.0794238075613975,0.0576783306896686,0.0393541641533374,0.080945648252964,-0.0636747777462005,-0.8022429943084717,-0.6453935503959656,2.22834849357605,194.18702697753903
CRR_0284,CRR,5753.4709131551335,0.0248621329665184,0.0651735067367553,0.0809420123696327,0.0798401907086372,0.0695469602942466,0.043979026377201,-0.176566869020462,0.0182361099869012,-0.0757918283343315,0.4159491062164306,1.2236065864562988,192.6673889160156
CRR_0285,CRR,5051.403146745762,0.0314271673560142,0.0351429618895053,0.034097496420145,0.0308158192783594,0.0274189747869968,0.0270217210054397,-0.3712111413478851,-0.174255833029747,0.4690032303333282,1.7592333555221558,0.5254547595977783,190.50814819335935
CRR_0286,CRR,5812.329326221046,0.0376738496124744,0.0500122793018817,0.0518389418721199,0.0541312657296657,0.0575407296419143,0.0413772352039814,-0.2751680016517639,-0.0561462193727493,0.3098868429660797,1.1807602643966677,0.6405012607574463,191.57769775390625
CRR_0287,CRR,5871.738803292524,0.0364123843610286,0.0561704710125923,0.0563605837523937,0.0455844476819038,0.0460746176540851,0.0364371836185455,-0.2555164396762848,-0.0664599910378456,0.4733781814575195,1.5543107986450195,0.4806897640228271,191.0078887939453
CRR_0288,CRR,6040.592747183721,0.0558871701359748,0.1002336516976356,0.100089393556118,0.0903771594166755,0.0734112039208412,0.0446612015366554,-0.1583648473024368,-0.0529034547507762,-0.1932862102985382,0.2135083228349685,1.3891544342041016,192.97735595703125
CRR_0289,CRR,5584.2541275909625,0.0183915570378303,0.0272624474018812,0.0345834754407405,0.0362689346075058,0.0327081829309463,0.031095303595066,-0.2267198115587234,0.0176661685109138,0.6949024200439453,1.9035158157348635,0.3630491495132446,190.53811645507807
CRR_0290,CRR,6498.093901689925,0.0238298568874597,0.0671110600233078,0.0840215310454368,0.0844426155090332,0.0705748051404953,0.0422864891588687,-0.3481693267822265,-0.4974954128265381,-1.0887805223464966,-0.9847191572189332,2.513287305831909,194.53707885742188
CRR_0291,CRR,6887.476339605245,0.0616023540496826,0.0811873525381088,0.0904740244150161,0.0771139934659004,0.0590583905577659,0.0391275510191917,-0.293803334236145,-0.6093496680259705,-1.4630720615386963,-1.518840193748474,3.0283305644989014,195.3368988037109
CRR_0292,CRR,5439.550012202877,0.0418813712894916,0.0532117113471031,0.0425753854215145,0.0216752346605062,0.0232353992760181,0.0275020375847816,-0.0334224663674831,0.2759115397930145,0.987109899520874,2.2387380599975586,0.3458505868911743,190.12831115722656
CRR_0293,CRR,6400.753114406994,0.0048975008539855,0.0374707318842411,0.0501671060919761,0.0569806136190891,0.0578311756253242,0.0416830740869045,-0.1793166548013687,0.0763591229915618,0.5761591792106628,1.4483212232589722,0.4759237766265869,191.39781188964844
CRR_0294,CRR,6996.792310260871,0.0379431918263435,0.0579109899699687,0.0765435472130775,0.0921103581786155,0.0766145512461662,0.0449890419840812,-0.5529384613037109,-0.8320496678352356,-1.1848061084747314,-1.0245612859725952,2.5255544185638428,194.57720947265625
CRR_0295,CRR,7514.8094825396,0.005421380046755,0.0141703924164175,0.0373751819133758,0.0564962364733219,0.0483671203255653,0.0364444889128208,-0.3058263957500458,-0.7555772066116333,-1.7140781879425049,-1.907050967216492,3.383092403411865,196.01670837402344
CRR_0296,CRR,7167.807072615146,0.0231544394046068,0.0330883152782917,0.0587540566921234,0.0851767361164093,0.0746916159987449,0.0444193817675113,-0.2420624494552612,-0.5726563334465027,-0.9966580867767334,-0.8966391086578369,2.3777127265930176,194.53713989257807
CRR_0297,CRR,6939.239640817807,0.0140367820858955,0.0228337105363607,0.043174173682928,0.0613285452127456,0.0606319494545459,0.0423161461949348,-0.237291008234024,0.0426611006259918,0.5600180625915527,1.3698805570602417,0.4656863212585449,191.6178436279297
CRR_0298,CRR,7470.004521924111,0.0746743530035018,0.060673389583826,0.0670338571071624,0.0760057643055915,0.0707324221730232,0.0433410331606864,-0.401553750038147,-0.7687615156173706,-1.2691940069198608,-1.2526527643203735,2.703988075256348,195.0370635986328
CRR_0299,CRR,6540.579394883007,0.0135093675926327,0.0240145903080701,0.0419270806014537,0.0442420430481433,0.0406430922448635,0.0349652953445911,-0.1088807955384254,0.1972113102674484,0.9244388341903688,1.970397710800171,0.3236535787582397,190.77821350097656
CRR_0300,CRR,7878.290790082294,0.1329897940158844,0.0313710272312164,0.0304481443017721,0.0541679672896862,0.0454625189304351,0.035139188170433,-0.4272968173027038,-0.8603167533874512,-1.808410167694092,-2.054161071777344,3.5108532905578613,196.3166046142578
CRR_0301,CRR,6163.022237728489,0.024894680827856,0.0281283762305974,0.0376790724694728,0.0326780341565609,0.029099304229021,0.0301499981433153,-0.2780759334564209,0.0405370704829692,0.7823677062988281,1.90669333934784,0.4656062126159668,190.66847229003903
CRR_0302,CRR,7538.966862930957,0.016449935734272,0.0524898804724216,0.0893594771623611,0.095348335802555,0.0737219750881195,0.0452371947467327,-0.5139794945716858,-0.7563366889953613,-0.9698497653007508,-0.788672149181366,2.2542965412139893,194.4372711181641
CRR_0303,CRR,7480.92741867792,0.0042952965013682,0.0411117188632488,0.0551213398575782,0.0615272112190723,0.0609576590359211,0.0420412383973598,-0.2202105671167373,0.0609940104186534,0.554411768913269,1.2993934154510498,0.4848499298095703,191.837890625
CRR_0304,CRR,7741.856106720158,0.0158508215099573,0.048054601997137,0.0560637265443801,0.0620127022266387,0.0606402717530727,0.0418243147432804,-0.1231286004185676,0.1303782016038894,0.5816237926483154,1.2760547399520874,0.4281282424926758,191.9578857421875
CRR_0305,CRR,8232.208367815118,0.0778100118041038,0.0552647747099399,0.0636229068040847,0.0746729597449302,0.0636014863848686,0.0407032631337642,-0.6081737875938416,-0.8061360716819763,-1.268822431564331,-1.3654367923736572,2.7595372200012207,195.46690368652344
CRR_0306,CRR,7249.907890143122,0.0405103899538517,0.0605528578162193,0.0691790804266929,0.0570128560066223,0.047633521258831,0.0363126993179321,-0.2175008207559585,-0.008196854032576,0.6348230838775635,1.5299692153930664,0.3832254409790039,191.45828247070312
CRR_0307,CRR,8150.992791157982,0.0476882494986057,0.0766052678227424,0.0767365619540214,0.0736719965934753,0.0621015094220638,0.0431955941021442,0.0627977848052978,0.2308555692434311,0.4397857189178467,0.8921861052513123,0.5951673984527588,192.6576232910156
CRR_0309,CRR,8183.444853438686,0.0174097549170255,0.0427002012729644,0.052187442779541,0.0633946135640144,0.0590575113892555,0.041504930704832,0.0182549580931663,0.1999342441558838,0.5548098683357239,1.14983069896698,0.4087979793548584,192.25782775878903
CRR_0310,CRR,8791.139086496441,0.0423288755118846,0.0897867828607559,0.1017618924379348,0.0928274393081665,0.0593573376536369,0.0356498546898365,-0.310672402381897,-0.4743761420249939,-1.04132878780365,-1.2838398218154907,2.670109272003174,195.7765045166016
CRR_0311,CRR,8466.220641233029,0.0636176466941833,0.0762690976262092,0.0729643851518631,0.0700724050402641,0.0606982447206974,0.0419603027403354,-0.4626755118370056,-0.4883830845355987,-0.6719067096710205,-0.6363714933395386,2.0125207901000977,194.6770477294922
CRR_0313,CRR,8794.473258982902,0.0653845220804214,0.0815478563308715,0.0804443582892417,0.0609469376504421,0.0555194355547428,0.0407219193875789,-0.1678844541311264,-0.0072265355847775,-0.0967313200235366,-0.0656121969223022,1.4187684059143066,194.22698974609372
CRR_0314,CRR,7246.304354775125,0.0076284552924335,0.0345891006290912,0.0457550920546054,0.0454357676208019,0.0442483201622962,0.0330556184053421,-0.2604647278785705,0.0327803082764148,0.619523286819458,1.477730393409729,0.4453053474426269,191.42868041992188
CRR_0315,CRR,8085.474318536705,0.0272552873939275,0.0465284064412117,0.0608699508011341,0.0596436262130737,0.050954058766365,0.0370148979127407,-0.4348036348819732,-0.3697350323200226,0.083050325512886,0.7874614596366882,0.8139767646789551,192.51821899414065
CRR_0316,CRR,9098.452892126828,0.0337637923657894,0.0548604428768157,0.0369559749960899,0.0214308463037014,0.0454497598111629,0.0398998521268367,-0.3124731183052063,-0.1472446322441101,-0.0576401054859161,0.1173096969723701,1.2199068069458008,193.9972076416016
CRR_0317,CRR,8395.049556469265,0.0311660338193178,0.0440478287637233,0.0577995665371418,0.0580026134848594,0.0493040569126606,0.0365018136799335,-0.321446031332016,-0.2844124436378479,0.0965181365609169,0.7372349500656128,0.7914443016052246,192.6881866455078
CRR_0318,CRR,9594.337146292812,0.0043325675651431,0.1071079596877098,0.1427984833717346,0.0964073166251182,0.0560121722519397,0.0359585806727409,-0.1585829108953476,0.1047313809394836,0.0302109308540821,-0.1009255945682525,1.4427638053894043,194.7964782714844
CRR_0319,CRR,8909.76251282368,0.0324717983603477,0.0556577518582344,0.0762136653065681,0.0537710301578044,0.0438031740486621,0.0347859151661396,-0.302390307188034,-0.257352352142334,0.0208845362067222,0.5697211027145386,0.8695468902587891,193.05813598632807
CRR_0320,CRR,9658.8683584073,0.0403420031070709,0.0330296270549297,0.0296394769102334,0.0263013988733291,0.0373544991016387,0.036450371146202,-0.5629518628120422,-0.60281902551651,-0.4368486106395721,-0.1341143250465393,1.4428563117980957,194.28738403320312
CRR_0321,CRR,8126.109081964472,0.0969669967889785,0.0828242376446724,0.0618859454989433,0.0539045073091983,0.0470280461013317,0.0328794829547405,-0.0101423719897866,0.2176507264375686,0.4670191705226898,1.0516443252563477,0.4699594974517822,192.3086700439453
CRR_0322,CRR,10246.87154222189,0.0209045987576246,0.0348870866000652,0.0470174215734005,0.0342193320393562,0.0328556187450885,0.0354009978473186,0.0247142482548952,0.4125562310218811,0.6283336877822876,0.6937645077705383,0.6135783195495605,194.0766143798828
CRR_0323,CRR,7906.042311788658,0.0737933814525604,0.0906963273882865,0.090769775211811,0.0697778239846229,0.0498098544776439,0.032311663031578,-0.1722424030303955,-0.043741937726736,0.112788401544094,0.6607509851455688,0.773637056350708,192.6488800048828
CRR_0324,CRR,8898.353327602801,0.1432361751794815,0.0876759439706802,0.0694043561816215,0.0452122017741203,0.0387354753911495,0.0325595811009407,-0.1558049470186233,0.0115819601342082,0.2410367280244827,0.7601733207702637,0.7034687995910645,192.90830993652344
CRR_0325,CRR,10161.526957567265,0.0846217051148414,0.089080810546875,0.0770840272307396,0.0384977981448173,0.0318473987281322,0.0353412143886089,0.1002777367830276,0.3334655463695526,0.5239881873130798,0.6907195448875427,0.6035757064819336,193.8869171142578
CRR_0326,CRR,9975.127971765758,0.0475599393248558,0.063968040049076,0.0636873692274093,0.0407012291252613,0.0365903191268444,0.0339825749397277,-0.2839006185531616,-0.387979120016098,-0.2198835909366607,0.1515144556760788,1.1456494331359863,193.9875946044922
CRR_0327,CRR,9377.124725506948,0.036406997591257,0.034106008708477,0.038506768643856,0.043836984783411,0.035524059087038,0.0320726819336414,-0.1536834985017776,-0.0728499442338943,0.1312465071678161,0.5987467765808105,0.7319924831390381,193.27806091308597
CRR_0328,CRR,10390.62319152608,0.116648681461811,0.0954704955220222,0.0614317283034324,0.0391164273023605,0.0337575115263462,0.0332087576389312,-0.6430431604385376,-0.7781567573547363,-0.6305856108665466,-0.333809494972229,1.6173300743103027,194.7972412109375
CRR_0329,CRR,10489.028034258115,0.0764142125844955,0.0615240596234798,0.0569414943456649,0.0397434383630752,0.0336486548185348,0.0328816659748554,-0.7385814785957336,-0.8936527967453003,-0.7516329884529114,-0.4554880559444427,1.7389626502990725,194.9672088623047
CRR_0330,CRR,8722.223629150776,0.1422822326421737,0.1090470179915428,0.0801706463098526,0.0503749586641788,0.0348353050649166,0.0304768122732639,-0.2105143368244171,-0.1010237857699394,0.019060680642724,0.4778911173343658,0.8366670608520508,193.1986083984375
CRR_0331,CRR,10320.757808562954,0.0541833750903606,0.0535430312156677,0.060551468282938,0.0493209213018417,0.0346160903573036,0.0313616320490837,-0.3494952023029327,-0.4640759229660034,-0.3095073699951172,0.0666300430893898,1.2137484550476074,194.23757934570312
CRR_0332,CRR,9592.43809970062,0.0386253967881202,0.0298457536846399,0.0340818241238594,0.0376431234180927,0.0306227635592222,0.0302590820938348,-0.2137242406606674,-0.1210973858833313,0.0701455324888229,0.5072799921035767,0.780207633972168,193.508056640625
CRR_0333,CRR,10598.21427765548,0.0435512103140354,0.0442140363156795,0.0519418641924858,0.0397558435797691,0.0338030345737934,0.0324238166213035,-0.963333785533905,-1.1494643688201904,-1.0160068273544312,-0.7134743332862854,1.9973931312561035,195.26719665527344
CRR_0334,CRR,9026.846755826624,0.1086510047316551,0.0915362536907196,0.0652913898229599,0.0379609987139701,0.0304822158068418,0.0300943069159984,-0.0188716519623994,0.111327901482582,0.2706859409809112,0.7231625914573669,0.5791172981262207,193.07843017578125
CRR_0335,CRR,8718.454351369439,0.0284580681473016,0.0699616223573684,0.0759289115667343,0.0508615188300609,0.0341559052467346,0.0301841143518686,-0.2384307384490966,-0.1583200991153717,-0.0578663125634193,0.3883176743984222,0.9084365367889404,193.2986297607422
CRR_0336,CRR,10961.979395575092,0.049861155450344,0.0375983454287052,0.0473788082599639,0.0462514907121658,0.0275462716817855,0.0333196148276329,-0.3413523733615875,-0.3102217018604278,-0.124488927423954,0.0720909684896469,1.2333989143371582,194.89659118652344
CRR_0337,CRR,8821.217052031523,0.0374469421803951,0.0508740209043026,0.0625704899430275,0.045191615819931,0.0306102279573678,0.0292813591659069,-0.2006846666336059,-0.1781789511442184,-0.1072679460048675,0.3058414459228515,0.9517078399658204,193.44866943359372
CRR_0338,CRR,10903.23998564975,0.078754998743534,0.0343597158789634,0.0351857468485832,0.0390902198851108,0.034421008080244,0.0314226634800434,-0.5691164135932922,-0.8184382915496826,-0.7120952606201172,-0.395719826221466,1.6856393814086914,195.07711791992188
CRR_0339,CRR,9456.61160724126,0.0923236235976219,0.0518823079764843,0.0181102342903614,0.0214442200958728,0.0239605382084846,0.0285654850304126,-0.1001055166125297,0.024490863084793,0.2095250785350799,0.6302642226219177,0.6354961395263672,193.37828063964844
CRR_0340,CRR,7787.677837767811,0.0146462190896272,0.0388748832046985,0.0501333959400653,0.0570152066648006,0.0445985794067382,0.0299766771495342,-0.392700582742691,-0.696936845779419,-0.9873245358467102,-0.6484912633895874,1.8606748580932615,194.0293731689453
CRR_0341,CRR,9444.692634489122,0.0400064252316951,0.0472578480839729,0.0242671780288219,0.0176709052175283,0.0221406500786542,0.0281314682215452,-0.1285373568534851,-0.0053505389951169,0.1768178641796112,0.5889160633087158,0.670325756072998,193.42832946777344
CRR_0342,CRR,9956.84440523903,0.0613386407494545,0.0784807726740837,0.0594519414007663,0.0347570441663265,0.0267436783760786,0.0280795227736234,-0.3106517493724823,-0.2003200799226761,0.0104482006281614,0.4215541481971741,0.8547825813293457,193.8079833984375
CRR_0343,CRR,9226.588037379712,0.0296227391809225,0.0380670465528965,0.0345215275883674,0.0244936514645814,0.0225753244012594,0.0280936453491449,-0.1820359379053115,-0.1017186120152473,0.0384888350963592,0.4390284419059753,0.807861328125,193.4984893798828
CRR_0344,CRR,9983.506405104275,0.0652538388967514,0.0986872985959053,0.0579223819077014,0.0277745798230171,0.0236328989267349,0.0270984563976526,-0.3031789660453796,-0.1398493200540542,0.0945819541811943,0.5000940561294556,0.7821226119995117,193.76806640625
CRR_0345,CRR,10102.11853785822,0.0118228290230035,0.0271844174712896,0.0512237213551998,0.0340759456157684,0.0255152340978384,0.027080375701189,-0.2071289420127868,-0.0514628402888774,0.1839498579502105,0.5897931456565857,0.6994810104370117,193.7279815673828
CRR_0346,CRR,9213.192708403596,0.050619151443243,0.0530670583248138,0.0386624336242675,0.024310914799571,0.0208214987069368,0.0272789262235164,-0.362812340259552,-0.3080622255802154,-0.1951024383306503,0.1740505397319793,1.053599834442139,193.78860473632807
CRR_0347,CRR,8089.804680384147,0.0064669693820178,0.02017442882061,0.0269114580005407,0.0408866927027702,0.0359204299747943,0.0287960469722747,-0.2563146650791168,-0.5770542025566101,-0.9506054520606996,-0.6853471994400024,1.843227863311768,194.2194366455078
CRR_0348,CRR,8621.29437652984,0.0077072670683264,0.0102063044905662,0.0229900069534778,0.0364908836781978,0.0315424315631389,0.0280255191028118,-0.3905121684074402,-0.5437873601913452,-0.6925632357597351,-0.3871030807495117,1.5650179386138916,194.1290740966797
CRR_0349,CRR,11795.702406241437,0.0203292332589626,0.0562752671539783,0.0744394063949585,0.0457895696163177,0.0314645357429981,0.0315190367400646,-0.7265673279762268,-1.1051247119903564,-1.088402271270752,-0.7740076184272766,2.10955810546875,196.0065155029297
CRR_0350,CRR,11756.24688993469,0.0051983785815536,0.0268499795347452,0.0589757934212684,0.0501468069851398,0.036408457905054,0.0300871394574642,-0.7288028597831726,-1.1165708303451538,-1.1185877323150637,-0.7593969106674194,2.0913310050964355,195.8368225097656
CRR_0351,CRR,9254.299116982496,0.0170514117926359,0.0099433418363332,0.0237665567547082,0.0281588919460773,0.0217273645102977,0.0260214172303676,-0.339995801448822,-0.2626813054084778,-0.1975055336952209,0.1077988520264625,1.0926814079284668,193.91883850097656
CRR_0352,CRR,8560.841143592825,0.0204630531370639,0.0250684674829244,0.0263747368007898,0.0380485616624355,0.030076814815402,0.0274217892438173,-0.1362345516681671,-0.3193882405757904,-0.625158429145813,-0.3987455070018768,1.5324969291687012,194.14935302734372
CRR_0353,CRR,9838.10394011876,0.0358105711638927,0.0418108664453029,0.0291253328323364,0.0056703607551753,0.0118084205314517,0.0251504685729742,-0.2043377459049224,0.0486697405576705,0.3239727914333343,0.6892810463905334,0.5981321334838867,193.57839965820312
CRR_0354,CRR,12139.076321716551,0.0066024577245116,0.0427066087722778,0.0496600270271301,0.0393136255443096,0.0313763357698917,0.0315247066318988,-0.7936182022094727,-1.244231939315796,-1.2789853811264038,-0.9393795728683472,2.2963943481445312,196.32638549804688
CRR_0355,CRR,11657.636046654745,0.0517305471003055,0.1050482466816902,0.1165838912129402,0.074681282043457,0.041627213358879,0.0284486655145883,-0.3939284086227417,-0.6529457569122314,-0.6347571015357971,-0.2293363213539123,1.5834980010986328,195.28700256347656
CRR_0356,CRR,10719.256141303003,0.0173000693321228,0.0340700484812259,0.046982754021883,0.048494417220354,0.031946700066328,0.025142166763544,-0.1225712299346923,0.1658763140439987,0.4721989929676056,0.8875544667243958,0.5204076766967773,193.76780700683597
CRR_0357,CRR,8837.83866161106,0.00906328484416,0.0244558397680521,0.036817580461502,0.040493793785572,0.0288453828543424,0.0265818014740943,-0.1548075675964355,-0.217670053243637,-0.4373922646045685,-0.220159113407135,1.354628086090088,194.0992889404297
CRR_0358,CRR,9040.497646371918,0.0338473320007324,0.0501760877668857,0.0435207113623619,0.0404560007154941,0.0284202359616756,0.0260150078684091,-0.1419364362955093,-0.1183233857154846,-0.2605864107608795,-0.0422216616570949,1.1856460571289062,194.00921630859372
CRR_0359,CRR,12160.631628163052,0.0367072038352489,0.0850822180509567,0.0879250168800354,0.0582903623580932,0.0385214574635028,0.0295785460621118,-0.6007380485534668,-1.0415998697280884,-1.1202749013900757,-0.714793860912323,2.0885043144226074,196.0266571044922
CRR_0360,CRR,9944.064564802786,0.0114985834807157,0.0146837346255779,0.0222807005047798,0.0149627262726426,0.0112959379330277,0.0240709539502859,-0.2682611644268036,0.031735572963953,0.3473284244537353,0.6793188452720642,0.6302280426025391,193.6685333251953
CRR_0361,CRR,11082.6959842046,0.0261009894311428,0.0349679887294769,0.0474009439349174,0.05842936784029,0.0373839773237705,0.0244742929935455,-0.0530413873493671,0.2484255284070968,0.5787695050239563,1.0126674175262451,0.4348773956298828,193.8376617431641
CRR_0362,CRR,8459.56881019513,0.0311574451625347,0.0710248276591301,0.0679058879613876,0.0367414057254791,0.0233648940920829,0.0275886785238981,-0.3235341012477875,-0.7391204833984375,-1.2797114849090576,-1.1765559911727903,2.2558603286743164,194.92991638183597
CRR_0363,CRR,10874.000300491523,0.0253735743463039,0.031084582209587,0.0386665537953376,0.0311027467250823,0.0250530056655406,0.0231429915875196,-0.0954084023833274,0.3083877563476562,0.7688497304916382,1.1809043884277344,0.3570284843444824,193.5979766845703
CRR_0364,CRR,9935.145826674385,0.0387819856405258,0.0404748395085334,0.0373721532523632,0.0320684313774108,0.0239333007484674,0.0236157700419425,-0.2684499323368072,0.0019962626975029,0.2547575235366821,0.5116791725158691,0.7619757652282715,193.8688507080078
CRR_0365,CRR,11252.741674742854,0.0166984815150499,0.0275408960878849,0.050708919763565,0.0553186200559139,0.0362524427473545,0.0234524700790643,-0.1478620022535324,0.1840742975473404,0.5954732298851013,1.0395853519439695,0.47918701171875,193.91769409179688
CRR_0366,CRR,11982.233002701794,0.0582806020975112,0.0803126692771911,0.0897494107484817,0.0840365588665008,0.0492911972105503,0.0256275739520788,-0.234179675579071,-0.255903959274292,-0.1175901368260383,0.3666972219944,1.0965895652770996,194.92710876464844
CRR_0367,CRR,11512.453469026996,0.0650127902626991,0.0707900375127792,0.0682421401143074,0.0587976276874542,0.0369547642767429,0.0228294190019369,-0.310093879699707,0.0064242631196975,0.462250679731369,0.923400342464447,0.6494431495666504,194.1776580810547
CRR_0368,CRR,10532.527678660108,0.0169255957007408,0.0297057647258043,0.0460571497678756,0.0274486225098371,0.0203495919704437,0.0224657915532588,-0.2843543291091919,0.0852701812982559,0.5427213311195374,0.8393632173538208,0.6349782943725586,193.82861328125
CRR_0369,CRR,12945.262972942406,0.0661550313234329,0.0337484888732433,0.0584897771477699,0.0633746832609176,0.0421396233141422,0.0290857572108507,-0.4216780960559845,-0.8402412533760071,-0.9690459966659546,-0.4641818404197693,1.9518156051635744,196.23635864257807
CRR_0370,CRR,11723.39828058161,0.0266309585422277,0.0677788034081459,0.0756483152508735,0.0596205368638038,0.036157052963972,0.0223601087927818,-0.3298037648200989,0.0011695862049236,0.4912852048873901,0.9658625721931458,0.6989445686340332,194.2476348876953
CRR_0371,CRR,12335.5707792292,0.0541100576519966,0.1046641767024993,0.1095941066741943,0.0830483883619308,0.0484491251409053,0.0243267323821783,-0.3586147427558899,-0.3315864205360412,-0.0939920917153358,0.4341033101081848,1.1179447174072266,195.0670928955078
CRR_0372,CRR,11225.449529399002,0.0357813313603401,0.0337261036038398,0.0166411120444536,0.0098487213253974,0.0179336220026016,0.0216241925954818,-0.0590128302574157,0.4635944962501526,1.0604934692382812,1.4368925094604492,0.3722801208496094,193.5582427978516
CRR_0373,CRR,10089.296930862089,0.0423231981694698,0.071380503475666,0.0702626258134841,0.0676226764917373,0.0416521541774272,0.0241498835384845,-0.4541595578193664,-0.3757255673408508,-0.4331755340099334,-0.325739175081253,1.496903419494629,194.80941772460935
CRR_0374,CRR,10392.52641573877,0.0366033986210823,0.0727133825421333,0.0817659646272659,0.0609694756567478,0.0405651330947876,0.0233001839369535,-0.3878600299358368,-0.1417473703622818,0.0327965766191482,0.204010784626007,1.0925273895263672,194.41912841796875
CRR_0375,CRR,12516.114319937824,0.0748982653021812,0.1296741515398025,0.1201713606715202,0.0797761529684066,0.0449806414544582,0.0235179010778665,-0.2300900667905807,-0.1268554180860519,0.1888958364725113,0.7380140423774719,0.8757848739624023,194.86708068847656
CRR_0376,CRR,11161.182144698258,0.0387900955975055,0.0338337048888206,0.0129636758938431,0.0204164702445268,0.0265978556126356,0.0218158327043056,0.021018648520112,0.5884823203086853,1.1268044710159302,1.4460065364837646,0.322244644165039,193.52850341796875
CRR_0377,CRR,10121.296373173014,0.0239714253693819,0.0691765546798706,0.0791784524917602,0.0763191059231758,0.0421487875282764,0.0246341750025749,-0.5130020380020142,-0.5862396955490112,-0.8104120492935181,-0.7579412460327148,1.868229866027832,195.25962829589844
CRR_0378,CRR,11860.024799247469,0.0472635030746459,0.0488228201866149,0.0395322926342487,0.0366160497069358,0.0245953984558582,0.0212800279259681,-0.1268172115087509,0.3851663768291473,0.9841656684875488,1.4361321926116943,0.3995876312255859,193.8678741455078
CRR_0379,CRR,11087.450320858858,0.0385356955230236,0.0429202169179916,0.0502939037978649,0.0642444640398025,0.0439424738287925,0.0225209016352891,0.248115986585617,0.7523693442344666,1.0695130825042725,1.2899134159088137,0.3037986755371094,193.6588897705078
CRR_0380,CRR,12570.445422742332,0.3072411715984344,0.1582421660423278,0.0776670202612876,0.0605430267751216,0.0333017334342002,0.0218750797212123,-0.1225895583629608,0.1840125471353531,0.670940101146698,1.2180119752883911,0.5332193374633789,194.4272918701172
CRR_0381,CRR,10649.281433965942,0.1265154480934143,0.1590906679630279,0.1459024101495742,0.0921512991189956,0.0492144338786602,0.0237202402204275,-0.0320034399628639,0.0743845775723457,0.0014627078780904,0.0885731354355812,1.1227989196777344,194.659423828125
CRR_0382,CRR,12716.224757647493,0.0230633113533258,0.0405236594378948,0.0720919594168663,0.0606658309698104,0.0331520289182662,0.0220258682966232,-0.5039281249046326,-0.23495914041996,0.2378831058740615,0.8004934787750244,0.9031481742858888,194.91720581054688
CRR_0383,CRR,12390.024846323087,0.0187744814902544,0.0327446050941944,0.0474670529365539,0.0429803170263767,0.0258260071277618,0.0211961101740598,-0.1448395252227783,0.2973458468914032,0.8623350858688354,1.3686343431472778,0.4294524192810058,194.1975860595703
CRR_0384,CRR,12988.157839056916,0.0617390535771846,0.0682225674390792,0.0625461339950561,0.0528490282595157,0.0291480869054794,0.0220900569111108,-0.4464437663555145,-0.2079655975103378,0.2800585031509399,0.8669236302375793,0.8239498138427734,194.9870758056641
CRR_0385,CRR,12849.867018457142,0.0101637663319706,0.0430437102913856,0.0463910512626171,0.0336429439485073,0.0223239306360483,0.0213549248874187,-0.1415394097566604,0.2458585947751999,0.798640251159668,1.312250733375549,0.4542288780212402,194.47755432128903
CRR_0386,CRR,11082.364601958125,0.0255428161472082,0.074745126068592,0.0968035906553268,0.0818988904356956,0.0475810579955577,0.0238239932805299,-0.4658190608024597,-0.7302330136299133,-1.1411486864089966,-1.1447936296463013,2.1891956329345703,196.0797119140625
CRR_0387,CRR,12115.77419203274,0.0360836423933506,0.0942568555474281,0.118163488805294,0.0853481516242027,0.0471697188913822,0.0221249442547559,-0.4284282028675079,-0.1276373714208603,0.184891939163208,0.4885832369327545,1.0073003768920898,194.94847106933597
CRR_0388,CRR,13604.782952087717,0.0786468610167503,0.0324760526418685,0.0302095208317041,0.0275857876986265,0.0198762584477663,0.0229237098246812,-0.6092352867126465,-0.4159806072711944,0.156779333949089,0.7963213324546814,0.9185185432434082,195.36671447753903
CRR_0389,CRR,10833.71976778245,0.0092376619577407,0.0539030246436595,0.0243254788219928,0.0303916335105896,0.0327995978295803,0.0249406322836875,-0.6097149848937988,-1.0778270959854126,-1.73039972782135,-1.826810359954834,2.737462520599365,196.63021850585935
CRR_0390,CRR,11361.893850335608,0.0059564830735325,0.0179971549659967,0.0434908233582973,0.0625971853733062,0.043364405632019,0.0235914587974548,-0.2804174125194549,-0.6484095454216003,-1.1834932565689087,-1.2153174877166748,2.195007801055908,196.26980590820312
CRR_0391,CRR,12567.408449093828,0.1008746773004531,0.1335573941469192,0.1196638122200965,0.0823451057076454,0.0488293021917343,0.0226875133812427,-0.2368538230657577,-0.1027397364377975,0.1085439920425415,0.4160453081130981,0.9479260444641112,195.22837829589844
CRR_0392,CRR,12162.656966664304,0.0252303387969732,0.0631503313779831,0.0846732705831527,0.0869187787175178,0.0548756159842014,0.0230321139097213,-0.6782499551773071,-0.8563575148582458,-1.0109922885894775,-0.864357054233551,2.0211310386657715,196.3089904785156
CRR_0393,CRR,12055.716102827624,0.0211700294166803,0.0329249873757362,0.0410822182893753,0.071889616549015,0.049980878829956,0.0231205932796001,-0.4621241986751556,-0.7950850129127502,-1.1860299110412598,-1.127180814743042,2.163546562194824,196.5093231201172
CRR_0394,CRR,13965.390286123342,0.0350810587406158,0.0459489449858665,0.0232418794184923,0.0125592174008488,0.0145833725109696,0.0241410229355096,-0.2373840063810348,-0.0189615301787853,0.6810686588287354,1.2829632759094238,0.4683995246887207,195.0468597412109
CRR_0395,CRR,13400.653281463128,0.030434425920248,0.0358155667781829,0.0437873117625713,0.0467021577060222,0.0367574505507946,0.0238225031644105,-0.463604211807251,-0.260372132062912,0.1674346774816513,0.6053028106689453,0.8362903594970703,195.43771362304688
CRR_0396,CRR,10629.896407919332,0.0061884145252406,0.0157733596861362,0.0401034951210022,0.0634601190686225,0.0525514520704746,0.0293475706130266,-0.4648005664348602,-0.7591991424560547,-1.1531472206115725,-1.3098113536834717,2.1539506912231445,195.93153381347656
CRR_0397,CRR,12405.109633766211,0.0366914644837379,0.0459877103567123,0.0505868233740329,0.067425899207592,0.0468877553939819,0.0233423747122287,-0.4452616572380066,-0.7921717762947083,-1.207107424736023,-1.1404073238372805,2.1389360427856445,196.67922973632807
CRR_0398,CRR,14051.025209728272,0.0393992774188518,0.0352685153484344,0.0230082739144563,0.0218838341534137,0.022885562852025,0.0252143442630767,-0.6278077960014343,-0.3998723924160003,0.2878135442733764,0.8476467132568359,0.8770170211791992,195.51698303222656
CRR_0399,CRR,11302.882333249316,0.0092515312135219,0.0322069935500621,0.0472889058291912,0.0594943389296531,0.04700144007802,0.0264506433159112,-0.4836930930614471,-0.863429844379425,-1.356178879737854,-1.5339977741241455,2.357295036315918,196.46127319335935
CRR_0400,CRR,13783.995125573956,0.0539201982319355,0.0602969266474247,0.0573159009218215,0.0509751737117767,0.0453857034444808,0.0265554673969745,-0.3316861689090729,-0.1670228987932205,0.1423625648021698,0.4885752499103546,0.7931232452392578,195.71780395507807
CRR_0401,CRR,11114.75507265483,0.0366243980824947,0.0832970589399337,0.1027065962553024,0.0880216881632804,0.0549770891666412,0.0284626353532075,-0.6208570003509521,-0.7995418906211853,-0.9759027361869812,-1.125877022743225,2.0308632850646973,195.92181396484372
CRR_0402,CRR,11377.204275580025,0.0708351284265518,0.084176056087017,0.0813053995370864,0.0803148820996284,0.0536969453096389,0.0272372234612703,-0.4682717025279999,-0.7456022500991821,-1.0221089124679563,-1.1869421005249023,2.0614123344421387,196.11160278320312
CRR_0403,CRR,13600.929757888403,0.0272192824631929,0.0450883284211158,0.056808341294527,0.0680558383464813,0.0484901741147041,0.0266195479780435,-0.0797822773456573,-0.0461311973631382,-0.100051149725914,0.0867092311382293,0.9448318481445312,196.0083923339844
CRR_0404,CRR,12309.260048703438,0.027587890625,0.0592681653797626,0.0724071934819221,0.059814766049385,0.0370412245392799,0.024470280855894,-0.6231668591499329,-1.1248527765274048,-1.6779991388320925,-1.8401122093200684,2.627934455871582,197.23074340820312
CRR_0405,CRR,11822.962222800585,0.0534889474511146,0.0855129361152648,0.0930532291531562,0.0869337543845176,0.0546035952866077,0.0264708325266838,-0.5271126627922058,-0.7699044346809387,-0.9842028617858888,-1.1447750329971311,2.0381321907043457,196.26153564453125
CRR_0406,CRR,12740.507547802144,0.0142727820202708,0.044661458581686,0.0827908590435981,0.0511183813214302,0.0266447123140096,0.0244617704302072,-0.5259985327720642,-1.074088454246521,-1.661876559257507,-1.803084373474121,2.5499672889709477,197.40036010742188
CRR_0407,CRR,12133.764110185748,0.0446937270462513,0.0890337005257606,0.0997922271490097,0.0896927341818809,0.0549817904829978,0.0263349711894989,-0.4921452403068542,-0.6702365875244141,-0.8327260613441467,-0.9880473017692566,1.8926029205322263,196.24148559570312
CRR_0408,CRR,15189.964637743758,0.0749223083257675,0.0611756667494773,0.055657111108303,0.0550697594881057,0.0586007386445999,0.0346358865499496,-0.0746940672397613,0.3907986283302307,0.9807618260383606,1.308946967124939,0.3946356773376465,195.55667114257807
CRR_0409,CRR,11853.091862425865,0.0620723739266395,0.0852236151695251,0.0990385040640831,0.093763567507267,0.0549416653811931,0.0280963834375143,-0.1036963909864425,0.1595463156700134,0.443963348865509,0.3533292710781097,0.7878751754760742,194.71226501464844
CRR_0410,CRR,14842.097031253465,0.014495494775474,0.0273727718740701,0.0313578397035598,0.0612905994057655,0.059459913522005,0.0337204858660697,-0.3804725408554077,0.0091875623911619,0.1784889996051788,0.3142851293087005,0.695854663848877,196.3475646972656
CRR_0411,CRR,12737.913554164026,0.0229862593114376,0.0592206045985221,0.0837818086147308,0.0872730016708374,0.0564404726028442,0.0275314003229141,-0.5531606078147888,-0.3994848728179931,-0.348667174577713,-0.4867331683635711,1.455289363861084,195.9814910888672
CRR_0412,CRR,12394.568339942867,0.1169489100575447,0.1012055948376655,0.0971182286739349,0.0829990655183792,0.0549015700817108,0.0284866672009229,-0.1143727973103523,0.2587376534938812,0.6644614338874817,0.5903374552726746,0.6434321403503418,194.70220947265625
CRR_0413,CRR,15403.851837438076,0.0662564262747764,0.0704985037446022,0.0716723799705505,0.0813409835100174,0.0709370374679565,0.0366849079728126,-0.1795132458209991,0.2668391764163971,0.4745422899723053,0.589323878288269,0.5070681571960449,196.33697509765625
CRR_0414,CRR,12948.957781945315,0.056507471948862,0.0874046087265014,0.0980340093374252,0.0685565918684005,0.0557265318930149,0.0297836679965257,-0.090202622115612,0.3954139649868011,0.8560311794281006,,0.5289807319641113,194.7520294189453
CRR_0415,CRR,13692.43818783564,0.0398203209042549,0.0688134282827377,0.0675571784377098,0.0769239068031311,0.0585716813802719,0.0308761671185493,-0.1831517219543457,0.3565358221530914,0.4603684246540069,0.2889328896999359,0.6754035949707031,195.62112426757807
CRR_0416,CRR,16076.41180812654,0.1554806977510452,0.1657514870166778,0.1574061661958694,0.1243137791752815,0.0791727155447006,0.0384086966514587,-0.2416485100984573,-0.1482088714838028,-0.3789687752723694,-0.4754979312419891,1.1770200729370115,197.6766662597656
CRR_0417,CRR,14935.157485055812,0.0438923500478267,0.1025541722774505,0.1160414889454841,0.0792166516184806,0.0476121008396148,0.034173097461462,-0.5887324810028076,-0.8738430142402649,-1.3071141242980957,-1.628146052360535,1.878666400909424,198.14962768554688
CRR_0418,CRR,14638.955472212903,0.0765766352415084,0.0590718016028404,0.0940465256571769,0.1044494435191154,0.0613983422517776,0.0345085561275482,-0.2969092726707458,-0.0963981747627258,-0.2571788132190704,-0.5473844408988953,0.8646135330200195,196.8804626464844
CRR_0419,CRR,17052.185793905028,0.0454802587628364,0.0512989945709705,0.0479051619768142,0.0555451922118663,0.0256066489964723,0.0278417970985174,0.0971633270382881,0.4255329966545105,0.0070523251779377,-0.6666724681854248,0.5132865905761719,198.0581970214844
CRR_0420,CRR,118.8599589521102,0.0220207553356885,0.0213064011186361,0.0072487667202949,0.0171222165226936,0.0170302297919988,0.0103620402514934,-0.2980400621891022,-0.1185111552476883,0.0615057684481143,,0.4903721809387207,194.1812286376953
CRR_0421,CRR,99.66755326747446,0.0351859629154205,0.0559684224426746,0.0489178262650966,0.0329348631203174,0.0224177259951829,0.0116067007184028,0.0091999098658561,0.2879042029380798,0.532757580280304,,0.2414283752441406,193.5907745361328
CRR_0422,CRR,746.5941886344767,0.0238581746816635,0.0387352593243122,0.0384445153176784,0.0318473204970359,0.0198671221733093,0.0113841500133275,-0.3949325680732727,-0.2603442966938019,-0.172715738415718,,0.780792236328125,194.5313720703125
CRR_0423,CRR,165.67426099683715,0.0390829145908355,0.0243593417108058,0.0136635014787316,0.0178402718156576,,,-0.0382596030831337,,,,0.1895556449890136,193.2701416015625
CRR_0424,CRR,286.36267729379733,0.0364432632923126,0.0450766421854496,0.0375351756811142,0.0301745906472206,0.0237488262355327,,-0.2203438431024551,0.103913202881813,,,0.5849943161010742,193.64044189453125
CRR_0425,CRR,35.047463141536014,0.0676530376076698,0.0266801565885543,0.0236767772585153,,,,,,,,0.2603559494018554,193.31985473632807
CRR_0426,CRR,582.2309425034638,0.0308551881462335,0.0463972948491573,0.0403426103293895,0.0317982733249664,0.0238979365676641,0.0129464818164706,-0.3242372572422027,-0.0469291694462299,0.2374507635831833,,0.5732345581054688,193.7502593994141
CRR_0427,CRR,793.3358909709863,0.019158698618412,0.0156425070017576,0.0389183238148689,0.0385640896856784,0.0253575481474399,0.0134185627102851,-0.1270278990268707,0.093530960381031,0.3350802958011627,,0.3962554931640625,193.67025756835935
CRR_0428,CRR,367.8610101212288,0.016824048012495,0.0302765797823667,0.0313034057617187,0.0194561351090669,0.0157620999962091,,-0.1543048173189163,0.1183577999472618,,,0.4504594802856445,193.3197326660156
CRR_0429,CRR,253.3447344066707,0.008486121892929,0.0327167585492134,0.0413979701697826,0.0168680641800165,0.0133049758151173,,-0.2589733004570007,-0.0678657367825508,,,0.4995045661926269,193.45950317382807
CRR_0430,CRR,1474.1996598577953,0.155933678150177,0.0876225680112838,0.0302434246987104,0.0481308102607727,0.0280431881546974,0.0150587363168597,-0.6014341711997986,-0.598972737789154,-0.4732736647129059,,1.0833368301391602,194.50018310546875
CRR_0431,CRR,1529.4254285712905,0.0435614883899688,0.0346249230206012,0.0284398607909679,0.0463885217905044,0.0276739615947008,0.0151826720684766,-0.6384066939353943,-0.6294394731521606,-0.4958987534046173,,1.1012787818908691,194.5001220703125
CRR_0432,CRR,1087.5814257566285,0.0359369255602359,0.0353283807635307,0.0476895160973072,0.0348319709300994,0.0230366569012403,0.0145848719403147,-0.1535392701625824,-0.0336853712797164,0.1870398223400116,,0.462644100189209,193.6898651123047
CRR_0433,CRR,2252.452531812852,0.053643099963665,0.0386036559939384,0.0388799756765365,0.0221505258232355,0.023820387199521,0.0172734893858432,-0.5735316872596741,-0.9067813158035278,-1.0732988119125366,-0.8249627947807312,1.6992788314819336,195.4707489013672
CRR_0434,CRR,342.65177056952933,0.108561635017395,0.0466657727956771,0.0222369655966758,0.0072348969988524,0.013279222883284,,-0.4426991045475006,-0.3897641599178314,,,0.5933399200439453,193.72927856445312
CRR_0435,CRR,1999.900132849748,0.0636674389243125,0.09686129540205,0.0761977061629295,0.048330046236515,0.0297046937048435,0.0172967389225959,-0.3198985457420349,-0.4249008595943451,-0.3841093182563782,-0.0230849757790565,0.9472498893737792,194.4300994873047
CRR_0436,CRR,924.063636823362,0.0573115870356559,0.0573501288890838,0.0138576971367001,0.0180616397410631,0.0196994058787822,0.0153246605768799,-0.2488185167312622,-0.1639788597822189,0.0718992203474044,,0.5496325492858887,193.64952087402344
CRR_0437,CRR,1510.439843392223,0.0330156199634075,0.055706325918436,0.0459064468741416,0.0358607061207294,0.0266457516700029,0.0170624647289514,-0.6390617489814758,-0.5903414487838745,-0.4327007830142975,,1.0155563354492188,194.2897491455078
CRR_0438,CRR,2577.550279169869,0.0838549211621284,0.0582872331142425,0.0633874833583831,0.0423410236835479,0.0289328712970018,0.0189469289034605,-0.5525853037834167,-0.7166500091552734,-0.7850027680397034,-0.4705128669738769,1.3704204559326172,195.0003204345703
CRR_0439,CRR,318.9599154739448,0.0444920621812343,0.0485924258828163,0.0323112308979034,0.0205322299152612,0.0160830207169055,0.0151530187577009,-0.1877340078353881,-0.1122116968035698,0.1506475061178207,,0.3838939666748047,193.3791656494141
CRR_0440,CRR,2840.6620532355814,0.0708758905529975,0.0787600725889206,0.0654530972242355,0.0359177812933921,0.0286548491567373,0.0200765617191791,-0.3688427209854126,-0.4387734830379486,-0.5081074833869934,-0.1997721642255783,1.1074771881103516,194.76031494140625
CRR_0441,CRR,3161.5735830790345,0.0547256022691726,0.0430703572928905,0.0232053063809871,0.020942723378539,0.0266277231276035,0.0208562370389699,-0.1490055471658706,-0.0794095024466514,-0.2156075835227966,-0.0051833125762641,0.8966279029846191,194.7306671142578
CRR_0442,CRR,641.2407198423807,0.1455234885215759,0.0534092374145984,0.0142717165872454,0.0252350587397813,0.0196492467075586,0.0166825633496046,-0.5749886631965637,-0.4224437773227691,-0.1564098894596099,,0.7869372367858887,193.69921875
CRR_0443,CRR,1895.6555683436595,0.0465461909770965,0.0706642642617225,0.0477145314216613,0.0381468199193477,0.0300263036042451,0.019831234589219,-0.0596475638449192,-0.0035133422352373,0.1217184737324714,0.5664897561073303,0.4537258148193359,193.7497100830078
CRR_0444,CRR,2495.28467133456,0.0611284710466861,0.0390418134629726,0.0263286381959915,0.0314514376223087,0.030419310554862,0.0212523601949214,-0.3035527765750885,-0.3095574975013733,-0.2807004749774933,0.109983704984188,0.8530735969543457,194.3499755859375
CRR_0445,CRR,2110.4201295951566,0.033239658921957,0.0491589605808258,0.0440354347229003,0.0363705791532993,0.0306737925857305,0.0205455962568521,-0.1598558574914932,-0.1374507397413253,-0.0428054966032505,0.3926663994789123,0.6031732559204102,193.9697723388672
CRR_0446,CRR,3359.379856886921,0.0387836582958698,0.0184905789792537,0.0191652420908212,0.0188487377017736,0.028290931135416,0.0228399336338043,-0.1878647655248642,-0.1589488983154297,-0.2119070440530777,0.0644834637641906,0.8710432052612305,194.6003875732422
CRR_0447,CRR,161.73598570412997,0.0463863462209701,0.0457888804376125,0.0480138473212718,0.0229285191744565,0.0172280296683311,0.0167628657072782,-0.0511565916240215,0.1574936807155609,0.4416471421718597,,0.3048791885375976,192.8988800048828
CRR_0448,CRR,3143.275845833724,0.0552203990519046,0.0430469363927841,0.0353770479559898,0.0218299329280853,0.0286122653633356,0.0228239800781011,-0.4860251247882843,-0.4927888214588165,-0.5206801295280457,-0.2019351720809936,1.1523232460021973,194.8102264404297
CRR_0449,CRR,721.1139345611205,0.0361772775650024,0.0409751422703266,0.0363811627030372,0.0230536218732595,0.0206993818283081,0.0180595386773347,-0.1582917720079422,0.0543951764702796,0.3374745845794678,0.8668610453605652,0.4362120628356933,193.1090850830078
CRR_0450,CRR,1291.4166088729091,0.0025575580075383,0.0357242971658706,0.0467287376523017,0.0325695425271987,0.0256836619228124,0.0195287056267261,-0.1475222557783126,0.0066447779536247,0.2515628337860107,0.7848961353302002,0.4552674293518066,193.32928466796875
CRR_0451,CRR,2736.9284710878574,0.0190266072750091,0.0179622657597064,0.0220924969762563,0.0290700122714042,0.0304010212421417,0.0232930164784193,-0.4308794736862182,-0.5383482575416565,-0.4880595505237579,-0.0593029223382473,1.0761632919311523,194.53985595703125
CRR_0452,CRR,1577.455471940671,0.0365065224468708,0.0470850691199302,0.0400362238287925,0.0374179109930992,0.0279714241623878,0.0205193124711513,-0.1012912690639495,-0.0126089034602046,0.2075098007917404,0.7495431303977966,0.4088397026062011,193.4193420410156
CRR_0453,CRR,1269.6140053637175,0.0316463150084018,0.0555319376289844,0.0375656746327877,0.0308565516024827,0.0258144401013851,0.0204445701092481,-0.4779844284057617,-0.367615669965744,-0.1072351485490799,0.4755897223949432,0.7128562927246094,193.5991668701172
CRR_0454,CRR,787.1177666737103,0.0067912568338215,0.0211681704968214,0.0348702110350132,0.0223283972591161,0.0219015777111053,0.0196368377655744,-0.17093425989151,-0.0139676136896014,0.2786350548267364,0.8729923367500305,0.3789381980895996,193.0689697265625
CRR_0455,CRR,2066.1993262555025,0.0235812906175851,0.0704424232244491,0.077841080725193,0.0437427163124084,0.0314085371792316,0.0229725260287523,-0.405656486749649,-0.4399640560150146,-0.2682033479213714,0.3017674386501312,0.8587279319763184,193.97943115234372
CRR_0456,CRR,3051.170239538494,0.0200578551739454,0.0028860347811132,0.0155749963596463,0.0276276599615812,0.0308044478297233,0.0256248656660318,-0.6057595610618591,-0.771964430809021,-0.6974442601203918,-0.2428271323442459,1.3223514556884766,194.78982543945312
CRR_0457,CRR,652.5976217549685,0.0174292027950286,0.0079157510772347,0.0193322747945785,0.0203153081238269,0.0216388925909996,0.0205476433038711,-0.5173419713973999,-0.4075442850589752,-0.1051386371254921,0.5463422536849976,0.6839423179626465,193.3188323974609
CRR_0458,CRR,1243.2048363551623,0.0313864909112453,0.0164523664861917,0.0378943718969821,0.0299485363066196,0.0260793250054121,0.0217094868421554,-0.6472606658935547,-0.5720692276954651,-0.2907331883907318,0.3718256652355194,0.8930702209472656,193.6490020751953
CRR_0459,CRR,3512.08015473889,0.007777577266097,0.0074931397102773,0.0060681644827127,0.0197514798492193,0.0312615446746349,0.0274019818753004,-0.3246115744113922,-0.4240711331367492,-0.335392951965332,0.0744979530572891,1.022350788116455,194.5899200439453
CRR_0460,CRR,3336.114679508664,0.0259741693735122,0.0311245024204254,0.0283641815185546,0.0283674672245979,0.0315632857382297,0.0272206757217645,-0.4353141784667969,-0.566317081451416,-0.4536950886249542,0.0101880142465233,1.1194968223571775,194.5998077392578
CRR_0461,CRR,1560.2382935229805,0.019767565652728,0.013913077302277,0.0129617787897586,0.0322969518601894,0.028436267748475,0.0228191446512937,-0.2962332963943481,-0.2377522438764572,0.0326800122857093,0.7197942733764648,0.5841059684753418,193.36903381347656
CRR_0462,CRR,2385.753907268411,0.0239873602986335,0.0348581485450267,0.0457159057259559,0.0436159782111644,0.0324230417609214,0.0248407386243343,-0.2814472615718841,-0.2957482635974884,-0.1003834158182144,0.5268061757087708,0.7150688171386719,193.79934692382807
CRR_0463,CRR,329.3292983513824,0.016883535310626,0.0169993471354246,0.0258857924491167,0.0208492204546928,0.0206661596894264,0.0215304121375083,-0.4420453310012817,-0.3453370928764343,-0.0420552045106887,0.6708105206489563,0.6221981048583984,193.02854919433597
CRR_0464,CRR,1806.6837764083,0.0101473852992057,0.0077643999829888,0.0203977935016155,0.031865194439888,0.0294690653681755,0.0237974990159273,-0.3974428474903106,-0.347383439540863,-0.0720218122005462,0.6468344926834106,0.7033133506774902,193.47900390625
CRR_0465,CRR,500.25999156082673,0.0108313076198101,0.013643198646605,0.0179149098694324,0.020843282341957,0.021642941981554,0.0224196501076221,-0.2697552740573883,-0.1624570041894912,0.1463199108839035,0.9096176028251648,0.5025372505187988,192.7785186767578
CRR_0466,CRR,3771.12798641715,0.0278458688408136,0.0066708568483591,0.0255530960857868,0.0344375558197498,0.0318238325417041,0.0293119866400957,-0.5215322971343994,-0.5272795557975769,-0.3297996819019317,0.140236809849739,1.0894031524658203,194.56971740722656
CRR_0467,CRR,2715.392085051499,0.0335257686674594,0.0513539612293243,0.0438203141093254,0.042882177978754,0.0322903990745544,0.0262833517044782,-0.0695912837982177,-0.0515476427972316,0.1753830015659332,0.8288617134094238,0.4621534347534179,193.5592803955078
CRR_0468,CRR,2096.684069055483,0.0108941635116934,0.0315247066318988,0.0444388799369335,0.0302049331367015,0.0299148503690958,0.0248525254428386,-0.151600033044815,-0.0978763476014137,0.1895239949226379,0.9389832019805908,0.486368179321289,193.2289886474609
CRR_0469,CRR,657.7966546017307,0.0106795849278569,0.0247003957629203,0.0292166471481323,0.020895043388009,0.0226367600262165,0.0234052129089832,-0.3697754442691803,-0.268173336982727,0.0473684482276439,0.867908239364624,0.6032023429870605,192.7984619140625
CRR_0470,CRR,2462.35630178422,0.0315503813326358,0.046374075114727,0.0425850674510002,0.0340745560824871,0.0310004763305187,0.0258290637284517,-0.1873635798692703,-0.116512231528759,0.1574638336896896,0.8841639757156372,0.5081496238708496,193.38909912109372
CRR_0471,CRR,1941.7973441419376,0.1120705530047416,0.0803508758544921,0.0415622815489769,0.0274306088685989,0.0284823458641767,0.0247494280338287,-0.2157445251941681,-0.1638844907283783,0.1469182074069976,0.93816339969635,0.5825157165527344,193.14886474609372
CRR_0472,CRR,1061.39728898386,0.02674525603652,0.0323749184608459,0.0087787741795182,0.0226501617580652,0.024128932505846,0.0238008853048086,-0.3767174482345581,-0.2886857986450195,0.0404240451753139,0.884027898311615,0.6968839168548584,192.88853454589844
CRR_0473,CRR,3202.393300536647,0.0631309151649475,0.08136036247015,0.0620300844311714,0.0414278618991375,0.0310592502355575,0.0279891025274992,-0.578283429145813,-0.445219486951828,-0.1870566457509994,0.4685849547386169,0.974921703338623,194.019287109375
CRR_0474,CRR,1477.447359180578,0.0260849464684724,0.0432828366756439,0.031212318688631,0.0261377822607755,0.0257634688168764,0.0245102774351835,-0.4551675915718078,-0.4014632105827331,-0.0652134418487548,0.7973975539207458,0.8055746555328369,193.07861328125
CRR_0475,CRR,1716.9987440817702,0.0245484840124845,0.0238153077661991,0.0257465336471796,0.026270292699337,0.0266474056988954,0.0250514578074216,-0.3308691680431366,-0.2937962710857391,0.0440059415996074,0.915233850479126,0.6525983810424805,193.0186462402344
CRR_0476,CRR,538.1330381742918,0.0104176932945847,0.0071787289343774,0.0190809443593025,0.0271657686680555,0.0243658795952796,0.0254906117916107,-0.1349998116493225,-0.0317211337387561,0.2776743769645691,1.1950089931488037,0.2919337749481201,192.3082427978516
CRR_0477,CRR,2523.6328700634,0.0347930565476417,0.0258474815636873,0.0162015240639448,0.0205465164035558,0.0294827651232481,0.0269058048725128,-0.2303221821784973,-0.1190077438950538,0.1972776055335998,1.033708095550537,0.5573010444641113,193.1388092041016
CRR_0478,CRR,2285.212732376961,0.0049033057875931,0.0153203746303915,0.0238606855273246,0.0222636647522449,0.0288166031241416,0.0267071705311536,-0.4267028272151947,-0.3644522726535797,-0.0350482538342475,0.848092257976532,0.7291059494018555,193.2186737060547
CRR_0479,CRR,1086.1146967033535,0.0264111533761024,0.029013093560934,0.031437549740076,0.032339621335268,0.0263126008212566,0.0259470120072364,-0.2860148251056671,-0.2078405916690826,0.1388461738824844,1.1090410947799685,0.498826265335083,192.54833984375
CRR_0480,CRR,2658.0052751232333,0.04383996874094,0.0245515555143356,0.0161239448934793,0.0195953305810689,0.0303538516163826,0.0275605656206607,-0.3078348040580749,-0.1668243557214737,0.1406693309545517,0.9860875606536864,0.6589338779449463,193.2087860107422
CRR_0481,CRR,1715.5257529800422,0.0168525259941816,0.0337902195751667,0.0407860949635505,0.0292614996433258,0.0281872693449258,0.0266644638031721,-0.223493605852127,-0.189769297838211,0.1579204350709915,1.1169042587280271,0.4904019832611084,192.75845336914065
CRR_0482,CRR,2651.5895494036413,0.0460399873554706,0.0161313395947217,0.0220557935535907,0.021675931289792,0.0320858992636203,0.0283644665032625,-0.4735108911991119,-0.3127727508544922,-0.0233397148549556,0.8415846228599548,0.8623437881469727,193.3587188720703
CRR_0483,CRR,1051.022346088689,0.030725734308362,0.0237790346145629,0.0234282463788986,0.0368074662983417,0.0289987102150917,0.0273175965994596,-0.2425905913114547,-0.1578333377838134,0.2065023630857467,1.2514084577560425,0.4700896739959717,192.3982391357422
CRR_0484,CRR,4010.3785386612753,0.0212098974734544,0.0422104969620704,0.0811633989214897,0.055506344884634,0.0307928808033466,0.031132735311985,-0.3889533281326294,-0.309492826461792,-0.1189317554235458,0.5157676935195923,0.97654390335083,194.1490936279297
CRR_0485,CRR,1939.420388979823,0.0151081401854753,0.0359083116054534,0.0343987792730331,0.026520712301135,0.0312848351895809,0.0281073078513145,-0.3358381390571594,-0.2689968049526214,0.058488480746746,1.0365492105484009,0.6211671829223633,192.91845703125
CRR_0486,CRR,2764.266695875663,0.0410921163856983,0.017738526687026,0.0226456392556428,0.0313506238162517,0.0352514907717704,0.0294327586889266,-0.2881669700145721,-0.1119534969329834,0.134996622800827,1.00263774394989,0.7250428199768066,193.23870849609372
CRR_0487,CRR,3184.3434944380024,0.059169303625822,0.0939789712429046,0.0843807905912399,0.0468492433428764,0.0376030877232551,0.0304257664829492,-0.330680787563324,-0.1672733277082443,0.0140615999698638,0.8175397515296936,0.8203706741333008,193.56878662109372
CRR_0488,CRR,3733.3103274094624,0.0148099968209862,0.0359538979828357,0.0649092942476272,0.0612653084099292,0.0370434634387493,0.03163917735219,-0.3450770378112793,-0.3214651346206665,-0.2202913910150528,0.4863816201686859,1.051264762878418,194.08889770507807
CRR_0489,CRR,1070.7855667510728,0.0262774862349033,0.0079005789011716,0.0297584943473339,0.0403739437460899,0.032080553472042,0.0285929441452026,-0.4061564803123474,-0.325059026479721,0.0544068850576877,1.1688328981399536,0.6437320709228516,192.4681701660156
CRR_0490,CRR,1703.7932100986234,0.0371127165853977,0.0192790850996971,0.0250304341316223,0.0309275276958942,0.0358564406633377,0.0297717936336994,-0.5025386810302734,-0.4529623091220855,-0.1259784400463104,0.9561644196510316,0.8005573749542236,192.88824462890625
CRR_0491,CRR,2596.874687420105,0.030033241957426,0.0819474384188652,0.0791419595479965,0.0456687659025192,0.0417122803628444,0.0312001109123229,-0.2147881090641021,-0.0866069942712783,0.0955531224608421,1.0439472198486328,0.6773803234100342,193.1184539794922
CRR_0492,CRR,1146.118971056184,0.0263060741126537,0.0416801832616329,0.0511791184544563,0.0483662523329257,0.0367893315851688,0.0302131902426481,-0.3158750236034393,-0.2165428400039672,0.188622698187828,1.4202425479888916,0.5573878288269043,192.16799926757807
CRR_0493,CRR,2084.619261732115,0.0302484203130006,0.0232597384601831,0.0203281342983245,0.0380612313747406,0.0431012064218521,0.0318187475204467,-0.4063601195812225,-0.341978371143341,-0.0972468480467796,0.9962536096572876,0.7938916683197021,192.94821166992188
CRR_0494,CRR,3395.5023618028927,0.0096817063167691,0.0174840185791254,0.0291635300964117,0.0647723004221916,0.0498956777155399,0.0342782437801361,-0.6061463952064514,-0.6887735724449158,-0.8037697076797485,0.0329884625971317,1.6197199821472168,194.39849853515625
CRR_0495,CRR,1622.004449661949,0.042560052126646,0.0540522187948226,0.0513210892677307,0.0445936024188995,0.0403828285634517,0.0312118772417306,-0.3731230795383453,-0.3246690928936004,0.0158370416611433,1.210282325744629,0.6924417018890381,192.53805541992188
CRR_0496,CRR,4300.567343768222,0.0475949496030807,0.1159579455852508,0.1145562008023262,0.052390020340681,0.0380982495844364,0.0352050513029098,-0.6531421542167664,-0.9837208986282348,-1.2179607152938845,-0.589763879776001,2.203251838684082,195.3586883544922
CRR_0497,CRR,2406.344942078585,0.0360079556703567,0.0412429720163345,0.0436673946678638,0.0522741787135601,0.0493018478155136,0.03352752327919,-0.2526643276214599,-0.2114095091819763,-0.0591904781758785,1.0358036756515503,0.7796568870544434,192.9881896972656
CRR_0498,CRR,1328.477066846196,0.0368691980838775,0.0461700931191444,0.054541926831007,0.0513568222522735,0.0384778901934623,0.0307138692587614,-0.2572525441646576,-0.0945471227169036,0.326519250869751,1.6491869688034058,0.4977021217346191,191.8978729248047
CRR_0499,CRR,1182.156462826469,0.0318476743996143,0.045371189713478,0.0535663552582263,0.0473267622292041,0.0367992185056209,0.0301426462829113,-0.2276254296302795,-0.0076833921484649,0.4489436447620392,1.8184889554977417,0.4468960762023926,191.62782287597656
CRR_0500,CRR,1071.65131599479,0.0455487184226512,0.0517084114253521,0.0445958524942398,0.0426733344793319,0.0356081463396549,0.0296207387000322,-0.1118151843547821,0.1434412747621536,0.6231215596199036,2.0331265926361084,0.3360023498535156,191.33775329589844
CRR_0501,CRR,1809.737326153073,0.0171231869608163,0.0355543978512287,0.056217398494482,0.0538419373333454,0.0425841137766838,0.0319780148565769,-0.3839611411094665,-0.2700502872467041,0.0776126012206077,1.3786845207214355,0.7061352729797363,192.31790161132807
CRR_0502,CRR,1509.668749385385,0.0258355755358934,0.0576790533959865,0.0711714625358581,0.0496585853397846,0.0385087914764881,0.0306732952594757,-0.069798395037651,0.1290130466222763,0.5492174029350281,1.9177944660186768,0.3571004867553711,191.6178131103516
CRR_0503,CRR,2111.016723461964,0.0375049374997615,0.0493384897708892,0.043767012655735,0.0542865358293056,0.0464249886572361,0.0330960229039192,-0.2005352526903152,-0.1333886682987213,0.1430089920759201,1.3992091417312622,0.6079988479614258,192.41793823242188
CRR_0504,CRR,2593.851065983953,0.039666187018156,0.0528110824525356,0.0549923963844776,0.061284352093935,0.0531335994601249,0.034968726336956,-0.22522933781147,-0.2176708430051803,-0.0725642815232276,1.1160372495651243,0.8379857540130615,192.87799072265625
CRR_0505,CRR,3300.564190643878,0.0281077902764081,0.0760784596204757,0.1090654283761978,0.0826892554759979,0.0617034472525119,0.0375271923840045,-0.7632570862770081,-0.9479987621307372,-1.0838801860809326,-0.0544201992452144,1.9370946884155276,194.3380889892578
CRR_0506,CRR,1763.6080138688365,0.0548691563308239,0.0697836652398109,0.0682423487305641,0.0419538579881191,0.037138108164072,0.0301657486706972,-0.0288434028625488,0.1517259329557418,0.551642894744873,1.9839056730270384,0.4817943572998047,191.55772399902344
CRR_0507,CRR,2664.362902307985,0.0294512454420328,0.0602802075445652,0.0711547881364822,0.0528750903904438,0.0472999848425388,0.0340091772377491,-0.459314227104187,-0.3996406197547912,-0.1410483121871948,1.1863166093826294,0.943030595779419,192.69778442382807
CRR_0508,CRR,3038.3711389421624,0.0238249599933624,0.0364392511546611,0.0431911088526248,0.0639434829354286,0.0554542988538742,0.0360765308141708,-0.1178164333105087,-0.0860427320003509,0.0763519182801246,1.3297656774520874,0.7647111415863037,192.71783447265625
CRR_0509,CRR,2008.6154090106647,0.0160136185586452,0.030415566638112,0.0484765172004699,0.0336146727204322,0.0340352766215801,0.0291845519095659,-0.3359884619712829,-0.2719181180000305,0.109305627644062,1.58617103099823,0.7991268634796143,191.96763610839844
CRR_0510,CRR,3462.4339355328584,0.0012477728305384,0.0226207580417394,0.0441230535507202,0.0791573598980903,0.0629342496395111,0.0378641635179519,-0.184457316994667,-0.1457223892211914,-0.0474571138620376,1.1588647365570068,0.9711916446685792,193.03781127929688
CRR_0511,CRR,2235.1783739433163,0.0417068116366863,0.0425980761647224,0.0344532653689384,0.0269814077764749,0.0329166948795318,0.0292881540954113,-0.2122931480407714,-0.1927439123392105,0.1751906424760818,1.654251217842102,0.6627154350280762,191.95762634277344
CRR_0512,CRR,4354.073430973819,0.0689894631505012,0.0755794495344162,0.1076161339879036,0.1061610653996467,0.0721633583307266,0.0417174808681011,-0.4408013224601745,-0.7686557769775391,-1.114082098007202,-0.1879951953887939,2.189932346343994,194.8079376220703
CRR_0513,CRR,2073.7490885953243,0.0042109177447855,0.0109074935317039,0.0122212069109082,0.0256253983825445,0.0284921526908874,0.0251603033393621,-0.3617324531078338,-0.5255903601646423,-0.136348158121109,1.411896824836731,0.9515490531921388,191.9975128173828
CRR_0514,CRR,2952.7713710063263,0.0116602722555398,0.0265854485332965,0.0313842669129371,0.0177674386650323,0.0286833271384239,0.0292214043438434,-0.2283940315246582,-0.1567622125148773,0.2621570229530334,1.749841809272766,0.6704182624816895,192.0475311279297
CRR_0515,CRR,2279.841105675515,0.0125094465911388,0.0110038490965962,0.0057356627658009,0.0182419251650571,0.0263383220881223,0.0253958981484174,-0.3212265968322754,-0.4806855022907257,-0.1005396395921707,1.4416931867599487,0.8988542556762695,192.03749084472656
CRR_0516,CRR,3868.081146877725,0.0675507560372352,0.1062421277165412,0.1020473316311836,0.0857166573405265,0.0627679377794265,0.0377293415367603,-0.2779561579227447,-0.0246279817074537,0.2799034416675567,1.5664710998535156,0.8465538024902344,192.69761657714844
CRR_0517,CRR,3652.2497417108175,0.0676694437861442,0.0914958715438842,0.0792918801307678,0.049361553043127,0.0413895547389984,0.0327987223863601,-0.3206842839717865,0.0648725628852844,0.5755031704902649,2.005610704421997,0.7378616333007812,192.07748413085935
CRR_0518,CRR,3140.380107543358,0.0641870126128196,0.0686891227960586,0.0515539906919002,0.0176522955298423,0.0204114243388175,0.0266362000256776,-0.3406943082809448,-0.2819755375385284,0.1872894167900085,1.7065025568008425,0.8060696125030518,192.06744384765625
CRR_0519,CRR,5138.832904163054,0.0348944924771785,0.0410353690385818,0.0913627296686172,0.1206187382340431,0.0862896293401718,0.0445201136171817,-0.2161040604114532,-0.215988278388977,-0.1976880729198455,0.8247829079627991,1.4753057956695557,193.98757934570312
CRR_0520,CRR,2945.509000888184,0.0227953288704156,0.0163215957581996,0.0057054590433835,0.0065362430177628,0.0171083342283964,0.0247086975723505,-0.3054550886154175,-0.377873808145523,0.0554392784833908,1.5892629623413086,0.8251879215240479,192.06739807128903
CRR_0521,CRR,2554.4959063551178,0.0127930343151092,0.0325028412044048,0.0349868983030319,0.0250593703240156,0.020862091332674,0.0224783793091774,-0.2395707815885543,-0.3734253644943237,0.0107864653691649,1.5465432405471802,0.7891616821289062,191.8773956298828
CRR_0522,CRR,4647.076777586083,0.0260126776993274,0.1028302833437919,0.1349247097969055,0.1034359782934188,0.0725934952497482,0.0402066893875598,-0.3299558460712433,-0.0073176436126232,0.4156220853328705,1.6704338788986206,0.9469449520111084,192.8674774169922
CRR_0523,CRR,5386.601353577008,0.0036675177980214,0.050811368972063,0.0979267358779907,0.1179857775568962,0.0874548554420471,0.0451126061379909,-0.5588228702545166,-0.4146238565444946,-0.2543685734272003,0.8011559844017029,1.6005403995513916,194.0874481201172
CRR_0524,CRR,3164.270356044889,0.0160343218594789,0.0204229485243558,0.0186997577548027,0.0066182911396026,0.011743021197617,0.0233743712306022,-0.382762461900711,-0.4385913908481598,0.0290944278240203,1.556889891624451,0.8982126712799072,192.1173248291016
CRR_0525,CRR,3317.102642133407,0.0157637149095535,0.0186465438455343,0.0248685870319604,0.0094057694077491,0.0092559866607189,0.0230735428631305,-0.3798820376396179,-0.4060916900634765,0.0920086130499839,1.6131514310836792,0.8861894607543945,192.0973052978516
CRR_0526,CRR,3536.579682507445,0.0635258182883262,0.1008946299552917,0.0900595337152481,0.022105386480689,0.0106182051822543,0.0242143012583255,-0.4637603163719177,-0.3585069477558136,0.2087527215480804,1.732076644897461,0.9638724327087402,192.0973052978516
CRR_0527,CRR,3331.3759979863994,0.0105328205972909,0.0204442236572504,0.0259438138455152,0.0047902935184538,0.0092569701373577,0.0223309285938739,-0.4703843891620636,-0.508972704410553,-0.0341716334223747,1.465762972831726,0.96846604347229,192.1872711181641
CRR_0528,CRR,5189.219511983246,0.0582821182906627,0.0935060083866119,0.1108560711145401,0.0864832699298858,0.0684331282973289,0.0401320718228817,-0.191357672214508,0.2632650732994079,0.9121889472007751,2.216191291809082,0.6326758861541748,192.48727416992188
CRR_0529,CRR,4623.083441707749,0.0490373782813549,0.0639164745807647,0.0525325611233711,0.0155347250401973,0.0230806767940521,0.0282910168170928,-0.2155060321092605,0.1707559525966644,1.0319740772247314,2.5341176986694336,0.499617338180542,191.7571563720703
CRR_0530,CRR,3793.424600136167,0.0066446061246097,0.0110910600051283,0.0086893187835812,0.0071795163676142,0.0090786144137382,0.0224516745656728,-0.430980771780014,-0.371990293264389,0.203389436006546,1.680008053779602,0.8876602649688721,192.11720275878903
CRR_0531,CRR,5333.444747579471,0.0402157753705978,0.0484826490283012,0.0265319570899009,0.0144228665158152,0.0354514755308628,0.0318592488765716,-0.2170008718967437,0.2601311206817627,1.213713526725769,2.688617706298828,0.6050405502319336,191.91702270507807
CRR_0532,CRR,4757.099610649671,0.0165363680571317,0.0233966764062643,0.0207636412233114,0.0132435504347085,0.0118928235024213,0.0246594548225402,-0.6207995414733887,-0.3927764296531677,0.4892848134040832,1.9934271574020384,0.9313929080963136,192.25704956054688
CRR_0533,CRR,5090.523480883478,0.0700021237134933,0.0379460714757442,0.0198804661631584,0.0123721249401569,0.0159266795963048,0.0252737607806921,-0.4981607794761657,-0.2546032071113586,0.6835859417915344,2.183973789215088,0.7721383571624756,192.19696044921875
CRR_0534,CRR,3970.638822638201,0.0564890019595623,0.059218406677246,0.0512125194072723,0.0430306755006313,0.0381625369191169,0.0271542351692914,-0.1260461211204528,0.0935767143964767,0.3731625080108642,1.5999988317489624,0.6311013698577881,191.98709106445312
CRR_0535,CRR,4352.3110255214215,0.0334833599627018,0.0494663603603839,0.0334723144769668,0.0114068333059549,0.0286763478070497,0.0249465964734554,-0.2412822842597961,0.0572118908166885,0.6009519100189209,1.934046030044556,0.6262321472167969,191.91705322265625
CRR_0536,CRR,5540.363582576049,0.1085294261574745,0.0782350823283195,0.041319366544485,0.01772434823215,0.0222126934677362,0.0266050565987825,-0.216274693608284,0.0950637385249137,1.0801292657852173,2.5760531425476074,0.497974157333374,191.99685668945312
CRR_0537,CRR,4732.52084285904,0.0405059978365898,0.0493941269814968,0.0370201170444488,0.0308223608881235,0.0396968200802803,0.0273061469197273,-0.0508881397545337,0.359088271856308,0.8689684271812439,2.1036179065704346,0.3954074382781982,191.82696533203125
CRR_0538,CRR,5179.168518109998,0.0134865334257483,0.0466396883130073,0.0434353165328502,0.0213391706347465,0.028141027316451,0.0249534025788307,-0.2568299472332001,0.0476258881390094,0.8462850451469421,2.2275331020355225,0.5332579612731934,192.0268402099609
CRR_0539,CRR,4376.518628135822,0.0903059095144271,0.0981452539563179,0.0866338834166526,0.0683977380394935,0.049098614603281,0.0298549458384513,-0.0031847062055021,0.2432667165994644,0.4271763861179352,1.5179040431976318,0.6539607048034668,192.1470184326172
CRR_0540,CRR,6414.899393009117,0.0242564566433429,0.0489837825298309,0.0527088232338428,0.0471526160836219,0.0404989346861839,0.0334975011646747,-0.1707345247268676,0.2501976490020752,1.2174904346466064,2.677302122116089,0.4943208694458008,192.3466644287109
CRR_0541,CRR,5097.603206507277,0.0253750197589397,0.0478202737867832,0.0471807159483432,0.0445707105100154,0.0461022369563579,0.0288235321640968,-0.2379336655139923,0.190080314874649,0.705239474773407,1.8818527460098269,0.5644586086273193,192.16683959960935
CRR_0542,CRR,4725.537289466582,0.1264310777187347,0.1255903393030166,0.1128046438097953,0.0860812440514564,0.0572277344763278,0.032121617347002,-0.0828552991151809,0.146758958697319,0.2112752497196197,1.1659836769104004,0.9240832328796388,192.5669403076172
CRR_0543,CRR,5364.692925693227,0.0348834916949272,0.0463068075478076,0.0518767386674881,0.0557952858507633,0.051165372133255,0.0301307197660207,-0.1292973011732101,0.2713719010353088,0.7650202512741089,1.88785457611084,0.4876153469085693,192.2467803955078
CRR_0544,CRR,6313.216802229626,0.0483651794493198,0.044146254658699,0.030471708625555,0.0342299453914165,0.0302892085164785,0.0271401349455118,-0.2408155053853988,0.0200213529169559,0.9476929903030396,2.37624454498291,0.442012071609497,192.43653869628903
CRR_0545,CRR,6914.956066441556,0.0148636866360902,0.0370085090398788,0.0566543005406856,0.0435547940433025,0.0334400683641433,0.0311714820563793,-0.6245874166488647,-0.4410829842090606,0.504910409450531,1.9547560214996336,0.842247486114502,193.2163848876953
CRR_0546,CRR,6630.167341030901,0.0413936302065849,0.0135180847719311,0.0345364846289157,0.035222515463829,0.0318089425563812,0.0280673373490571,-0.2840182483196258,-0.045877069234848,0.8580598831176758,2.260688066482544,0.5829744338989258,192.67642211914065
CRR_0547,CRR,6395.570367068718,0.0345906689763069,0.0310813281685113,0.013531357049942,0.0395044423639774,0.0403074249625206,0.0289099439978599,-0.2437995225191116,0.0417997241020202,0.8226780891418457,2.1029088497161865,0.5245048999786377,192.6164703369141
CRR_0548,CRR,6039.183248889441,0.0313910618424415,0.0548373199999332,0.0838281214237213,0.0794416293501854,0.0626470223069191,0.0336722545325756,-0.3814593553543091,-0.1501270830631256,0.1966300755739212,1.1388345956802368,1.0404272079467771,193.20657348632807
CRR_0549,CRR,7059.921075661941,0.0242933332920074,0.0235056597739458,0.0366685129702091,0.032303012907505,0.0325498208403587,0.0294145345687866,-0.4146040678024292,-0.1920759379863739,0.6844471096992493,2.0465965270996094,0.7160556316375732,193.06625366210935
CRR_0550,CRR,5597.971148510654,0.1661919057369232,0.1370771378278732,0.1262505203485489,0.109108105301857,0.0673318728804588,0.0356981270015239,-0.1637332588434219,-0.1394782811403274,-0.3757662177085876,0.254510760307312,1.659543752670288,193.69677734375
CRR_0551,CRR,5797.642592553982,0.0335299149155616,0.092175006866455,0.1099191457033157,0.1042365431785583,0.0695600360631942,0.0356978103518486,0.0931974351406097,0.1945028603076934,0.0804136767983436,0.7517079710960388,1.2053203582763672,193.3267059326172
CRR_0552,CRR,7580.638555358397,0.0294091533869504,0.0290348995476961,0.0259503051638603,0.025089168921113,0.0308209881186485,0.0314129963517189,-0.1437232494354248,0.0553329475224018,0.962289810180664,2.335335254669189,0.3561630249023437,193.06602478027344
CRR_0553,CRR,7534.113129231802,0.0221894532442092,0.0243827272206544,0.0256262011826038,0.0275788996368646,0.0332031287252903,0.03086369484663,-0.2493737339973449,-0.006935826037079,0.8524730205535889,2.1647069454193115,0.499760627746582,193.14601135253903
CRR_0554,CRR,6244.88718740315,0.1374672800302505,0.095066137611866,0.0998230800032615,0.1026016473770141,0.0712582468986511,0.0365116074681282,-0.365193098783493,-0.3963380455970764,-0.5721977353096008,-0.0005313028814271,1.916409254074097,194.2465667724609
CRR_0555,CRR,7952.527036336549,0.0231847967952489,0.0302264690399169,0.0330088026821613,0.0286712013185024,0.0351075232028961,0.0320538505911827,-0.0171197187155485,0.2667866051197052,1.1151275634765625,2.376253843307495,0.2310132980346679,193.1157989501953
CRR_0556,CRR,7755.447391000152,0.0223680473864078,0.0352338105440139,0.0437756963074207,0.0452643632888793,0.0453767478466033,0.0333997495472431,-0.3747761249542236,-0.0928971543908119,0.6054897308349609,1.700241208076477,0.6833734512329102,193.57589721679688
CRR_0559,CRR,8377.580010180578,0.0207029618322849,0.025454819202423,0.03218774497509,0.0447546057403087,0.0471105277538299,0.0339768901467323,-0.2135838270187378,0.1144209951162338,0.8221776485443115,1.887988805770874,0.4848470687866211,193.69558715820312
CRR_0560,CRR,7048.362180564441,0.0313374027609825,0.051196951419115,0.0578401274979114,0.0511570237576961,0.0403322912752628,0.035014621913433,-0.379905492067337,-0.9487155675888062,-1.9688003063201904,-2.0761122703552246,3.630804300308228,196.18663024902344
CRR_0561,CRR,8413.159824866174,0.0233764741569757,0.0496458485722541,0.0711080357432365,0.0712049826979637,0.0671902596950531,0.0367701016366481,-0.5182174444198608,-0.2819544374942779,-0.0480408817529678,0.5590967535972595,1.4622735977172852,194.79563903808597
CRR_0562,CRR,8825.446109599945,0.0199090987443923,0.046170100569725,0.0800315886735916,0.0859969332814216,0.0714570581912994,0.0362202003598213,-0.4915021657943725,-0.3351523280143738,-0.2490946799516677,0.2524991929531097,1.719285488128662,195.26544189453125
CRR_0563,CRR,9805.92243454118,0.2405949681997299,0.1747849583625793,0.1290630549192428,0.0994264557957649,0.0721005573868751,0.0342977121472358,-0.4872753024101257,-0.5136261582374573,-0.5571949481964111,-0.0371358469128608,2.045856475830078,196.07485961914065
CRR_0564,CRR,9931.110318118312,0.0233808830380439,0.0607272200286388,0.0982448533177375,0.0962206721305847,0.0720462352037429,0.0338512286543846,-0.3956145942211151,-0.4748687744140625,-0.6091628670692444,-0.1372762322425842,2.1208362579345703,196.2147979736328
CRR_0565,CRR,9825.50361118371,0.012284530326724,0.0449734851717948,0.067640982568264,0.0867899060249328,0.0669571533799171,0.0316591747105121,-0.6096437573432922,-0.8941660523414612,-1.45938241481781,-1.2977238893508911,3.108064651489258,197.14498901367188
CRR_0566,CRR,9160.548766542506,0.0192259680479764,0.0518433563411235,0.0884232893586158,0.0961249694228172,0.0568520464003086,0.0326567217707634,-0.4374018013477325,-0.7646874785423279,-1.363040566444397,-1.6512689590454102,3.048549175262451,196.40625
CRR_0567,CRR,10355.0660274008,0.0694158598780632,0.0916088223457336,0.0818343684077262,0.0774739682674408,0.0508545525372028,0.0287901777774095,-0.3795655369758606,-0.8273246884346008,-1.6540673971176147,-1.6066553592681885,3.3629345893859863,197.64474487304688
CRR_0568,CRR,9773.039177193996,0.1602788865566253,0.1309650391340255,0.118501991033554,0.1042922660708427,0.0605088919401168,0.0315736196935176,-0.5093936920166016,-0.7411466240882874,-1.1297210454940796,-1.3937337398529053,2.7890610694885254,196.4359893798828
CRR_0569,CRR,9933.035630826633,0.0821121409535408,0.1338631361722946,0.138274997472763,0.1063635721802711,0.0573278963565826,0.0293629895895719,-0.6678357720375061,-1.0209850072860718,-1.5467802286148071,-1.8338837623596191,3.264889717102051,197.0657501220703
CRR_0570,CRR,9755.747694127636,0.0633584707975387,0.0874559730291366,0.1114743500947952,0.1043454408645629,0.060810811817646,0.0331326015293598,-0.4884396195411682,-0.5620819926261902,-0.8146888613700867,-1.0408235788345337,2.414126396179199,195.98614501953125
CRR_0571,CRR,10982.035082436,0.0353665202856063,0.0622708536684513,0.0861470401287078,0.0720111578702926,0.0338525585830211,0.0273180939257144,-0.2504356801509857,-0.8579679727554321,-1.7861896753311155,-1.7830333709716797,3.5179314613342285,198.0843963623047
CRR_0572,CRR,9847.745084577691,0.0934453830122947,0.1061609014868736,0.1151232495903968,0.1026305556297302,0.0605616383254528,0.033047430217266,-0.3556631803512573,-0.3981346487998962,-0.6125481128692627,-0.831825852394104,2.204922199249268,195.8161163330078
CRR_0573,CRR,10290.700757824972,0.2390813678503036,0.1775857657194137,0.1433717310428619,0.1107042208313942,0.0628812909126281,0.0307012125849723,-0.086702212691307,-0.0396888144314289,-0.2778160274028778,-0.5161004066467285,1.9306511878967283,195.8456878662109
CRR_0574,CRR,10806.89857276892,0.3477254211902618,0.3187384009361267,0.2611003220081329,0.1417341828346252,0.0593741349875927,0.0271476786583662,-0.2174100577831268,-0.5412131547927856,-1.1284888982772827,-1.3598089218139648,2.878972053527832,197.1950225830078
CRR_0575,CRR,10592.591570893808,0.0712819695472717,0.112564705312252,0.1321711987257003,0.1277863383293151,0.065385065972805,0.0294587425887584,0.1450427174568176,0.2873465418815613,0.0034099237527698,-0.2334250807762146,1.6861863136291504,195.7953948974609
CRR_0576,CRR,10697.85540576819,0.0871878117322921,0.0736743137240409,0.0684973746538162,0.0711993798613548,0.0553786121308803,0.0326519161462783,-0.0846401080489158,0.3379139900207519,0.4793413877487182,0.3311541974544525,1.066728591918945,195.06570434570312
CRR_0577,CRR,10579.556218335196,0.0276149101555347,0.0338197201490402,0.0385626889765262,0.038571048527956,0.0372619032859802,0.0343792662024498,-0.1632779091596603,0.1782600432634353,0.4348057210445404,0.3974804878234863,0.9470763206481934,194.7161407470703
CRR_0578,CRR,11138.458483743956,0.0276639871299266,0.0239136703312397,0.0266432166099548,0.0297070853412151,0.0411398522555828,0.0336805991828441,-0.0549162067472934,0.5342346429824829,0.917901873588562,0.8537700176239014,0.5823068618774414,194.6756134033203
CRR_0579,CRR,11128.104985378068,0.013329210691154,0.0075956201180815,0.0061856498941779,0.0037144343368709,0.0250063799321651,0.0341716781258583,-0.2690585851669311,0.1196723878383636,0.5056350827217102,0.5320355892181396,0.8786220550537109,194.81594848632807
CRR_0583,CRR,12890.0841035062,0.1344785392284393,0.1190985441207885,0.080448679625988,0.050039667636156,0.0320587567985057,0.0375757105648517,-0.3640100061893463,0.0081730689853429,0.4547198414802551,0.6098971962928772,1.1729168891906738,195.5750274658203
CRR_0584,CRR,12674.922014878608,0.0374717116355896,0.0460560210049152,0.0434234552085399,0.0315885804593563,0.0303335320204496,0.0320366844534873,-0.8272303342819214,-1.31077241897583,-1.4170777797698977,-1.04208505153656,2.4393553733825684,196.68614196777344
CRR_0586,CRR,12808.536156462336,0.0611001960933208,0.039995826780796,0.0393231175839901,0.0301746595650911,0.0301363430917263,0.0321359932422637,-0.8684672713279724,-1.357964277267456,-1.482081651687622,-1.0968573093414309,2.504769802093506,196.79608154296875
CRR_0588,CRR,13231.749975711818,0.0612668916583061,0.0761669129133224,0.0784750282764434,0.058577112853527,0.0305590946227312,0.0356008484959602,-0.2070631384849548,-0.4041930735111236,-0.3852268159389496,-0.0647903755307197,1.508981704711914,196.1454315185547
CRR_0590,CRR,13641.58982730596,0.0540166497230529,0.041994571685791,0.0542127005755901,0.0676000788807869,0.0370207875967025,0.0391395650804042,-0.0955060869455337,0.0311137493699789,0.2192135900259018,0.4491038918495178,1.0385165214538574,195.99478149414065
CRR_0591,CRR,14326.517559594102,0.08375795930624,0.0289108883589506,0.0338936671614646,0.0654423534870147,0.0661804601550102,0.0444833673536777,-0.1160846650600433,0.4700192511081695,0.6776906847953796,0.5780929327011108,0.9289383888244628,196.60333251953125
CRR_0592,CRR,13627.071977622738,0.0280955210328102,0.0406405813992023,0.0665816292166709,0.0643553212285041,0.0431239269673824,0.0294932946562767,-0.2826590240001678,-0.5236771106719971,-0.5465017557144165,0.0266256388276815,1.571587085723877,196.1159820556641
CRR_0593,CRR,15569.438802654944,0.1749908030033111,0.0959049686789512,0.0914327800273895,0.0822717472910881,0.0660990849137306,0.0464402958750724,-0.1868045330047607,-0.1572390347719192,-0.4692655801773071,-0.5773513317108154,2.16963529586792,198.282470703125
CRR_0594,CRR,15668.958310522168,0.0614778101444244,0.0719678997993469,0.1032433733344078,0.0811541229486465,0.0649958178400993,0.0464374721050262,-0.1313164830207824,-0.182071179151535,-0.5230364203453064,-0.61672043800354,2.22157621383667,198.3524169921875
CRR_0595,CRR,13668.24824821425,0.0277515612542629,0.0375250205397605,0.0469361506402492,0.0493250302970409,0.0381726063787937,0.0254175513982772,-0.3165163099765777,-0.2429385930299759,0.1067648977041244,0.7525399923324585,0.9442005157470704,195.4363250732422
CRR_0596,CRR,15667.016164325556,0.1188790500164032,0.1100252419710159,0.1044085025787353,0.0637581497430801,0.0563233084976673,0.0426152907311916,-0.8957220911979675,-1.3305184841156006,-1.465715408325195,-1.1477091312408447,2.880824565887451,198.46356201171875
CRR_0597,CRR,14432.423675890055,0.0678684562444686,0.0610099546611309,0.0614387020468711,0.0678957253694534,0.0468209162354469,0.0304718241095542,-0.3512394726276397,-0.2078777253627777,0.0708783939480781,0.7133908867835999,1.0980195999145508,195.85546875
CRR_0598,CRR,14588.918831020166,0.0285861231386661,0.0506643205881118,0.0656268075108528,0.0672589316964149,0.047350138425827,0.0306238010525703,-0.138998880982399,0.0735189393162727,0.4270129203796386,1.0812559127807615,0.790961742401123,195.5653839111328
CRR_0599,CRR,14646.34394766218,0.0743854865431785,0.0653659626841545,0.0652214735746383,0.0654768347740173,0.0471603237092494,0.0305477138608694,-0.1037403866648674,0.1443661153316497,0.5402007699012756,1.2014769315719604,0.70294189453125,195.475341796875
CRR_0600,CRR,15101.536727911243,0.0441557615995407,0.027696318924427,0.0580263845622539,0.0678949356079101,0.0497576929628849,0.0316857583820819,-0.30533567070961,0.1063389331102371,0.6591587662696838,1.3330625295639038,0.7788586616516113,195.5749664306641
CRR_0601,CRR,16530.193006349247,0.0307626686990261,0.0804469734430313,0.1266808211803436,0.107937604188919,0.0675240904092788,0.0419462360441684,-0.0539952106773853,-0.3345606029033661,-0.4128687381744385,-0.0663488805294036,1.900695323944092,197.80276489257807
CRR_0602,CRR,14398.041802458643,0.0430560670793056,0.0289107970893383,0.0192695558071136,0.0051905419677495,0.0116925109177827,0.0253958273679018,-0.476385086774826,-0.2043812125921249,0.590812623500824,1.2697285413742063,0.7284317016601562,195.27622985839844
CRR_0603,CRR,15092.733559277653,0.0114670265465974,0.0101682217791676,0.0146330771967768,0.0052435980178415,0.0189163498580455,0.0288081970065832,-0.3602661192417145,0.1033246144652366,1.0816253423690796,1.7585383653640747,0.5756573677062988,195.12567138671875
CRR_0604,CRR,16000.686306199404,0.0348630957305431,0.0509911812841892,0.0574057325720787,0.0552125871181488,0.0438284687697887,0.0321861878037452,-0.1149739772081375,0.487458735704422,1.3751647472381592,2.0566599369049072,0.4410476684570312,195.2943115234375
CRR_0605,CRR,15251.600825105912,0.0680978745222091,0.031917355954647,0.0093334289267659,0.0221679024398326,0.0300513543188571,0.0307417064905166,-0.4492682814598083,0.0449601598083972,1.0292906761169434,1.6448135375976562,0.6695470809936523,195.3057556152344
CRR_0606,CRR,15986.741592321288,0.0101676201447844,0.0527152530848979,0.0587981268763542,0.0564298816025257,0.049767043441534,0.0340004675090312,-0.4226326048374176,0.1538871824741363,1.1017413139343262,1.6798241138458252,0.7773361206054688,195.62496948242188
CRR_0607,CRR,17518.551895488417,0.0517391003668308,0.0525965094566345,0.0437908917665481,0.0466579608619213,0.0447172299027442,0.0335176736116409,-0.3077089488506317,0.0811001360416412,0.7876415252685547,1.3161786794662476,0.7000746726989746,196.76272583007807
CRR_0608,CRR,16155.5279104117,0.0641334652900695,0.1057340502738952,0.1147003918886184,0.0955640003085136,0.0749170407652854,0.0376732870936393,-0.3338197469711303,0.0988637059926986,0.7248833775520325,1.1006979942321775,0.7528629302978516,196.24530029296875
CRR_0609,CRR,15656.195588751729,0.0194174628704786,0.0629613921046257,0.0782355144619941,0.0822717174887657,0.0731169730424881,0.0373591184616088,-0.3033524453639984,0.1671562641859054,0.6175206303596497,0.8588451743125916,0.6171674728393555,196.21630859375
CRR_0610,CRR,16259.0297586723,0.1737087965011596,0.1440916061401367,0.12649567425251,0.1103709414601326,0.085074782371521,0.0391076244413852,-0.3805064857006073,-0.0587843172252178,0.2761783599853515,0.5009222626686096,0.882603645324707,196.8655242919922
CRR_0611,CRR,16340.35111831387,0.0528311878442764,0.1119890138506889,0.1276702582836151,0.1132702231407165,0.0863434448838234,0.0392578765749931,-0.4146988689899444,-0.124411903321743,0.1805277615785598,0.3988058269023895,0.9677867889404296,197.0054168701172
CRR_0612,CRR,16734.05922399632,0.1087101027369499,0.1024682894349098,0.1125742495059967,0.1233562678098678,0.0904208421707153,0.0396614000201225,-0.4136214852333069,-0.3153785765171051,-0.1883846670389175,-0.0096528036519885,1.277881145477295,197.60491943359372
CRR_0613,CRR,16782.472642768003,0.0688861012458801,0.0541528537869453,0.1034805849194526,0.1239213868975639,0.0910070687532424,0.0397322326898574,-0.5235899090766907,-0.4587432742118835,-0.3970800638198852,-0.2470426112413406,1.459336280822754,197.8549346923828
CRR_0614,CRR,16564.3124215884,0.0557770393788814,0.1135144084692001,0.1336341351270675,0.1243201196193695,0.0851146206259727,0.0390764661133289,-0.1968663483858108,-0.2128726691007614,-0.5235640406608582,-0.6086467504501343,1.3874902725219729,198.0558624267578
CRR_0615,CRR,16383.15388342549,0.0531601309776306,0.1126254498958587,0.1388699114322662,0.1248377189040184,0.0806853398680687,0.0385984256863594,-0.2596234679222107,-0.2980580627918243,-0.6478458642959595,-0.7812105417251587,1.4536857604980469,198.12631225585935
CRR_0616,CRR,17917.14568695916,0.1061236187815666,0.1059161573648452,0.0952052250504493,0.1031403690576553,0.0788558423519134,0.0373561717569828,-0.4028509259223938,-0.7750548124313354,-1.2661442756652832,-1.2872920036315918,2.246273994445801,199.4134826660156
CRR_0617,CRR,19468.216869551987,0.0936029106378555,0.152354434132576,0.1636843383312225,0.1187930554151535,0.0630957037210464,0.0315199270844459,-0.5294907093048096,-0.826383113861084,-1.4314807653427124,-1.528236746788025,2.435718536376953,200.3610382080078
CRR_0618,CRR,19025.241802055163,0.1077113449573516,0.1009407639503479,0.0870480388402938,0.084569327533245,0.0347708165645599,0.0217165444046258,-0.3768384158611297,-0.4777280390262604,-1.033355474472046,-1.53126060962677,2.0414905548095703,199.95355224609372
CRR_0619,CRR,18550.50629614207,0.1148049309849739,0.088654339313507,0.0687430202960968,0.0768363177776336,0.0368121787905693,0.0200472883880138,-0.6072624325752258,-0.6251652240753174,-0.9235963821411132,-1.518604397773743,1.8069429397583008,199.6451873779297
CRR_0620,CRR,18510.85344518884,0.2864460051059723,0.201182410120964,0.1149384826421737,0.0767719522118568,0.0365144424140453,0.0195314455777406,-0.4871349036693573,-0.4269890785217285,-0.6574229001998901,-1.266101360321045,1.5228376388549805,199.3554534912109
CRR_0621,CRR,18248.78031706039,0.0495285764336586,0.0471615083515644,0.0432518981397151,0.0516917221248149,0.0307739973068237,0.0185329392552375,-0.2615921199321747,0.1666250377893448,0.1372300833463668,,0.7629880905151367,198.4167022705078
CRR_0622,CRR,19065.339011321183,0.0343661904335022,0.0525315552949905,0.0641723945736885,0.0625874698162078,0.0394161604344844,0.016754763200879,-0.353771835565567,-0.0929916277527809,-0.0275763887912035,-0.5909720659255981,1.048044204711914,198.8947296142578
CRR_0623,CRR,19975.872665269297,0.0301510654389858,0.0385314002633094,0.0460599921643734,0.0803139433264732,0.0497240610420703,0.0167248155921697,-0.319801390171051,0.1443101167678833,0.0521959848701953,-0.4013013243675232,1.128643035888672,199.1623992919922
CRR_0624,CRR,19135.223815806094,0.0829256102442741,0.0781151503324508,0.0686429589986801,0.0596381314098835,0.0387127213180065,0.0163175072520971,-0.4590522646903991,-0.1587243825197219,-0.0273542031645774,-0.5843002200126648,1.0691232681274414,198.9047393798828
CRR_0625,CRR,21092.97355008438,0.0530826859176158,0.052023958414793,0.0750706046819686,0.0827466547489166,0.0505710020661354,0.0150154568254947,-0.7672960162162781,-0.580212414264679,-0.7048686742782593,-1.0216717720031738,1.8749380111694336,200.230224609375
CRR_0626,CRR,21216.77671126568,0.0474838800728321,0.0188022777438163,0.0396224297583103,0.0559146888554096,0.0475907027721405,0.0149787794798612,-0.9122053384780884,-0.612396240234375,-0.5102456212043762,-0.7911147475242615,1.6737308502197266,199.9904022216797
CRR_0627,CRR,19987.978022323103,0.0515760369598865,0.0436501652002334,0.0319996662437915,0.0318994931876659,0.0327292308211326,0.0148233445361256,0.0520185455679893,0.6748288869857788,1.2362804412841797,,0.4040327072143554,197.7838897705078
CRR_0628,CRR,21295.51354136368,0.1205295547842979,0.0831522345542907,0.0405861325562,0.0438928194344043,0.0444284155964851,0.0151130547747015,-0.9612309336662292,-0.6518149971961975,-0.4253588020801544,-0.6763591766357422,1.543193817138672,199.8705139160156
CRR_0629,CRR,20744.226381054985,0.0631488114595413,0.0382931157946586,0.0367643572390079,0.0535477735102176,0.0417237989604473,0.0152585227042436,0.1329176723957061,0.7305106520652771,1.208634853363037,0.893792450428009,0.2973060607910156,198.0321350097656
CRR_0630,CRR,52.74597670177158,0.053462341427803,0.033849012106657,,,,,,,,,0.2668523788452148,194.2241973876953
CRR_0631,CRR,41.84738307327056,0.0954230055212974,0.0514832437038421,0.0231679342687129,0.0043721832334995,,,-0.3930139541625976,,,,0.3299593925476074,194.26373291015625
CRR_0632,CRR,574.4824399489653,0.0296816173940897,0.0217680912464857,0.0107587063685059,0.0027250139974057,0.0025198252405971,,-0.1597578525543213,-0.0800516977906227,,,0.297616958618164,194.0040740966797
CRR_0633,CRR,779.5111672407241,0.0246691107749938,0.0345989875495433,0.0191494561731815,0.0038706164341419,0.002742157317698,,-0.2097708582878112,-0.1252955347299575,,,0.3590202331542969,194.05419921875
CRR_0634,CRR,142.91535091667416,0.0286578871309757,0.0294152572751045,0.0166741367429494,0.0091704530641436,0.0040753665380179,,-0.1744739711284637,-0.1284883171319961,,,0.1990065574645996,194.07357788085935
CRR_0636,CRR,890.956732985314,0.0810948610305786,0.0271242205053567,0.020863676443696,0.0086619779467582,0.005936631001532,0.0091372765600681,-0.4854985773563385,-0.3823696970939636,-0.1226587668061256,,0.6820616722106934,194.36378479003903
CRR_0637,CRR,413.9033148235076,0.0106792030856013,0.0147683518007397,0.012880403548479,0.0095048323273658,0.0062350304797291,0.00882547814399,-0.4571670591831207,-0.4486303329467773,-0.2072695195674896,,0.5614199638366699,194.4632568359375
CRR_0638,CRR,122.73804707463884,0.0091005014255642,0.0093214428052306,0.0047920350916683,0.0042293379083275,0.0055897161364555,0.0083068087697029,-0.3840109407901764,-0.4093522131443023,-0.1898207813501358,,0.430936336517334,194.4429473876953
CRR_0639,CRR,802.9809112927097,0.064866192638874,0.0496444888412952,0.0266859382390975,0.0091614695265889,0.0076109985820949,0.0101323937997221,-0.1301806569099426,-0.0744110122323036,0.1920645982027053,,0.264406681060791,194.1133728027344
CRR_0640,CRR,119.00974925761338,0.0330408625304698,0.01128850877285,0.0101019814610481,0.0020522873383015,0.0059102121740579,0.0087174968793988,-0.1629206836223602,-0.1358416676521301,0.082520991563797,,0.2599654197692871,194.22251892089844
CRR_0641,CRR,540.1738919889326,0.0563678555190563,0.0527456551790237,0.0241642016917467,0.0035058511421084,0.0074113612063229,0.0098276296630501,-0.3633754253387451,-0.3386317789554596,-0.0896801128983497,,0.5286717414855957,194.41297912597656
CRR_0642,CRR,1495.7176559428003,0.0143599715083837,0.021865252405405,0.0190323982387781,0.0151580609381198,0.0091974399983882,0.0117823360487818,-0.1100834533572197,-0.0259271617978811,0.2697118520736694,,0.3415875434875488,194.0738983154297
CRR_0643,CRR,897.5462000066061,0.0055910861119627,0.0113863153383135,0.0100776925683021,0.0069606732577085,0.0087704397737979,0.010899051092565,-0.2262365221977234,-0.1652186661958694,0.107336401939392,,0.3643956184387207,194.2432403564453
CRR_0644,CRR,1145.5428138739403,0.022916492074728,0.0176875554025173,0.0154737858101725,0.0094514479860663,0.0093513187021017,0.0114816427230834,-0.2641575634479522,-0.179438516497612,0.1056403741240501,,0.4260120391845703,194.2534637451172
CRR_0645,CRR,1288.387595403226,0.0408027917146682,0.0278242453932762,0.0162864308804273,0.0111786583438515,0.0101090390235185,0.0120580336079001,-0.0428914166986942,0.0452311486005783,0.3371036350727081,,0.2290897369384765,194.04351806640625
CRR_0646,CRR,157.06475862169123,0.0272003337740898,0.0137533424422144,0.0101845301687717,0.0058390125632286,0.0073230266571044,0.0084162643179297,-0.2008542120456695,-0.1222502216696739,0.0808741971850395,,0.2500543594360351,194.22201538085935
CRR_0647,CRR,72.09637052754944,0.0524147190153598,0.0413799807429313,0.0313629508018493,0.0083669172599911,,0.0083762230351567,-0.2091625779867172,,0.087058812379837,,0.2418794631958007,194.19178771972656
CRR_0648,CRR,547.5295539665867,0.0175271369516849,0.005634983535856,0.0048397816717624,0.0012292155297473,0.008844775147736,0.010176969692111,-0.332804411649704,-0.2655817866325378,-0.0229221750050783,,0.4496102333068847,194.39263916015625
CRR_0649,CRR,1619.2869342276745,0.0070366049185395,0.0389509685337543,0.0296711940318346,0.0163403879851102,0.0119082145392894,0.0134378066286444,-0.3640679717063904,-0.2959704995155334,0.0092028276994824,,0.5778741836547852,194.42364501953125
CRR_0650,CRR,537.734004519547,0.0293234847486019,0.0217208452522754,0.0135471001267433,0.0035668376367539,0.0098685314878821,0.0096218958497047,-0.2630321085453033,-0.1496062278747558,0.0676949992775917,,0.389401912689209,194.30224609375
CRR_0651,CRR,851.1558868718527,0.016164531931281,0.0089430063962936,0.0114379245787858,0.0057946033775806,0.0111689725890755,0.0113922273740172,-0.2077728807926178,-0.1206761375069618,0.1372114866971969,,0.3565330505371094,194.2827606201172
CRR_0652,CRR,1261.0996513544608,0.0071877329610288,0.0188418962061405,0.0221497844904661,0.0108840726315975,0.012393295764923,0.0127828894183039,-0.2495775520801544,-0.1638636887073516,0.1197468265891075,,0.3889179229736328,194.3330993652344
CRR_0653,CRR,585.004155252052,0.0343194343149662,0.0401763468980789,0.0297030415385961,0.0055659534409642,0.0114563331007957,0.0095671257004141,-0.1869616359472274,-0.0327585861086845,0.1656604409217834,,0.3542642593383789,194.20199584960935
CRR_0654,CRR,1999.663890143044,0.0105456495657563,0.0296591818332672,0.0337131656706333,0.018481807783246,0.0141878956928849,0.015216875821352,-0.4544924795627594,-0.4387089312076568,-0.1200938075780868,,0.6703314781188965,194.62376403808597
CRR_0655,CRR,1231.2573481766965,0.0156162520870566,0.0109651442617177,0.0137331718578934,0.0122899422422051,0.0144665706902742,0.0129442680627107,-0.2458780705928802,-0.1462477594614029,0.119389034807682,,0.3889641761779785,194.37283325195312
CRR_0656,CRR,1098.129272618577,0.0150167187675833,0.0186983160674572,0.0164672117680311,0.0121520599350333,0.0148244621232151,0.0120639959350228,-0.1026038005948066,0.0192949101328849,0.2573094069957733,,0.2682647705078125,194.22254943847656
CRR_0657,CRR,692.8943931668438,0.0372448973357677,0.0205353256314992,0.0129241542890667,0.0138438921421766,0.0150874517858028,0.0101529620587825,-0.0207102615386247,0.1760501265525818,0.33661550283432,,0.3197531700134277,194.04173278808597
CRR_0658,CRR,1689.3542204762753,0.0110904425382614,0.0209481138736009,0.0169111192226409,0.0154092460870742,0.0165997222065925,0.0149355437606573,-0.4276153743267059,-0.338459312915802,-0.0520657785236835,,0.5747847557067871,194.61309814453125
CRR_0659,CRR,1130.273079316706,0.0238831155002117,0.0426042601466178,0.0333908759057521,0.0223354548215866,0.0179694220423698,0.0111723560839891,-0.0711825788021087,0.108441986143589,0.2606927156448364,,0.3675770759582519,194.20196533203125
CRR_0660,CRR,1975.9080689739023,0.0178928989917039,0.0186438299715518,0.0120772281661629,0.0166669860482215,0.0192652009427547,0.0164297856390476,-0.3528520762920379,-0.2591956555843353,0.0242526456713676,,0.5233664512634277,194.61312866210935
CRR_0661,CRR,1407.6615455183512,0.0120859611779451,0.0396551936864852,0.0397398211061954,0.0320844054222106,0.0211189966648817,0.0120385056361556,-0.0487387217581272,0.0927183106541633,0.204170286655426,,0.4084768295288086,194.3119354248047
CRR_0662,CRR,1624.2757731635054,0.0107459453865885,0.0243076551705598,0.0253570340573787,0.0267406664788723,0.0221188999712467,0.0136245544999837,-0.2359856367111206,-0.1157923266291618,0.0523332245647907,,0.5198631286621094,194.5423583984375
CRR_0663,CRR,2620.9810293914484,0.0171861220151186,0.0270108580589294,0.0167287904769182,0.0138405058532953,0.0213633440434932,0.0194884110242128,-0.2986976504325866,-0.2164414227008819,0.0950810983777046,0.5563471913337708,0.5133190155029297,194.6535186767578
CRR_0664,CRR,1945.762528743912,0.0397283211350441,0.0204927138984203,0.02795803360641,0.0334009639918804,0.0256495364010334,0.0148783018812537,-0.1461979299783706,-0.057993646711111,0.0630581304430961,0.3641186952590942,0.5393710136413574,194.61233520507807
CRR_0665,CRR,2465.449609332216,0.0086584398522973,0.0185707453638315,0.0245458092540502,0.021798875182867,0.024634014815092,0.019055999815464,-0.1508197337388992,-0.0304407570511102,0.2245813906192779,0.5857172012329102,0.3926253318786621,194.5730743408203
CRR_0666,CRR,1895.849604758686,0.0313866138458251,0.0444072857499122,0.0439929366111755,0.0415628515183925,0.0252733044326305,0.0137285944074392,-0.3026111125946045,-0.2669890224933624,-0.2359632551670074,0.0298940073698759,0.86444091796875,194.8619384765625
CRR_0667,CRR,2599.6583286802547,0.0202170573174953,0.0318244695663452,0.0271259415894746,0.0256773214787244,0.0270374827086925,0.0196874439716339,-0.1851641535758972,-0.0587569624185562,0.1652003228664398,0.4751555025577545,0.4749817848205566,194.69297790527344
CRR_0668,CRR,2352.0218494436217,0.0186052322387695,0.0329242274165153,0.0431267246603965,0.0402144975960254,0.0289753675460815,0.0165454410016536,-0.3519396781921386,-0.3094525635242462,-0.2551662921905517,-0.0163239073008298,0.9001846313476562,195.0423126220703
CRR_0669,CRR,2836.074504448984,0.0152077209204435,0.0237532407045364,0.0319082215428352,0.0286562982946634,0.0290776081383228,0.0209330189973115,-0.3859713971614837,-0.2498557269573211,-0.0425581261515617,0.2206433117389679,0.7194914817810059,194.98297119140625
CRR_0670,CRR,1692.745007038452,0.0270788837224245,0.0239168535917997,0.0448172241449356,0.0412713102996349,0.022652281448245,0.0139102898538112,-0.4024062156677246,-0.5587164759635925,-0.6567941904067993,-0.418912798166275,1.300271987915039,195.19140625
CRR_0671,CRR,2836.309488428912,0.0100279683247208,0.0144183235242962,0.0211182534694671,0.0355404205620288,0.0317875035107135,0.0198731534183025,-0.082067847251892,0.0195359718054533,0.1064267084002494,0.2976708114147186,0.5901412963867188,194.8526306152344
CRR_0672,CRR,2780.5020197151925,0.009063989855349,0.0116537502035498,0.024079980328679,0.0387621596455574,0.0316306576132774,0.0191211849451065,-0.0651494041085243,0.0090532694011926,0.0606061071157455,0.2473125457763672,0.6332368850708008,194.87249755859372
CRR_0673,CRR,3098.8140861119527,0.0134473256766796,0.0175634566694498,0.0259745270013809,0.0329536013305187,0.0317086353898048,0.0221005864441394,-0.2758993506431579,-0.1383103877305984,0.0286900382488966,0.2219617068767547,0.6918978691101074,195.01290893554688
CRR_0674,CRR,3289.0935231612366,0.0419967621564865,0.0509891994297504,0.0416637882590293,0.0336857661604881,0.0320243425667285,0.0233774837106466,-0.1433727443218231,0.003370271064341,0.1971269100904464,0.3786410987377167,0.5449261665344238,194.90306091308597
CRR_0675,CRR,2432.557810884632,0.0285448767244815,0.0547934807837009,0.0660263523459434,0.0417883619666099,0.0250733438879251,0.0158656295388937,-0.3011702597141266,-0.4852230548858642,-0.6240806579589844,-0.4526779651641845,1.315842628479004,195.38177490234372
CRR_0676,CRR,2838.3592960060605,0.0428884848952293,0.0382189378142356,0.0448711663484573,0.0471402779221534,0.0312638953328132,0.0185557696968317,-0.2383053600788116,-0.2498034238815307,-0.2864910364151001,-0.1353067606687545,1.0033512115478516,195.2222900390625
CRR_0677,CRR,3056.662666763681,0.0131414206698536,0.0090049980208277,0.0161858778446912,0.0378154888749122,0.0330809913575649,0.0209269374608993,-0.0342610962688922,0.0707469508051872,0.1340184062719345,0.2814750671386719,0.6012659072875977,194.90261840820312
CRR_0678,CRR,3132.323244153834,0.0122008891776204,0.0139249488711357,0.0188009981065988,0.0369107015430927,0.0333265401422977,0.0216023121029138,-0.0369382202625274,0.0804932489991188,0.1646532267332077,0.306657612323761,0.5804872512817383,194.90269470214844
CRR_0679,CRR,3340.960024118355,0.0198798794299364,0.0176165513694286,0.0327435657382011,0.0363790206611156,0.0336810275912284,0.0232364404946565,-0.1582251042127609,-0.0245663523674011,0.1087869778275489,0.2373353391885757,0.6617283821105957,195.03289794921875
CRR_0680,CRR,2185.711758195212,0.020553819835186,0.0056129391305148,0.009885786101222,0.0070727481506764,0.0203576292842626,0.0162801537662744,-0.457447350025177,-0.7479107975959778,-0.946315050125122,-0.7384616136550903,1.604050636291504,195.4810791015625
CRR_0681,CRR,2796.371308539314,0.1018454656004905,0.0897369012236595,0.0551895909011364,0.0310949683189392,0.0228453930467367,0.017359972000122,-0.7937687039375305,-1.070694923400879,-1.294328212738037,-1.179280400276184,2.0345401763916016,196.13165283203125
CRR_0682,CRR,3328.743122266486,0.0390970297157764,0.0640989914536476,0.0670512169599533,0.0526430755853652,0.032811764627695,0.0208693649619817,-0.0986895561218261,-0.121985800564289,-0.2200052142143249,-0.1643363684415817,1.0272679328918457,195.3323211669922
CRR_0683,CRR,3922.007775786968,0.0060192723758518,0.0215662755072116,0.031094180420041,0.0438582189381122,0.0368920415639877,0.0251440163701772,-0.5934158563613892,-0.4951362311840057,-0.4847595691680908,-0.5306807160377502,1.4104185104370115,195.87271118164065
CRR_0684,CRR,3352.16341780799,0.0615964345633983,0.0471609905362129,0.0388829819858074,0.0455518551170825,0.0274856798350811,0.0207566823810338,-0.2330014705657959,-0.1452596932649612,-0.3687514662742615,-0.2747042179107666,1.1496224403381348,195.1710968017578
CRR_0685,CRR,3492.635426937992,0.014299850910902,0.0072421389631927,0.0179947670549154,0.0178163032978773,0.0284959282726049,0.0223264507949352,-0.3042717576026916,-0.1880687028169632,-0.2971806228160858,-0.0995713248848915,1.0076408386230469,194.8606414794922
CRR_0686,CRR,5022.026171138231,0.0440613888204097,0.0758084505796432,0.0913218036293983,0.0447156690061092,0.032523401081562,0.0265770275145769,-0.5447272658348083,-0.7446655631065369,-1.0682265758514404,-1.4268467426300049,2.325847148895264,196.87213134765625
CRR_0687,CRR,3847.265866628111,0.0305320434272289,0.0352989062666893,0.0173094272613525,0.0164441149681806,0.0304541867226362,0.0244522020220756,-0.1866184473037719,-0.0878807306289672,-0.1431366950273513,0.0732130408287048,0.8730182647705078,194.70050048828125
CRR_0688,CRR,4400.514180659467,0.0164440553635358,0.0608018711209297,0.0800076425075531,0.0627037435770034,0.0383172482252121,0.0255148783326149,-0.2599791884422302,-0.3054853677749634,-0.5741767883300781,-0.6156956553459167,1.5362625122070312,195.69113159179688
CRR_0689,CRR,5229.316781658172,0.1371464878320694,0.0897765830159187,0.0277508124709129,0.0250711236149072,0.0300965253263711,0.0269194804131984,-0.7480738759040833,-1.0253350734710691,-1.4193836450576782,-1.8069008588790887,2.718759059906006,197.2519378662109
CRR_0690,CRR,4094.1036432486862,0.0363101214170455,0.0293716937303543,0.0195728223770856,0.0219563543796539,0.0328181274235248,0.0253879874944686,-0.3147571384906769,-0.1746272444725036,-0.2330252081155777,-0.0500029139220714,1.004927635192871,194.8805694580078
CRR_0691,CRR,5618.733006339969,0.1534910947084427,0.1168743595480918,0.0726777389645576,0.0338089317083358,0.0328379087150096,0.0276712235063314,-0.7771632671356201,-0.940410017967224,-1.3708537817001345,-1.859583020210266,2.79146671295166,197.39193725585935
CRR_0692,CRR,3879.93830300153,0.0287507250905036,0.0265555493533611,0.0205933395773172,0.0145806763321161,0.0312930084764957,0.0263047721236944,-0.4261219501495361,-0.3738965392112732,-0.3724677264690399,-0.1065867245197296,1.1044793128967283,194.8703155517578
CRR_0693,CRR,5285.290845353069,0.159084141254425,0.1093846559524536,0.0402048490941524,0.0502338297665119,0.0450460501015186,0.0297640468925237,-0.7555391788482666,-1.0074183940887451,-1.2879289388656616,-1.4410557746887207,2.421255588531494,196.6710357666016
CRR_0694,CRR,5733.716054118503,0.0421848036348819,0.0758000984787941,0.0697694718837738,0.0399250239133834,0.0357842780649662,0.0295231658965349,-0.0046428726054728,-0.3030779361724853,-0.7518143653869629,-1.14284348487854,2.107846260070801,196.5814514160156
CRR_0695,CRR,4697.24764605828,0.0387964583933353,0.0641823709011077,0.0741822868585586,0.0558141693472862,0.0412948876619339,0.029569724574685,-0.2839668989181518,-0.2148061394691467,-0.226957768201828,-0.0990073531866073,1.1279339790344238,195.08050537109372
CRR_0696,CRR,4248.753333602566,0.0246549602597951,0.0401299372315406,0.0251078084111213,0.028035445138812,0.0358605533838272,0.028915861621499,-0.2442063242197036,-0.1460343450307846,-0.0970865935087204,0.1447004973888397,0.9075827598571776,194.7202606201172
CRR_0697,CRR,5624.05231131306,0.1198916211724281,0.1341362446546554,0.1315144598484039,0.0805236548185348,0.0521974749863147,0.0328422635793685,-0.3685605227947235,-0.4483823180198669,-0.513866662979126,-0.5930147171020508,1.6515531539916992,195.83067321777344
CRR_0698,CRR,4124.807722777568,0.0337530188262462,0.0323801450431346,0.0117436693981289,0.0285073816776275,0.0329585932195186,0.0303401853889226,-0.205509141087532,-0.1647436618804931,0.0348259322345256,0.4252439737319946,0.7707862854003906,194.38986206054688
CRR_0699,CRR,6816.496637842114,0.0660707876086235,0.0373924188315868,0.0426188074052333,0.0684003755450248,0.0542981624603271,0.0331098996102809,-0.5816568732261658,-0.955598771572113,-1.3594555854797363,-1.882245779037476,2.934605121612549,197.52114868164065
CRR_0700,CRR,4593.080542261671,0.0032927442807704,0.0295341536402702,0.0279182940721511,0.0313148573040962,0.0366863906383514,0.0317485742270946,-0.2217450141906738,-0.123171754181385,0.0833512470126152,0.3623039424419403,0.8062620162963867,194.5900421142578
CRR_0701,CRR,6360.828745145871,0.1519060432910919,0.148070752620697,0.1421639919281005,0.1012406200170517,0.0607211850583553,0.0350198484957218,-0.3271798193454742,-0.37637460231781,-0.4577338397502899,-0.7187785506248474,1.8118085861206052,196.1707305908203
CRR_0702,CRR,4012.044837021009,0.0463279597461223,0.0628352388739585,0.0536491982638835,0.0364025048911571,0.0309147145599126,0.0302360672503709,-0.4833395183086395,-0.4184586107730865,-0.1813900917768478,0.2785793840885162,0.994265079498291,194.4897003173828
CRR_0703,CRR,4652.084117234398,0.0135058658197522,0.0142306890338659,0.0327604599297046,0.0299664605408906,0.0341430641710758,0.0322196893393993,-0.2737985551357269,-0.1796792894601822,0.0857289656996727,0.3935776650905609,0.8202319145202637,194.56993103027344
CRR_0704,CRR,7546.882698741531,0.0189085584133863,0.0500790104269981,0.0849746316671371,0.0911887139081955,0.0623762086033821,0.0336224064230918,-0.3900076746940613,-0.7346023917198181,-1.1231862306594849,-1.741721749305725,2.8426613807678223,197.55096435546875
CRR_0705,CRR,4833.723739089051,0.0268917419016361,0.0452232770621776,0.0396517999470233,0.0256535671651363,0.0307590384036302,0.0328922793269157,-0.3624789714813232,-0.2604652643203735,0.0695196837186813,0.3848204612731933,0.8759970664978027,194.6198272705078
CRR_0706,CRR,5518.225009600504,0.0207409914582967,0.0488810017704963,0.0492812693119049,0.0300661772489547,0.041347324848175,0.0350186303257942,-0.2733715176582336,0.0261416602879762,0.4044546782970428,0.5276924967765808,0.7387995719909668,194.69004821777344
CRR_0707,CRR,6150.183916892169,0.069466583430767,0.0874302014708519,0.0875539034605026,0.0713103786110878,0.0562081597745418,0.0365448854863643,0.1009209305047988,0.5161280035972595,0.8370435237884521,0.7589021921157837,0.519564151763916,194.65025329589844
CRR_0708,CRR,4468.388279770874,0.055498294532299,0.0597820617258548,0.0537874512374401,0.0320620685815811,0.0259656682610511,0.0317463912069797,-0.0586242377758026,0.0481095537543296,0.352170467376709,0.8008713722229004,0.5370254516601562,194.06956481933597
CRR_0709,CRR,6727.213058782232,0.0272160843014717,0.1193467900156974,0.1254918724298477,0.0979791209101677,0.0659738853573799,0.0373879224061965,-0.2864778041839599,0.0672853365540504,0.3100934326648712,0.0659195557236671,1.1499605178833008,195.52035522460935
CRR_0710,CRR,5514.64305452826,0.0295482873916625,0.0338311791419982,0.0209718141704797,0.0125768035650253,0.0294422954320907,0.0349137410521507,-0.2129112780094146,0.052808292210102,0.5294066667556763,0.7388708591461182,0.6267127990722656,194.45977783203125
CRR_0711,CRR,6117.365621784038,0.0294102933257818,0.0157859027385711,0.026561802253127,0.0373093709349632,0.0456843450665473,0.0366491116583347,-0.0869064182043075,0.3888676762580871,0.8868745565414429,0.9042623043060304,0.532750129699707,194.4900054931641
CRR_0712,CRR,4743.237031000469,0.0783523097634315,0.0329142995178699,0.0331362076103687,0.0232546608895063,0.0215648952871561,0.032526958733797,-0.6314032077789307,-0.5908096432685852,-0.2785360813140869,0.1730483323335647,1.2182393074035645,194.7494354248047
CRR_0713,CRR,5745.5085783146,0.0478601865470409,0.0268399938941001,0.0062363008037209,0.010314411483705,0.0284818671643733,0.035468716174364,-0.2021054625511169,0.1319603770971298,0.6623385548591614,0.8436310291290283,0.5534586906433105,194.41970825195312
CRR_0714,CRR,5218.060358949738,0.0354218110442161,0.0277178529649972,0.0126613993197679,0.0015043497551232,0.0196066796779632,0.0338419824838638,-0.156874418258667,-0.0347572229802608,0.3775133192539215,0.719083309173584,0.6650123596191406,194.35952758789065
CRR_0715,CRR,4867.700702608549,0.0421647578477859,0.0429301895201206,0.0313550718128681,0.0191373247653245,0.0200147107243537,0.0330612249672412,-0.1961594372987747,-0.2038822770118713,0.0914700776338577,0.5393996238708496,0.8922824859619141,194.41932678222656
CRR_0716,CRR,6346.775719633462,0.0235730502754449,0.0051376400515437,0.0145562496036291,0.0327845476567745,0.0419968254864215,0.0370284281671047,-0.1194488257169723,0.3810766041278839,0.9611545205116272,0.9794663786888124,0.4165811538696289,194.4798126220703
CRR_0717,CRR,7074.093033084317,0.0721122771501541,0.0809753388166427,0.0600657761096954,0.07293751090765,0.0576982721686363,0.0381323844194412,-0.2219728678464889,0.2215708047151565,0.6994667053222656,0.5058314800262451,0.9008173942565918,195.19989013671875
CRR_0718,CRR,7743.72124196764,0.0581140331923961,0.131143108010292,0.1345612108707428,0.0875510275363922,0.0657497122883796,0.0373431295156478,-0.2302828282117843,-0.0596483722329139,0.1414645463228225,-0.287813127040863,1.5706725120544434,196.2101287841797
CRR_0719,CRR,5665.799322333226,0.0146446926519274,0.0273065343499183,0.0307167656719684,0.0064644697122275,0.0201570596545934,0.0353090688586235,-0.335110604763031,0.0277079194784164,0.5114842057228088,0.7698287963867188,0.7508344650268555,194.4793701171875
CRR_0720,CRR,6508.054273979263,0.0311084613204002,0.035051442682743,0.0359385162591934,0.0475446917116642,0.0385930389165878,0.0373302511870861,0.0215712580829858,0.5115218162536621,1.1058111190795898,1.128939867019653,0.393132209777832,194.4195098876953
CRR_0721,CRR,4957.788318892934,0.0697321742773056,0.0996179729700088,0.0866968482732772,0.0356903150677681,0.0255116876214742,0.034417025744915,-0.4972904324531555,-0.5080004334449768,-0.3801573812961578,0.071282647550106,1.490860939025879,194.9390411376953
CRR_0722,CRR,7916.729351712675,0.0209773313254117,0.0376635119318962,0.0481581799685955,0.0590984225273132,0.0594718940556049,0.0372636392712593,-0.5625503063201904,-0.45569509267807,-0.2081659585237503,-0.6428506374359131,1.9280791282653809,196.66986083984372
CRR_0723,CRR,4478.666915310146,0.017675120383501,0.0197241362184286,0.0267584044486284,0.0359759666025638,0.0335597991943359,0.0345608554780483,-0.8803701996803284,-1.164169430732727,-1.2768138647079468,-0.7018987536430359,2.28270959854126,195.538818359375
CRR_0724,CRR,7436.521262619491,0.0204098187386989,0.0754454284906387,0.0873973965644836,0.0684203207492828,0.0536430887877941,0.0382902696728706,-0.5868884325027466,-0.460052877664566,-0.0290773101150989,-0.2847771048545837,1.6574010848999023,196.1696014404297
CRR_0725,CRR,6015.383112541029,0.0070635150186717,0.0704715922474861,0.0695881769061088,0.0313571393489837,0.0296011865139007,0.0365177430212497,-0.085303708910942,0.4622063636779785,0.893509030342102,1.0795706510543823,0.6275038719177246,194.3191680908203
CRR_0726,CRR,6487.303141460076,0.0100649325177073,0.0509630590677261,0.0638188868761062,0.0628652796149253,0.0366118997335433,0.0374970622360706,-0.0905412957072258,0.3281164169311523,0.8091762065887451,0.8663413524627686,0.7173604965209961,194.70919799804688
CRR_0727,CRR,7636.451474486966,0.0148252369835972,0.009713415056467,0.0078449845314025,0.0474414974451065,0.0496966391801834,0.0383819490671157,-0.322357714176178,-0.2798110842704773,0.1068113297224044,-0.1860632449388504,1.5516223907470703,196.1793975830078
CRR_0728,CRR,7486.697191306973,0.0383550636470317,0.0431623645126819,0.0413965955376625,0.044670108705759,0.0442099012434482,0.038811158388853,-0.2316800057888031,-0.2230892330408096,0.166778564453125,-0.0611030310392379,1.4674644470214844,196.02915954589844
CRR_0729,CRR,6176.527708401904,0.0572322085499763,0.0757744759321212,0.0785069316625595,0.0643844306468963,0.0363436006009578,0.037897203117609,-0.2452612221240997,0.0917611643671989,0.2294151186943054,0.400341123342514,1.205730438232422,195.07879638671875
CRR_0730,CRR,4784.047300179836,0.0014640783192589,0.0658644139766693,0.0832104608416557,0.0518282540142536,0.0343897752463817,0.0370619669556617,-0.8781234622001648,-1.2800042629241943,-1.6500617265701294,-1.1097807884216309,2.7751588821411133,196.048583984375
CRR_0731,CRR,7344.978905122609,0.0087772412225604,0.0195690337568521,0.0330206640064716,0.0390911176800727,0.0393277630209922,0.0391955748200416,-0.4159942865371704,-0.3945398032665252,-0.0431111380457878,-0.2097590863704681,1.6524415016174316,196.13894653320312
CRR_0732,CRR,7788.265438266318,0.0310875121504068,0.0348561182618141,0.0236969478428363,0.0377736836671829,0.0435042940080165,0.0389547646045684,-0.4511456191539764,-0.4122308194637298,-0.0617224350571632,-0.3660230338573456,1.7536625862121582,196.4590606689453
CRR_0733,CRR,6799.766297522722,0.0141743440181016,0.0494268350303173,0.0681050866842269,0.0466028116643428,0.035675823688507,0.0391687490046024,-0.4535172283649444,-0.3446893393993377,-0.1453373581171035,-0.1396948397159576,1.6625080108642578,195.8687286376953
CRR_0734,CRR,6317.96498861193,0.0470074824988842,0.0780850872397422,0.0755203515291214,0.0648203566670417,0.0342437401413917,0.0397564098238945,-0.17978435754776,-0.1752324998378753,-0.3431293368339538,-0.1669553965330124,1.774897575378418,195.69847106933597
CRR_0735,CRR,8162.098494753451,0.0233171042054891,0.0720564126968383,0.0754017755389213,0.05301234126091,0.0434330366551876,0.0391713753342628,-0.1348887979984283,0.0143876019865274,0.3257807791233063,-0.0719413235783577,1.4563040733337402,196.3388214111328
CRR_0736,CRR,7069.444405758493,0.042753167450428,0.0418698862195014,0.0273785758763551,0.0136944707483053,0.0327975042164325,0.0406028665602207,-0.4309405386447906,-0.271019697189331,-0.1923596113920211,-0.2352056503295898,1.7629809379577637,196.0784912109375
CRR_0737,CRR,6236.019595325544,0.0098199136555194,0.033589020371437,0.0498082749545574,0.0323282852768898,0.0394432879984378,0.0448707081377506,-0.4226893186569214,-1.093480944633484,-1.705596923828125,-1.3069043159484863,3.107334613800049,196.7378845214844
CRR_0738,CRR,8256.461548772086,0.1248849183320999,0.1417551040649414,0.1407871097326278,0.073244035243988,0.040227472782135,0.0491654127836227,-0.5603696703910828,-0.7772672772407532,-1.106338620185852,-1.2918554544448853,2.936026096343994,197.6274261474609
CRR_0739,CRR,7379.135577134209,0.1036649346351623,0.1131794974207878,0.1475446671247482,0.1207392513751983,0.0782219842076301,0.0534804724156856,-0.5661465525627136,-0.961427927017212,-1.2857755422592163,-0.7899536490440369,2.7943334579467773,196.6171112060547
CRR_0740,CRR,6367.971841500727,0.0634967759251594,0.1507822126150131,0.1560011059045791,0.1043662130832672,0.0788407698273658,0.0456624440848827,-0.2054926306009292,0.2081453800201416,0.8004727959632874,1.9936665296554563,0.8023920059204102,193.21694946289065
CRR_0741,CRR,6690.574752564623,0.0251237675547599,0.0902321860194206,0.1238244995474815,0.1080807149410247,0.0819982513785362,0.0478038899600505,-0.5863813161849976,-0.3142962455749511,0.1988049298524856,1.327884554862976,1.321028232574463,194.036865234375
CRR_0742,CRR,7684.837214630986,0.0508310459554195,0.077809490263462,0.0959272161126136,0.1092588230967521,0.0885883346199989,0.0554425939917564,-0.1704946607351303,-0.1736438423395156,-0.0381946228444576,0.707781970500946,1.495340347290039,195.18667602539065
CRR_0743,CRR,8116.738157373535,0.101096361875534,0.1079125851392746,0.1186138838529586,0.122025541961193,0.0875589922070503,0.0578297935426235,-0.6417091488838196,-0.6977200508117676,-0.7161751985549927,-0.197728082537651,2.2733097076416016,196.32662963867188
CRR_0744,CRR,7324.277675858804,0.05723387748003,0.0762934684753418,0.0922135338187217,0.0883120074868202,0.0761654376983642,0.0496249198913574,-0.4434972703456878,-0.2819990515708923,0.2916660010814667,1.405450701713562,1.1094989776611328,194.2265625
CRR_0745,CRR,9453.58378749282,0.0416585467755794,0.0857306867837905,0.1183537989854812,0.1363376379013061,0.0941036492586135,0.0624198913574218,-0.3148224651813507,-0.3149033188819885,-0.4189129769802093,-0.4357707798480987,2.3166303634643555,197.25608825683597
CRR_0746,CRR,8199.345985196582,0.0318103544414043,0.0483097322285175,0.0618821084499359,0.0710885301232338,0.074736513197422,0.0548328682780265,-0.1172044798731803,0.2071543633937835,0.8320256471633911,1.7886419296264648,0.6158528327941895,194.2661895751953
CRR_0747,CRR,7775.074563706567,0.0231140740215778,0.0449406094849109,0.0503412261605262,0.0558238551020622,0.0603801943361759,0.0475272759795188,-0.2695965468883514,-0.0328007712960243,0.7464835047721863,1.9562292098999023,0.6219973564147949,193.8162384033203
CRR_0748,CRR,8652.364023425362,0.0075732585974037,0.0125529337674379,0.035519290715456,0.0546461455523967,0.065907098352909,0.0547200143337249,-0.2109459042549133,0.2040811479091644,1.0187339782714844,2.01656436920166,0.4975018501281738,194.21583557128903
CRR_0749,CRR,7714.388225143847,0.0308677330613136,0.0119216479361057,0.0181560423225164,0.027829946950078,0.0363356210291385,0.0364102199673652,-0.5081614255905151,-0.3353283405303955,0.5949277877807617,1.985817790031433,0.7310853004455566,193.59605407714844
CRR_0750,CRR,9496.112119197664,0.0344754979014396,0.044988002628088,0.057438351213932,0.0668120384216308,0.0801127031445503,0.0614785738289356,-0.0873980373144149,0.471192717552185,1.2559070587158203,1.9842016696929927,0.4342427253723144,194.70541381835935
CRR_0751,CRR,8584.314107716635,0.0354606434702873,0.0248275082558393,0.0376771464943885,0.0392213389277458,0.0429313890635967,0.0435695201158523,-0.1606758832931518,0.1466650962829589,1.1050646305084229,2.370943546295166,0.3628334999084472,193.6756591796875
CRR_0752,CRR,8347.591747915361,0.0257864221930503,0.0462037585675716,0.0375406108796596,0.03060008212924,0.0358817428350448,0.0381592437624931,-0.0873903557658195,0.1958037912845611,1.1492681503295898,2.481243848800659,0.299077033996582,193.3857269287109
CRR_0753,CRR,10526.125983120088,0.043546725064516,0.1541304737329483,0.1769255399703979,0.1457476615905761,0.1113244816660881,0.0682983472943306,0.1182498857378959,0.4875005781650543,0.6741511225700378,0.6977935433387756,1.2457489967346191,196.6249847412109
CRR_0754,CRR,9132.007195326163,0.0196675080806016,0.039473321288824,0.049145620316267,0.0483293421566486,0.0562093928456306,0.0516561940312385,-0.1785439699888229,0.1745366752147674,1.1200506687164309,2.205652236938477,0.4160385131835937,194.1854248046875
CRR_0755,CRR,9849.583594063328,0.0427639931440353,0.0600719042122364,0.0617225989699363,0.0789626240730285,0.0851524695754051,0.0630545169115066,0.0151902958750724,0.5568748712539673,1.310712814331055,1.9690910577774048,0.4407329559326172,194.8951568603516
CRR_0756,CRR,8234.813758794047,0.0555582158267498,0.0463322214782238,0.0356117859482765,0.0267050601541996,0.0328691191971302,0.0333509817719459,-0.1775554865598678,0.1156373396515846,1.0232752561569214,2.3331005573272705,0.3558368682861328,193.3657073974609
CRR_0757,CRR,9473.474319159755,0.0179287772625684,0.0517960414290428,0.0568236894905567,0.0543446391820907,0.0591486543416976,0.0526780597865581,-0.2496581077575683,0.0559362694621086,0.994918942451477,2.036551713943481,0.5261325836181641,194.51519775390625
CRR_0758,CRR,8388.194551640378,0.0277947485446929,0.0325443856418132,0.0324737764894962,0.0330220125615596,0.0373148843646049,0.0330817364156246,-0.1147656589746475,0.2067626267671585,1.0546410083770752,2.280324459075928,0.3003997802734375,193.4255828857422
CRR_0759,CRR,9557.987844905978,0.0272606890648603,0.0544134750962257,0.062345165759325,0.0509190820157527,0.0471660494804382,0.0452060960233211,-0.5310553312301636,-0.3485670983791351,0.5963501334190369,1.750196933746338,0.7905120849609375,194.7450408935547
CRR_0760,CRR,10158.97223555019,0.0348740108311176,0.0536872521042823,0.0638270154595375,0.0657010301947593,0.0650561824440956,0.0543504394590854,-0.4927254617214203,-0.3059765100479126,0.5719552636146545,1.5170551538467407,0.9359292984008788,195.3647003173828
CRR_0761,CRR,9408.961641285236,0.0157112218439579,0.034397903829813,0.0594662651419639,0.0471093766391277,0.0399843230843544,0.0393767729401588,-0.273058146238327,-0.0630413889884948,0.8554574847221375,2.056670427322388,0.5228452682495117,194.2850646972656
CRR_0762,CRR,10914.33583777436,0.0453788265585899,0.0704501420259475,0.1072328612208366,0.1099150255322456,0.0995847955346107,0.0667292550206184,-0.8884835839271545,-0.8401485085487366,-0.3326355516910553,0.1011227890849113,2.0254602432250977,197.3043365478516
CRR_0763,CRR,8961.39082067149,0.0181970633566379,0.0310446433722972,0.0458652786910533,0.0423270612955093,0.0412116944789886,0.0341264754533767,-0.3168472647666931,0.0086815990507602,0.8269680738449097,1.9936636686325075,0.5555357933044434,193.98529052734372
CRR_0764,CRR,9320.6510198128,0.0356761440634727,0.0567791238427162,0.0526184029877185,0.0459492765367031,0.0428532138466835,0.0345569886267185,-0.3233823776245117,-0.025493124499917,0.7576974034309387,1.8809328079223635,0.5971412658691406,194.27505493164065
CRR_0765,CRR,10618.346145602449,0.1038333103060722,0.1268751919269561,0.1126885041594505,0.0752025991678237,0.0675914883613586,0.0549771711230278,-0.1735511869192123,0.0520744360983371,0.8937559723854065,1.7741607427597046,0.7085847854614258,195.33433532714844
CRR_0766,CRR,10186.329112519292,0.0400794520974159,0.0695512071251869,0.0443025939166545,0.0353112556040287,0.0438393764197826,0.0443065874278545,-0.0589702725410461,0.1861104071140289,1.0922011137008667,2.1722919940948486,0.4588527679443359,194.60455322265625
CRR_0767,CRR,10025.54021223458,0.1264927834272384,0.1086923480033874,0.0519837103784084,0.0322153493762016,0.0368434116244316,0.0383955687284469,-0.1152025610208511,0.1110995709896087,0.9671711921691896,2.0772793292999268,0.4818587303161621,194.52462768554688
CRR_0768,CRR,10328.706381280934,0.0460500419139862,0.0664705112576484,0.0501423366367816,0.031064685434103,0.0334546454250812,0.0376068167388439,-0.2991968095302582,-0.0561325848102569,0.7766143679618835,1.838067889213562,0.660609245300293,194.89439392089844
CRR_0769,CRR,10736.200659765,0.0022267794702202,0.0167840477079153,0.0210057310760021,0.0281789861619472,0.0398757345974445,0.0442619286477565,-0.0685516521334648,0.3039744198322296,1.2243218421936035,2.23272705078125,0.3795895576477051,194.8041229248047
CRR_0770,CRR,9995.194186814402,0.0315479040145874,0.0680486187338829,0.0724670886993408,0.0552428886294364,0.0452425740659236,0.0342407338321208,-0.2348677963018417,-0.0123514737933874,0.6435801386833191,1.645028829574585,0.737518310546875,194.79461669921875
CRR_0771,CRR,11307.916137044913,0.0216090884059667,0.0667291656136512,0.0661092400550842,0.0625130906701088,0.0594587512314319,0.0510333217680454,-0.1343522369861602,0.3138884603977203,1.2430378198623655,2.107597589492798,0.4657082557678222,195.293701171875
CRR_0772,CRR,10591.525696329756,0.0507146604359149,0.0719912052154541,0.0710210874676704,0.0513727739453315,0.037286389619112,0.0343624204397201,-0.3834290206432342,-0.240640252828598,0.4545162916183471,1.4156945943832395,0.9674201011657716,195.34420776367188
CRR_0773,CRR,10876.13138639828,0.0322852134704589,0.0298282466828823,0.0342194698750972,0.027220282703638,0.0262367334216833,0.0375979952514171,0.0346343629062175,0.3357579708099365,1.2087786197662354,2.202498435974121,0.3205633163452148,194.79397583007807
CRR_0774,CRR,11688.999698828437,0.0199467949569225,0.019763434305787,0.04459048807621,0.0684449821710586,0.0638211220502853,0.0514388568699359,-0.101123422384262,0.4025207161903381,1.372550129890442,2.186753511428833,0.4347491264343261,195.4033966064453
CRR_0775,CRR,11384.479523391525,0.0482731312513351,0.0438977964222431,0.0236605945974588,0.010033581405878,0.0260372199118137,0.040619071573019,-0.2999410927295685,0.1540569067001342,1.161895513534546,2.1053826808929443,0.5563392639160156,195.19357299804688
CRR_0776,CRR,11503.443049025676,0.0396429970860481,0.0330584831535816,0.0214065853506326,0.0145888710394501,0.0292869973927736,0.0417434126138687,-0.124175377190113,0.3641775846481323,1.401931643486023,2.3300020694732666,0.3921880722045898,195.04348754882807
CRR_0777,CRR,12488.83685409372,0.0464422777295112,0.0681904703378677,0.100003682076931,0.1362717151641845,0.0987293422222137,0.0589759796857833,-0.0884346738457679,0.3396025002002716,1.1126413345336914,1.667203426361084,0.7825026512145996,196.42271423339844
CRR_0778,CRR,11255.893378355378,0.0375016555190086,0.063937559723854,0.0666214078664779,0.0472165122628212,0.0295801255851984,0.0343993306159973,-0.1515779793262481,0.1074437573552131,0.917065441608429,1.8182730674743648,0.6674036979675293,195.273681640625
CRR_0779,CRR,10919.136774249062,0.0744374394416809,0.0818065404891967,0.0843473076820373,0.0689852237701416,0.05125143378973,0.0326226726174354,-0.6240289807319641,-0.658872663974762,-0.2265189290046692,0.5565260052680969,1.7087631225585938,196.2340087890625
CRR_0780,CRR,11435.744024795336,0.0350806191563606,0.0456700399518013,0.0592161677777767,0.050063706934452,0.0309649482369422,0.0340179838240146,-0.0703513398766517,0.2283209711313247,1.0490541458129885,1.9192265272140503,0.5856528282165527,195.24354553222656
CRR_0781,CRR,11529.484255680984,0.0953949764370918,0.0667182430624961,0.0534337013959884,0.0462139584124088,0.0290445927530527,0.0342515148222446,0.0170277152210474,0.3649969696998596,1.2278615236282349,2.09536361694336,0.4499945640563965,195.12347412109372
CRR_0782,CRR,12031.859975557742,0.0347883738577365,0.0158649943768978,0.0056160753592848,0.0168253369629383,0.0275089927017688,0.0409129932522773,-0.1756112575531005,0.4180768132209778,1.582790732383728,2.4556326866149902,0.4752349853515625,195.1630401611328
CRR_0783,CRR,11198.724535839494,0.040198627859354,0.1126209944486618,0.1041208952665329,0.074938915669918,0.056873083114624,0.0321693830192089,-0.6096633672714233,-0.6727674007415771,-0.3632952570915222,0.3176454901695251,1.9039993286132808,196.55381774902344
CRR_0784,CRR,10776.526256531162,0.0108423130586743,0.0363736562430858,0.069403052330017,0.0773217752575874,0.0642061010003089,0.0311574544757604,-0.3465184867382049,-0.5767139196395874,-1.031625509262085,-0.7118457555770874,2.637816905975342,197.13429260253903
CRR_0785,CRR,12824.386997153311,0.0574054904282093,0.0948533564805984,0.0852233991026878,0.0684784725308418,0.0672319680452346,0.0487672053277492,-0.359260082244873,0.2873991727828979,1.4806400537490845,2.205415725708008,0.7339873313903809,195.92233276367188
CRR_0786,CRR,12398.956033798817,0.0293698105961084,0.0579502806067466,0.0410718619823455,0.0156169645488262,0.0207827109843492,0.0374858044087886,-0.3115024268627167,0.3022587597370147,1.5132548809051514,2.333667516708374,0.5914087295532227,195.3827362060547
CRR_0787,CRR,13220.726085205915,0.0203786399215459,0.0239101592451334,0.0268266499042511,0.0963569208979606,0.0857963263988494,0.0523270405828952,-0.2533048987388611,0.3836843967437744,1.4520556926727295,2.065272092819214,0.7393550872802734,196.32196044921875
CRR_0788,CRR,11854.029171519063,0.1562769263982772,0.1274998486042022,0.1152936518192291,0.0871427729725837,0.0590090416371822,0.0323515385389328,-0.1553892642259597,0.0659655481576919,0.4887616336345672,1.102156400680542,1.176156520843506,196.0733337402344
CRR_0789,CRR,12679.945086560969,0.03838711977005,0.0175696946680545,0.0079690450802445,0.0253163538873195,0.0280483663082122,0.0397745296359062,-0.4263463914394378,0.2094216644763946,1.5094455480575562,2.3095507621765137,0.7267112731933594,195.5924835205078
CRR_0790,CRR,13284.34835739637,0.035842165350914,0.0310147609561681,0.046130783855915,0.0543316379189491,0.0598722696304321,0.0459629073739051,-0.526526689529419,0.1487057954072952,1.442409634590149,2.144990921020508,0.812039852142334,196.17189025878903
CRR_0791,CRR,13785.613557475786,0.0202000644057989,0.00797008164227,0.0266233216971158,0.0776141732931137,0.0760355442762374,0.0485676266252994,0.0475737079977989,0.7724249958992004,1.933985710144043,2.529901027679444,0.5043387413024902,196.1013641357422
CRR_0792,CRR,13212.681627988572,0.1174666732549667,0.0884382724761962,0.0583581030368804,0.0467955023050308,0.0452016144990921,0.0376813970506191,-0.1234751939773559,0.5676593780517578,1.7144547700881958,2.351437330245972,0.6195902824401855,195.65208435058597
CRR_0793,CRR,13677.352552470024,0.0236275885254144,0.0472202114760875,0.0551908239722251,0.0534797273576259,0.0464811995625495,0.0410503894090652,-0.2326554358005523,0.4405565857887268,1.7447234392166138,2.390874147415161,0.5270776748657227,195.9715576171875
CRR_0794,CRR,13027.94298445588,0.1722520738840103,0.1114131659269332,0.1004168689250946,0.0919204875826835,0.0682948976755142,0.0361067056655883,-0.3340299129486084,0.172568991780281,0.6984150409698486,1.1251988410949707,1.1010336875915527,196.5724334716797
CRR_0795,CRR,13591.199809678948,0.0571435801684856,0.0807290971279144,0.0779428780078888,0.0717601105570793,0.0600250996649265,0.0391862168908119,-0.1712275892496109,0.4662957191467285,1.4332276582717896,1.936218023300171,0.6023778915405273,196.1817779541016
CRR_0796,CRR,14017.628908302564,0.104638285934925,0.1186050325632095,0.106965534389019,0.0845209509134292,0.0623697265982627,0.0412643328309059,-0.2585424780845642,0.2684131562709808,1.2700549364089966,1.732011795043945,0.6571946144104004,196.6413116455078
CRR_0797,CRR,13641.588206737855,0.1410327106714248,0.0820113196969032,0.0783958733081817,0.0916724056005477,0.0728135779500007,0.0393878072500228,0.0160684436559677,0.5450432300567627,1.094188928604126,1.4232656955718994,0.7681741714477539,196.58187866210935
CRR_0798,CRR,14588.020323733452,0.1220061853528022,0.0956102013587951,0.0989700183272361,0.0816759243607521,0.0615519471466541,0.0432258881628513,-0.3609730303287506,0.0393038801848888,1.1065696477890017,1.5644150972366333,0.7649602890014648,197.2506256103516
CRR_0799,CRR,14730.61382785897,0.0414980798959732,0.0741806402802467,0.0850580856204032,0.083497829735279,0.0686898007988929,0.0439587533473968,-0.4977631270885467,-0.2361755073070526,0.5914386510848999,0.8962488174438477,1.1176691055297852,197.85060119628903
CRR_0800,CRR,14358.333938511583,0.0280159153044223,0.0998220518231391,0.1223186776041984,0.0965743660926818,0.0773137733340263,0.0429801158607006,-0.3864564299583435,-0.0562114082276821,0.409356951713562,0.5914192795753479,1.3433542251586914,197.7811737060547
CRR_0801,CRR,14956.090974326957,0.074407123029232,0.0927930399775505,0.0822178721427917,0.0737213492393493,0.0666965171694755,0.0441545918583869,-0.4047665297985077,-0.1421499848365783,0.7119105458259583,1.0207127332687378,0.9485950469970704,197.9102783203125
CRR_0802,CRR,14410.367394462954,0.0575995147228241,0.0852207019925117,0.0920074209570884,0.1103176847100257,0.0767465978860855,0.0424934923648834,-0.1444124281406402,-0.0014931629411876,-0.0724257677793502,-0.1083698645234108,1.8649358749389648,198.3413543701172
CRR_0803,CRR,14527.74144641392,0.0272038951516151,0.0677849501371383,0.0861458554863929,0.1014051884412765,0.0788362771272659,0.0432149618864059,-0.3563036918640136,-0.158672034740448,-0.1037051901221275,-0.113151691854,1.884916305541992,198.451171875
CRR_0804,CRR,15212.53400896134,0.0204084292054176,0.042972058057785,0.0561180301010608,0.0688346922397613,0.0724250972270965,0.0452239252626895,-0.271144837141037,-0.0462354756891727,0.5358421206474304,0.659126341342926,1.122051239013672,198.2901153564453
CRR_0805,CRR,15579.956947515742,0.0418358854949474,0.026646502315998,0.0593912787735462,0.0739959627389907,0.0777283906936645,0.0453080907464027,-0.3284033834934234,-0.0746608152985572,0.0422002747654914,-0.1239390671253204,1.7287111282348633,199.09991455078125
CRR_0806,CRR,15417.35902629732,0.3543713092803955,0.2937659025192261,0.2339335232973098,0.1119855865836143,0.0614611990749836,0.0420197658240795,-0.5545535087585449,-1.0394136905670166,-1.7665783166885376,-2.220512866973877,3.746943473815918,200.77061462402344
CRR_0807,CRR,15926.216283113794,0.0138311013579368,0.0498840548098087,0.0601256564259529,0.0958164557814598,0.075796827673912,0.0432998798787593,0.1429518461227417,0.32312873005867,-0.0131491953507065,-0.4231516718864441,1.9265108108520508,199.439697265625
CRR_0808,CRR,15249.131251871944,0.2637787759304046,0.2494767159223556,0.2117955535650253,0.1237238869071006,0.0679625496268272,0.0422242693603038,-0.2298184782266616,-0.6352362632751465,-1.4393985271453855,-1.928111672401428,3.432248115539551,200.04147338867188
CRR_0809,CRR,16728.28687543325,0.0437317937612533,0.0895356610417366,0.1049046367406845,0.091196097433567,0.0735519304871559,0.0412630811333656,-0.3235167860984802,-0.1874700784683227,-0.5027939677238464,-0.9976940751075744,2.40640926361084,200.51858520507807
CRR_0810,CRR,15104.266219999345,0.0645266771316528,0.1023186072707176,0.0997409150004386,0.0979575887322425,0.0792479813098907,0.0452966205775737,-0.2392024248838424,0.1373448073863983,-0.1611745804548263,-0.4645180702209472,1.984749794006348,198.1922912597656
CRR_0811,CRR,15897.012473099989,0.0230072662234306,0.0370508730411529,0.0903941243886947,0.1079321205615997,0.071978785097599,0.0432186536490917,0.1094705685973167,0.1307591199874878,-0.7096216082572937,-1.2034540176391602,2.732050895690918,199.4811553955078
CRR_0812,CRR,15947.74284289693,0.0338744111359119,0.0651400238275528,0.0835105031728744,0.0933523997664451,0.0725848376750946,0.0448278784751892,-0.1159649863839149,-0.0374901443719863,-0.726584255695343,-1.1149194240570068,2.67536735534668,199.28140258789065
CRR_0813,CRR,15825.59960121168,0.0608042180538177,0.0885541066527366,0.0919607430696487,0.087768480181694,0.07180205732584,0.0457856133580207,-0.2059800326824188,-0.1054238975048065,-0.6474164128303528,-0.9427541494369508,2.5154671669006348,198.9517822265625
CRR_0814,CRR,17138.738159794666,0.0620848573744297,0.0514218062162399,0.0887132585048675,0.0655652433633804,0.0383129157125949,0.0355248115956783,-0.3451116681098938,-1.0017585754394531,-2.181893110275269,-2.92457914352417,4.352626800537109,202.25875854492188
CRR_0815,CRR,17254.45923177665,0.249851182103157,0.2286498546600341,0.1582690924406051,0.112873338162899,0.075077898800373,0.042771853506565,-0.7991732358932495,-1.265363693237305,-2.1124789714813232,-2.550868034362793,4.198505401611328,201.44973754882807
CRR_0816,CRR,18338.044753243856,0.0553618371486663,0.1326700150966644,0.1709576100111007,0.1509788781404495,0.0914924889802932,0.0422875918447971,-0.2138173729181289,-0.5835866332054138,-1.2677850723266602,-1.6943657398223877,3.3616647720336914,201.2480010986328
CRR_0817,CRR,18113.76242778173,0.061703085899353,0.1244763731956482,0.1463418006896972,0.1472621709108352,0.0973805859684944,0.0437886305153369,-0.8002321124076843,-0.8436447978019714,-1.154231309890747,-1.395061731338501,3.201396942138672,200.63882446289065
CRR_0818,CRR,17577.279730350077,0.0427595861256122,0.0810283869504928,0.1179689243435859,0.098662719130516,0.0618096478283405,0.0394157245755195,-0.7807459235191345,-0.972936987876892,-0.7493388056755066,-0.4153275787830353,2.375731945037842,198.7513732910156
CRR_0819,CRR,19551.494506148945,0.0393979959189891,0.0798161476850509,0.124967984855175,0.1452377587556839,0.1023634672164917,0.0445664748549461,-0.3618060946464538,-0.2659962177276611,-0.0394786298274993,-0.1643950790166854,2.022054672241211,200.1964569091797
CRR_0820,CRR,19618.436277642624,0.1157015487551689,0.1359960287809372,0.1372769474983215,0.1410771459341049,0.1006431654095649,0.0444208830595016,-0.4083366990089416,-0.2525891959667206,0.0916690155863761,0.0115301562473177,1.891672134399414,200.01644897460935
CRR_0821,CRR,19510.387036584063,0.0461282581090927,0.0529331900179386,0.057264395058155,0.0627866312861442,0.0575082376599311,0.0372390784323215,0.0094138858839869,0.6417934894561768,1.7315837144851685,2.050816774368286,0.5137805938720703,197.50787353515625
CRR_0822,CRR,19015.973199445903,0.0112749673426151,0.0129097076132893,0.0339374244213104,0.0328873246908187,0.0193535778671503,0.0299386661499738,-0.3113371729850769,0.1790166348218917,1.1670714616775513,1.6730594635009766,0.8566956520080566,197.19017028808597
CRR_0823,CRR,19505.222652326283,0.06196079403162,0.0699755549430847,0.0602030791342258,0.0270312204957008,0.0198802500963211,0.0307041872292757,-0.2884501218795776,0.2065140455961227,1.353339672088623,1.8330432176589968,0.6823577880859375,197.3690643310547
CRR_0824,CRR,20074.40851688544,0.0195845756679773,0.0337102897465229,0.0269892793148756,0.01686592400074,0.0271176248788833,0.0332395918667316,-0.1022028103470802,0.5920063257217407,1.868707299232483,2.294358491897583,0.5474414825439453,197.33761596679688
CRR_0825,CRR,20557.713263039164,0.0673682689666748,0.035603642463684,0.0460499189794063,0.0645226314663887,0.0455584600567817,0.0391446910798549,-0.4090697467327118,0.1583320945501327,1.4526702165603638,1.7230186462402344,0.7340793609619141,198.37599182128903
CRR_0826,CRR,20898.399653729128,0.0857330188155174,0.0925943255424499,0.0820266455411911,0.0625745952129364,0.0480790212750434,0.0419360697269439,-0.2733626365661621,0.2709474265575409,1.5734080076217651,1.7414085865020752,0.6510276794433594,198.59510803222656
CRR_0827,CRR,19680.701475246024,0.1199151277542114,0.1027692630887031,0.0710876286029815,0.0730231031775474,0.0765912309288978,0.0331524088978767,0.2018650621175766,0.5063400268554688,0.6753745675086975,0.882677435874939,0.4771413803100586,198.1599273681641
CRR_0828,CRR,22053.45720513761,0.0661245957016944,0.1015496104955673,0.1198010444641113,0.1292653083801269,0.090049959719181,0.0345075167715549,-0.7248529195785522,-0.6609516143798828,-0.63121497631073,-0.5945389270782471,1.5480241775512695,200.7155303955078
CRR_0829,CRR,20983.14248524094,0.1372095197439193,0.1333867460489273,0.11016146838665,0.1165998503565788,0.0765604153275489,0.0303809251636266,-0.7445204854011536,-0.9338640570640564,-1.3475737571716309,-1.345956563949585,2.3442249298095703,200.907958984375
CRR_0830,CRR,22595.38438979959,0.1184556856751442,0.1300191730260849,0.151146188378334,0.110534980893135,0.0554595030844211,0.0280174110084772,-0.7845138311386108,-1.4831385612487793,-2.2762067317962646,-2.422790765762329,2.6488428115844727,202.63491821289065
CRR_0831,CRR,22604.71397115562,0.088089644908905,0.1303362250328064,0.1506063789129257,0.1387247294187545,0.0624679662287235,0.0181083250790834,-0.615539014339447,-0.8380334973335266,-1.342004895210266,-1.4868217706680298,2.369741439819336,201.4360198974609
CRR_0832,CRR,21955.85824871599,0.0710359439253807,0.1082137525081634,0.1119807139039039,0.0969768390059471,0.0564071834087371,0.0154633475467562,-0.1113103553652763,0.3761279284954071,0.3715264499187469,0.1954273432493209,1.3069124221801758,199.34835815429688
CRR_0833,CRR,23001.868223488043,0.0493497774004936,0.0943879187107086,0.1141968518495559,0.110161542892456,0.0731368586421012,0.0208392515778541,-0.769263744354248,-0.3535595238208771,-0.2747833132743835,-0.2775962650775909,1.592249870300293,200.2557373046875
CRR_0834,CRR,23073.125857692023,0.187481552362442,0.1448506712913513,0.120952308177948,0.1052863299846649,0.0731260329484939,0.0215005502104759,-0.8394083976745605,-0.379703551530838,-0.243443951010704,-0.2210113853216171,1.6002120971679688,200.2156219482422
CRR_0835,CRR,23451.00082078855,0.1047820150852203,0.118427850306034,0.0780055597424507,0.0619180239737033,0.0619494505226612,0.0247579459100961,-0.430673748254776,0.1878031343221664,0.730738639831543,0.9467302560806274,0.914443016052246,199.0752868652344
CRR_0836,CRR,23521.147543307823,0.1280608475208282,0.1134603321552276,0.0662036836147308,0.052787397056818,0.0582897737622261,0.025219528004527,-0.4200709462165832,0.1954008936882019,0.8061895370483398,1.066340088844299,0.8493471145629883,198.95526123046875
CRR_0837,CRR,24502.161129682383,0.0905273780226707,0.0648149251937866,0.0225426070392131,0.025947080925107,0.0329450070858001,0.028745487332344,-0.3208931088447571,0.0492427796125412,0.8954366445541382,1.6599124670028689,0.7014064788818359,198.4937744140625
CRR_0838,CRR,25364.30539895068,0.0546402409672737,0.0961019843816757,0.0775365456938743,0.0596418417990207,0.0453686490654945,0.0340941995382308,-1.4827356338500977,-1.571126937866211,-0.664189338684082,0.2666996419429779,2.358138084411621,200.1812896728516
CRR_0839,CRR,25757.197903168024,0.0705093070864677,0.0381897166371345,0.0394955798983573,0.0291333422064781,0.0178948547691106,0.0257106088101863,-0.9727097153663636,-0.9817985892295836,-0.131429836153984,,1.441448211669922,199.09158325195312
CMR_0001,CMR,440.0884693295948,0.0151259070262312,0.0129255717620253,0.0227735117077827,0.0262257196009159,0.0232547484338283,0.0239956770092248,-0.3794068396091461,-0.0704688280820846,0.457211822271347,,0.5972127914428711,0.5985274314880371
CMR_0002,CMR,82.04988771919655,0.0845264345407486,0.0310294013470411,0.0093435999006032,0.0156876873224973,0.0353917852044105,,-0.4386205375194549,-0.1796479076147079,,,0.4346227645874023,0.4674453735351562
CMR_0003,CMR,573.9497672965985,0.023390956223011,0.0511501394212245,0.0444160513579845,0.0216513313353061,0.0108038065955042,,-0.3723192811012268,-0.2260159999132156,,,0.5894088745117188,0.5913486480712891
CMR_0004,CMR,1025.8945351864018,0.0423868410289287,0.0432897470891475,0.0523966737091541,0.036097876727581,0.0223014876246452,0.0226206462830305,-0.4267714321613312,-0.3568410277366638,-0.017239199951291,,0.775397777557373,0.767298698425293
CMR_0005,CMR,305.88751245702394,0.0148752033710479,0.0039816736243665,0.0137435952201485,0.0152370417490601,,,0.0220043752342462,,,,0.1393365859985351,0.1410074234008789
CMR_0006,CMR,793.2611022732128,0.0342558994889259,0.0311905518174171,0.0338945537805557,0.0221225395798683,0.0100992862135171,,-0.2371221482753753,-0.1886423528194427,,,0.4516453742980957,0.4467525482177734
CMR_0007,CMR,1198.8962262742623,0.0264520421624183,0.0270520020276308,0.0328948125243186,0.0296338908374309,0.0200331099331378,0.0213710218667984,-0.39022096991539,-0.4315454363822937,-0.1315341591835022,,0.8003954887390137,0.7844419479370117
CMR_0008,CMR,770.4576331684478,0.0301882717758417,0.0625043213367462,0.0488128289580345,0.0198265258222818,0.0093393819406628,,-0.26396444439888,-0.2468988746404647,,,0.4825220108032226,0.4773225784301758
CMR_0009,CMR,377.8478772054775,0.0106468806043267,0.0418381579220294,0.013181404210627,0.0112544614821672,,,-0.3825123608112335,,,,0.4001755714416504,0.4190549850463867
CMR_0010,CMR,1069.1760580399862,0.034661091864109,0.0172034483402967,0.0280708167701959,0.0197493974119424,0.0112049328163266,0.0152862016111612,-0.6459734439849854,-0.7004196643829346,-0.4539712071418762,,0.921645164489746,0.9078588485717772
CMR_0011,CMR,1444.4674788572993,0.0259288158267736,0.0357400029897689,0.0212332122027874,0.0190956778824329,0.0156612154096364,0.0181247014552354,-0.5567152500152588,-0.6854128837585449,-0.4204583168029785,,0.9547200202941896,0.9319911003112792
CMR_0012,CMR,1029.8069650356176,0.0439180731773376,0.0358123183250427,0.0215244572609663,0.0158392954617738,0.0110378703102469,,-0.4671696722507477,-0.5003945827484131,,,0.6287331581115723,0.6303033828735352
CMR_0013,CMR,2033.35639075524,0.035343836992979,0.0484261289238929,0.048272643238306,0.0310902670025825,0.0232837162911891,0.0205218438059091,-0.8744640946388245,-0.979213535785675,-0.6730219721794128,,1.307416915893555,1.289356708526611
CMR_0014,CMR,1855.3909261354536,0.0849273428320884,0.065899983048439,0.0513274110853672,0.032247956842184,0.0189105067402124,0.0167831555008888,-0.6560949683189392,-0.7338706254959106,-0.4354317486286163,,0.9951834678649902,0.9801311492919922
CMR_0015,CMR,1535.046837830316,0.067596435546875,0.0491388477385044,0.0416612550616264,0.0294929295778274,0.0159829799085855,,-0.3718520402908325,-0.3798469305038452,,,0.6310534477233887,0.6248178482055664
CMR_0016,CMR,2434.757594089999,0.0860317051410675,0.0788197517395019,0.0539878122508525,0.0428239069879055,0.033056691288948,0.0248091742396354,-0.096835009753704,-0.027348531410098,0.3104047179222107,,0.5622587203979492,0.5590596199035645
CMR_0017,CMR,1751.6304230409066,0.0738587006926536,0.0926381200551986,0.0628295540809631,0.0338230282068252,0.0178009141236543,0.0141572542488574,-0.2890755236148834,-0.2741389572620392,0.0302081946283578,,0.5540328025817871,0.548311710357666
CRR_0840,CRR,295.1842415080679,0.0204457361251115,0.0103427683934569,0.0079459324479103,0.0079461177811026,,,-0.3072014153003692,,,,0.3552641868591308,194.20437622070312
CMR_0018,CMR,1655.4186954964855,0.0750392526388168,0.0671584233641624,0.0499804839491844,0.0310964100062847,0.0170082636177539,,-0.2537722885608673,-0.183314710855484,,,0.515587329864502,0.5147533416748047
CMR_0019,CMR,1526.207931290777,0.0636470317840576,0.0617350004613399,0.0267292335629463,0.0273045785725116,0.0162345580756664,,-0.1046128347516059,-0.0145150534808635,,,0.4238176345825195,0.4305276870727539
CMR_0020,CMR,2696.9774080477127,0.046268306672573,0.0382414869964122,0.0261670686304569,0.0351386368274688,0.0264220293611288,0.0202971622347831,-0.4019670188426971,-0.3135893046855926,0.124495692551136,,0.7070131301879883,0.7033390998840332
CRR_0841,CRR,848.1897160001764,0.0139843439683318,0.03088772110641,0.0137106580659747,0.0080485716462135,,,-0.299115389585495,,,,0.3427686691284179,194.22467041015625
CMR_0021,CMR,2411.401528681732,0.0537686683237552,0.0659497082233429,0.0483392216265201,0.0355148129165172,0.0204546321183443,0.0153118567541241,-0.4485308527946472,-0.2852808535099029,0.1540078371763229,,0.6558341979980469,0.6535425186157227
CMR_0022,CMR,2908.4905169177937,0.0613807775080204,0.0511731393635273,0.0384789519011974,0.033879566937685,0.023566635325551,0.0187742244452238,-0.4342052042484283,-0.2708248794078827,0.2401619255542755,,0.6060733795166016,0.603579044342041
CMR_0024,CMR,2613.92924874204,0.0476374812424182,0.0878127142786979,0.0591735988855361,0.0343499146401882,0.0204888992011547,0.0158135183155536,-0.3641448020935058,-0.173239067196846,0.3057287335395813,,0.5766348838806152,0.5747056007385254
CRR_0842,CRR,1866.414826428406,0.0389596298336982,0.0432527847588062,0.0430850759148597,0.0122412722557783,0.0035699729342013,,-0.3753892183303833,-0.4502094089984894,,,0.3948493003845215,194.365234375
CRR_0843,CRR,1727.0955720268842,0.0042609400115907,0.0051460727117955,0.0121145155280828,0.0049821054562926,0.0031138986814767,,-0.3771743178367615,-0.4438517093658447,,,0.4676318168640136,194.3749847412109
CRR_0845,CRR,2422.208433913105,0.0349075943231582,0.0529168285429477,0.0394015908241272,0.0242884755134582,0.0066368957050144,,-0.1892035603523254,-0.0769240483641624,,,0.4922060966491699,193.99530029296875
CMR_0027,CMR,3478.1650601156443,0.0387271717190742,0.0124040627852082,0.0129712726920843,0.0196039415895938,0.0155677506700158,0.0159711465239524,-0.380153089761734,-0.085121639072895,0.5205400586128235,,0.6046285629272461,0.605804443359375
CRR_0847,CRR,2454.808739252243,0.022866740822792,0.0425391010940074,0.0400185957551002,0.0220988932996988,0.0078734830021858,0.0126684792339801,-0.258478581905365,-0.1357598006725311,0.2421745210886001,,0.5188140869140625,194.08514404296875
CRR_0848,CRR,2957.166017993954,0.1118424013257026,0.0290927123278379,0.0147389499470591,0.0119604365900158,0.0097954822704195,,-0.3396589756011963,-0.0400839410722255,,,0.6179981231689453,193.95556640625
CRR_0849,CRR,2186.1676124191777,0.0082759270444512,0.0268803760409355,0.0191975738853216,0.0096140699461102,0.0086509622633457,0.0125667368993163,-0.4763316214084625,-0.4542507231235504,-0.1235292926430702,,0.7577710151672363,194.4646148681641
CMR_0028,CMR,3882.4015311087232,0.0107790734618902,0.0157352127134799,0.0217263083904981,0.0187260545790195,0.0150218298658728,0.0165482722222805,-0.1564618796110153,0.1153774484992027,0.7293534874916077,,0.2810654640197754,0.2877326011657715
CMR_0029,CMR,4224.556989288987,0.0888049975037574,0.0280751064419746,0.0139797450974583,0.018473906442523,0.0158542301505804,0.0174980666488409,-0.398989588022232,-0.1592313945293426,0.4425100684165954,,0.4830303192138672,0.4952912330627441
CRR_0850,CRR,2163.851902017582,0.2216963469982147,0.0464351586997509,0.0290538668632507,0.0171474050730466,0.0116567900404334,0.0140526788309216,-0.4288923144340515,-0.4388887286186218,-0.107337363064289,,1.0284714698791504,194.5242919921875
CRR_0851,CRR,3710.460028643295,0.024625139310956,0.0314092598855495,0.0144158666953444,0.0181304235011339,,,-0.30202117562294,,,,0.2870717048645019,193.9659576416016
CRR_0852,CRR,2195.5563517140163,0.055310133844614,0.0144661832600831,0.0236165896058082,0.0180524624884128,0.0129175223410129,0.0147748216986656,-0.2676998972892761,-0.2920039296150207,0.0402500852942466,,0.7488293647766113,194.4141998291016
CRR_0853,CRR,2220.64689520234,0.0156289022415876,0.0138568291440606,0.0228767916560173,0.0178456511348485,0.0139487432315945,0.0153827266767621,-0.20672307908535,-0.2371812164783477,0.0941972732543945,,0.5451593399047852,194.3940887451172
CRR_0854,CRR,2997.142026291706,0.0609456561505794,0.0631256178021431,0.0484348088502883,0.0309534799307584,0.0184469074010849,0.0181203261017799,-0.399892121553421,-0.3157628178596496,0.0805795043706893,,0.6489143371582031,194.5046539306641
CRR_0855,CRR,2811.911945752372,0.0130155328661203,0.0304155796766281,0.0290313493460416,0.0242869090288877,0.0176932159811258,0.0178161337971687,-0.4827081859111786,-0.474402517080307,-0.1034327447414398,,0.7445850372314453,194.6844024658203
CRR_0856,CRR,2197.743796332485,0.0365821793675422,0.0321403667330741,0.028362900018692,0.0169913992285728,0.0154983224347233,0.0162248294800519,-0.2653045058250427,-0.2729968130588531,0.0522044263780117,,0.4981799125671386,194.49383544921875
CRR_0857,CRR,3979.141455407008,0.052515123039484,0.0796355083584785,0.0670254006981849,0.0414971224963665,0.027251137420535,0.0214733351022005,-0.453603595495224,-0.2542688548564911,0.2079854905605316,,0.6570143699645996,194.5552520751953
CRR_0858,CRR,2629.8491437878783,0.019723417237401,0.0103168804198503,0.0045228549279272,0.0125071750953793,0.0188099648803472,0.018584556877613,-0.36195108294487,-0.3776895105838775,-0.0404740497469902,,0.6071786880493164,194.6939392089844
CRR_0859,CRR,3003.7415105250466,0.0213607493788003,0.0265402477234601,0.0224609784781932,0.0170646682381629,0.0214512813836336,0.0201398767530918,-0.2127880007028579,-0.2151225507259369,0.1404995173215866,,0.4637207984924316,194.5742034912109
CRR_0860,CRR,3600.7664070700307,0.0296145305037498,0.0446630641818046,0.0537841655313968,0.0344259478151798,0.0267485808581113,0.0221148654818534,-0.4752644896507263,-0.4309256374835968,-0.0400458201766014,,0.7343316078186035,194.8446350097656
CRR_0861,CRR,3024.203758867867,0.0302728284150362,0.0207984764128923,0.0112981740385293,0.0144182508811354,0.0234102346003055,0.0213733166456222,-0.2907586991786957,-0.2410038560628891,0.0900026261806488,0.5660784244537354,0.5184531211853027,194.72386169433597
CRR_0862,CRR,3553.9595423785217,0.0046861856244504,0.0067038256675004,0.0158817321062088,0.0243342537432909,0.0285025350749492,0.0236871093511581,-0.1342651546001434,-0.093875877559185,0.2435982823371887,0.7000024318695068,0.4119725227355957,194.68418884277344
CRR_0863,CRR,4938.585470613129,0.0156044857576489,0.045250080525875,0.0527042932808399,0.0441303215920925,0.0353613346815109,0.0250588133931159,-0.2272727638483047,-0.0555991232395172,0.3055996894836426,,0.4617233276367187,194.805419921875
CRR_0864,CRR,4264.899126422213,0.0236956235021352,0.0279984753578901,0.0310399290174245,0.036307256668806,0.0353934802114963,0.0253755934536457,-0.2237490862607956,-0.1712917536497116,0.1702597737312317,,0.5562639236450195,194.874755859375
CRR_0865,CRR,4041.886753503803,0.0413704328238964,0.0037881049793213,0.0241827182471752,0.0327290706336498,0.0338531285524368,0.0252082645893096,-0.5164018273353577,-0.4925206005573272,-0.1588989198207855,0.2849370241165161,0.8652029037475586,195.18453979492188
CRR_0866,CRR,5603.035852927279,0.0382315516471862,0.0454517565667629,0.0437344014644622,0.0304549355059862,0.0281063001602888,0.0239685047417879,-0.0758169665932655,0.047582846134901,0.4217993319034576,,0.3344550132751465,194.8159637451172
CRR_0867,CRR,3407.803095928341,0.022047521546483,0.017848452553153,0.0270232371985912,0.0233845897018909,0.028666116297245,0.0240023173391819,-0.312617152929306,-0.1856544315814972,0.1137771531939506,0.449851930141449,0.5692639350891113,194.8936920166016
CRR_0868,CRR,4351.164337468043,0.0638145506381988,0.0421394072473049,0.0274482574313879,0.038370843976736,0.0383550524711608,0.0268197637051343,-0.3528215885162353,-0.3188347816467285,-0.0398948080837726,0.3111433386802673,0.7861685752868652,195.2145233154297
CRR_0869,CRR,3918.36952078895,0.0672498345375061,0.0324377529323101,0.0308215208351612,0.0318086557090282,0.0342287346720695,0.0261627938598394,-0.0510833337903022,0.0281770695000886,0.3136483132839203,0.630635142326355,0.4080080986022949,194.8140563964844
CRR_0870,CRR,5460.355159046261,0.011153114028275,0.0438570603728294,0.0633024275302887,0.0465346612036228,0.0360101088881492,0.0260357689112424,-0.4611041843891144,-0.3876613676548004,-0.0973004475235939,,0.8607330322265625,195.43540954589844
CRR_0871,CRR,3699.6851943781953,0.011751877143979,0.0318540409207344,0.029232095927,0.0296963881701231,0.0326699279248714,0.0257235821336507,-0.3162367939949035,-0.1655974090099334,0.1002526506781578,0.3367158472537994,0.6400542259216309,195.0536193847656
CRR_0872,CRR,4765.952511299874,0.0253305081278085,0.0902923122048378,0.0813051983714103,0.0527308136224746,0.0438766852021217,0.0284659322351217,-0.2706982493400574,-0.2630248069763183,-0.0860390290617942,0.1290222257375717,0.9117755889892578,195.47445678710935
CRR_0873,CRR,5957.173449675077,0.003348437603563,0.0281645338982343,0.0526614002883434,0.0459642522037029,0.0365151762962341,0.0259581319987773,-0.6200911998748779,-0.5806183218955994,-0.3164942562580108,-0.0495510585606098,1.199575424194336,195.85543823242188
CRR_0874,CRR,5017.887306823795,0.0229515135288238,0.0681464448571205,0.0818927660584449,0.0594964064657688,0.0461101084947586,0.0289384741336107,-0.3722938299179077,-0.4018003046512604,-0.2848923206329345,-0.132687360048294,1.1595768928527832,195.78448486328125
CRR_0875,CRR,4103.28670306307,0.0658010616898536,0.0577428750693798,0.0377466827630996,0.034682597965002,0.0382529981434345,0.0275473445653915,-0.1946283131837844,-0.0136476345360279,0.159585952758789,0.20321886241436,0.7277073860168457,195.24337768554688
CRR_0876,CRR,4724.835606638508,0.007365436758846,0.0446467660367488,0.0592551194131374,0.0546843260526657,0.0460520200431346,0.0294297523796558,-0.277605652809143,-0.2404626160860061,-0.1367782056331634,-0.0854692533612251,1.05853271484375,195.6739501953125
CRR_0877,CRR,6641.412094911516,0.049716793000698,0.0755556151270866,0.0766309797763824,0.0579494796693325,0.0373456068336963,0.0242680888622999,-0.3661716282367706,-0.111065849661827,0.2356197834014892,0.4493377208709717,0.8866548538208008,195.48556518554688
CRR_0878,CRR,6143.1159990298,0.0170884691178798,0.027870662510395,0.0370940901339054,0.0538371093571186,0.0438884422183036,0.0269070360809564,-0.4320461750030517,-0.4639736413955688,-0.3326598703861236,-0.2270009815692901,1.340317726135254,196.0850830078125
CRR_0879,CRR,5056.514666751358,0.1041074246168136,0.1129613295197486,0.0890796855092048,0.063712365925312,0.0495435446500778,0.0299454275518655,-0.2802959680557251,-0.3276552855968475,-0.3242287039756775,-0.3622806966304779,1.3305058479309082,196.0139617919922
CRR_0880,CRR,5716.506576838876,0.0613435618579387,0.0840962901711463,0.0831864401698112,0.0670431181788444,0.0499975755810737,0.0291916970163583,-0.2523903250694275,-0.442892849445343,-0.531866729259491,-0.5863059759140015,1.599022388458252,196.37440490722656
CRR_0881,CRR,4545.777643565581,0.0135669689625501,0.0308376234024763,0.0355398282408714,0.034910675138235,0.0423972718417644,0.0284807216376066,-0.5522527694702148,-0.3194402158260345,-0.273805022239685,-0.4247163236141205,1.3300423622131348,195.93310546875
CRR_0882,CRR,6237.692048903048,0.015818478539586,0.0289792194962501,0.0497213304042816,0.0642110109329223,0.0490320585668087,0.0275695268064737,-0.4611616134643554,-0.5871819853782654,-0.6225242614746094,-0.6646606922149658,1.7417488098144531,196.5547332763672
CRR_0883,CRR,5539.049241756964,0.0533966571092605,0.0874488055706024,0.0742259994149208,0.0700010061264038,0.0516811348497867,0.0298654697835445,-0.6679470539093018,-0.8882763981819153,-1.0386371612548828,-1.1846444606781006,2.1615548133850098,196.9340362548828
CRR_0884,CRR,4823.411241721568,0.0268011186271905,0.0068741748109459,0.0098723815754055,0.0361084826290607,0.0437747053802013,0.0285478234291076,-0.286610871553421,-0.0122705651447176,-0.0561056211590766,-0.3190366625785827,1.221076488494873,195.8629608154297
CRR_0885,CRR,5535.640541880249,0.0966205075383186,0.0277811959385871,0.0372441858053207,0.0463980287313461,0.0440067201852798,0.0276644565165042,-0.015104372985661,0.2782319784164428,-0.0209535621106624,-0.5367014408111572,1.4570860862731934,196.17251586914065
CRR_0886,CRR,6069.299276342358,0.0882137343287468,0.1048576682806015,0.1060188636183738,0.080138623714447,0.0487156920135021,0.0268085468560457,-0.3834499716758728,-0.3157410621643066,-0.7800185084342957,-1.4142074584960938,2.3627266883850098,197.2027587890625
CRR_0887,CRR,7869.081725594603,0.0253220256417989,0.0383198037743568,0.0509824305772781,0.0630230605602264,0.0528985485434532,0.023512152954936,-0.3606596887111664,-0.3983640372753143,-0.4961898028850555,-0.6857599020004272,1.9068641662597656,196.93443298339844
CRR_0888,CRR,7688.732099685844,0.072628453373909,0.0691616237163543,0.0596196204423904,0.0632791444659233,0.0523685254156589,0.0236765034496784,-0.2687812745571136,-0.3753156065940857,-0.6614782214164734,-0.9800143241882324,2.1456212997436523,197.1941680908203
CRR_0889,CRR,6093.895713588358,0.0768191069364547,0.1007960215210914,0.0879826918244361,0.0611025989055633,0.0435449481010437,0.0267482120543718,-0.0218057483434677,0.1562871038913726,-0.3239699900150299,-0.9850865006446838,1.935382843017578,196.7123107910156
CRR_0890,CRR,8086.052133960252,0.0318290889263153,0.0547229908406734,0.0638745948672294,0.061051171272993,0.0521311685442924,0.0232679862529039,-0.0384974665939807,-0.114334151148796,-0.3233958184719085,-0.5875052809715271,1.8063983917236328,196.8941650390625
CRR_0891,CRR,6708.464731447552,0.0109589966014027,0.0098859835416078,0.0155562367290258,0.0336940512061119,0.0408247411251068,0.0251077692955732,-0.622825562953949,-1.189586520195007,-1.8513034582138064,-2.4709720611572266,3.475229263305664,198.4533233642578
CRR_0892,CRR,8187.755257859944,0.0459030829370021,0.081328809261322,0.0766075253486633,0.0627277940511703,0.0513221956789493,0.0230551604181528,0.0388958491384983,-0.0716781541705131,-0.3469721972942352,-0.6593446135520935,1.874769687652588,196.99400329589844
CRR_0893,CRR,6660.633766702671,0.0549886040389537,0.0668551176786422,0.0785844922065734,0.0638116970658302,0.0422274731099605,0.0244771372526884,-0.1029642224311828,-0.1304949969053268,-0.7912948727607727,-1.5797650814056396,2.562892436981201,197.4523162841797
CRR_0894,CRR,6665.127472811711,0.0480364896357059,0.0674977824091911,0.0765531510114669,0.0602083019912242,0.0400990173220634,0.0261908452957868,-0.1978801637887954,-0.3141956627368927,-0.9566172957420348,-1.7209981679916382,2.710508346557617,197.5319976806641
CRR_0895,CRR,8147.368923069697,0.0298746339976787,0.065389260649681,0.0720842704176902,0.0567249841988086,0.0425743125379085,0.0209471136331558,-0.403261661529541,-0.6855105757713318,-1.280544996261597,-1.845373153686524,2.995450019836426,198.17337036132807
CRR_0896,CRR,7227.404033743324,0.0112476181238889,0.0387414209544658,0.044598214328289,0.0420697107911109,0.0344016179442405,0.0217083096504211,-0.1382728666067123,-0.3213337957859039,-1.132590413093567,-2.014547348022461,3.0354390144348145,198.01214599609372
CRR_0897,CRR,7370.307566127873,0.0086941281333565,0.0159887634217739,0.0270047485828399,0.0352580994367599,0.0308992713689804,0.0200281273573637,-0.1193193718791008,-0.3131940960884094,-1.1637623310089111,-2.058854103088379,3.0887036323547363,198.1122589111328
CRR_0898,CRR,8177.822509657513,0.0845263600349426,0.0224540121853351,0.0048445300199091,0.0216128248721361,0.0244900025427341,0.0161926504224538,-0.4375150799751282,-0.7881125807762146,-1.6310561895370483,-2.437450647354126,3.5443077087402344,198.75265502929688
CRR_0899,CRR,8658.75876092943,0.0493880286812782,0.0494684986770153,0.0487728305160999,0.0549738518893718,0.0458751395344734,0.0208753552287817,-0.5333763360977173,-0.8863286972045898,-1.3809561729431152,-1.89587664604187,3.099149703979492,198.35321044921875
CRR_0900,CRR,7329.01412889968,0.0166995301842689,0.0149597870185971,0.0327642522752285,0.0393994748592376,0.0350592322647571,0.0232632923871278,-0.2968863844871521,-0.5665289759635925,-1.3660178184509275,-2.244399309158325,3.2752466201782227,198.2218780517578
CRR_0901,CRR,7681.050246552473,0.0037682261317968,0.0144790960475802,0.0211389437317848,0.0273649375885725,0.0261403750628232,0.0186706278473138,0.005733354948461,-0.2082991749048233,-1.1003893613815308,-2.028184652328491,3.079467296600342,198.14205932617188
CRR_0902,CRR,7998.377607131174,0.017215671017766,0.0229486096650362,0.0223843585699796,0.0234781727194786,0.0178198553621768,0.0155195668339729,-0.1106246337294578,-0.3416847884654999,-1.2661356925964355,-2.1924383640289307,3.266709327697754,198.4121856689453
CRR_0903,CRR,8631.294634572301,0.0311285648494958,0.011387332342565,0.0195359885692596,0.0278768613934516,0.0275313071906566,0.0149834668263793,-0.3451214432716369,-0.7622150182723999,-1.5488866567611694,-2.332760810852051,3.4751553535461426,198.7624664306641
CRR_0904,CRR,9185.324046706664,0.1679273843765258,0.1188975796103477,0.0919717401266098,0.0757092535495758,0.049852579832077,0.0212888810783624,-0.6578272581100464,-0.9075664281845092,-1.2545995712280271,-1.7082016468048096,2.9605116844177246,198.3029327392578
CRR_0905,CRR,8044.0403800753775,0.0138404369354248,0.0273287296295166,0.0245510432869195,0.0229735374450683,0.0224748440086841,0.0176564548164606,-0.1342192143201828,-0.3931246697902679,-1.3003504276275637,-2.2473511695861816,3.323194026947021,198.4318084716797
CRR_0906,CRR,8348.318643161352,0.0090575255453586,0.0181278884410858,0.0243314132094383,0.026134718209505,0.0113799981772899,0.0134241441264748,-0.1115023493766784,-0.4053066372871399,-1.3282963037490845,-2.252635955810547,3.351630210876465,198.56207275390625
CRR_0907,CRR,7665.887000247176,0.0428627654910087,0.0351402945816516,0.0341740697622299,0.0429342575371265,0.0461287125945091,0.0282611139118671,-0.5630515217781067,-1.0537021160125732,-1.7341092824935913,-2.540901899337769,3.612053871154785,198.4913482666016
CRR_0908,CRR,8142.579962698747,0.0022161814849823,0.0064660287462174,0.0193135943263769,0.0200501848012208,0.0345495231449604,0.0223763324320316,-0.3096241056919098,-0.7027870416641235,-1.518333911895752,-2.433546304702759,3.52155876159668,198.57144165039065
CRR_0909,CRR,9358.77366724006,0.0355901345610618,0.0890552029013633,0.0952418223023414,0.0792475566267967,0.0420341305434703,0.0168611407279968,-0.8288180828094482,-1.1411153078079224,-1.6618096828460691,-2.301238536834717,3.5124411582946777,198.9322967529297
CRR_0910,CRR,8229.620188748933,0.0239094290882349,0.0189997944980859,0.0371692925691604,0.0474281720817089,0.04777817055583,0.0269964579492807,-0.5306767225265503,-0.9804880619049072,-1.645621657371521,-2.491318464279175,3.597611904144287,198.5811462402344
CRR_0911,CRR,8931.068293313734,0.1153684556484222,0.1103551611304283,0.0772513225674629,0.0250806510448455,0.001833107555285,0.0112221390008926,-0.6020689606666565,-1.1066800355911257,-1.971833109855652,-2.8877627849578857,4.02277946472168,199.33169555664065
CRR_0912,CRR,8568.29807943144,0.0026387753896415,0.0069374325685203,0.0118530485779047,0.0304096825420856,0.0341163538396358,0.0208706445991992,-0.2374906837940216,-0.6071569323539734,-1.3936971426010132,-2.3161637783050537,3.430386543273926,198.56126403808597
CRR_0913,CRR,9058.41597849287,0.0108411302790045,0.0323974266648292,0.0542020760476589,0.0175899770110845,0.0068358499556779,0.0105545492842793,-0.5771306753158569,-1.1336666345596311,-1.9705500602722168,-2.8638670444488525,4.009106159210205,199.35171508789065
CRR_0914,CRR,9187.302746340534,0.0084621105343103,0.0240943692624568,0.0353314355015754,0.0178022310137748,0.0130632808431983,0.0103621864691376,-0.6026450991630554,-1.1869398355484009,-1.9832767248153689,-2.848071336746216,4.004860877990723,199.3817443847656
CRR_0915,CRR,9624.6952200859,0.0183148402720689,0.0261518768966197,0.0546221248805522,0.048433881253004,0.0158576946705579,0.0098738800734281,-0.7019523978233337,-1.224442481994629,-1.919254302978516,-2.741395711898804,3.924832820892334,199.39146423339844
CRR_0916,CRR,9753.34134963506,0.0274849627166986,0.041748508810997,0.1014069989323616,0.0601498372852802,0.017095286399126,0.0099441930651664,-0.7610873579978943,-1.2084386348724363,-1.869321346282959,-2.672717571258545,3.864841938018799,199.3614196777344
CRR_0917,CRR,9868.080585586617,0.0763341784477233,0.1992981433868408,0.1790364682674408,0.0748480781912803,0.0213821809738874,0.0105445282533764,-0.8576862812042236,-1.1852494478225708,-1.8027665615081787,-2.5735771656036377,3.7757625579833984,199.3014373779297
CRR_0918,CRR,8369.835791150183,0.0370131097733974,0.0671121925115585,0.0754456222057342,0.0822987928986549,0.0634245052933693,0.0332320034503936,-0.4498295783996582,-0.5077776908874512,-0.6923337578773499,-1.3617863655090332,2.5476298332214355,197.47044372558597
CRR_0919,CRR,10016.809041698703,0.0985664501786232,0.0768982097506523,0.0652389675378799,0.0272074025124311,0.0006606255774386,0.009887927211821,-0.6395071744918823,-1.072265863418579,-1.716997146606445,-2.546417474746704,3.7451963424682617,199.27099609375
CRR_0920,CRR,9861.82496222475,0.0576479136943817,0.0829453989863395,0.0926047638058662,0.0508533716201782,0.0195972248911857,0.0137440441176295,-0.7029939889907837,-1.101589322090149,-1.730751395225525,-2.6035802364349365,3.7900452613830566,199.23080444335935
CRR_0921,CRR,8871.654068813958,0.061208352446556,0.0931722372770309,0.0911149159073829,0.0714984238147735,0.0565634109079837,0.0301567148417234,-0.1837534457445144,-0.1133122965693473,-0.3444598317146301,-1.0872021913528442,2.280881404876709,197.37034606933597
CRR_0922,CRR,8234.10818484829,0.0213162470608949,0.0388024300336837,0.0482984595000743,0.0642289295792579,0.0616112388670444,0.035611942410469,-0.3934995532035827,-0.2974913418292999,-0.2221290469169616,-0.7761519551277161,2.014462471008301,196.8800811767578
CRR_0923,CRR,8155.264204649451,0.0726015791296958,0.0626725703477859,0.0552007183432579,0.0583428479731082,0.0601474419236183,0.0362266451120376,-0.3264857530593872,-0.2129841893911361,-0.0678734630346298,-0.5833112597465515,1.8392157554626465,196.6799468994141
CRR_0924,CRR,11161.092421815349,0.0221768878400325,0.0595138780772686,0.0759454146027565,0.067608818411827,0.037082053720951,0.0169328358024358,-0.106388583779335,-0.0774336010217666,-0.4905911087989807,-0.9183930158615112,2.227329730987549,198.0709686279297
CRR_0925,CRR,8988.979627874436,0.0169046856462955,0.0362813360989093,0.0443873517215251,0.0480260029435157,0.0514680668711662,0.0323653034865856,-0.4645794928073883,-0.3756432235240936,-0.3223360776901245,-0.9841569066047668,2.2557153701782227,197.46954345703125
CRR_0926,CRR,8676.537366820236,0.0266777034848928,0.0305588785558938,0.0628479942679405,0.0550963319838047,0.0500758774578571,0.0360568799078464,-0.680095911026001,-0.6812729835510254,-0.4727253913879394,-1.031200289726257,2.351116180419922,197.45916748046875
CRR_0927,CRR,9341.32426583508,0.1058269515633583,0.0797868221998214,0.0236745942384004,0.0404506362974643,0.0519559383392334,0.0310634914785623,-0.4883240759372711,-0.4381922483444214,-0.4320154786109924,-1.1335206031799316,2.4317502975463867,197.80918884277344
CRR_0928,CRR,9192.222141728982,0.0303280036896467,0.0738654658198356,0.0694450214505195,0.0581633187830448,0.0539527311921119,0.0349732935428619,-0.3872418701648712,-0.3279451429843902,-0.2169374674558639,-0.871755838394165,2.2191390991210938,197.5587158203125
CRR_0929,CRR,9861.990122023471,0.026570925489068,0.0387142971158027,0.0581693425774574,0.0660076141357421,0.0564512833952903,0.0300969704985618,-0.446084201335907,-0.4417912662029266,-0.5980068445205688,-1.3601689338684082,2.713387966156006,198.3385009765625
CRR_0930,CRR,11969.510312210472,0.2311481088399887,0.2264411002397537,0.1526030302047729,0.0759655833244323,0.0376975610852241,0.0164227485656738,-0.9968127012252808,-1.402292013168335,-1.7492377758026123,-2.181684255599976,3.643293857574463,199.88877868652344
CRR_0931,CRR,10866.657858157629,0.0332580208778381,0.0526311509311199,0.0558689162135124,0.0603206120431423,0.0308286268264055,0.0193007364869117,-0.0257635582238435,-0.2182046175003051,-0.7851361036300659,-1.5344972610473633,2.9080023765563965,198.89849853515625
CRR_0932,CRR,9028.75199342444,0.0573450587689876,0.0464475043118,0.0396492481231689,0.0612775310873985,0.0538803003728389,0.0411872491240501,-0.1456614434719085,0.2336532920598983,0.3172950446605682,-0.2661125063896179,1.7128114700317385,196.9579620361328
CRR_0933,CRR,9273.776322801194,0.0305748693645,0.0460894405841827,0.0598355345427989,0.0653588399291038,0.0578422397375106,0.0412366911768913,-0.16797536611557,0.2051402926445007,0.1799978166818618,-0.4580593407154083,1.914505958557129,197.26776123046875
CRR_0934,CRR,10902.963086377784,0.008253757841885,0.022415667772293,0.0638958439230918,0.0752030164003372,0.0410039834678173,0.0242436807602643,-0.5322703123092651,-0.939985990524292,-1.584710717201233,-2.406893730163574,3.8238911628723145,199.90771484375
CRR_0935,CRR,9626.687846627849,0.0135391466319561,0.0493497550487518,0.0768426731228828,0.0733747258782386,0.0622829273343086,0.0401303544640541,-0.2343171536922454,0.0872901976108551,-0.0910089462995529,-0.8104930520057678,2.267164707183838,197.78753662109372
CRR_0936,CRR,9431.955618479971,0.0545703843235969,0.0837688818573951,0.0750894621014595,0.0736011490225792,0.0591739863157272,0.0449805222451686,-0.2209549695253372,0.0325572453439235,-0.2323853373527526,-0.8597540259361267,2.375840663909912,197.75726318359372
CRR_0937,CRR,10140.936111545494,0.025762416422367,0.0520169734954834,0.0776011571288108,0.0776471942663192,0.0647716149687767,0.0376875735819339,-0.4260355234146118,-0.2077279537916183,-0.6497250199317932,-1.4721285104751587,2.927764415740967,198.69723510742188
CRR_0938,CRR,10813.935315129233,0.005014888010919,0.0117821842432022,0.0479090921580791,0.0875814110040664,0.0537576600909233,0.0306091345846653,-0.0323430076241493,-0.1069348603487014,-0.8312994837760925,-1.7310459613800049,3.1702303886413574,199.2670745849609
CRR_0939,CRR,12928.536750295309,0.1822420060634613,0.1688489615917205,0.1885878890752792,0.1280535906553268,0.0612539984285831,0.0329499654471874,-0.0369205400347709,0.0192029867321252,-0.3187107145786285,-1.2782890796661377,2.646243095397949,199.94512939453125
CRR_0940,CRR,12166.584032439609,0.1002638489007949,0.0679152607917785,0.0683952197432518,0.0318205282092094,0.0278191231191158,0.0374039560556411,-0.1908179372549057,-0.9523510932922364,-2.0359013080596924,-3.146594762802124,4.5068359375,201.44503784179688
CRR_0941,CRR,12479.26515490594,0.0988117009401321,0.0941040217876434,0.0316866375505924,0.0535499043762683,0.0312699861824512,0.0342618115246295,-0.8294807076454163,-1.5172545909881592,-2.438828945159912,-3.553775787353516,4.886033058166504,202.01498413085935
CRR_0942,CRR,12117.61496025726,0.0672795549035072,0.0555215738713741,0.0645452886819839,0.0449750237166881,0.033723097294569,0.0398511588573455,-0.1386951506137848,-0.8664887547492981,-1.9780726432800293,-3.0841732025146484,4.4496612548828125,201.3549346923828
CRR_0943,CRR,11904.214612429334,0.0242233909666538,0.0368131026625633,0.0570220910012722,0.0708993151783943,0.055900003761053,0.0461714603006839,-0.4463644027709961,-1.0415555238723757,-2.1350648403167725,-3.173494815826416,4.579319000244141,201.3248748779297
CRR_0944,CRR,10598.662153202766,0.0984603241086006,0.1889204680919647,0.205563336610794,0.1572254449129104,0.1123784855008125,0.0667840391397476,-0.2001732289791107,0.0038232740480452,-0.0635218098759651,-0.2600804567337036,2.082768440246582,197.6551055908203
CRR_0945,CRR,14149.680992009722,0.0471017956733703,0.0826247557997703,0.0880618467926979,0.0781562030315399,0.0611237809062004,0.0390571951866149,-0.1369920670986175,0.0490731969475746,-0.2043912559747696,-1.4470691680908203,2.4810571670532227,200.8233795166016
CRR_0946,CRR,14102.678356461103,0.2314915955066681,0.1552304625511169,0.1219023615121841,0.086802989244461,0.0559402778744697,0.0383222512900829,-0.3821739256381988,-0.3177370727062225,-0.7378500699996948,-2.044029235839844,3.056437492370605,201.4032287597656
CRR_0947,CRR,11803.721722294116,0.029885746538639,0.0621757730841636,0.0924265459179878,0.1153225973248481,0.1092212200164794,0.0671212971210479,-0.2941575646400451,-0.3840899169445038,-0.8309006094932556,-1.3220993280410769,2.92411470413208,199.35403442382807
CRR_0948,CRR,12493.366359349451,0.0068431473337113,0.0600174330174922,0.1025834456086158,0.1122346967458725,0.0984739065170288,0.0637587234377861,-0.3592703640460968,-0.4373428225517273,-1.1989033222198486,-1.949791431427002,3.373724937438965,200.3734436035156
CRR_0949,CRR,13140.856654203566,0.0863830596208572,0.0807797759771347,0.0840251594781875,0.1016682609915733,0.0703252777457237,0.0551957637071609,-0.2296441048383712,-0.5815443992614746,-1.6455286741256714,-2.7287518978118896,3.937127113342285,201.54302978515625
CRR_0950,CRR,12338.680015339676,0.0524858422577381,0.1106925085186958,0.1227061077952385,0.1174093261361122,0.1114761009812355,0.0687636509537696,-0.2068530768156051,-0.2063033282756805,-0.6580706238746643,-1.0866109132766724,2.656667709350586,199.3733673095703
CRR_0951,CRR,13001.852497309035,0.2005978524684906,0.1888276785612106,0.1454410105943679,0.1125242337584495,0.089117556810379,0.0612323731184005,-0.1494842022657394,-0.3630739450454712,-1.2988879680633545,-2.185048818588257,3.482511520385742,200.89295959472656
CRR_0952,CRR,12038.1176172708,0.0369030460715293,0.0741114392876625,0.1013373434543609,0.1279792189598083,0.1141213253140449,0.0689974054694175,-0.3358407616615295,-0.3005253076553345,-0.1387361139059066,0.0050025698728859,1.887010097503662,198.00335693359372
CRR_0953,CRR,14429.25259334312,0.0297446530312299,0.0484075769782066,0.0900454819202423,0.0872943401336669,0.0689185559749603,0.0546283572912216,-0.3967546820640564,-0.8765119910240173,-2.024465084075928,-3.022228717803955,3.9458255767822266,202.5113220214844
CRR_0954,CRR,13183.486623114162,0.1326876729726791,0.1712067276239395,0.2025559991598129,0.177627831697464,0.120878666639328,0.0648318752646446,-0.5754038691520691,-0.7021497488021851,-0.4793944656848907,-0.2989736497402191,2.309819221496582,198.8521423339844
CRR_0955,CRR,14401.25167110693,0.0420857928693294,0.0447604916989803,0.0531575456261634,0.0923896431922912,0.1034035384654998,0.0612041689455509,-0.412896454334259,-0.7516424059867859,-1.3704005479812622,-1.7757248878479004,3.0562057495117188,201.1110076904297
CRR_0956,CRR,14626.724952539258,0.0449744723737239,0.0629272386431694,0.0584561713039875,0.0943145453929901,0.1026750281453132,0.0593769140541553,-0.2532459199428558,-0.5765969753265381,-1.0878019332885742,-1.41004478931427,2.6938610076904297,200.85069274902344
CRR_0957,CRR,15261.461384280692,0.0636761039495468,0.0287587121129035,0.0554762631654739,0.0806855112314224,0.076250709593296,0.0525722540915012,0.0019636021461337,-0.2406097203493118,-1.116201877593994,-1.7997039556503296,2.6528711318969727,201.69012451171875
CRR_0958,CRR,13979.481480910898,0.2403004020452499,0.2918087840080261,0.2671658396720886,0.1644891798496246,0.1084009632468223,0.0568089634180069,-0.0567633099853992,0.2804771959781647,0.875436544418335,1.2106276750564575,1.1828761100769043,197.68121337890625
CRR_0959,CRR,15569.274347980254,0.0386818088591098,0.0472699292004108,0.0267027243971824,0.0679198205471038,0.075385682284832,0.0507676601409912,-0.2156171649694442,-0.5677844882011414,-1.2628240585327148,-1.8076552152633667,2.6891632080078125,201.83969116210935
CRR_0960,CRR,14548.983502435658,0.1748220175504684,0.2202972173690796,0.2092131078243255,0.1560491025447845,0.1047444567084312,0.0547920502722263,-0.3961923122406006,-0.2475068420171737,0.1310958862304687,0.3474060893058777,1.580972671508789,198.88058471679688
CRR_0961,CRR,15491.073084663263,0.0830954313278198,0.0684653148055076,0.063238151371479,0.086242489516735,0.0831815004348754,0.0512098260223865,-0.815453052520752,-1.2593305110931396,-1.6516326665878296,-1.9088248014450075,3.025017738342285,201.8196258544922
CRR_0962,CRR,16569.78395244194,0.0805212259292602,0.1057492345571518,0.107514351606369,0.0914590209722518,0.0664365068078041,0.0440045669674873,-1.1516577005386353,-1.380590558052063,-1.5201706886291504,-1.9219621419906616,2.885188102722168,202.51840209960935
CRR_0963,CRR,14893.61806065681,0.0663317963480949,0.0314516089856624,0.0473956912755966,0.1019569337368011,0.0838752463459968,0.0478373542428016,-0.2885848879814148,0.1641698479652404,0.8761976361274719,1.2419129610061646,0.8611125946044922,198.06016540527344
CRR_0964,CRR,16310.11993157462,0.0646319761872291,0.0897281914949417,0.0871584862470626,0.0842942148447036,0.0593627914786338,0.0427344255149364,-0.475179374217987,-0.8334338068962097,-0.8638054728507996,-0.9627264142036438,2.1427459716796875,201.30853271484372
CRR_0965,CRR,16800.85421868222,0.1502131521701812,0.1776557266712188,0.1457042247056961,0.0886766538023948,0.0564566291868686,0.0410181954503059,-0.7376614809036255,-0.8242918848991394,-0.6588351726531982,-0.8202182054519653,2.042427062988281,201.4879913330078
CRR_0966,CRR,16152.772451271385,0.0338532216846942,0.0825096368789672,0.1356584131717682,0.100191593170166,0.0601074881851673,0.0424474254250526,-0.4677780568599701,-0.6975386142730713,-0.6566767692565918,-0.6460710167884827,1.9091901779174805,200.84869384765625
CRR_0967,CRR,15591.926692310726,0.115907035768032,0.1254617273807525,0.1262008100748062,0.1067534759640693,0.0744412094354629,0.0446062684059143,-0.0553458929061889,0.1752578914165496,0.5041905045509338,0.7103689908981323,0.8565530776977539,199.059326171875
CRR_0968,CRR,16380.386551733289,0.0512810684740543,0.1182138323783874,0.1380823403596878,0.0880521163344383,0.0512042976915836,0.0399257652461528,-0.5357533693313599,-0.6878644227981567,-0.5543397068977356,-0.5061983466148376,1.803262710571289,200.8283843994141
CRR_0969,CRR,16530.26469958122,0.0681467205286026,0.117545448243618,0.1245401874184608,0.0813490524888038,0.0478017926216125,0.0390226319432258,-0.4715942144393921,-0.6208599805831909,-0.4509158730506897,-0.4143208861351013,1.7177457809448242,200.8382110595703
CRR_0970,CRR,14845.871561111422,0.0687583684921264,0.0953092277050018,0.096138522028923,0.0782580524682998,0.064443826675415,0.0438138656318187,-0.2459319680929184,0.1778867989778518,1.1936315298080444,1.6463152170181274,0.528782844543457,197.42027282714844
CRR_0971,CRR,15533.337175248553,0.0100977309048175,0.04052459821105,0.0591684877872467,0.0762834548950195,0.0690443739295005,0.0427904427051544,-0.191377654671669,0.1774159222841262,0.7736130952835083,1.090583562850952,0.6133432388305664,198.5293884277344
CRR_0972,CRR,16472.131708245226,0.0249220058321952,0.0251331310719251,0.0439421571791172,0.0458976328372955,0.038719892501831,0.0357005894184112,-0.0356502942740917,0.0977420285344123,0.4293490946292877,0.6466832160949707,0.7944736480712891,199.59817504882807
CRR_0973,CRR,17144.552543770085,0.1482419371604919,0.1310751736164093,0.0915091261267662,0.0481449253857135,0.0266287662088871,0.032987393438816,-0.3036651611328125,-0.1000982895493507,0.3942840993404388,0.5614468455314636,1.0017108917236328,200.1773376464844
CRR_0974,CRR,15350.934732556894,0.0473925024271011,0.0403392240405082,0.0453431643545627,0.0629743039608001,0.0653609633445739,0.0435901917517185,-0.4593727886676788,-0.1443629115819931,0.6639023423194885,0.963646650314331,0.8848581314086914,198.2797393798828
CRR_0975,CRR,15637.185392230916,0.0349179655313491,0.0631176233291626,0.0635292083024978,0.0695996880531311,0.0647370368242263,0.042290836572647,-0.3300020694732666,-0.0215177573263645,0.6960338950157166,0.9889187812805176,0.7443904876708984,198.4893341064453
CRR_0976,CRR,17727.90801883854,0.0147697702050209,0.0360356047749519,0.0281842090189456,0.0219326168298721,0.0237425807863473,0.0323649905622005,-0.0400398038327693,0.4328675270080566,1.2325178384780884,1.4337503910064695,0.4574804306030273,199.67654418945312
CRR_0977,CRR,15469.723432303215,0.0997772514820098,0.0484457612037658,0.0365538336336612,0.0628035515546798,0.0654357075691223,0.0433446913957595,-0.2593418955802917,0.0621665753424167,0.8336544632911682,1.1184042692184448,0.6966991424560547,198.1996154785156
CRR_0978,CRR,17490.252798549427,0.0513425879180431,0.0739963054656982,0.0478667691349983,0.0195698607712984,0.0104459440335631,0.0291193798184394,-0.1440677493810653,0.1943457573652267,0.8338203430175781,1.0974164009094238,0.6364240646362305,199.78680419921875
CRR_0979,CRR,17008.846714175143,0.0442006476223468,0.0657225921750068,0.057309154421091,0.0246539805084466,0.0200556609779596,0.0310310274362564,-0.1739466935396194,-0.1160618662834167,0.2904249131679535,0.543056070804596,0.9649372100830078,199.9574432373047
CRR_0980,CRR,16439.20418292757,0.1334452927112579,0.1282451897859573,0.1116189360618591,0.0806254148483276,0.0513797365128994,0.0368940010666847,-0.7771502137184143,-0.7696595191955566,-0.3571036159992218,-0.1234039813280105,1.638956069946289,200.1582489013672
CRR_0981,CRR,16041.497388942938,0.10256028175354,0.1114920377731323,0.0879813134670257,0.0769523680210113,0.0652619451284408,0.0418357849121093,-0.0369376689195632,0.2527523338794708,0.7996550798416138,0.9799715876579284,0.6358985900878906,198.6688537597656
CRR_0982,CRR,16028.634662450504,0.0056550917215645,0.0618680901825428,0.0811400488018989,0.0713376924395561,0.0692097693681716,0.043965071439743,-0.0541252270340919,0.3155064284801483,0.789653480052948,0.8408596515655518,0.7604265213012695,198.6590118408203
CRR_0985,CRR,17840.444526125542,0.05438918992877,0.0395492240786552,0.0264616422355175,0.0292303245514631,0.0143073657527565,0.0264072082936763,-0.0373111069202423,0.272453635931015,0.9205783009529114,1.2397810220718384,0.4905662536621094,199.7362518310547
CRR_0986,CRR,18140.23937800153,0.0025929159019142,0.0204576794058084,0.0210145637392997,0.0157120153307914,0.0122358836233615,0.0254894588142633,-0.3080091774463653,0.0800990164279937,0.8733130693435669,1.2341623306274414,0.6240196228027344,199.935791015625
CRR_0987,CRR,17653.146954471613,0.0448511578142643,0.0734564140439033,0.0591707415878772,0.0483203120529651,0.0478928238153457,0.0347113832831382,-1.07885479927063,-1.4146430492401123,-1.2806609869003296,-1.2323012351989746,2.696889877319336,201.81661987304688
CRR_0988,CRR,18889.77852720884,0.0210925843566656,0.0067852642387151,0.0214246027171611,0.0353044942021369,0.0365972071886062,0.0272155925631523,-0.2840987145900726,0.1459980010986328,0.9207016825675964,1.26350736618042,0.6271848678588867,200.1946258544922
CRR_0989,CRR,17938.78243967283,0.0466197542846202,0.0403006561100482,0.0490499958395957,0.0512610450387001,0.0540383085608482,0.0358281545341014,-0.8853278160095215,-1.2074793577194214,-1.212971568107605,-1.2895241975784302,2.714594841003418,201.94625854492188
CRR_0990,CRR,18591.851196420102,0.0674807280302047,0.0781899020075798,0.0756480991840362,0.0763061121106147,0.0543257817625999,0.032145582139492,-0.039079662412405,0.2001084983348846,0.4990636706352234,0.5950202941894531,0.9785232543945312,200.53515625
CRR_0991,CRR,18482.428738563645,0.0338140912353992,0.068069964647293,0.0706578344106674,0.05830929428339,0.0626191869378089,0.0355663485825061,-1.1135705709457395,-1.383863091468811,-1.6807869672775269,-1.982732892036438,3.327542304992676,202.7955474853516
CRR_0992,CRR,17507.017359536374,0.0380057953298091,0.0671049281954765,0.0725665017962455,0.0701929032802581,0.0657700151205062,0.0365845113992691,-0.386204332113266,-0.3141750991344452,-0.9022001028060912,-1.5386717319488523,2.867598533630371,201.4475555419922
CRR_0993,CRR,19682.17416196829,0.0821769684553146,0.0443234182894229,0.0900442600250244,0.0832807645201683,0.0639659464359283,0.0322764404118061,-0.428311675786972,-0.1058921888470649,0.4357573688030243,0.6087765693664551,1.215470314025879,201.13331604003903
CRR_0994,CRR,20068.9591121168,0.0538360550999641,0.067374899983406,0.0864409208297729,0.0930210351943969,0.0769911929965019,0.0347357913851738,-0.475153386592865,-0.2888802886009216,-0.073543794453144,-0.0938260853290557,1.7077226638793943,201.92271423339844
CRR_0995,CRR,18515.39013671061,0.0282882712781429,0.0392721518874168,0.0731028392910957,0.0881700739264488,0.0528653189539909,0.0313899926841259,-0.0386973619461059,0.0837763771414756,-0.8210388422012329,-1.5440196990966797,2.790468215942383,201.96609497070312
CRR_0996,CRR,20039.30217825428,0.145620658993721,0.1315457969903946,0.1187201142311096,0.1232231482863426,0.0969159454107284,0.0450223088264465,-0.8323116302490234,-0.9438989758491516,-0.9044190645217896,-1.2312736511230469,2.845479965209961,201.6951446533203
CRR_0997,CRR,20203.78560082784,0.1296114474534988,0.1168797090649604,0.1037450805306434,0.1144012063741684,0.0953876748681068,0.0456960201263427,-0.8401861190795898,-0.8373734354972839,-0.4920545220375061,-0.7132591009140015,2.446272850036621,201.16506958007807
CRR_0998,CRR,20304.69357657115,0.0595427118241786,0.0958119556307792,0.098592422902584,0.1101962924003601,0.0923727750778198,0.0458085909485816,-0.7621633410453796,-0.6969952583312988,-0.1850713044404983,-0.3518695831298828,2.156259536743164,200.80502319335935
CRR_1000,CRR,20425.26770954977,0.0395642705261707,0.0887399017810821,0.1055457964539527,0.10576843470335,0.0874404236674308,0.0457432009279727,-0.9957290887832642,-0.8581095337867737,-0.1684098690748214,-0.2780443429946899,2.169528007507324,200.73497009277344
CRR_1003,CRR,22189.60989747514,0.0733233168721199,0.1114483997225761,0.0864818915724754,0.0869009867310524,0.0826602727174758,0.0503950044512748,-0.2681939601898193,0.2109275013208389,0.8841637372970581,0.1486243605613708,0.9210166931152344,201.31100463867188
CRR_1004,CRR,22767.6079375045,0.0220510251820087,0.0434076376259326,0.0914734154939651,0.0886261239647865,0.0808847621083259,0.0507361739873886,-0.1516367644071579,0.4431347548961639,1.0022118091583252,0.0971009284257888,0.8165721893310547,201.5299530029297
CRR_1005,CRR,21558.85210228103,0.0246986672282218,0.0419132225215435,0.0264618266373872,0.0356282219290733,0.0527683831751346,0.04265958070755,-0.1277646720409393,0.6973575949668884,1.9652141332626345,2.066355466842652,0.6038732528686523,198.42434692382807
CRR_1006,CRR,23012.686390380844,0.0489603206515312,0.112275406718254,0.1108546629548072,0.110333576798439,0.0918702110648155,0.0494192987680435,-0.1966928988695144,0.2164227217435836,0.6846072673797607,0.0521305091679096,0.8066587448120117,201.2506256103516
CRR_1007,CRR,24555.52374411844,0.0428780205547809,0.0752013474702835,0.1070463880896568,0.1150629371404647,0.0642377212643623,0.0411365628242492,-0.4742816984653473,-0.7671830058097839,-1.549017310142517,-2.9013171195983887,2.7312135696411133,204.88661193847656
CRR_1008,CRR,26311.227633032428,0.0999547466635704,0.1362804621458053,0.1474880576133728,0.1350786089897155,0.0963513702154159,0.0516049079596996,-0.7847771048545837,-1.1241132020950315,-1.898896217346192,-2.321235418319702,3.23175048828125,203.95489501953125
CRR_1009,CRR,26581.551821365232,0.1433024108409881,0.1526483595371246,0.2133741229772567,0.1391652375459671,0.100793071091175,0.0533358491957187,-1.2160542011260986,-1.3237614631652832,-1.8399832248687744,-2.053828954696656,3.192349433898926,203.64456176757807
CRR_1010,CRR,25537.83790244345,0.3375232219696045,0.2369363605976104,0.1824262291193008,0.142690822482109,0.1024342104792594,0.0442984253168106,-0.4992803633213043,0.109425202012062,0.1356694251298904,0.24289570748806,1.419285774230957,200.7091217041016
CRR_1011,CRR,26398.696426366583,0.0794721767306327,0.1053608506917953,0.1324814409017563,0.1248458251357078,0.0995712354779243,0.0495385527610778,0.2146818488836288,0.6887945532798767,0.9868826270103456,1.2739627361297607,0.6655092239379883,199.8571319580078
CRR_1012,CRR,25234.736931683507,0.2934492528438568,0.3159618079662323,0.2435866445302963,0.0969657599925994,0.0743735879659652,0.0387413762509822,-0.5738251209259033,-0.492757499217987,0.1699027866125106,0.7621943950653076,1.5852441787719729,199.84075927734372
CRR_1013,CRR,26000.000580454096,0.0360181704163551,0.0263854078948497,0.0535101033747196,0.0726666152477264,0.0801063254475593,0.0446218810975551,-0.1715035289525985,0.642837643623352,1.4078234434127808,2.0149567127227783,0.6964187622070312,198.8486175537109
CRR_1014,CRR,27520.872232488346,0.204458862543106,0.1686031222343444,0.1518522948026657,0.0741441324353218,0.0792488753795623,0.0493941754102706,-0.677197277545929,-0.8037431240081787,-0.2905581593513489,0.4472982287406921,1.8127374649047847,200.80438232421875
CRR_1015,CRR,27166.812287263376,0.1300635337829589,0.1062763482332229,0.0878707244992256,0.0629701241850853,0.0350979007780551,0.0334980301558971,-0.2057137936353683,0.1598265171051025,1.2169095277786257,2.643684148788452,0.5257816314697266,198.08694458007807
CRR_1016,CRR,28035.58056955045,0.0227367375046014,0.045840997248888,0.0506488420069217,0.0416554175317287,0.0340064503252506,0.0334231741726398,-0.9320300221443176,-0.8892936110496521,-0.0097457114607095,1.4936509132385254,1.4491949081420898,199.3844757080078
CRR_1017,CRR,27312.20621970253,0.0588082037866115,0.063883252441883,0.0636517629027366,0.0476350337266922,0.0255352612584829,0.0289086028933525,-0.4276301860809326,-0.0765831992030143,0.9508798718452454,2.524367094039917,0.6741952896118164,198.11703491210935
CRR_1018,CRR,28917.022162911268,0.1814642250537872,0.0780247971415519,0.0349210016429424,0.0107519794255495,0.0314391516149044,0.0323107354342937,-0.0206239428371191,0.4521538019180298,1.269858717918396,2.8304688930511475,0.5894899368286133,198.18186950683597
CRR_1019,CRR,28287.26578182046,0.0521018020808696,0.059879295527935,0.0664955601096153,0.0294359363615512,0.0253696702420711,0.0289378724992275,-0.5050472021102905,-0.3792193233966827,0.4630547165870666,2.1048388481140137,0.8700761795043945,198.69419860839844
CRR_1020,CRR,28350.18855855055,0.1033032834529876,0.0838164463639259,0.0619761534035205,0.026669692248106,0.0236059334129095,0.0278481449931859,-0.5483561158180237,-0.4051617681980133,0.4228720366954803,,0.8710775375366211,198.6841278076172
CRR_1021,CRR,29741.012081083016,0.0162408221513032,0.0326478630304336,0.0286979600787162,0.0183591935783624,0.0286617446690797,0.0290762670338153,-0.6341620683670044,-0.4390482306480407,0.2675239145755768,1.9544624090194704,1.0374555587768557,199.09954833984372
CRR_1022,CRR,28850.92685698697,0.0247088465839624,0.0146139059215784,0.0183633677661418,0.013376036658883,0.0212910883128643,0.0276583600789308,-0.1467141807079315,0.1591594070196151,0.9518759250640868,2.635303497314453,0.5732259750366211,198.2225646972656
CMR_0030,CMR,342.499710666632,0.0584232807159423,0.0717406570911407,0.0508700758218765,0.040272906422615,0.0449230186641216,0.0293018706142902,0.0037857419811189,0.2968269288539886,0.7843173146247864,1.4470412731170654,0.3532056808471679,0.3774027824401855
CMR_0031,CMR,436.29212689010143,0.0179961379617452,0.0196198858320713,0.034543041139841,0.0399793162941932,0.0455208420753479,0.0300528313964605,-0.2030590176582336,0.0186805743724107,0.5708884596824646,1.277500867843628,0.4456825256347656,0.4633464813232422
CMR_0032,CMR,434.9905990173459,0.024384805932641,0.0321625173091888,0.0392676629126071,0.0428747981786727,0.0438980646431446,0.0301845390349626,-0.3710157573223114,-0.1826489716768264,0.4387364089488983,,0.4930906295776367,0.5161995887756348
CMR_0033,CMR,688.8018533049128,0.0452658124268054,0.0573060475289821,0.0647636875510215,0.053830150514841,0.0489450730383396,0.0307916663587093,-0.0979940742254257,0.1295127719640731,0.5393148064613342,1.0932353734970093,0.402564525604248,0.5176606178283691
CMR_0034,CMR,432.3154355027565,0.0086757782846689,0.043633546680212,0.0564419105648994,0.0447163209319114,0.0327161587774753,0.0291354097425937,-0.035445712506771,0.3233450353145599,1.083890676498413,,0.3404378890991211,0.3451080322265625
CMR_0035,CMR,943.732096576992,0.0213040616363286,0.033703938126564,0.0500296168029308,0.0552079267799854,0.0444341450929641,0.0318127311766147,-0.4089998304843902,-0.1990230530500412,0.4474210441112518,,0.5894694328308105,0.6301102638244629
CMR_0036,CMR,615.4084349979144,0.0544518157839775,0.0377130024135112,0.0511112287640571,0.0417017042636871,0.0329515971243381,0.0295385532081127,-0.1125488579273223,0.2817467451095581,1.020939826965332,,0.3599100112915039,0.3618011474609375
CMR_0037,CMR,1120.8705060356192,0.0258798636496067,0.0416872985661029,0.0600217320024967,0.0605036206543445,0.053456112742424,0.0331403836607933,-0.5828444361686707,-0.4553236067295074,-0.0179082322865724,0.5348986387252808,0.8246016502380371,1.00960111618042
CMR_0038,CMR,1174.570155420828,0.0168846137821674,0.0563837140798568,0.0679691061377525,0.0549631044268608,0.0438812784850597,0.0322833582758903,-0.5265945792198181,-0.2259956896305084,0.4159401059150696,,0.7711882591247559,0.7882556915283203
CMR_0039,CMR,131.86114954849683,0.0466767400503158,0.0178193543106317,0.0037323895376175,0.018733687698841,0.023311398923397,0.0256284158676862,-0.2541839182376861,0.125373438000679,0.8055678009986877,,0.4186677932739258,0.4229187965393066
CMR_0040,CMR,1546.546754977557,0.0344957113265991,0.0658643841743469,0.0669402703642845,0.0642344951629638,0.0528581030666828,0.0342462509870529,0.0817131400108337,0.354453295469284,0.8384629487991333,1.47900128364563,0.4108490943908691,0.4341645240783691
CMR_0041,CMR,1899.5279764930383,0.0791293531656265,0.090049609541893,0.0923661068081855,0.0784498527646064,0.0601252652704715,0.0358577370643615,-0.1038787364959716,0.0977767929434776,0.364222377538681,0.8395953178405762,0.4195313453674316,0.7384462356567383
CMR_0042,CMR,1021.845954658295,0.0040121786296367,0.0461586788296699,0.0436556972563266,0.0438236258924007,0.0379562191665172,0.0306486170738935,-0.2976183891296386,0.0388533771038055,0.5905646681785583,,0.5630550384521484,0.5831575393676758
CMR_0043,CMR,777.5230796821604,0.0627698227763176,0.0693586617708206,0.0633394345641136,0.0381038151681423,0.0319231189787387,0.0283731203526258,-0.4608292877674103,-0.1332350075244903,0.4307105541229248,,0.7120718955993652,0.7243399620056152
CMR_0044,CMR,1661.3015984191638,0.0470784939825534,0.0850174948573112,0.0747589841485023,0.058424137532711,0.0517771542072296,0.0344808138906955,-0.1668349206447601,0.1612588167190551,0.5704542994499207,1.2771662473678589,0.421818733215332,0.5424976348876953
CMR_0045,CMR,1166.2907374795036,0.0534296706318855,0.0654545873403549,0.0503078587353229,0.0500279441475868,0.0383399277925491,0.0303427912294864,-0.3627867996692657,-0.1211403459310531,0.3389670550823211,,0.6597676277160645,0.706547737121582
CMR_0046,CMR,1701.7552120467203,0.0313669145107269,0.0616339705884456,0.0606413967907428,0.0602303557097911,0.0503628551959991,0.034185267984867,-0.1374077796936035,0.0735622942447662,0.3871484100818634,1.1385786533355713,0.4929189682006836,0.6534156799316406
CMR_0047,CMR,2479.706103107987,0.0138658341020345,0.0072986399754881,0.0498063527047634,0.0802452936768531,0.0640722885727882,0.0372926816344261,-0.6000732183456421,-0.6178885102272034,-0.761658251285553,-0.5390581488609314,1.232342004776001,1.9926466941833496
CMR_0048,CMR,1275.3889402671252,0.0277235507965087,0.040430337190628,0.0528318174183368,0.0541102401912212,0.0390519835054874,0.0304198917001485,-0.2928981781005859,-0.1169436946511268,0.2859280705451965,,0.642667293548584,0.7010126113891602
CMR_0049,CMR,2032.7056113838264,0.0301720723509788,0.031148187816143,0.026799427345395,0.0703280419111251,0.0561284646391868,0.0358842611312866,-0.1766030639410019,-0.000379157194402,0.1826558113098144,0.8057056665420532,0.6323361396789551,0.8727593421936035
CMR_0050,CMR,968.7188424927576,0.0183100309222936,0.0370510034263134,0.0415814369916915,0.0427090041339397,0.0291347466409206,0.0261745620518922,-0.1317844986915588,0.0678168907761573,0.4837771654129028,,0.4096012115478515,0.4193315505981445
CMR_0051,CMR,1735.0511062014095,0.0547287873923778,0.0608881004154682,0.063709944486618,0.0630365014076232,0.0471661463379859,0.0332807153463363,-0.3485361635684967,-0.2895516157150268,-0.0310723800212144,0.78331059217453,0.8577146530151367,1.005176067352295
CMR_0052,CMR,3015.662499500372,0.0995142310857772,0.1217068061232566,0.1039473861455917,0.0803839564323425,0.0613187104463577,0.0381238237023353,-0.6656798124313354,-0.9477155804634094,-1.3351056575775146,-1.1777799129486084,1.7348241806030271,2.6244559288024902
CMR_0053,CMR,1757.95979685595,0.1015452072024345,0.0919657722115516,0.0889241844415664,0.0598426945507526,0.0397483594715595,0.0305805336683988,-0.3354059755802154,-0.4516680240631103,-0.2250443398952484,,0.992612361907959,1.0782876014709473
CMR_0054,CMR,3435.07615279934,0.0349782705307006,0.0419702380895614,0.0624745972454547,0.0652310773730278,0.0605707429349422,0.0388884134590625,-0.937405288219452,-1.408867359161377,-1.88843297958374,-1.6795930862426758,2.3544468879699707,3.149806499481201
CMR_0055,CMR,2758.28014882177,0.0357699580490589,0.0401362478733062,0.0555810928344726,0.0571829304099082,0.0561635382473468,0.0371077917516231,-0.7290529012680054,-1.1172499656677246,-1.2339799404144287,-0.6518835425376892,1.887667655944824,2.258542537689209
CMR_0056,CMR,2748.539693450053,0.0420284196734428,0.0294741541147232,0.0731979385018348,0.0728716254234314,0.0531017780303955,0.0348204635083675,-1.0729427337646484,-1.399821639060974,-1.3675096035003662,-0.6088557839393616,2.0870652198791504,2.314887046813965
CMR_0057,CMR,3820.889727150677,0.0893080085515976,0.096631608903408,0.1024396643042564,0.0951289385557174,0.0688119083642959,0.0390893146395683,-0.1621198803186416,-0.222101092338562,-0.5353687405586243,-0.1392162144184112,1.1673426628112793,1.6920838356018066
CMR_0058,CMR,3865.966363756618,0.1410340070724487,0.1186165437102317,0.1031446084380149,0.0867396295070648,0.068100057542324,0.0377605222165584,-0.1941934823989868,-0.0220315549522638,-0.0677704215049743,0.5264738202095032,0.8109354972839355,1.1244401931762695
CMR_0059,CMR,3959.7788762941727,0.0818918049335479,0.0926824212074279,0.0955875515937805,0.0860636234283447,0.0691226869821548,0.0380276851356029,-0.5016369819641113,-0.3094571232795715,-0.3819861710071563,0.1913439184427261,1.1231489181518557,1.453505516052246
CMR_0060,CMR,3632.983301595112,0.0139660350978374,0.0382136404514312,0.0551715083420276,0.0526897832751274,0.0507130920886993,0.0317179039120674,-0.2472386509180069,0.0469385534524917,0.431188553571701,1.380439043045044,0.5883526802062988,0.6189231872558594
CMR_0061,CMR,4558.980548397815,0.0822711363434791,0.0874240770936012,0.0979889780282974,0.0864228382706642,0.0718196034431457,0.0388807319104671,-0.166811466217041,0.0606045015156269,-0.1391314417123794,0.3940599858760834,0.929842472076416,1.2721238136291504
CMR_0062,CMR,3336.388685651437,0.0708480477333068,0.0567132458090782,0.0363220572471618,0.0266297962516546,0.030979773029685,0.0238098856061697,-0.5521214604377747,-0.3370842933654785,0.2031061351299286,,0.7221193313598633,0.7241253852844238
CMR_0063,CMR,3540.445365160321,0.1308946907520294,0.0813372358679771,0.0198883637785911,0.0286208372563123,0.0368712097406387,0.0267360303550958,-0.0612059198319911,0.1966504007577896,0.7253222465515137,,0.340188980102539,0.3421921730041504
CMR_0064,CMR,3822.3167094653672,0.0656197518110275,0.0231452975422143,0.0102054541930556,0.0281274635344743,0.0324622131884098,0.0254957228899002,-0.3961906135082245,-0.1763512343168258,0.4011291563510895,,0.6358275413513184,0.6383275985717773
CMR_0065,CMR,4500.027015291895,0.0420060232281684,0.021225294098258,0.0418184101581573,0.0498006604611873,0.0542241185903549,0.0332336537539958,-0.4553302824497223,-0.220466062426567,0.112604334950447,1.0460155010223389,0.8131928443908691,0.874885082244873
CMR_0066,CMR,4274.081135328743,0.0333699956536293,0.0390271544456481,0.0402076430618763,0.0330652631819248,0.0347149111330509,0.0268733091652393,-0.3089069426059723,-0.1126590594649314,0.4464565217494964,1.598082184791565,0.5149664878845215,0.5240998268127441
CMR_0067,CMR,4236.659239881487,0.0140277342870831,0.0134101016446948,0.0268476270139217,0.0270470734685659,0.0236965026706457,0.0221365317702293,-0.3463198244571686,-0.1383564323186874,0.4736156165599823,,0.4649081230163574,0.4686341285705566
CMR_0068,CMR,4606.99764825171,0.048161044716835,0.0481647327542305,0.0392057560384273,0.0349690169095993,0.0361727103590965,0.0274481978267431,-0.3167818784713745,-0.1141156032681465,0.4071548879146576,1.5636725425720217,0.5769004821777344,0.585792064666748
CMR_0069,CMR,5477.077790094935,0.1082815825939178,0.0827512070536613,0.0803321003913879,0.0783727020025253,0.0625126734375953,0.036685187369585,-0.7328193783760071,-0.8272646069526672,-0.9059118628501892,-0.0043683536350727,1.7240533828735352,1.872037410736084
CMR_0070,CMR,4240.915905148367,0.0172403752803802,0.0361426807940006,0.0336191058158874,0.0242668986320495,0.0205044317990541,0.0204856805503368,-0.4088531136512756,-0.1874185651540756,0.4261805713176727,,0.535179615020752,0.5389432907104492
CMR_0071,CMR,5339.744754097047,0.1576995700597763,0.1235552132129669,0.1035922169685363,0.0670707523822784,0.0521500036120414,0.0324056819081306,-0.2327036261558532,-0.1325951665639877,0.0910223647952079,1.165018916130066,0.8979859352111816,0.9390020370483398
CMR_0072,CMR,4735.473610346012,0.0417787954211235,0.0484163388609886,0.0401555523276329,0.0281807146966457,0.0276631545275449,0.0242085438221693,-0.4832558333873749,-0.278446763753891,0.2771295309066772,1.5290292501449585,0.6678013801574707,0.6702966690063477
CMR_0074,CMR,4650.490056315872,0.0214526876807212,0.0314466282725334,0.032679010182619,0.0224555265158414,0.0204696767032146,0.0207625273615121,-0.1441656053066253,0.0720952972769737,0.6517149209976196,,0.3010573387145996,0.3017172813415527
CMR_0075,CMR,5180.888107898607,0.0071583595126867,0.0135187478736042,0.0214416142553091,0.0234940275549888,0.0236223191022872,0.0224970635026693,-0.2514957785606384,-0.0510250106453895,0.4563324451446533,1.7844645977020264,0.4058179855346679,0.4067087173461914
CMR_0076,CMR,6062.561472971967,0.0392193645238876,0.0660251304507255,0.0822698250412941,0.0657130181789398,0.049724381417036,0.0310419108718633,-0.6949648857116699,-0.8110624551773071,-0.6385093331336975,0.6333191990852356,1.36600923538208,1.4202580451965332
CMR_0077,CMR,5464.539269076977,0.0206041857600212,0.0174922347068786,0.0196022521704435,0.0243445001542568,0.0239497851580381,0.0226323697715997,-0.1153501644730568,0.0493673160672187,0.5123862624168396,1.872264742851257,0.2604718208312988,0.2623448371887207
CMR_0078,CMR,5915.141161125548,0.0276207253336906,0.0327460952103138,0.0330929458141326,0.0370360538363456,0.0332579016685485,0.0255856551229953,-0.2999716103076935,-0.2363243997097015,0.1281569600105285,1.5052638053894043,0.5773301124572754,0.5897083282470703
CMR_0079,CMR,5145.4072837473,0.1259675920009613,0.0447493717074394,0.0161876883357763,0.0166645720601081,0.0128280762583017,0.0162709634751081,-0.4671847224235534,-0.3012039959430694,0.1674186587333679,,0.488039493560791,0.5235433578491211
CMR_0080,CMR,5895.693779449431,0.0235993023961782,0.0244322605431079,0.032105267047882,0.0231267735362052,0.0236381758004426,0.0222844742238521,-0.2031859308481216,-0.119568683207035,0.2936334013938904,1.725380301475525,0.3634023666381836,0.3672447204589844
CMR_0081,CMR,6710.409089010576,0.0363532677292823,0.0857461765408515,0.0864492803812027,0.0692655071616172,0.0470803305506706,0.0285903885960578,-0.5689640045166016,-0.5634611248970032,-0.3009553849697113,1.203289270401001,1.0740647315979004,1.1044154167175293
CMR_0082,CMR,6374.849186570182,0.0247131884098052,0.0508157201111316,0.044598538428545,0.0357221998274326,0.0305259674787521,0.0238426476716995,-0.3323514759540558,-0.2750405371189117,0.0960515588521957,1.602333664894104,0.5861515998840332,0.5936250686645508
CMR_0083,CMR,6241.270794129865,0.0198378097265958,0.0379223302006721,0.0333149433135986,0.0229006260633468,0.0241534225642681,0.0219749733805656,-0.5165679454803467,-0.4666439592838287,-0.0728397220373153,1.4288419485092163,0.6980485916137695,0.7026023864746094
CMR_0084,CMR,5835.500810995611,0.1075780391693115,0.0809809416532516,0.0263959039002656,0.0138821024447679,0.0134954471141099,0.0179504603147506,-0.4998967349529266,-0.4258392751216888,-0.0149425361305475,,0.61663818359375,0.6174769401550293
CMR_0085,CMR,5600.976373167313,0.0332735925912857,0.0346300266683101,0.029150491580367,0.0137476688250899,0.0103021813556551,0.0157927330583333,-0.1641809940338134,-0.0809032171964645,0.3224913477897644,,0.226053237915039,0.2299084663391113
CMR_0086,CMR,5943.539294117475,0.0702274590730667,0.0343319587409496,0.0079168900847435,0.0121745485812425,0.0130842933431267,0.0177272539585828,-0.5215672254562378,-0.4650702476501465,-0.0644903182983398,,0.6286125183105469,0.6296353340148926
CMR_0087,CMR,7003.392932034139,0.0062368749640882,0.0194180328398942,0.0408992543816566,0.0480036363005638,0.0333236046135425,0.0233218856155872,0.009346030652523,0.2054236382246017,0.6147450804710388,2.286208152770996,0.2608847618103027,0.2632112503051758
CMR_0088,CMR,6844.958376549836,0.0335570871829986,0.0534563101828098,0.0459208115935325,0.0337615385651588,0.025547232478857,0.0211290568113327,-0.1365617960691452,0.0052445889450609,0.4182715117931366,2.0690200328826904,0.3458466529846191,0.3472681045532226
CMR_0089,CMR,6820.300608459823,0.0576288774609565,0.0176574848592281,0.0239828843623399,0.0214575640857219,0.016897739842534,0.0179625544697046,-0.2630487382411957,-0.1914040595293045,0.2101762592792511,1.8766897916793823,0.403533935546875,0.4073548316955566
CMR_0090,CMR,6467.0892658569865,0.0059602186083793,0.0053361882455646,0.0100323725491762,0.0088454782962799,0.0100857289507985,0.0152269331738352,-0.241542711853981,-0.2316512167453766,0.1244236826896667,,0.3492045402526855,0.3524327278137207
CMR_0091,CMR,6397.852418696863,0.0491284057497978,0.0356686972081661,0.0174691919237375,0.0061925793997943,0.0073623587377369,0.0135714141651988,-0.17723248898983,-0.1758284270763397,0.1493882685899734,,0.3153905868530273,0.3173427581787109
CMR_0092,CMR,7366.148330491632,0.0392178781330585,0.0163243729621171,0.0208059195429086,0.0249629132449626,0.0211890377104282,0.0186376310884952,-0.0840448141098022,0.1635054051876068,0.6287689208984375,2.433968305587769,0.3104481697082519,0.3106212615966797
CMR_0093,CMR,6750.337554239485,0.0390734635293483,0.0364041924476623,0.0202170107513666,0.0128002511337399,0.0103670209646224,0.0146248908713459,-0.2065205723047256,-0.185034304857254,0.1711812913417816,,0.3237571716308594,0.3280839920043945
CMR_0094,CMR,7729.352331428253,0.0152328293770551,0.025372801348567,0.0198731143027544,0.0186470225453376,0.0221020653843879,0.0185193978250026,-0.1093521416187286,0.197307288646698,0.7157959938049316,2.6228396892547607,0.376441478729248,0.3766145706176758
CMR_0095,CMR,7360.22757222864,0.0218422971665859,0.039191223680973,0.0398972705006599,0.0202134530991315,0.0140607040375471,0.015679869800806,-0.0579915754497051,0.0991356596350669,0.5248310565948486,2.333148241043091,0.2535915374755859,0.2554254531860351
CRR_1023,CRR,6614.938577708883,0.0455392710864543,0.0579047538340091,0.0373315513134002,0.0316291153430938,0.0252363309264183,0.0219307802617549,0.0127258067950606,0.4154132604598999,0.9182204604148864,,0.4039154052734375,194.5862274169922
CMR_0096,CMR,7173.27786735577,0.0357039086520671,0.0204019881784915,0.0253400560468435,0.0152695467695593,0.0089814160019159,0.0126506406813859,-0.514833927154541,-0.4613368809223175,-0.1125009357929229,,0.5925202369689941,0.6000404357910156
CMR_0097,CMR,8080.9772043960675,0.0328131392598152,0.0365002043545246,0.0251167099922895,0.0057768798433244,0.0135197537019848,0.0150382006540894,-0.2048980593681335,0.0282238647341728,0.5626766085624695,2.570327043533325,0.3912444114685058,0.3937897682189941
CRR_1024,CRR,6882.55966329939,0.0224401745945215,0.0161539111286401,0.0298168025910854,0.0335559695959091,0.0279010254889726,0.0216460675001144,-0.1205788552761077,0.3564213812351227,0.8836245536804199,,0.4150934219360351,194.71615600585935
CRR_1025,CRR,7211.536791570433,0.0051288628019392,0.0129330735653638,0.0204170905053615,0.022348241880536,0.0258082821965217,0.0195666551589965,0.0655720755457878,0.6235080361366272,1.225524663925171,,0.1771998405456543,194.3863525390625
CMR_0098,CMR,8356.425484985837,0.0210267230868339,0.0259057339280843,0.0243616681545972,0.0143983848392963,0.0070092366077005,0.0118883438408374,-0.213951900601387,-0.1161079406738281,0.3887833058834076,2.454667091369629,0.3183212280273437,0.3268847465515136
CRR_1026,CRR,6968.992799031636,0.052801564335823,0.0851945430040359,0.0818858742713928,0.0600769929587841,0.0387907065451145,0.0233731884509325,-0.2724961042404175,0.1118476167321205,0.5002409815788269,0.6956116557121277,0.7476663589477539,195.30560302734372
CRR_1027,CRR,7362.968580739476,0.0165318921208381,0.028092773631215,0.0326348803937435,0.037659041583538,0.0324303843080997,0.0210568346083164,-0.1199754700064659,0.4557186663150787,0.9977752566337584,,0.4775404930114746,194.7559967041016
CMR_0099,CMR,8387.320305545814,0.0216820854693651,0.0340819098055362,0.0348450914025306,0.0142763992771506,0.00379493762739,0.0087729720398783,-0.4631857872009277,-0.5000554323196411,-0.0931859239935875,1.968695044517517,0.2897019386291504,0.3497605323791504
CMR_0100,CMR,8695.425421127135,0.1056434512138366,0.0523406192660331,,,,0.0074226451106369,,,-0.4090871512889862,1.7079720497131348,0.2878456115722656,0.4264440536499023
CMR_0101,CMR,9000.434968394586,0.0524220392107963,0.0363215692341327,0.0214063823223114,0.0105458218604326,0.0010973326861858,0.0084455339238047,-0.2705287933349609,-0.3592121005058288,0.1041029617190361,2.282628059387207,0.1826190948486328,0.2033782005310058
CRR_1028,CRR,7372.905464044473,0.0519283935427665,0.1190345361828804,0.1151645109057426,0.0801655724644661,0.0508036576211452,0.0239241030067205,-0.3842030167579651,-0.2491467595100402,-0.1191066727042198,-0.1551374047994613,1.4120597839355469,196.27496337890625
CRR_1029,CRR,8458.873987208128,0.0363492406904697,0.0554501228034496,0.0564949214458465,0.0462596565485,0.029940091073513,0.019379885867238,-0.0582734197378158,0.2492358088493347,0.7742812037467957,,0.3291182518005371,195.10597229003903
CRR_1030,CRR,7953.5964297348355,0.0036087892949581,0.0529433935880661,0.0901203602552414,0.072821244597435,0.0463486537337303,0.0224620886147022,-0.4362540245056152,-0.2591925263404846,-0.0001484197127865,0.0715221315622329,1.2697625160217283,196.1651153564453
CRR_1031,CRR,9160.30608394038,0.0532934442162513,0.0754265338182449,0.0679720342159271,0.0374213531613349,0.028682766482234,0.0197800770401954,-0.2664640843868255,-0.0615901947021484,0.4637063145637512,,0.6566410064697266,195.46575927734372
CRR_1032,CRR,8909.151733642871,0.0176524948328733,0.0524213649332523,0.0640842840075492,0.0528836548328399,0.0375809855759143,0.0216451175510883,-0.6329280734062195,-0.5534175634384155,-0.1584234684705734,0.1520232707262039,1.350943088531494,196.2852325439453
CRR_1033,CRR,8692.657536511155,0.0051333834417164,0.014009915292263,0.0294860824942588,0.056226409971714,0.0438404642045497,0.0225998945534229,-0.2574464678764343,-0.2660161852836609,-0.0078131956979632,0.1381256729364395,1.2763257026672363,196.27490234375
CRR_1034,CRR,8859.795670731217,0.0176242347806692,0.035457644611597,0.0468828789889812,0.0577946789562702,0.0456169694662094,0.0231038499623537,-0.2311645299196243,-0.293644517660141,-0.0675627216696739,0.0570629984140396,1.3790302276611328,196.4046936035156
CRR_1035,CRR,9605.15336346005,0.0566694401204586,0.0630142912268638,0.0723326504230499,0.0563470944762229,0.0347273275256156,0.0211667735129594,-0.0192153938114643,0.271162211894989,0.8424776196479797,1.4011311531066897,0.5077056884765625,195.185302734375
CRR_1036,CRR,9847.2547587618,0.088600754737854,0.0698582530021667,0.0640927255153656,0.0516309104859828,0.0336896665394306,0.0207919608801603,-0.0172263737767934,0.3679493367671966,1.0149554014205933,1.6710023880004885,0.4346585273742676,194.96536254882807
CRR_1037,CRR,9600.824406255844,0.0638420283794403,0.0826314613223075,0.0913572385907173,0.0664428621530532,0.038452111184597,0.0221176035702228,-0.2152411341667175,0.0121833551675081,0.5457456111907959,1.0314462184906006,0.8132839202880859,195.57504272460935
CRR_1038,CRR,9703.89421737741,0.1570929884910583,0.1217334419488906,0.0982153341174125,0.0665141120553016,0.0384347550570964,0.0221252106130123,-0.2130616903305053,0.0534062832593917,0.6182647347450256,1.1370357275009155,0.7847442626953125,195.4950256347656
CRR_1039,CRR,9343.016042142805,0.0570745430886745,0.0858598127961158,0.0886957198381424,0.0679007917642593,0.0471886843442916,0.0239080786705017,-0.5256016254425049,-0.606224000453949,-0.3032779991626739,-0.1054439917206764,1.6555166244506836,196.6944274902344
CRR_1040,CRR,8784.67025963732,0.03365059196949,0.0672037005424499,0.0872348695993423,0.0604959651827812,0.0516426973044872,0.0233962778002023,-0.1632153093814849,-0.3912228941917419,-0.5682442784309387,-0.8124050498008728,2.103498935699463,197.2937774658203
CRR_1041,CRR,10244.086983029089,0.0599095709621906,0.1108029335737228,0.0957013145089149,0.0589793622493743,0.0375369265675544,0.0222671516239643,-0.0062485765665769,0.3881140053272247,1.1089439392089844,1.778944969177246,0.5152816772460938,194.99481201171875
CRR_1042,CRR,9638.934892389949,0.0452463515102863,0.0775734856724739,0.0911676883697509,0.0696146264672279,0.0482956208288669,0.0244757980108261,-0.4459191560745239,-0.4698925316333771,-0.1071911603212356,0.127789095044136,1.4741086959838867,196.544189453125
CRR_1043,CRR,9911.810811616186,0.1192034035921096,0.108690045773983,0.0957128182053566,0.0713583007454872,0.044792503118515,0.0239907354116439,-0.3318831622600555,-0.194444864988327,0.3308495879173279,0.7419794797897339,1.0411195755004885,195.98439025878903
CRR_1044,CRR,9184.277966617814,0.1300238519906997,0.122730404138565,0.0958729833364486,0.0715125352144241,0.0523332804441452,0.0231192335486412,-0.4626097679138183,-0.6780849695205688,-0.8739011287689209,-1.1812691688537598,2.4796175956726074,197.77330017089844
CRR_1045,CRR,10282.792275263531,0.0436206273734569,0.0277559664100408,0.0319645032286644,0.0511437878012657,0.0457954928278923,0.0249890889972448,-0.1303530037403106,0.0307148043066263,0.5843965411186218,0.9846092462539672,0.7592525482177734,195.8638916015625
CRR_1046,CRR,10172.496161523057,0.0076087121851742,0.0357194952666759,0.032102283090353,0.0424427464604377,0.0494056455790996,0.0256241597235202,-0.1073626950383186,0.1089812442660331,0.4660622477531433,0.6210657954216003,0.9243969917297364,196.223388671875
CRR_1047,CRR,10798.472250109073,0.0510158166289329,0.0490376763045787,0.0511905625462532,0.0498753041028976,0.0412951596081256,0.0243518836796283,-0.3209673464298248,-0.1303763687610626,0.5898185968399048,1.2151204347610474,0.7479233741760254,195.76388549804688
CRR_1048,CRR,10808.926233715649,0.0217244625091552,0.0429835133254528,0.0477157719433307,0.0435873866081237,0.0461427755653858,0.0256787352263927,-0.4204614460468292,-0.2555339336395263,0.2882423996925354,0.6981158256530762,1.0298094749450684,196.3232879638672
CRR_1049,CRR,10555.354666723111,0.0036186545621603,0.0151998000219464,0.0263539347797632,0.0352117866277694,0.0479472428560256,0.0258597694337368,-0.223411351442337,0.0154909854754805,0.4132806956768036,0.6210485100746155,0.9505529403686525,196.3430633544922
CRR_1050,CRR,11519.24070526064,0.0630626529455185,0.0615468509495258,0.0454718470573425,0.0456729382276535,0.0417862199246883,0.0242397505789995,-0.2839630246162414,-0.0112014450132846,0.7336556315422058,1.5327274799346924,0.6810579299926758,195.66351318359372
CRR_1051,CRR,11352.327896163672,0.102463848888874,0.1013402789831161,0.0864264518022537,0.0569859482347965,0.0466517508029937,0.0253907479345798,-0.0190952308475971,0.1735154390335083,0.7569282054901123,1.3371270895004272,0.5895881652832031,195.84307861328125
CRR_1052,CRR,10558.656811607236,0.0629686936736106,0.0741818845272064,0.0706384927034378,0.0459064096212387,0.0483536683022975,0.023656802251935,-0.0428621359169483,0.3333239257335663,0.385218471288681,0.2271807044744491,1.151562213897705,196.76222229003903
CRR_1053,CRR,11785.700760107631,0.1188308447599411,0.1160937249660492,0.0880918204784393,0.0619341619312763,0.0474828295409679,0.0252187810838222,0.0477204471826553,0.2859046161174774,0.8330519795417786,1.5159813165664673,0.4805912971496582,195.80284118652344
CRR_1054,CRR,10541.252067452444,0.0219422932714223,0.0410335324704647,0.0520584471523761,0.0470894984900951,0.045448213815689,0.0204917527735233,0.1820338368415832,0.5856411457061768,0.4247478544712066,0.0688570588827133,1.244685173034668,196.91180419921875
CRR_1055,CRR,10885.582754608798,0.0677558258175849,0.0818890035152435,0.0785585194826126,0.0595083460211753,0.0459877699613571,0.0213476102799177,-0.0405001640319824,0.1835786402225494,0.0388631448149681,-0.221711054444313,1.5652775764465332,197.3116455078125
CRR_1056,CRR,11201.051870231564,0.0628681033849716,0.0986805483698844,0.0943606942892074,0.0677748918533325,0.0490413382649421,0.0241349302232265,-0.4209380447864532,-0.4845780730247497,-0.4531345069408417,-0.4500946998596191,1.8829035758972168,197.6418609619141
CRR_1057,CRR,12361.294422013883,0.064716525375843,0.0902239084243774,0.0855720266699791,0.0591793060302734,0.045829739421606,0.0252172853797674,-0.3289053738117218,-0.1910609602928161,0.2301593273878097,0.9875752329826356,0.8791627883911133,196.5323944091797
CRR_1058,CRR,11496.275930293386,0.0474241822957992,0.0698577836155891,0.0743199437856674,0.067140094935894,0.0488648377358913,0.0244120843708515,-0.6455784440040588,-0.8811990022659302,-0.8443951606750488,-0.7347433567047119,2.204723358154297,198.02175903320312
CRR_1059,CRR,12067.470602279587,0.0275570284575223,0.0807073190808296,0.0897945761680603,0.0728154107928276,0.0471081286668777,0.0251810830086469,-0.0570197813212871,-0.086907610297203,0.1621338129043579,0.6542035937309265,1.0039691925048828,196.80198669433597
CRR_1060,CRR,11649.064481499752,0.0305137578397989,0.0617140941321849,0.0727073177695274,0.0658439546823501,0.0479478351771831,0.024316007271409,-0.5908728241920471,-0.8877467513084412,-0.8672230839729309,-0.7227498292922974,2.202159881591797,198.0616455078125
CRR_1061,CRR,11945.019043168668,0.0204229950904846,0.0571901760995388,0.0840078741312027,0.0649242624640464,0.0449202060699462,0.0240296274423599,-0.6908779740333557,-1.0308713912963867,-1.0286595821380615,-0.8210930228233337,2.315649509429932,198.2614288330078
CRR_1062,CRR,12566.20914877375,0.0340046137571334,0.0395465157926082,0.0342875011265277,0.0475636646151542,0.0407798066735267,0.0249437671154737,-0.3205792605876922,-0.2724771797657013,-0.016211625188589,0.6237833499908447,1.069925308227539,197.0017852783203
CRR_1063,CRR,12931.051501370308,0.0266588851809501,0.0149472719058394,0.0338255651295185,0.0401183031499385,0.0401429794728755,0.0253668334335088,-0.5441570281982422,-0.4808164834976196,-0.1823415756225586,0.6293440461158752,1.1477017402648926,197.10189819335935
CRR_1064,CRR,12690.693205717344,0.0516250766813755,0.0751451477408409,0.0867804586887359,0.0597152486443519,0.0311356335878372,0.0230290219187736,-0.1044361218810081,-0.1503898501396179,-0.0694482252001762,0.2912292778491974,1.239613056182861,197.4208984375
CRR_1065,CRR,12143.660763261358,0.0621821396052837,0.0422023944556713,0.0310580804944038,0.0397097095847129,0.0375499092042446,0.0199062228202819,-0.7921420335769653,-1.242977499961853,-1.531057834625244,-1.646190166473389,3.051987648010254,199.1504821777344
CRR_1066,CRR,13426.374429464586,0.0254423357546329,0.0281144361943006,0.0330874361097812,0.0311632994562387,0.0287423487752676,0.0248841308057308,-0.0893222019076347,-0.0103473076596856,0.1701584905385971,0.9036006331443788,0.7563314437866211,197.05105590820312
CRR_1067,CRR,13280.525381804217,0.024797024205327,0.0177757237106561,0.0144686540588736,0.0091533847153186,0.0225738659501075,0.0238930098712444,-0.0859758555889129,0.0879023224115371,0.2736513614654541,0.8899696469306946,0.7218837738037109,197.0308532714844
CRR_1068,CRR,12461.419624186152,0.0632621496915817,0.0803068280220031,0.0943102017045021,0.0642297640442848,0.0374367535114288,0.0205784812569618,-0.6928162574768066,-1.0154939889907837,-1.1600662469863892,-1.1443989276885986,2.5908493995666504,198.77037048339844
CRR_1069,CRR,13094.337632573595,0.0543073154985904,0.0737190693616867,0.0608041062951087,0.0339142270386219,0.0205874256789684,0.0227476693689823,-0.1403015851974487,0.0504924729466438,0.2210852056741714,0.673793375492096,0.8871212005615234,197.19061279296875
CRR_1070,CRR,13143.60304327364,0.0496345311403274,0.0875744149088859,0.088336706161499,0.0674419105052948,0.0298329442739486,0.0204363297671079,-0.2137944102287292,0.0143221151083707,0.2002127915620803,0.3843827545642853,1.1545720100402832,197.49986267089844
CRR_1071,CRR,13000.01334792666,0.0782709792256355,0.0876803025603294,0.0888674110174179,0.0793610736727714,0.0390069931745529,0.0194420311599969,0.0816380381584167,0.2900293469429016,0.4250240921974182,0.4629878103733063,1.0719270706176758,197.3995513916016
CRR_1072,CRR,14233.786015793678,0.0823427736759185,0.0972572937607765,0.0859720334410667,0.0676387697458267,0.0282857324928045,0.0241635423153638,-0.0881302952766418,0.0666809380054473,0.2935465276241302,0.9101808667182922,0.7608270645141602,197.4196319580078
CRR_1073,CRR,13720.955741389242,0.0209561865776777,0.0035695233382284,0.001691675861366,0.0165696013718843,0.0089279701933264,0.0208178907632827,-0.103751353919506,0.393635630607605,0.8407434821128845,1.16284441947937,0.5177674293518066,196.9594268798828
CRR_1074,CRR,14501.061023289158,0.0573913194239139,0.0189267955720424,0.0768755748867988,0.0790904834866523,0.0354720763862133,0.024942735210061,-0.4594579041004181,-0.3906321823596954,-0.1796196103096008,0.4386961460113525,1.243208885192871,198.00930786132807
CRR_1075,CRR,14075.376147270255,0.0098900208249688,0.021510099992156,0.0282638911157846,0.0313335135579109,0.0125240534543991,0.0219286438077688,-0.2554962038993835,0.2165507823228836,0.7196550369262695,1.1429665088653564,0.6049599647521973,197.14913940429688
CRR_1076,CRR,13174.099673250774,0.0410846509039402,0.071949616074562,0.0729064047336578,0.0585071705281734,0.0344959944486618,0.0198005829006433,-0.2872612774372101,0.2301298528909683,0.6801515817642212,0.7577251195907593,0.9502191543579102,197.30894470214844
CRR_1077,CRR,13866.465932238973,0.0241854470223188,0.013771110214293,0.0362927876412868,0.0208372250199317,0.0050511043518781,0.0216799695044755,0.0711183473467826,0.6550332903862,1.316841721534729,1.6422895193099976,0.2722573280334472,196.68875122070312
CRR_1078,CRR,12900.617124981887,0.0397461168467998,0.0719153955578804,0.0865017622709274,0.0828661024570465,0.0478892959654331,0.0202153865247964,0.0535985417664051,0.5866274237632751,1.0146055221557615,0.930538296699524,0.7965993881225586,197.16839599609372
CRR_1079,CRR,13817.858849976705,0.0661951526999473,0.0458585992455482,0.0358224436640739,0.0171718336641788,0.0034651940222829,0.0219483356922864,-0.0061720046214759,0.6256970763206482,1.3588706254959106,1.648855686187744,0.3725466728210449,196.71853637695312
CRR_1080,CRR,13978.282878996934,0.0626809448003768,0.0518829226493835,0.0434378124773502,0.0314555987715721,0.0144559163600206,0.0232122670859098,0.119328998029232,0.7495549321174622,1.5381988286972046,1.853380560874939,0.2982363700866699,196.62826538085935
CRR_1081,CRR,12813.361528195068,0.0309440977871418,0.0470482483506202,0.0536069683730602,0.1011117175221443,0.059330902993679,0.0227070339024066,0.3218419253826141,0.871751070022583,1.2940945625305176,1.0758329629898071,0.6671404838562012,197.14767456054688
CRR_1082,CRR,13692.71851646346,0.0179789457470178,0.0413645356893539,0.0397172570228576,0.0128255812451243,0.0156813692301511,0.0249561481177806,-0.3195750117301941,0.4047388136386871,1.3691420555114746,1.5001953840255735,0.629723072052002,197.0375823974609
CRR_1083,CRR,14348.258135122634,0.0674730017781257,0.0876903310418129,0.0754209086298942,0.0616818107664585,0.0372010320425033,0.0279834158718585,0.0145271150395274,0.5920288562774658,1.4526690244674685,1.770792007446289,0.3943710327148437,197.01744079589844
CRR_1084,CRR,14039.70547393409,0.0326717272400856,0.0278349407017231,0.0044244695454835,0.0266947243362665,0.0201186183840036,0.0275727491825819,0.0345427393913269,0.7290681600570679,1.7433758974075315,1.944684624671936,0.292905330657959,196.77728271484372
CRR_1085,CRR,13254.397701360638,0.0345145799219608,0.0812342762947082,0.0970245152711868,0.0866999775171279,0.0543133467435836,0.0274725425988435,0.0492741912603378,0.6626964807510376,1.424351930618286,1.2431641817092896,0.7304520606994629,197.2769470214844
CRR_1086,CRR,14389.299494413097,0.0463659912347793,0.0911762714385986,0.0801823139190673,0.0541165396571159,0.037350557744503,0.0320305451750755,-0.1087890118360519,0.5474610924720764,1.5595391988754272,1.7538609504699707,0.4742441177368164,197.20672607421875
CRR_1087,CRR,14983.273772646102,0.0463112033903598,0.0725810602307319,0.0783571675419807,0.0950210392475128,0.0600282996892929,0.0356469936668872,-0.0110448272898793,0.3546776473522186,1.0257720947265625,1.3111581802368164,0.5339641571044922,197.89645385742188
CRR_1088,CRR,14695.668223695744,0.0449957251548767,0.065516248345375,0.0776526406407356,0.0724875926971435,0.0497749894857406,0.0350431315600872,-0.1643035560846328,0.406103253364563,1.3234758377075195,1.5221493244171145,0.4972648620605469,197.60638427734372
CRR_1089,CRR,13618.923928157548,0.0715804919600486,0.0863277688622474,0.0891782045364379,0.0639513358473777,0.0481703244149684,0.0321745835244655,-0.0323268286883831,0.706632137298584,1.655376434326172,1.4563254117965698,0.6557559967041016,197.3163299560547
CRR_1090,CRR,15455.393894031722,0.0040105013176798,0.0352900251746177,0.0790050327777862,0.0991647839546203,0.0644344463944435,0.0399390719830989,-0.0813494622707367,0.115790419280529,0.5362042784690857,0.7832304835319519,0.839691162109375,198.6958923339844
CRR_1091,CRR,14819.78852842948,0.0197603050619363,0.0393619909882545,0.0636513009667396,0.0711932033300399,0.0543518476188182,0.0387867055833339,-0.0213432386517524,0.573401927947998,1.507285475730896,1.5919126272201538,0.3998880386352539,197.69581604003903
CRR_1092,CRR,14143.749309681709,0.0512032099068164,0.0764848366379737,0.0822413116693496,0.0635786727070808,0.0502942875027656,0.0381309278309345,0.0532751232385635,0.8143832683563232,1.853574514389038,1.6198221445083618,0.3936853408813476,197.4755706787109
CRR_1093,CRR,15597.638979105534,0.0652775540947914,0.0878325551748275,0.0970296114683151,0.0800513848662376,0.066001646220684,0.0454944334924221,-0.1480896174907684,0.2149727344512939,0.7573415637016296,0.7387596368789673,0.7120418548583984,198.9948883056641
CRR_1094,CRR,14792.817166436394,0.0820682421326637,0.0812323242425918,0.080207236111164,0.0938174948096275,0.0722943991422653,0.0451190993189811,-0.2400368750095367,0.2230260074138641,1.0325769186019895,0.6488298773765564,0.7926692962646484,198.85459899902344
CRR_1095,CRR,13791.99345195042,0.0370340161025524,0.0851845294237136,0.0934990420937538,0.0821303278207779,0.0687110647559166,0.0390472374856472,-0.2378542125225067,0.3031814992427826,0.742766261100769,-0.013262559659779,1.3930683135986328,199.0947723388672
CRR_1096,CRR,14516.147234061482,0.0835077315568924,0.0806127190589904,0.0738944262266159,0.0927289724349975,0.0740997567772865,0.0444464236497879,-0.5769301652908325,-0.2217313647270202,0.4022763669490814,-0.2516412734985351,1.543715476989746,199.69427490234372
CRR_1097,CRR,14479.009233219436,0.0351206175982952,0.0269832611083984,0.0651158466935157,0.0919022113084793,0.0740507170557975,0.0442458055913448,-0.5546650886535645,-0.2152346670627594,0.3669148683547973,-0.3287875652313232,1.5995912551879885,199.76422119140625
CRR_1098,CRR,15481.50064177214,0.0592757612466812,0.1325764507055282,0.1489739418029785,0.1206232830882072,0.0847538709640502,0.0498671419918537,-0.4020295143127441,-0.4151586592197418,-0.1462910026311874,-0.853650689125061,1.914332389831543,200.8133544921875
CRR_1099,CRR,14287.591491630414,0.0291000101715326,0.0387113615870475,0.0651580318808555,0.0746587142348289,0.0686714872717857,0.0413216240704059,-0.4046363234519958,-0.1410501450300216,-0.076235331594944,-1.161488056182861,2.2463178634643555,200.5836181640625
CRR_1100,CRR,14786.654411951928,0.0621339529752731,0.0705204531550407,0.0649149641394615,0.0699726268649101,0.0713403820991516,0.0431735590100288,-0.2374504953622818,-0.0353077054023742,-0.0385681092739105,-1.1888084411621094,2.157207489013672,200.89303588867188
CRR_1101,CRR,16877.243043716644,0.0181054528802633,0.0354941934347152,0.0368325822055339,0.068781591951847,0.0710826218128204,0.0510116443037986,-0.6251348853111267,-0.9123846888542176,-1.1148937940597534,-2.0871970653533936,2.913171768188477,202.82167053222656
CRR_1102,CRR,16737.83683091411,0.022165285423398,0.0074136815965175,0.0174816623330116,0.0617856234312057,0.0719788670539856,0.0504462085664272,-0.5474443435668945,-0.9143842458724976,-1.1575539112091064,-2.1746163368225098,2.991241455078125,202.8516998291016
CRR_1103,CRR,16109.827756929535,0.037540778517723,0.0323210135102272,0.0229845121502876,0.06833066791296,0.0697838738560676,0.0425424203276634,-0.4046141803264618,-0.693134605884552,-1.2103251218795776,-2.562884569168091,3.29134464263916,203.01144409179688
CRR_1104,CRR,16813.823032837503,0.0581493973731994,0.1167686060070991,0.0657054558396339,0.0412661544978618,0.0684825405478477,0.0465144589543342,-0.3980541527271271,-0.6334355473518372,-1.095266819000244,-2.340100049972534,3.077963829040528,203.12110900878903
CRR_1105,CRR,16665.555995276674,0.0153287118300795,0.0264486148953437,0.0232706163078546,0.0471695698797702,0.0660224556922912,0.0434930622577667,-0.3121179938316345,-0.5483241677284241,-1.128434419631958,-2.476317405700684,3.1833887100219727,203.21096801757807
CRR_1106,CRR,15766.75742363086,0.0445040464401245,0.0360355228185653,0.0645583271980285,0.0888717770576477,0.0482126474380493,0.0332803688943386,-0.118990957736969,-0.1435225009918213,-1.041171908378601,-2.57084321975708,3.163649559020996,202.89083862304688
CRR_1107,CRR,16014.186780947772,0.0156707726418972,0.0598956085741519,0.0836339592933654,0.0582451708614826,0.0265753008425235,0.034660056233406,-0.3167597651481628,-0.9182709455490112,-1.9984679222106927,-3.4156203269958496,3.8420562744140634,203.87005615234372
CRR_1108,CRR,17390.018673084567,0.4836987555027008,0.3509245216846466,0.2146321237087249,0.1520474553108215,0.0764712020754814,0.0401860475540161,-0.586375892162323,-0.4029867947101593,-0.6292957067489624,-1.7179521322250366,2.475275039672852,202.9280242919922
CRR_1109,CRR,17470.88270737831,0.5498388409614563,0.3650284707546234,0.1884571313858032,0.1447315663099289,0.0784750133752822,0.0410132929682731,-0.5430712103843689,-0.2108113318681717,-0.3338996469974518,-1.3769713640213013,2.199101448059082,202.6278839111328
CRR_1110,CRR,17346.384161106398,0.3884688913822174,0.2973783910274505,0.1727448552846908,0.1466687470674514,0.0779208987951278,0.0414754264056682,-0.6032531261444092,-0.3141308128833771,-0.4243042767047882,-1.411145806312561,2.1655426025390625,202.58795166015625
CRR_1111,CRR,17646.70894421457,0.2106399685144424,0.1304768770933151,0.099284216761589,0.1069240123033523,0.0788833796977996,0.0435454063117504,-0.682611346244812,-0.0396337695419788,0.1747083067893982,-0.6740173697471619,1.6985836029052734,202.0074462890625
CRR_1112,CRR,17948.263485266674,0.2667613625526428,0.1820234954357147,0.0814056172966957,0.0721330121159553,0.0771306604146957,0.045214869081974,-0.1999322026968002,0.5778210759162903,1.0181158781051636,0.2698444128036499,0.9661712646484376,201.2269744873047
CRR_1113,CRR,18547.212976144187,0.0551726594567298,0.0854924991726875,0.0828329846262931,0.0746730715036392,0.0856709703803062,0.0476325526833534,-0.0037491908296942,0.7991434931755066,1.259063482284546,0.4967932403087616,1.0143451690673828,201.336181640625
CRR_1114,CRR,18274.0796697259,0.0398482009768486,0.0155778499320149,0.0258492194116115,0.0561863668262958,0.0727361291646957,0.0469544380903244,-0.0607022009789943,0.6696353554725647,1.3213564157485962,0.7414454221725464,0.666478157043457,200.9163818359375
CRR_1116,CRR,18282.1688343124,0.023339407518506,0.0265806019306182,0.0474659390747547,0.0543535128235816,0.0516920424997806,0.0435831360518932,-0.4554643034934997,0.0924969315528869,1.001439094543457,0.8714929819107056,0.7825193405151367,200.7060394287109
CRR_1117,CRR,17874.73960965281,0.0465948991477489,0.0345013998448848,0.0304818470031023,0.0280998181551694,0.0406277179718017,0.0391009524464607,-0.2383802831172943,0.3596598207950592,1.2092750072479248,1.2028182744979858,0.5171375274658203,200.0865173339844
CRR_1118,CRR,19273.86116503357,0.0228115078061819,0.0877374112606048,0.0740345567464828,0.0800143554806709,0.0845096409320831,0.0511254668235778,-0.4469711482524872,-0.1139701381325721,0.396489143371582,-0.0035664786119014,1.381587028503418,202.1947784423828
CRR_1119,CRR,19881.49421306026,0.095055915415287,0.0510100722312927,0.0628010854125022,0.0872051268815994,0.0880641266703605,0.0528605058789253,-0.0744203478097915,0.0300246719270944,0.2405639588832855,-0.1228987053036689,1.2183408737182615,202.63375854492188
CRR_1120,CRR,18353.179899588216,0.0283374413847923,0.0476767420768737,0.037498090416193,0.0398698821663856,0.0349757149815559,0.035875879228115,-0.175919696688652,0.2884323298931122,1.283048152923584,1.4869846105575562,0.4464349746704101,200.02569580078125
CRR_1121,CRR,18840.68291406584,0.0385296307504177,0.0753656178712844,0.0702814161777496,0.0558218769729137,0.042868249118328,0.0345036312937736,-0.133038654923439,0.2045510113239288,1.210202932357788,1.5419902801513672,0.4300117492675781,200.2148895263672
CRR_1122,CRR,19804.9173429311,0.1843303143978119,0.1488795280456543,0.1228322312235832,0.0987260192632675,0.0779427662491798,0.0471894927322864,-0.7350065112113953,-0.9345636367797852,-0.414809376001358,-0.3043320477008819,1.8753929138183596,202.6835479736328
CRR_1123,CRR,19838.608080817965,0.2135825455188751,0.1646484732627868,0.1308708786964416,0.1006832048296928,0.0774039104580879,0.0466473065316677,-0.6921558976173401,-0.909986972808838,-0.3844035565853119,-0.2436074018478393,1.838332176208496,202.6334686279297
CRR_1124,CRR,20068.53122862321,0.0458489395678043,0.0662371814250946,0.0874115675687789,0.0979788824915885,0.0796467363834381,0.048383567482233,-0.7238350510597229,-1.0649734735488892,-0.6665701866149902,-0.5696108341217041,2.028370857238769,203.09310913085935
CRR_1125,CRR,18640.00353623554,0.0271673686802387,0.0249368753284215,0.0152431689202785,0.014296275563538,0.0148141998797655,0.0251386929303407,-0.4624858796596527,-0.0771069899201393,0.8736109137535095,1.2989131212234497,0.6763334274291992,200.16500854492188
CRR_1126,CRR,19469.31307875733,0.083557054400444,0.0326852314174175,0.0139640709385275,0.0364516377449035,0.0318521559238433,0.027662806212902,-0.1374865025281906,0.3048840463161468,1.3404635190963743,1.8553409576416016,0.5857229232788086,200.11370849609372
CRR_1127,CRR,19535.48503651836,0.0693108141422271,0.0485119074583053,0.012575127184391,0.0283943749964237,0.0284559242427349,0.0269410535693168,-0.0791957899928093,0.4028907120227813,1.4447189569473269,1.965143084526062,0.5632171630859375,200.0135803222656
CRR_1128,CRR,19425.87376280336,0.1071100458502769,0.0256027076393365,0.0129616418853402,0.0087747583165764,0.0239848587661981,0.0259683541953563,-0.5283102989196777,-0.0328104831278324,0.9858165383338928,1.4717810153961182,0.9771223068237304,200.38372802734372
CRR_1132,CRR,19966.10447262768,0.119435116648674,0.1008853167295456,0.0937311202287674,0.0618756152689456,0.0472082607448101,0.0295668188482522,-0.0620215684175491,0.4917914569377899,1.3517296314239502,1.7211542129516602,0.6295833587646484,200.2827911376953
CRR_1133,CRR,20873.42694453772,0.0661708712577819,0.0536717362701892,0.0636982843279838,0.0562394261360168,0.0373558588325977,0.0294408369809389,0.0118188876658678,0.6539145112037659,1.6394968032836914,2.1213903427124023,0.6536502838134766,200.42117309570312
CRR_1134,CRR,21903.033719822623,0.0184445437043905,0.0250595696270465,0.0123459370806813,0.0121119059622287,0.0209751185029745,0.0326436795294284,0.0285571794956922,0.6892108917236328,1.8999652862548828,2.431033134460449,0.2842769622802734,200.75930786132807
CRR_1135,CRR,20063.233562710648,0.153524249792099,0.1255448162555694,0.0981032997369766,0.0928041189908981,0.0754718706011772,0.0344657860696315,-0.5137035250663757,-0.3001765608787536,-0.0077164168469607,0.0152529971674084,1.6498126983642578,201.8327178955078
CRR_1136,CRR,21624.520186200527,0.1039205715060234,0.0894658043980598,0.075687326490879,0.0487365871667861,0.0293372049927711,0.0305359903723001,-0.2697330713272095,0.2495276629924774,1.338628888130188,1.8404172658920288,0.6334667205810547,201.1097717285156
CRR_1137,CRR,21965.834568132323,0.1049795523285865,0.1027044579386711,0.1001313850283622,0.0868639424443245,0.0546659640967845,0.0336666144430637,-0.5685247778892517,-0.2670727968215942,0.6581066250801086,1.010170340538025,1.2522401809692385,201.9990692138672
CRR_1138,CRR,21396.92624738403,0.0184814948588609,0.0829315185546875,0.0923650190234184,0.0900561511516571,0.0826089829206466,0.038152065128088,-0.5214194655418396,-0.5895345211029053,-0.7103868722915649,-0.9452536702156068,2.288196563720703,203.3403167724609
CRR_1139,CRR,22089.378789388644,0.0143432915210723,0.0726765468716621,0.1121451556682586,0.1031959950923919,0.0835827738046646,0.0398040004074573,-0.8598886132240295,-1.1482139825820925,-0.9887948036193848,-1.1026601791381836,2.58065128326416,203.9188690185547
CRR_1140,CRR,22967.64928944602,0.0534157790243625,0.1209977567195892,0.1278162002563476,0.0969452559947967,0.0768000409007072,0.0408619306981563,-0.368285208940506,0.0011522491695359,0.69862300157547,0.6786752939224243,1.128401756286621,202.63702392578125
CRR_1141,CRR,22441.16344769349,0.1175064966082573,0.1165483146905899,0.0745910555124282,0.082128494977951,0.0791477859020233,0.040905475616455,-0.9167271852493286,-1.2799303531646729,-1.6869301795959473,-2.218677997589112,3.237588882446289,204.998291015625
CRR_1142,CRR,24779.24916060981,0.0409100390970706,0.0254364926367998,0.0627974793314933,0.0976217091083526,0.0525008961558342,0.0283249896019697,0.0087514733895659,0.0565570890903472,-0.9301868081092834,-2.738769054412842,2.1414947509765625,205.58416748046875
CRR_1143,CRR,24144.21099268886,0.0471737161278724,0.0345346555113792,0.0742638185620307,0.0841615870594978,0.0705965682864189,0.0406145229935646,-0.0009916260605677,0.4046521782875061,0.0440073125064373,-1.5001089572906494,1.1580963134765625,203.7565155029297
CRR_1144,CRR,25920.49353747013,0.0560333020985126,0.0715561881661415,0.0965482741594314,0.0925894156098365,0.0546404756605625,0.045809332281351,-0.791463315486908,-1.564835786819458,-2.730991840362549,-3.7861623764038086,3.876453399658203,205.79421997070312
CRR_1145,CRR,26227.556368421563,0.078999176621437,0.0892628282308578,0.0842917561531066,0.1013893112540245,0.072209782898426,0.0494455657899379,-0.8181138634681702,-1.3938292264938354,-2.4128763675689697,-3.265576124191284,3.5974416732788086,205.2238006591797
CRR_1146,CRR,28023.74519563905,0.1926055699586868,0.1253226548433303,0.0746415853500366,0.0584510378539562,0.0744338259100914,0.0571579076349735,-1.7412532567977903,-2.236898899078369,-2.230067014694214,-1.870878219604492,3.461838722229004,203.71026611328125
CRR_1147,CRR,28572.03030867936,0.0117697138339281,0.0568906255066394,0.0840104818344116,0.0876758098602294,0.0716290920972824,0.0598475970327854,-0.0835410729050636,0.2997501194477081,0.6424483060836792,1.1439366340637207,0.6541528701782227,200.89794921875
CRR_1148,CRR,28675.15899118634,0.2276435643434524,0.1413871347904205,0.0956889316439628,0.086078830063343,0.0702886655926704,0.0592968538403511,-0.0290924552828073,0.3709092438220978,0.7432583570480347,1.324555516242981,0.5882177352905273,200.6977386474609
CRR_1149,CRR,28233.85257966544,0.1307617127895355,0.101559080183506,0.0633729249238967,0.0642624497413635,0.0721930265426635,0.0552861653268337,-1.561115860939026,-2.128673791885376,-2.0431509017944336,-1.4804184436798096,3.298290252685547,203.24008178710935
CRR_1150,CRR,28438.87599274628,0.0299908109009265,0.0414835065603256,0.0532228425145149,0.0616239942610263,0.0688726231455802,0.0540826357901096,-1.8722684383392327,-2.4729435443878174,-2.326017141342163,-1.622941255569458,3.589228630065918,203.3596343994141
CRR_1151,CRR,29101.601122490258,0.2312631756067276,0.1232122704386711,0.0793611258268356,0.059951864182949,0.0593889243900775,0.0489937029778957,-1.737774133682251,-2.3274526596069336,-2.0248332023620605,-0.9105184078216552,3.3140602111816406,202.5582427978516
CRR_1152,CRR,29343.50324606996,0.0575539320707321,0.1060424894094467,0.1285818964242935,0.1103532239794731,0.056428026407957,0.0414992608129978,-0.584973931312561,-0.6879590749740601,-0.2284170687198639,1.1373860836029053,1.608881950378418,200.27877807617188
CRR_1153,CRR,30437.326530279355,0.0552405789494514,0.078161709010601,0.087760180234909,0.0663719773292541,0.0538276545703411,0.0454171635210514,-0.4889230132102966,-0.3360844850540161,0.4652249813079834,2.1505215167999268,1.0272893905639648,199.54368591308597
CRR_1155,CRR,29968.259842496715,0.1175619214773178,0.099210686981678,0.0785159319639206,0.0323600210249424,0.0356559939682483,0.0312406290322542,-0.3736872673034668,-0.1195575892925262,0.5132541656494141,2.187519073486328,0.8836441040039062,198.9685516357422
CRR_1156,CRR,30587.658119972537,0.0976015329360961,0.1046222597360611,0.0958426818251609,0.0652630925178527,0.0354973226785659,0.0312733948230743,-0.3612162172794342,-0.0810451880097389,0.4713185727596283,2.306697130203247,0.9151716232299804,198.92596435546875
CRR_1157,CRR,31226.4004213945,0.179822027683258,0.1529524177312851,0.0674502328038215,0.0518957674503326,0.0416718497872352,0.0320556424558162,-0.5966480374336243,-0.5109990239143372,0.2438355833292007,2.2863223552703857,1.159926414489746,199.00320434570312
CRR_1158,CRR,30223.899508022834,0.069142147898674,0.0335012190043926,0.029560450464487,0.011108623817563,0.0175130404531955,0.0235555097460746,-0.4199100732803345,-0.3334925770759582,0.2887634336948395,,0.6253662109375,198.81857299804688
CMR_0102,CMR,84.05763375896964,0.0573774427175521,0.063087373971939,0.0280741974711418,,,,,,,,0.4523196220397949,0.489443302154541
CMR_0103,CMR,271.5345984990748,0.0205560456961393,0.025435572490096,0.008130413480103,0.0203140825033187,0.0129137635231018,0.018193470314145,-0.2882841229438782,-0.242031916975975,0.2542566657066345,1.4723994731903076,0.376415491104126,0.3852965831756592
CMR_0104,CMR,406.886435932341,0.0297828000038862,0.0285741072148084,0.0489012859761714,0.0229353550821542,0.0128299724310636,,-0.479733407497406,-0.3384352624416351,,,0.59157395362854,0.6056263446807861
CMR_0105,CMR,536.0630951533633,0.0263043958693742,0.0033958188723772,0.0160555411130189,0.0202827490866184,0.0128498803824186,0.0190313048660755,-0.1817651689052581,-0.1080141440033912,0.4108262956142425,1.5784552097320557,0.284614086151123,0.291121244430542
CMR_0106,CMR,623.8207531456101,0.0193842649459838,0.0334057956933975,0.0303704682737588,0.0177816320210695,0.0124152610078454,,-0.3003186285495758,-0.0770095661282539,,,0.5589504241943359,0.5621628761291504
CMR_0107,CMR,206.1907716890668,0.0215768050402402,0.0221387166529893,0.0157181099057197,0.0147040663287043,,,-0.3448586165904999,,,,0.542595386505127,0.5537428855895996
CMR_0108,CMR,1229.5532603263775,0.0362568460404872,0.0616292655467987,0.0481922775506973,0.0191018506884574,0.0133692063391208,0.0230365563184022,-0.1398620009422302,-0.0821945369243621,0.5185026526451111,1.5104150772094729,0.4060392379760742,0.4071898460388183
CMR_0109,CMR,103.01839275668804,0.0043606450781226,0.0147777814418077,0.0217135213315486,0.0210803877562284,0.0148511035367846,0.0181018821895122,0.0980912968516349,0.2903758585453033,0.7266539335250854,,0.1131277084350586,0.1218729019165039
CMR_0110,CMR,1657.627569489374,0.0160619802772998,0.0211176741868257,0.0148188071325421,0.005179957486689,0.0156160565093159,0.0268875025212764,-0.3019414246082306,-0.2354210764169693,0.4499242305755615,1.3056514263153076,0.5908410549163818,0.5984296798706055
CMR_0111,CMR,1025.7386141275,0.0266145430505275,0.0159244611859321,0.0127251949161291,0.0235221460461616,0.0170384682714939,0.0228501968085765,-0.3312319815158844,-0.2711316049098968,0.272630363702774,1.14671528339386,0.6145706176757812,0.6240954399108887
CMR_0112,CMR,312.02230656447307,0.0095926271751523,0.050720240920782,0.0523948334157466,0.0257536210119724,0.0188872013241052,0.0210613273084163,-0.3718655705451965,-0.2450481057167053,0.2028260082006454,1.0616024732589722,0.6597621440887451,0.6717963218688965
CMR_0113,CMR,1934.7097537986783,0.0341301672160625,0.0495505146682262,0.0421368218958377,0.0059492085129022,0.0188652984797954,0.0291165187954902,-0.5158321857452393,-0.3617881834506988,0.3650602102279663,1.112323522567749,0.8310554027557373,0.844982385635376
CMR_0114,CMR,1528.7927924991768,0.0212263073772192,0.0282713398337364,0.0225928612053394,0.0103565640747547,0.0179101899266242,0.0264475587755441,-0.2682918310165405,-0.2082769125699997,0.4316711127758026,1.2211990356445312,0.5737812519073486,0.5985386371612549
CMR_0115,CMR,1175.865893622454,0.0298455655574798,0.0501767247915267,0.0434023775160312,0.0213037151843309,0.0212764553725719,0.0255725607275962,-0.2456814646720886,-0.210024282336235,0.3498254418373108,1.0922656059265137,0.5896756649017334,0.6250219345092773
CMR_0116,CMR,632.1902109750906,0.0833104029297828,0.0383119322359561,0.024440286681056,0.0301994588226079,0.0231466088443994,0.023798743262887,-0.2756223380565643,-0.2041281461715698,0.2487670481204986,0.987028419971466,0.588409423828125,0.6380014419555664
CMR_0117,CMR,1728.8478689825672,0.0320274457335472,0.0160240940749645,0.042372491210699,0.0213441364467144,0.0265526715666055,0.0297415591776371,-0.2803835570812225,-0.0920256599783897,0.5591121912002563,1.1480774879455566,0.6259684562683105,0.68402099609375
CMR_0118,CMR,296.1276181695859,0.081112802028656,0.0788637027144432,0.0570707097649574,0.0357981175184249,0.0271108876913785,0.0242070015519857,-0.1483273357152938,0.0428125336766243,0.4140369296073913,1.0977122783660889,0.4229645729064941,0.4722650051116943
CMR_0119,CMR,1905.5192309264849,0.0739299431443214,0.0896063446998596,0.0636893957853317,0.0265167318284511,0.0305772107094526,0.0312648378312587,-0.0161410383880138,0.2795823514461517,0.9447677731513976,1.451319694519043,0.3999686241149902,0.4422571659088135
CMR_0120,CMR,467.0186119683441,0.0465581640601158,0.0591037273406982,0.0589913353323936,0.0386971123516559,0.0284512192010879,0.0248746648430824,-0.2368379086256027,-0.0759695842862129,0.2873691618442535,0.9306846261024476,0.4923975467681885,0.5832395553588867
CMR_0121,CMR,1195.9912130526536,0.0352285429835319,0.0455912612378597,0.0615932792425155,0.0327518917620182,0.0312169026583433,0.027507672086358,-0.5626681447029114,-0.548346221446991,-0.1060373336076736,0.4424595832824707,0.9613869190216064,1.1223127841949463
CMR_0122,CMR,21.16188705282793,0.1156803220510482,0.0607996731996536,0.0419095866382122,0.0394860096275806,0.0377099439501762,0.0264331847429275,-0.1264500617980957,0.2530329525470733,0.6839587688446045,1.3824951648712158,0.3332176208496094,0.361393928527832
CMR_0123,CMR,1035.6067905834016,0.0145294182002544,0.0259144101291894,0.0442922003567218,0.0476416461169719,0.0358118191361427,0.0276338998228311,-0.3525473177433014,-0.3111342191696167,-0.0049241753295063,0.4651219248771667,0.7212545871734619,0.9774570465087892
CMR_0124,CMR,1821.40702823037,0.0146989757195115,0.0877359583973884,0.0702209919691085,0.0510155782103538,0.0442450605332851,0.03107376024127,-0.7517339587211609,-0.669834554195404,-0.3138779699802398,-0.0274400897324085,1.299936294555664,1.598049879074097
CMR_0125,CMR,788.1201292970096,0.0112467566505074,0.0561513416469097,0.0940150693058967,0.0654513090848922,0.0431856587529182,0.0288973748683929,-0.327338844537735,-0.1179127469658851,0.1406129598617553,0.5891359448432922,0.6871426105499268,0.9007961750030518
CMR_0126,CMR,2271.349297885011,0.0462773442268371,0.0766078978776931,0.0866057723760604,0.077202633023262,0.0533458068966865,0.0326588377356529,0.0610328838229179,0.1699994653463363,0.4046817123889923,0.4858503937721252,0.5647451877593994,1.079190969467163
CMR_0127,CMR,1185.4908224919086,0.0375056117773056,0.0906683579087257,0.0914266183972358,0.0712607726454734,0.0475799553096294,0.0301516447216272,-0.2970819175243377,-0.2533927857875824,-0.1147538051009178,0.1920437663793563,0.7546074390411377,1.1972296237945557
CMR_0128,CMR,1616.8622321069024,0.0251612327992916,0.0376328267157077,0.0588616468012332,0.0670438483357429,0.0495273321866989,0.0307118035852909,-0.5593539476394653,-0.6760042905807495,-0.6567171812057495,-0.4945251941680908,1.2377042770385742,1.8745183944702148
CMR_0129,CMR,2070.104328673734,0.0522483587265014,0.0448714643716812,0.0579086393117904,0.0677829533815383,0.0567953549325466,0.032679084688425,-0.2309060096740722,-0.39252969622612,-0.6363134980201721,-0.6616919636726379,1.0091056823730469,2.016514301300049
CMR_0130,CMR,1974.7512204805555,0.0411242134869098,0.041481003165245,0.0480931885540485,0.0662015900015831,0.060676384717226,0.0343192182481288,-0.2195269763469696,-0.2921328246593475,-0.4143708050251007,-0.3195533156394958,0.8098616600036621,1.6888360977172852
CMR_0131,CMR,1927.7074641201505,0.0284051019698381,0.0662684068083763,0.0730131268501281,0.070760041475296,0.0625548958778381,0.0353940092027187,-0.4470580816268921,-0.4639457166194916,-0.4691309630870819,-0.2612805664539337,0.9433104991912842,1.667989730834961
CMR_0132,CMR,2143.5671117501674,0.0291687678545713,0.040557887405157,0.0527627281844615,0.0674693584442138,0.0626519471406936,0.0355241931974887,-0.3049445748329162,-0.3369812965393066,-0.4741098880767822,-0.3556056022644043,0.8613195419311523,1.747849464416504
CMR_0133,CMR,2957.624798014722,0.0447505228221416,0.0401118323206901,0.0509921126067638,0.0517097897827625,0.0464712381362915,0.0295887850224971,-0.5600773096084595,-0.9133404493331908,-1.5280176401138306,-1.8860114812850952,1.897915601730347,3.2871010303497314
CMR_0134,CMR,2723.1986895568944,0.0122403521090745,0.0642123892903328,0.0765632912516594,0.0598340854048728,0.0560162924230098,0.0339436493813991,-0.5075938105583191,-0.5887672901153564,-1.101202368736267,-1.2566263675689695,1.191054344177246,2.626638889312744
CMR_0135,CMR,2981.338235289329,0.0511375404894351,0.0590913332998752,0.0398003347218036,0.0506806150078773,0.0515140108764171,0.0330630168318748,-0.3710615038871765,-0.4618668854236603,-1.1095300912857056,-1.3534057140350342,1.07059645652771,2.728914260864258
CMR_0136,CMR,4000.3917079781886,0.0170652288943529,0.0806039348244667,0.0907335057854652,0.0391230136156082,0.0260976869612932,0.0280722361057996,-0.3340920805931091,-0.4967856705188751,-1.451679825782776,-1.956687569618225,1.7998425960540771,3.410919189453125
CMR_0137,CMR,3774.992432613596,0.0444071628153324,0.0573128871619701,0.0498591847717762,0.0447074212133884,0.0459572002291679,0.0349554046988487,-0.4504677057266235,-0.8981090784072876,-1.786320447921753,-2.005545854568481,1.5601792335510254,3.4212570190429688
CMR_0138,CMR,4625.286254660355,0.0365764461457729,0.0509601049125194,0.0250176191329956,0.0105715664103627,0.0328324176371097,0.0308272019028663,-0.7665656208992004,-1.2254016399383545,-2.1538431644439697,-2.610051393508911,2.7410900592803955,4.135805606842041
CMR_0139,CMR,4785.882269913621,0.0853401571512222,0.0875330120325088,0.0582710914313793,0.0305162072181701,0.0393797494471073,0.0323835648596286,-0.8036394715309143,-1.3018423318862915,-2.18929386138916,-2.60212516784668,2.818697690963745,4.149818420410156
CMR_0140,CMR,4729.228631482985,0.0583175346255302,0.0837428942322731,0.0494106598198413,0.0246903020888566,0.0370462499558925,0.0324597172439098,-0.7998621463775635,-1.324509859085083,-2.2401156425476074,-2.6419897079467773,2.8371944427490234,4.179524421691895
CMR_0141,CMR,4352.14426527278,0.0268726181238889,0.0329278297722339,0.0504630990326404,0.0494490154087543,0.0408069230616092,0.0353592187166214,-0.8551730513572693,-1.4381110668182373,-2.4430527687072754,-2.6621718406677246,2.624908685684204,4.131667613983154
CMR_0142,CMR,4789.914070781075,0.0044068372808396,0.0174834132194519,0.0251318383961915,0.0353168919682502,0.0390819571912288,0.0349704511463642,-0.7298440933227539,-1.3811858892440796,-2.3376832008361816,-2.6220357418060303,2.890997886657715,4.161585330963135
CMR_0143,CMR,5080.229843462053,0.1172996312379837,0.1308952718973159,0.1041284427046775,0.071439728140831,0.0494494289159774,0.037422839552164,-0.7195752859115601,-1.3024485111236572,-2.165810823440552,-2.3466832637786865,2.831253290176392,3.935779571533203
CMR_0144,CMR,5121.908381795339,0.0292910058051347,0.0256474055349826,0.0615254007279872,0.0669156461954116,0.0493814498186111,0.0383280627429485,-0.8719148635864258,-1.4965403079986572,-2.385861158370972,-2.49660587310791,3.049115896224976,4.090100288391113
CMR_0145,CMR,5212.748558783168,0.248507559299469,0.2080205678939819,0.1353272497653961,0.0822910144925117,0.0533641837537288,0.0387688018381595,-0.9302552938461304,-1.4740931987762451,-2.298884868621826,-2.4029195308685303,2.999331474304199,4.016904354095459
CMR_0146,CMR,5215.737069941783,0.0414899922907352,0.0609996691346168,0.0681953802704811,0.0817730724811554,0.0632766485214233,0.0403830185532569,-0.3873852491378784,-0.6661556959152222,-1.3882094621658323,-1.1234923601150513,2.08996057510376,2.736687183380127
CMR_0147,CMR,5037.2899710473785,0.0231258869171142,0.107846699655056,0.127688929438591,0.0947532653808593,0.0700390711426734,0.0394850485026836,-0.2942381501197815,-0.2616077661514282,-0.5986266732215881,-0.0501712635159492,1.395315170288086,1.7486286163330078
CMR_0148,CMR,7020.93157846544,0.0744190737605094,0.0994634926319122,0.1097091808915138,0.0891899988055229,0.0666789934039115,0.0403090976178646,-0.5863810777664185,-0.7980477809906006,-0.9268176555633544,0.2431111484766006,1.7633299827575684,1.964667797088623
CMR_0149,CMR,7587.2339338742,0.0588157176971435,0.083729475736618,0.0814337953925132,0.0812940597534179,0.0633345544338226,0.0389293171465396,-0.4819299578666687,-0.5090469121932983,-0.2700196206569671,1.122111678123474,1.201028823852539,1.336312770843506
CMR_0150,CMR,6334.925675415216,0.0897154361009597,0.109116218984127,0.1003735363483429,0.0735097602009773,0.0569794848561286,0.0337770543992519,-0.3976048529148102,-0.6150580644607544,-0.5872275829315186,0.6702252626419067,1.3217720985412598,1.4125328063964844
CMR_0153,CMR,7936.468777358784,0.0606650374829769,0.0794158428907394,0.068214513361454,0.0622681863605976,0.0534888505935668,0.0309068020433187,-0.2878778576850891,-0.163982555270195,0.2598465085029602,2.0156383514404297,0.7874274253845215,0.8168516159057617
CMR_0154,CMR,7190.163688850716,0.0339966937899589,0.0182809755206108,0.0500776506960392,0.0682803019881248,0.0501371771097183,0.0287825614213943,-0.2679918706417084,-0.2099873274564743,0.0943811386823654,1.727779746055603,0.7665581703186035,0.794525146484375
CMR_0155,CMR,7219.40566673053,0.0264969542622566,0.0639130175113678,0.0848232358694076,0.0670445561408996,0.0459990538656711,0.027174150571227,-0.6979743838310242,-0.585019052028656,-0.2322854548692703,1.4380590915679932,1.112922191619873,1.1320490837097168
CMR_0156,CMR,8030.907466225639,0.108419582247734,0.0758897736668586,0.0539386831223964,0.0555181577801704,0.0483789928257465,0.0284451283514499,-0.7343762516975403,-0.6156975030899048,-0.1266317516565323,1.7138856649398804,1.164134502410889,1.1824979782104492
CMR_0157,CMR,8610.367168848752,0.0317425951361656,0.0398475937545299,0.0363363623619079,0.0446255840361118,0.040341455489397,0.027528753504157,-0.182723730802536,0.1504062861204147,0.8478056788444519,2.7810258865356445,0.5061836242675781,0.5092673301696777
CMR_0158,CMR,8907.610930293235,0.0291440356522798,0.0172906070947647,0.0188391525298357,0.0270660631358623,0.0321062505245208,0.0252109672874212,-0.2706575691699981,0.0818650349974632,0.8771200776100159,2.9006500244140625,0.5202412605285645,0.519406795501709
CMR_0159,CMR,8533.468094131054,0.0900668501853942,0.0913699567317962,0.0658713430166244,0.0416640751063823,0.0373228974640369,0.0250792261213064,-0.1651359498500824,0.0932395085692405,0.7676244378089905,2.7628650665283203,0.5085110664367676,0.5111117362976074
CMR_0160,CMR,8465.561941377713,0.0259924232959747,0.0833507999777793,0.0810086876153945,0.0429201610386371,0.0360541716217994,0.0240555442869663,-0.3286250233650207,-0.1205397397279739,0.533821165561676,2.5436644554138184,0.6451220512390137,0.6490945816040039
CMR_0161,CMR,9112.285304783036,0.0551747344434261,0.0446006618440151,0.0389589704573154,0.0183322466909885,0.0256527215242385,0.0232680905610322,-0.3357385694980621,-0.0118060018867254,0.8317380547523499,2.930903196334839,0.5510988235473633,0.5490632057189941
CMR_0162,CMR,7906.822666283751,0.0339754857122898,0.0630130916833877,0.0734744071960449,0.0494350902736187,0.0347454585134983,0.0225694626569747,-0.2148560136556625,0.0151809249073266,0.5496954321861267,2.471540927886963,0.5501766204833984,0.5530729293823242
CMR_0163,CMR,8452.749835608813,0.0518813878297805,0.0658033415675163,0.0502937957644462,0.0355062969028949,0.0279911402612924,0.0204235073179006,-0.1998128294944763,0.0014103617286309,0.6557962894439697,2.726606607437134,0.4840154647827148,0.4852733612060547
CMR_0164,CMR,8338.227026667098,0.0140161272138357,0.0222111195325851,0.0151150189340114,0.0113647719845175,0.0178121738135814,0.016495082527399,-0.3779482245445251,-0.1004390716552734,0.5095455646514893,2.5879197120666504,0.6617598533630371,0.6617245674133301
CMR_0165,CMR,8804.1960665118,0.021609341725707,0.0210936162620782,0.0071035912260413,0.0159009452909231,0.0165945328772068,0.0168459769338369,-0.3531402349472046,-0.1328309923410415,0.5750882625579834,2.7492692470550537,0.55218505859375,0.5515317916870117
CMR_0166,CMR,8686.932041774517,0.03076146915555,0.0272926241159439,0.0184963755309581,0.0104001406580209,0.0140546485781669,0.0153746400028467,-0.1338356137275695,0.1043009385466575,0.7665560841560364,2.926539659500122,0.3541674613952636,0.3539695739746094
CMR_0167,CMR,9157.201772892024,0.0166875571012496,0.039492093026638,0.023442056030035,0.0076110842637717,0.0121935494244098,0.017225332558155,-0.2696822881698608,-0.0517430491745471,0.7245327234268188,2.9548375606536865,0.4846682548522949,0.4834322929382324
CMR_0168,CMR,9532.348102178306,0.013540799729526,0.0158313252031803,0.0070154382847249,0.0089896144345402,0.0135638294741511,0.020212635397911,-0.50710529088974,-0.2517354786396026,0.6030603647232056,2.848766803741455,0.6676335334777832,0.6666412353515625
CMR_0169,CMR,9383.937433557168,0.0101496074348688,0.0097258063033223,0.0094084609299898,0.00675641419366,0.0094769764691591,0.0168945714831352,-0.3466465175151825,-0.1496259421110153,0.6227928400039673,2.8904929161071777,0.4960494041442871,0.4947271347045898
CMR_0170,CMR,9392.79145774811,0.0096999499946832,0.0128491772338747,0.0110384272411465,0.0082552134990692,0.0082141691818833,0.0155813060700893,-0.2184467911720276,-0.0412563234567642,0.6888716816902161,2.964939832687378,0.3892793655395508,0.3885316848754883
CMR_0171,CMR,9911.421534985022,0.0413947701454162,0.0508091002702713,0.0249862130731344,0.0155753074213862,0.0191616732627153,0.0220246277749538,-0.2848389148712158,-0.0646852478384971,0.7389335036277771,3.020249605178833,0.4781088829040527,0.4779095649719238
CMR_0172,CMR,9372.926040695873,0.0381199903786182,0.0337079055607318,0.0217717885971069,0.0080022402107715,0.006991159170866,0.014349571429193,-0.1842520534992218,-0.0220826007425785,0.6682429909706116,2.943509101867676,0.3288936614990234,0.3283724784851074
CMR_0173,CMR,8866.6765098192,0.0480413921177387,0.0310703329741954,0.029240807518363,0.0151035962626338,0.002372806193307,0.0104079348966479,-0.35529425740242,-0.3106537163257599,0.2397797256708145,2.422842502593994,0.4420413970947265,0.4545927047729492
CMR_0174,CMR,10323.891260340726,0.0404874123632907,0.0018652636790648,0.0228522662073373,0.0293390341103076,0.0299457162618637,0.0267264563590288,-0.4438489377498626,-0.2413386702537536,0.5092501044273376,2.767129421234131,0.684626579284668,0.6848664283752441
CMR_0175,CMR,9379.777588923089,0.0131665570661425,0.0186890456825494,0.0189760327339172,0.0095947431400418,0.0039760619401931,0.011356838978827,-0.2024136483669281,-0.169002816081047,0.3918120265007019,2.6440579891204834,0.2810068130493164,0.2920460700988769
CMR_0176,CMR,9634.468092335372,0.022488098591566,0.030807476490736,0.019822796806693,0.0039130426011979,0.0085388217121362,0.0142250154167413,-0.1789247393608093,-0.0768584758043289,0.531154990196228,2.812827587127685,0.3301873207092285,0.331998348236084
CMR_0177,CMR,10164.582467482584,0.0119637576863169,0.0185244996100664,0.0201449487358331,0.0218847151845693,0.0213717129081487,0.0219922643154859,-0.2537676095962524,-0.1075649932026863,0.5665682554244995,2.853381633758545,0.4167299270629883,0.413428783416748
CMR_0178,CMR,9689.22776819547,0.0689382702112197,0.0247680507600307,0.0210786052048206,0.0056888507679104,0.0076103643514215,0.0137280561029911,-0.4449405372142792,-0.371437132358551,0.1945478469133377,2.46561598777771,0.5575652122497559,0.5644640922546387
CMR_0179,CMR,10485.574345575576,0.0342111438512802,0.0496312044560909,0.0407588705420494,0.0312646366655826,0.0295987334102392,0.0265500675886869,-0.2160313874483108,-0.0770946592092514,0.587851345539093,2.8415322303771973,0.4105501174926758,0.4057598114013672
CMR_0180,CMR,10565.3663055386,0.0469978526234626,0.0589131750166416,0.0502920970320701,0.0323490649461746,0.0280119329690933,0.0262442156672477,-0.3761005103588104,-0.2331593483686447,0.4004648625850677,2.6458489894866943,0.5689773559570312,0.5625796318054199
CMR_0181,CMR,10291.445901809782,0.0223186127841472,0.0189437363296747,0.0086995167657732,0.0141009949147701,0.0178641993552446,0.0209680777043104,-0.0836874544620513,0.1039198860526084,0.7053369879722595,2.9725232124328613,0.3062772750854492,0.3062272071838379
CMR_0182,CMR,10677.51548560806,0.0349127687513828,0.0269729439169168,0.0081282872706651,0.0188600923866033,0.0205871872603893,0.0241091363131999,0.0346277542412281,0.2932294309139251,0.8849056959152222,3.1053874492645264,0.2412161827087402,0.2418532371520996
CMR_0183,CMR,10943.605025570789,0.0691140219569206,0.0788291245698928,0.0689251348376274,0.040614828467369,0.0305179096758365,0.0288803223520517,-0.2795567214488983,-0.1022366136312484,0.5017269849777222,2.688969612121582,0.5239963531494141,0.5172572135925293
CMR_0184,CMR,11574.10715641852,0.0532831735908985,0.0593697354197502,0.0547384582459926,0.0492932125926017,0.0560911521315574,0.0383816882967948,-0.3066908121109009,-0.1618275791406631,0.2968897819519043,2.3099491596221924,0.6240386962890625,0.6287403106689453
CMR_0185,CMR,10746.885819153473,0.0508382506668567,0.0342280343174934,0.0117942243814468,0.0134273301810026,0.0191842261701822,0.0244784243404865,-0.0622493363916873,0.2299875617027282,0.82096266746521,3.010279893875122,0.1036782264709472,0.1190533638000488
CMR_0186,CMR,12025.692979180209,0.0126060685142874,0.0270095318555831,0.0300788395106792,0.0562834367156028,0.0629371777176857,0.0405025780200958,-0.1723654270172119,0.0049835918471217,0.3395590782165527,2.2306368350982666,0.5313477516174316,0.5661349296569824
CMR_0187,CMR,11036.121581136817,0.0169045962393283,0.0254469662904739,0.0140995252877473,,,,,,,2.953505277633667,0.1768999099731445,0.2021336555480957
CMR_0188,CMR,11985.934611453373,0.0274296682327985,0.0248848013579845,0.020161947235465,0.0469224750995636,0.0538718216121196,0.0380396023392677,-0.2266766428947448,-0.0983740389347076,0.3564077913761139,2.295003652572632,0.5090093612670898,0.5278668403625488
CRR_1160,CRR,10840.285159363804,0.0180500373244285,0.0202405415475368,0.021249733865261,0.0266039185225963,0.0256715212017297,0.0192204751074314,-0.0508819483220577,0.4677320420742035,1.384550929069519,,0.3310112953186035,194.46533203125
CMR_0189,CMR,11489.491025246722,0.046534489840269,0.0250206384807825,0.027377089485526,0.0326988399028778,0.0313703902065753,0.0312635228037834,-0.1332940757274627,0.2110602557659149,0.8484859466552734,2.919760465621948,0.4028849601745605,0.4054512977600097
CMR_0190,CMR,12209.020748535018,0.0298227611929178,0.0045528961345553,0.0195276290178298,0.0511179827153682,0.0550468862056732,0.0382581986486911,-0.3426186144351959,-0.1798804402351379,0.2523569464683532,2.140500783920288,0.6107850074768066,0.6364426612854004
CMR_0191,CMR,11898.08896093932,0.039377361536026,0.0656318217515945,0.0613169223070144,0.0469814129173755,0.0400036498904228,0.0341428965330123,0.0039464286528527,0.3281338512897491,0.940988063812256,2.931590795516968,0.3156771659851074,0.3169865608215332
CMR_0192,CMR,12517.936274159203,0.0124189751222729,0.0124820042401552,0.0262491162866354,0.0607443079352378,0.0567325167357921,0.038492377847433,-0.1685896217823028,0.0157293751835823,0.3912628889083862,2.205293893814087,0.4538226127624511,0.4974365234375
CRR_1161,CRR,11959.001280780189,,,,,,,,,,,,
CRR_1162,CRR,12228.918363982672,0.031030885875225,0.0355693027377128,0.0300887897610664,0.0228116679936647,0.0263144187629222,0.0199374370276927,-0.0724228024482727,0.4157204031944275,1.3677775859832764,,0.2621412277221679,194.5347900390625
CMR_0193,CMR,13023.497730527348,0.0164647493511438,0.0476498641073703,0.0632545799016952,0.06296007335186,0.0479229316115379,0.0358657129108905,-0.1525335907936096,0.0742041617631912,0.5089734792709351,2.2583253383636475,0.4894437789916992,0.5240659713745117
CRR_1163,CRR,11645.96302124184,0.0283769592642784,0.0481836125254631,0.0517667643725872,0.0446231849491596,0.0349537916481494,0.0226137731224298,-0.3486225306987762,-0.0069350614212453,0.8687794208526611,1.8621772527694704,0.6138434410095215,195.32400512695312
CRR_1164,CRR,12405.60982266362,0.0494101792573928,0.0454663634300231,0.0207102410495281,0.0309976413846015,0.0304738078266382,0.0210120361298322,-0.1050238087773323,0.3902777135372162,1.2992136478424072,,0.3461356163024902,194.68450927734372
CRR_1165,CRR,12776.454938599076,0.0308488067239522,0.0293474774807691,0.0143364910036325,0.0431192964315414,0.0344272553920745,0.0221662539988756,-0.1525851488113403,0.3131673634052276,1.147621750831604,,0.5104103088378906,194.8943634033203
CRR_1166,CRR,13284.212999123072,0.0414060279726982,0.0518329627811908,0.0480463877320289,0.0444360859692096,,,-0.0343291312456131,,,,0.2686738967895508,194.9145050048828
CRR_1167,CRR,12265.13407381551,0.0345525294542312,0.0705236718058586,0.0766598582267761,0.0569046400487422,0.0413685515522956,0.0238099377602338,-0.4719841480255127,-0.1645227074623108,0.5816136598587036,1.6345834732055664,0.810356616973877,195.7634429931641
CRR_1168,CRR,13614.144896907992,0.0503248423337936,0.060765653848648,0.0557061545550823,0.049496304243803,,,-0.1173579916357994,,,,0.3582682609558105,195.2642364501953
CRR_1169,CRR,14139.525183632337,0.0323457345366478,0.0379022359848022,0.0458911582827568,,,,,,,,0.0929622650146484,195.5636138916016
CRR_1170,CRR,13641.435338691415,0.0254012234508991,0.0613720007240772,0.0740125402808189,0.0650477334856987,0.0436929762363433,0.0270699746906757,-0.5032730102539062,-0.5075836777687073,0.0061068111099302,1.3261555433273315,0.924891471862793,196.49313354492188
CRR_1171,CRR,14229.541797901018,0.0578968152403831,0.059549406170845,0.0584004707634449,0.0466637574136257,0.0412306375801563,0.0292320568114519,-0.2046887278556823,-0.114303208887577,0.350685715675354,1.7305139303207395,0.3928389549255371,196.28292846679688
CRR_1172,CRR,14675.805390591504,,,,,,,,,,,,
CRR_1173,CRR,13973.249210358626,0.0472045913338661,0.0488969460129737,0.0604708716273307,0.0468975976109504,0.0427846275269985,0.0284534431993961,-0.5482423305511475,-0.7123684287071228,-0.4674887359142303,0.636292040348053,1.262531280517578,197.421875
CMR_0194,CMR,15290.263479396614,0.0100475745275616,0.0468411147594451,0.0608737207949161,0.0331304334104061,0.0256528872996568,0.0284386966377496,-0.4118854999542236,-0.2436289340257644,0.4418723583221435,2.063404321670532,0.725649356842041,0.7231869697570801
CMR_0195,CMR,15223.316138556222,0.0095760384574532,0.0555511377751827,0.0636820495128631,0.0267046224325895,0.0241749733686447,0.0279792640358209,-0.1255713403224945,0.0400101542472839,0.7060869932174683,2.3263096809387207,0.4142098426818847,0.4147324562072754
CRR_1174,CRR,14412.722343063862,0.0323525704443454,0.0143115306273102,0.0466726459562778,0.0543558485805988,0.0405338108539581,0.0293591786175966,-0.5502117276191711,-0.7496971487998962,-0.6297951936721802,0.392737329006195,1.4588265419006348,197.88113403320312
CRR_1175,CRR,15434.869158921372,,,,,0.0376167744398117,0.0335624068975448,,,,,,
CRR_1176,CRR,15683.217025566002,,,,0.039177082479,0.037110224366188,0.0341144055128097,,,,,,
CRR_1177,CRR,15614.270453026946,0.0161787308752536,0.0371310487389564,0.0489997155964374,0.039844412356615,0.0382286049425601,0.033862367272377,-0.1274509578943252,0.3313466310501098,0.670960545539856,1.8438475131988523,0.2817564010620117,196.870849609375
CMR_0196,CMR,15985.257135736216,0.007476161699742,0.0252879429608583,0.0248207952827215,0.0116063030436635,0.0305946767330169,,-0.3840395510196686,-0.0702396854758262,,,0.2951569557189941,0.374497652053833
CRR_1178,CRR,15322.39015244316,0.0449575372040271,0.0685225278139114,0.0976347625255584,0.0745993480086326,0.04240158572793,0.0323552042245864,0.085250586271286,0.2873663902282715,0.3854184746742248,1.3914200067520142,0.6064920425415039,197.29025268554688
CRR_1179,CRR,15945.882708706073,0.0223713498562574,0.0253057070076465,0.0174265559762716,0.0381237752735614,0.0374763384461402,0.0344742648303508,-0.3194790780544281,0.1021094620227813,0.4706396460533142,1.618288278579712,0.4848337173461914,197.2604522705078
CRR_1180,CRR,14991.897223192598,0.0609034337103366,0.071773812174797,0.0583857558667659,0.0476957038044929,0.0398851558566093,0.0298150088638067,-0.8193971514701843,-1.214026927947998,-1.282505989074707,-0.4322814047336578,2.1994495391845703,199.039794921875
CRR_1181,CRR,15124.626065614855,0.0712307766079902,0.1026486232876777,0.092867724597454,0.0606864131987094,0.0410086847841739,0.0306233316659927,-1.087950587272644,-1.400213360786438,-1.4666389226913452,-0.591325581073761,2.392783164978028,199.24978637695312
CRR_1182,CRR,15197.888521907424,0.0066876211203634,0.0260843988507986,0.0563343875110149,0.0561485439538955,0.0411458574235439,0.0306828990578651,-0.7428839206695557,-1.0947022438049316,-1.189059495925903,-0.3382669687271118,2.125450134277344,199.03958129882807
CRR_1183,CRR,16492.669752345388,0.025181520730257,0.0334282033145427,0.0260304268449544,0.0328880883753299,0.0392178706824779,0.0350090339779853,-0.2284944653511047,0.2031532675027847,0.578800618648529,1.6327208280563354,0.7320699691772461,197.5594787597656
CRR_1184,CRR,16804.005845338514,0.2273284494876861,0.2116134762763977,0.1659866571426391,0.078347660601139,0.050459899008274,0.0353704988956451,-0.1498855352401733,0.2476655542850494,0.3663991689682007,1.2315491437911987,1.1052179336547852,198.21823120117188
CRR_1185,CRR,17121.23874208271,0.0846308097243309,0.1109354048967361,0.07534209638834,0.0717487260699272,0.0512033477425575,0.0356665551662445,0.4334322512149811,0.9670720100402832,1.1483932733535769,2.0107128620147705,0.7435989379882812,197.597900390625
CRR_1186,CRR,16541.659893180455,0.1223531812429428,0.1445235460996627,0.1179012060165405,0.0766248628497123,0.0452799312770366,0.0354504324495792,-0.9133636951446532,-1.3220714330673218,-1.631280541419983,-0.9361320734024048,2.684549331665039,200.32765197753903
CRR_1187,CRR,15818.408810259862,0.0375759936869144,0.0773403570055961,0.1156781092286109,0.0936835184693336,0.0558442547917366,0.0369929336011409,-0.8469391465187073,-1.4149500131607056,-1.5476328134536743,-1.0847525596618652,2.6735105514526367,200.49668884277344
CRR_1188,CRR,17237.398702878327,0.0539502166211605,0.1151628047227859,0.1350376307964325,0.0923855900764465,0.046944685280323,0.0378327146172523,-0.6119083166122437,-0.896344780921936,-1.1616594791412354,-0.5427567362785339,2.2167882919311523,200.4164886474609
CRR_1189,CRR,16122.385603431489,0.0358157791197299,0.0804830342531204,0.1151208505034446,0.079679474234581,0.0512825772166252,0.0397922806441783,-0.8939495086669922,-1.404026746749878,-1.5829118490219116,-1.194450855255127,2.692812919616699,200.83609008789065
CRR_1190,CRR,17600.480712287706,0.0151200462132692,0.0153166390955448,0.0250180065631866,0.0782539397478103,0.0462410934269428,0.0385597459971904,-0.4548573195934295,-0.8450307250022888,-1.026411771774292,-0.4331571459770202,2.033808708190918,200.54592895507807
CRR_1191,CRR,17290.362784167206,0.0882588848471641,0.0426825545728206,0.0255221929401159,0.0609066747128963,0.0396943688392639,0.0392821356654167,-0.1741432398557663,-0.675817608833313,-0.9901934266090392,-0.4643013775348663,1.991305351257324,200.49588012695312
CRR_1192,CRR,17583.13917812628,0.0788518637418747,0.0847145989537239,0.0160272046923637,0.0624396316707134,0.0420237556099891,0.0393807515501976,-0.2599368691444397,-0.7432096600532532,-0.9641268849372864,-0.4272773265838623,1.9617891311645508,200.6056060791016
CRR_1193,CRR,16520.072787611527,0.0172163508832454,0.0445137582719326,0.0690478309988975,0.0602912232279777,0.0430002734065055,0.0420648716390132,-0.5248056650161743,-0.9471973776817322,-1.1779977083206177,-0.8604331612586975,2.2660436630249023,200.75547790527344
CRR_1194,CRR,18115.21210469129,0.0144208148121833,0.0292086228728294,0.0478004589676857,0.0673631429672241,0.0428741239011287,0.0401914790272712,-0.595302164554596,-0.938517153263092,-0.9466536641120912,-0.4296708405017853,1.998356819152832,200.9448089599609
CRR_1195,CRR,16205.815611666238,0.0360767506062984,0.0564486384391784,0.0579947717487812,0.0597932264208793,0.05704041197896,0.0462904796004295,-0.1325932294130325,0.0964076668024063,0.2792851328849792,0.3275125920772552,1.0132570266723633,199.64468383789065
CRR_1196,CRR,18237.08047015683,0.2144065350294113,0.1868556886911392,0.116501435637474,0.0738434791564941,0.0420379340648651,0.0415339805185794,-0.3531010150909424,-0.5908907651901245,-0.5514441132545471,-0.1113912016153335,1.6842937469482422,200.7842712402344
CRR_1197,CRR,17322.803154023335,0.0238911043852567,0.0636356398463249,0.0969162061810493,0.0657166466116905,0.0384510196745395,0.0476657710969448,-0.2768574357032776,-0.3154071271419525,-0.3718452453613281,-0.3758392632007599,1.5701313018798828,200.90367126464844
CRR_1198,CRR,17115.955394172408,0.0458228886127471,0.0991990864276886,0.0939144417643547,0.0582653097808361,0.0467337816953659,0.0495356209576129,0.1198838353157043,0.3761588335037231,0.4089637994766235,0.2551758885383606,0.8961114883422852,200.26339721679688
CRR_1199,CRR,16878.20047843878,0.0636341348290443,0.0643706023693084,0.0842948704957962,0.0821512937545776,0.0620976723730564,0.0521133430302143,0.0046505741775035,0.1995465606451034,0.2816984057426452,-0.1884007006883621,1.2024784088134766,200.74278259277344
CRR_1200,CRR,17209.276479699307,0.0731551647186279,0.0803686827421188,0.0622141361236572,0.0563610196113586,0.0561277009546756,0.0517400056123733,-0.0861207544803619,0.2330915927886963,0.2932766079902649,-0.1213380917906761,1.142526626586914,200.8126220703125
CRR_1201,CRR,18200.72160401352,0.0837701261043548,0.1352378576993942,0.1182520613074302,0.0365251526236534,0.049815684556961,0.0493426285684108,-0.6133617162704468,-0.8003534078598022,-0.7831632494926453,-0.9311810731887816,2.090813636779785,202.0022735595703
CRR_1202,CRR,17686.957492467707,0.0262452997267246,0.0196838751435279,0.0248765461146831,0.046830341219902,0.0539636015892028,0.0513903573155403,-0.0649377256631851,0.2146545052528381,0.2428344190120697,-0.1534936428070068,1.1786775588989258,201.0722198486328
CRR_1203,CRR,17326.848202444846,0.0608282871544361,0.0670179948210716,0.0549903139472007,0.065932385623455,0.069851167500019,0.0496850684285163,-0.5042814016342163,-0.5072623491287231,-0.7769997715950012,-1.8572592735290527,2.636172294616699,202.85101318359372
CRR_1204,CRR,18281.31677490394,0.0346925929188728,0.0854467302560806,0.1187325790524482,0.0955050960183143,0.0738868489861488,0.0501147992908954,-0.0190894585102796,0.3178875148296356,0.0696525648236274,-0.8880855441093445,1.711482048034668,202.3302459716797
CRR_1205,CRR,17372.06781398305,0.1413169652223587,0.1271875500679016,0.0326040834188461,0.0544450245797634,0.0693852826952934,0.0475175566971302,-0.3070833086967468,-0.2769649028778076,-0.6662328243255615,-1.8724480867385864,2.610738754272461,202.9306640625
CRR_1206,CRR,19264.732574693546,0.1122777611017227,0.1166744381189346,0.1166392341256141,0.0957867726683616,0.0767480432987213,0.0440992750227451,0.0436058528721332,-0.0591206513345241,-0.8543999791145325,-2.057950973510742,2.774935722351074,204.10833740234372
CRR_1207,CRR,18809.46859207192,0.0999923944473266,0.1119305714964866,0.058138933032751,0.0855770856142044,0.0712950006127357,0.0388045944273471,-0.4443513453006744,-0.5228121280670166,-1.4214340448379517,-2.865859270095825,3.500818252563477,204.7483367919922
CRR_1209,CRR,18772.8506707228,0.6779193878173828,0.406450867652893,0.2066411077976226,0.1279576122760772,0.0622728876769542,0.033037856221199,-0.831099808216095,-1.6283178329467771,-2.6229569911956787,-4.149228096008301,4.842571258544922,206.1270294189453
CRR_1210,CRR,20207.69049072988,0.3924069106578827,0.3370946943759918,0.1889398097991943,0.0842307433485984,0.055463433265686,0.0295831616967916,-0.8406373858451843,-1.5484148263931274,-2.8632943630218506,-4.347872734069824,4.568001747131348,207.09478759765625
CRR_1211,CRR,19750.470173718026,0.1210501194000244,0.1497935801744461,0.2195421904325485,0.1954113841056823,0.0968770608305931,0.0423660650849342,0.2339453101158142,0.1452690809965133,-0.497524082660675,-1.7294000387191772,2.3062782287597656,204.2448883056641
CRR_1212,CRR,19693.483430271262,0.2065219283103943,0.177579253911972,0.2112914770841598,0.1956492662429809,0.0987250730395317,0.0432761535048484,0.1589542180299759,0.1511534750461578,-0.417781263589859,-1.6204167604446411,2.252610206604004,204.10494995117188
CRR_1213,CRR,19351.78725235537,0.0653853714466095,0.0882328897714614,0.1082122549414634,0.1610970646142959,0.1026471033692359,0.0470434837043285,0.088713951408863,0.5488131642341614,0.3994491398334503,-0.6306878924369812,1.627614974975586,202.92526245117188
CRR_1214,CRR,20271.22871599669,0.0273260530084371,0.0761648714542388,0.098682127892971,0.1009110957384109,0.0953797474503517,0.0476112961769104,-0.0603718794882297,0.364052951335907,-0.1319562196731567,-1.1209933757781982,1.5122909545898438,203.90370178222656
CRR_1215,CRR,20091.023516224504,0.0843818709254264,0.0921874493360519,0.1026103720068931,0.0953365117311477,0.094441644847393,0.0519299320876598,-0.1890258193016052,0.1558879911899566,0.0169251933693885,-0.6984240412712097,1.4037714004516602,203.3637237548828
CRR_1216,CRR,20473.15846140966,0.063141219317913,0.1114258021116256,0.1283721774816513,0.0943847447633743,0.08545433729887,0.0534703433513641,-0.1542539000511169,-0.4652059376239776,-0.4791269302368164,-0.7710149884223938,1.6526784896850586,203.58270263671875
CRR_1217,CRR,22464.89756888381,0.022750923410058,0.0944041907787323,0.1240679323673248,0.1235327869653701,0.1064105331897735,0.051991369575262,-0.2858105003833771,0.0887195765972137,0.1346770375967025,-0.1936056613922119,0.7300539016723633,204.00901794433597
CRR_1218,CRR,21558.7896268082,0.2693110406398773,0.2285855710506439,0.2013200372457504,0.1306421756744384,0.0787024348974227,0.0468178689479827,-0.3303121328353882,-0.2025273144245147,0.3997680246829986,0.6484063863754272,1.1429729461669922,202.5903167724609
CRR_1219,CRR,22886.93515636392,0.0202620681375265,0.0761989578604698,0.1128271371126174,0.128777876496315,0.1112911105155944,0.0517131835222244,-0.4986547529697418,-0.1741337478160858,-0.1195929571986198,-0.4785975217819214,1.0832786560058594,204.4981689453125
CRR_1220,CRR,23328.96147844803,0.1099707558751106,0.131697878241539,0.1222769021987915,0.1358553767204284,0.1151089966297149,0.0518709830939769,-0.5864958167076111,-0.4125037789344787,-0.3569303452968597,-0.7387775182723999,1.438272476196289,204.95724487304688
CRR_1222,CRR,22920.812772476216,0.0190692264586687,0.0422555617988109,0.0981314703822135,0.1156056821346283,0.0956128984689712,0.0501145832240581,0.0819222033023834,0.5844739675521851,1.3947514295578003,1.4377896785736084,0.4163646697998047,202.4877166748047
CRR_1225,CRR,22733.39982831178,0.0813092142343521,0.1051139906048774,0.0936573669314384,0.0833300873637199,0.0748948827385902,0.0459825918078422,-0.0948087349534034,0.5280683040618896,1.628221035003662,1.872562289237976,0.4552698135375976,201.8979339599609
CRR_1226,CRR,23536.67903699936,0.0585408322513103,0.1353225857019424,0.1546712517738342,0.1340956836938858,0.1072475165128707,0.0516136810183525,-0.7922163009643555,-0.4746473133563995,0.2182323634624481,0.1151036247611045,1.3254060745239258,204.1064910888672
CRR_1227,CRR,23358.4090580896,0.1640059351921081,0.1462689340114593,0.1193592324852943,0.0943315774202346,0.0799242481589317,0.0470943488180637,-0.610405445098877,-0.0638285353779792,1.116825819015503,1.2757714986801147,0.9989242553710938,202.76663208007807
CRR_1228,CRR,23855.041991032293,0.3024412095546722,0.2699014246463775,0.2049228996038437,0.1284279972314834,0.0961395800113678,0.0502758882939815,-0.03541986271739,0.478799968957901,1.4725927114486694,1.4431359767913818,0.6455802917480469,202.8556365966797
CRR_1229,CRR,22508.556389113342,0.0617587715387344,0.0765322297811508,0.0590110048651695,0.0358926616609096,0.0260569807142019,0.0335566774010658,-0.2418035864830017,0.3392046391963959,1.6477320194244385,2.093210935592652,0.5554409027099609,201.3080291748047
CRR_1230,CRR,24700.521031554483,0.1454642564058303,0.1588097512722015,0.1652823984622955,0.1112105324864387,0.0778247639536857,0.0504417456686496,-0.4096081852912903,0.1750497221946716,1.4038079977035522,1.210127353668213,0.9561500549316406,203.33360290527344
CRR_1231,CRR,23597.483103030903,0.0757473409175872,0.0964809283614158,0.0733168646693229,0.038781713694334,0.0391447655856609,0.0395692847669124,-0.4519008994102478,0.0735625922679901,1.540913701057434,1.7560298442840576,0.7703256607055664,202.10574340820312
CRR_1232,CRR,25012.89467216177,0.2298916727304458,0.197820633649826,0.1372655779123306,0.0907461643218994,0.0715951547026634,0.0509308762848377,-0.1941482126712799,0.376218169927597,1.6338086128234863,1.3233239650726318,0.8100528717041016,203.3028564453125
CRR_1234,CRR,25386.9578109925,0.2434007823467254,0.1701402217149734,0.1079637482762336,0.082366719841957,0.0699696019291877,0.0493182130157947,-0.2985717058181762,0.2691098749637604,1.5093549489974976,1.0032000541687012,0.6902542114257812,203.56175231933597
CRR_1235,CRR,24977.43250302648,0.1455480754375457,0.1444457173347473,0.1165638267993927,0.0850008800625801,0.0746986120939254,0.047077938914299,0.016877332702279,0.6885166168212891,1.9129078388214111,1.5326385498046875,0.4864759445190429,202.7726287841797
CRR_1236,CRR,25544.294636147963,0.0656066164374351,0.0832739621400833,0.0887366458773613,0.0812693014740943,0.0726364701986312,0.0496219582855701,-0.3990458548069,0.1418657004833221,1.3213790655136108,0.7281041741371155,0.794682502746582,203.8813934326172
CRR_1237,CRR,24235.386556167952,0.3321719765663147,0.1130499169230461,0.0946397110819816,0.112749770283699,0.0920056700706482,0.0431654639542102,-1.3031246662139893,-1.0619584321975708,-1.1769788265228271,-2.095768690109253,2.9262657165527344,205.60435485839844
CRR_1238,CRR,25138.90427605742,0.1966841518878936,0.18201744556427,0.156410202383995,0.1340117007493972,0.1053880080580711,0.0437605641782283,-0.3968519568443298,-0.1295894682407379,0.0387146174907684,-0.9211187958717346,1.7960882186889648,204.8921661376953
CRR_1239,CRR,24666.6066454004,0.1346263140439987,0.028233878314495,0.0815731510519981,0.110481359064579,0.0960972011089325,0.0419347882270813,-0.1875336617231369,0.0835259333252906,-0.0926225185394287,-1.1508114337921145,1.931624412536621,204.8033447265625
CRR_1240,CRR,25217.600168869587,0.1888671815395355,0.1671348065137863,0.153691291809082,0.1377497762441635,0.1054977178573608,0.0424302481114864,-0.5542858839035034,-0.3634500503540039,-0.3699941337108612,-1.430620789527893,2.1724929809570312,205.38198852539065
CRR_1241,CRR,25321.146574131137,0.1661168783903122,0.1795572936534881,0.1667277961969375,0.1428732722997665,0.1056951880455017,0.0416707322001457,-0.6243932247161865,-0.4815243780612945,-0.5671888589859009,-1.6807258129119873,2.3654050827026367,205.6517639160156
CRR_1242,CRR,26311.71808520941,0.1602465510368347,0.1240449920296669,0.1322930008172989,0.1459329426288604,0.1047336384654045,0.0416734255850315,-0.4297744035720825,-0.3416730165481567,-0.3422812223434448,-1.616379976272583,2.106311798095703,206.09933471679688
CRR_1243,CRR,25916.85001283477,0.1971585899591446,0.2056377381086349,0.1890079528093338,0.161706730723381,0.1066224426031112,0.0398574285209178,-0.092724360525608,-0.1089378520846366,-0.3283178508281708,-1.5866048336029053,2.122894287109375,205.80030822753903
CRR_1244,CRR,26354.94514836813,0.1916658729314804,0.1837818175554275,0.1695766150951385,0.1569148749113083,0.0959651917219162,0.0348439291119575,-0.2496459335088729,-0.607485294342041,-1.2109870910644531,-2.686043262481689,2.9596242904663086,206.96920776367188
CRR_1245,CRR,25636.69399264641,0.3800666332244873,0.2385957837104797,0.1860570907592773,0.1434296220541,0.0799674317240715,0.0311876889318227,-1.803211688995361,-2.154757738113404,-3.032041549682617,-4.566835403442383,4.951550483703613,208.37112426757807
CRR_1246,CRR,26736.66727513642,0.0284001026302576,0.2172832638025283,0.0840160623192787,0.0484177879989147,0.0238986704498529,0.0200222600251436,-1.7471044063568115,-2.673731565475464,-4.088372707366943,-5.941559791564941,5.917873382568359,209.78851318359372
CRR_1247,CRR,26972.284310088937,0.98428076505661,0.4710400700569153,0.120115615427494,0.0766317769885063,0.03321398422122,0.0227177888154983,-1.65919828414917,-2.460446834564209,-3.8678717613220215,-5.729765892028809,6.173376083374023,209.5679473876953
CRR_1248,CRR,27145.332295115182,0.5795067548751831,0.2561229169368744,0.0785220935940742,0.0918763875961303,0.0454552173614501,0.0264146886765956,-1.6986128091812134,-2.3584744930267334,-3.7196357250213614,-5.569902896881104,5.551731109619141,209.37754821777344
CRR_1249,CRR,27024.171363241065,0.13761867582798,0.1445417702198028,0.0909740030765533,0.0920910015702247,0.082398310303688,0.0492559671401977,-0.629010021686554,-0.2650211453437805,-0.7748515009880066,-2.233306884765625,1.8992109298706052,205.2290802001953
CRR_1250,CRR,27491.03440041343,0.0271410327404737,0.0785799250006675,0.0856512635946273,0.073827676475048,0.0856366902589798,0.0574830323457717,-0.32309091091156,0.0188663881272077,-0.2438251078128814,-1.4051614999771118,1.5022544860839844,204.3480682373047
CRR_1251,CRR,28401.479923984847,0.0246566459536552,0.0094580091536045,0.0489723309874534,0.0890071615576744,0.0878001973032951,0.0674421340227127,-0.1039390191435813,0.0091929286718368,-0.0876208394765853,-0.6378465294837952,1.426070213317871,203.5257873535156
CRR_1252,CRR,28520.525133859173,0.0710238441824913,0.09514831751585,0.077358029782772,0.0812141299247741,0.0889406651258468,0.0681123584508895,-0.3320076167583465,-0.2274606674909591,-0.183821901679039,-0.5090274810791016,1.472829818725586,203.2657928466797
CRR_1253,CRR,29187.259180698347,0.0425197184085845,0.0863026678562164,0.1121366396546363,0.0956133231520652,0.0824470818042755,0.071678802371025,-0.4155111908912658,-0.7727351784706116,-1.0110074281692505,-1.1527169942855835,2.3751449584960938,204.10336303710935
CRR_1254,CRR,29222.49485312088,0.0745055750012397,0.112745925784111,0.1085685417056083,0.0980479419231414,0.0829400345683097,0.0716437846422195,-0.4910661876201629,-0.8249870538711548,-1.044257402420044,-1.125934600830078,2.394291877746582,204.04335021972656
CRR_1255,CRR,29346.207371332617,0.0830720514059066,0.1214023008942604,0.1313745081424713,0.1099258959293365,0.086919717490673,0.0707297995686531,-0.384636640548706,-0.5503419637680054,-0.644092321395874,-0.4661972820758819,1.935209274291992,203.22335815429688
CRR_1256,CRR,28918.18274020252,0.1370256543159485,0.1203449591994285,0.0997782796621322,0.102274402976036,0.0901170521974563,0.0681094750761985,-0.4584633409976959,-0.3623139262199402,-0.1206215173006057,0.0302406400442123,1.3807973861694336,202.53515625
CRR_1257,CRR,28732.179203003365,0.1073638498783111,0.1200362220406532,0.1211089119315147,0.1068473160266876,0.086911641061306,0.0665612965822219,-0.5414541959762573,-0.3781923651695251,-0.0150711573660373,0.142717495560646,1.269627571105957,202.3160400390625
CRR_1258,CRR,29464.2637723114,0.0631305053830146,0.0970621258020401,0.1181190982460975,0.1083764508366584,0.0851612314581871,0.064219981431961,-0.3969580829143524,-0.0405748933553695,0.4574716687202453,1.195043683052063,0.9115228652954102,201.12432861328125
CRR_1259,CRR,29586.798786686573,0.1859212070703506,0.1447774916887283,0.1162667796015739,0.1030303835868835,0.0831195935606956,0.0629905238747596,-0.3822258710861206,0.024451844394207,0.5706990957260132,1.4248836040496826,0.8424825668334961,200.8441162109375
CRR_1260,CRR,29849.73740445078,0.0691130310297012,0.0800539627671241,0.1007259711623191,0.0940645262598991,0.0807560309767723,0.0608095750212669,-0.2358220964670181,0.208561509847641,0.8089565634727478,1.8724868297576904,0.6297092437744141,200.32351684570312
CRR_1261,CRR,29919.01446715159,0.1259652376174926,0.1118206232786178,0.1024863645434379,0.0910229608416557,0.0795467942953109,0.0600239820778369,-0.2831093370914459,0.1715133786201477,0.794961154460907,1.9161452054977417,0.6621856689453125,200.25338745117188
CMR_0197,CMR,512.8270456036031,0.0302766524255275,0.0232875049114227,0.026562949642539,0.0037162194494158,,,-0.5449730157852173,,,,0.67557692527771,0.7269988059997559
CMR_0198,CMR,254.01802789362816,0.0049623223021626,0.028466060757637,0.0254541877657175,0.0043955072760581,,,-0.110256053507328,,,,0.2542033195495605,0.2897183895111084
CMR_0199,CMR,203.3321196530116,0.0057012308388948,0.0078564900904893,0.0123742036521434,0.008289867080748,0.0101576568558812,,-0.3659394681453705,-0.3524845242500305,,,0.3816823959350586,0.4676177501678467
CMR_0200,CMR,189.545531673728,0.0250663813203573,0.06647989153862,0.0451340451836586,0.0226590428501367,0.0130470022559165,0.0135720139369368,-0.0735525265336036,0.022502027451992,0.483055979013443,,0.3489882946014404,0.3599350452423095
CMR_0201,CMR,299.028941563984,0.0421772524714469,0.0426921583712101,0.0185092836618423,0.0177893806248903,0.0235304404050111,0.0260969903320074,-0.0595134608447551,0.2431368976831436,1.0067157745361328,1.9777659177780151,0.3554604053497314,0.3612518310546875
CMR_0202,CMR,433.91083451082767,0.040952231734991,0.0487774088978767,0.0417406596243381,0.0248200688511133,0.025713462382555,0.0274674464017152,-0.3146355152130127,-0.0496982038021087,0.708143949508667,1.6848571300506592,0.5990481376647949,0.617225170135498
CMR_0203,CMR,670.1991894623839,0.0514788664877414,0.0531647019088268,0.0604141987860202,0.0380155965685844,0.0301368981599807,0.0296442694962024,-0.3588319718837738,-0.0713075548410415,0.684344470500946,1.6384553909301758,0.6279709339141846,0.6733412742614746
CMR_0204,CMR,205.7412084259622,0.0505250059068203,0.0476155132055282,0.0342575311660766,0.0173028856515884,0.0250965114682912,0.0287096295505762,-0.3129031062126159,0.0976878702640533,0.8523634076118469,1.904744029045105,0.639054536819458,0.6536383628845215
CMR_0205,CMR,13.445960332187653,0.0545085370540618,0.0098478002473711,0.0151931131258606,0.0094029400497674,0.0147264515981078,0.0250377301126718,-0.2232023924589157,-0.0133155426010489,0.6561745405197144,1.8403271436691284,0.2230160236358642,0.2698063850402832
CMR_0206,CMR,447.58235559269787,0.0072760027833282,0.0057707759551703,0.0120741557329893,0.0206346064805984,0.0289970785379409,0.0308623146265745,0.1160686686635017,0.5498126149177551,1.316958785057068,2.3064682483673096,0.2936451435089111,0.2951653003692627
CMR_0207,CMR,352.6137492970461,0.0523789376020431,0.0534643977880477,0.0363052822649478,0.0149624003097414,0.0181650668382644,0.0273851752281188,-0.1687587052583694,0.0424041375517845,0.7511252760887146,1.863931655883789,0.3300540447235107,0.3354825973510742
CMR_0208,CMR,897.1657457602255,0.0359478704631328,0.0556297525763511,0.0678174048662185,0.0447273254394531,0.0399391949176788,0.0347887016832828,-0.2240325361490249,0.2059871852397918,0.9644759297370912,1.8013348579406738,0.5981495380401611,0.6276969909667969
CMR_0209,CMR,641.1458773944292,0.0437366850674152,0.0511009395122528,0.0448695719242095,0.0204482097178697,0.0230435766279697,0.0299657173454761,-0.3092280626296997,-0.0984403565526008,0.6473168730735779,1.6735602617263794,0.4897639751434326,0.4993472099304199
CMR_0210,CMR,848.5415376299142,0.040310937911272,0.0417316742241382,0.0428162813186645,0.0245630759745836,0.0283157639205455,0.0322297178208828,-0.3903811275959015,-0.1737148761749267,0.5947779417037964,1.538741111755371,0.5823843479156494,0.6060633659362793
CMR_0211,CMR,745.1952373384911,0.0166701469570398,0.0166216045618057,0.0159987900406122,0.0132088456302881,0.0132617885246872,0.0235795360058546,-0.5172345042228699,-0.5140802264213562,0.0887129381299018,1.230873465538025,0.6956984996795654,0.6939013004302979
CMR_0212,CMR,1487.1400878856928,0.0580595582723617,0.0447060763835907,0.0570555366575717,0.0582940280437469,0.0558307059109211,0.0398473031818866,-0.3106694221496582,0.0128678614273667,0.6874680519104004,1.2872120141983032,0.6309194564819336,0.7901923656463623
CMR_0213,CMR,1217.785291727007,0.0117173288017511,0.0116876270622015,0.0130297355353832,0.0114102028310298,0.0196361988782882,0.0292079169303178,-0.461488127708435,-0.4222239851951599,0.3031618297100067,1.293487548828125,0.691230058670044,0.6931455135345459
CMR_0214,CMR,1243.1313799018965,0.0111994268372654,0.0153243951499462,0.015640640631318,0.0237967632710933,0.0332200229167938,0.0345039777457714,-0.5118359923362732,-0.3463906049728393,0.4361056685447693,1.2735273838043213,0.7396590709686279,0.7809133529663086
CMR_0215,CMR,1779.548908263814,0.0176266692578792,0.0131064085289835,0.0036006062291562,0.014925274066627,0.0238146763294935,0.0318843312561512,-0.2498658895492553,-0.1114924699068069,0.6763458251953125,1.498481273651123,0.5224690437316895,0.52655029296875
CMR_0216,CMR,2152.397540922262,0.0667478516697883,0.0762650296092033,0.0570209510624408,0.068985566496849,0.0747914239764213,0.0443317405879497,-0.5022978782653809,-0.1877402067184448,0.2871334552764892,0.5699095129966736,1.008178949356079,1.357043981552124
CMR_0217,CMR,1576.0950907226952,0.0161852203309535,0.0113353710621595,0.0099873505532741,0.0076984786428511,0.016438877210021,0.0280802734196186,-0.5642863512039185,-0.490708440542221,0.2307221740484237,1.111853003501892,0.842200756072998,0.843597412109375
CMR_0218,CMR,1917.2048327365355,0.0558135285973548,0.0212165676057338,0.0557331219315528,0.0475758276879787,0.0473632775247097,0.0389400534331798,-0.2022300958633422,0.0327568314969539,0.816325306892395,1.3971388339996338,0.6130561828613281,0.6791877746582031
CMR_0219,CMR,1996.9265106566647,0.0203990079462528,0.0252216104418039,0.0224813167005777,0.0189916491508483,0.0275612361729145,0.0335391908884048,-0.3183437287807464,-0.0919639319181442,0.7243478298187256,1.456461787223816,0.6028008460998535,0.6109998226165771
CMR_0220,CMR,2296.48568783616,0.0465184971690177,0.047805406153202,0.0460128337144851,0.0150102842599153,0.0292007699608802,0.0342403128743171,-0.0358010977506637,0.3583240807056427,1.188130497932434,1.78099262714386,0.4317808151245117,0.4333045482635498
CMR_0221,CMR,2971.779265458409,0.0216208770871162,0.051906980574131,0.0645177364349365,0.0600882582366466,0.0531378202140331,0.0395802296698093,-0.2042745500802993,0.3351626098155975,1.1128783226013184,1.3518000841140747,0.5111391544342041,0.6339917182922363
CMR_0222,CMR,3360.6988208287653,0.064481183886528,0.0289496593177318,0.0589640438556671,0.0797582119703292,0.0691501945257186,0.041137721389532,0.0698277279734611,0.583626925945282,1.1732524633407593,1.143080472946167,0.4284496307373047,0.6852257251739502
CMR_0223,CMR,3259.338090054614,0.1172491908073425,0.112144723534584,0.1009182333946228,0.0966775715351104,0.0626241937279701,0.0327504947781562,-0.078994981944561,-0.0515178963541984,-0.1090350821614265,-0.4278709292411804,1.0233986377716064,1.9995715618133545
CMR_0224,CMR,4853.320759511926,0.0734295696020126,0.0916979536414146,0.1004337072372436,0.0992055460810661,0.0718798488378524,0.0303923171013593,-0.0336919352412223,0.139037013053894,-0.565229058265686,-1.3309929370880127,1.0543978214263916,3.107708215713501
CMR_0225,CMR,3163.817569636792,0.0587098635733127,0.0714998766779899,0.1019079089164733,0.0917725935578346,0.0584011897444725,0.0312974639236927,-0.3932340145111084,-0.6141444444656372,-0.8448560237884521,-1.1825354099273682,1.6559739112854004,2.7047312259674072
CMR_0226,CMR,4895.931233377155,0.0047442079521715,0.0363998115062713,0.0699504017829895,0.0854673087596893,0.060655903071165,0.0285062137991189,-0.3310991823673248,-0.2252370119094848,-0.8902139663696289,-1.6317625045776367,1.5546737909317017,3.353642463684082
CMR_0227,CMR,4131.223117429321,0.0153932115063071,0.0649286359548568,0.1083048060536384,0.0764331221580505,0.0479383468627929,0.0272247996181249,-0.349382072687149,-0.6348249316215515,-1.2267097234725952,-1.8448400497436523,2.057178258895874,3.42576003074646
CMR_0228,CMR,5369.802756541738,0.0043491283431649,0.0182812362909317,0.0418446809053421,0.0802077651023864,0.0464120507240295,0.0269272029399871,-0.1384247541427612,-0.2786217927932739,-1.2251898050308228,-2.0093228816986084,1.6916346549987793,3.779129505157471
CMR_0229,CMR,3516.872368768111,0.0775038078427314,0.0502149686217308,0.0280832666903734,0.035927228629589,0.042242158204317,0.0273730643093585,-0.9142335057258606,-1.392248034477234,-2.051814079284668,-2.5590479373931885,2.710750102996826,4.03701114654541
CMR_0230,CMR,5793.728110475979,0.2546875476837158,0.1359605640172958,0.051012709736824,0.0432508774101734,0.043726909905672,0.0312918573617935,-1.3318734169006348,-2.133817195892334,-3.1293795108795166,-3.7528789043426514,3.740657329559326,5.539424896240234
CMR_0231,CMR,5514.686969034973,0.2310676425695419,0.1501024961471557,0.0744029060006141,0.0444495417177677,0.0403016880154609,0.0299992877990007,-1.3305928707122805,-2.0872962474823,-3.0400824546813965,-3.671039581298828,3.7731356620788574,5.399404048919678
CMR_0232,CMR,6158.4214821746,0.1745880395174026,0.1883487254381179,0.1805620193481445,0.0889267846941948,0.058643452823162,0.0353764146566391,-0.8420137763023376,-1.6307015419006348,-2.548527956008911,-3.049285888671875,3.1317622661590576,4.898604393005371
CMR_0233,CMR,5665.107614661027,0.374400645494461,0.2859049439430237,0.2294214516878128,0.1224148720502853,0.0624260231852531,0.0345452837646007,-0.4437862336635589,-0.8664655685424805,-1.6256811618804932,-2.0967564582824707,2.412075996398926,3.823876857757568
CMR_0234,CMR,5018.211076985753,0.161274567246437,0.1077745556831359,0.028627909719944,0.0511875413358211,0.0480700582265853,0.0318205915391445,-0.9755483865737916,-1.424182653427124,-2.2183358669281006,-2.6917366981506348,2.892980098724365,4.28731632232666
CMR_0235,CMR,6398.744511261117,0.1292882710695266,0.1314553171396255,0.1363690644502639,0.1420156061649322,0.0792894884943962,0.0411921478807926,-0.4959239363670349,-0.606036365032196,-1.1579700708389282,-1.37689208984375,1.9606566429138184,3.252059936523437
CMR_0236,CMR,6724.166640390902,0.1165018156170845,0.1399369835853576,0.1308824717998504,0.1273039132356643,0.0815653875470161,0.0442721806466579,-0.4157390892505646,-0.3018692433834076,-0.6386793255805969,-0.6382618546485901,1.4786477088928225,2.589761018753052
CMR_0237,CMR,5747.775696634266,0.0823188200592994,0.1136368587613105,0.1270298212766647,0.1159233674407005,0.0727970227599144,0.0420974157750606,-0.2179694473743438,-0.1601749807596206,-0.5185643434524536,-0.5065611004829407,1.3532404899597168,2.2365145683288574
CMR_0238,CMR,6696.687006665811,0.0026745779905468,0.0139792012050747,0.0385755859315395,0.0657469257712364,0.0767301693558693,0.0461518205702304,-0.2027103453874588,0.2216362655162811,0.3678967654705047,0.666948139667511,0.582179069519043,1.2748854160308838
CMR_0239,CMR,6534.400753259995,0.0346229970455169,0.025456016883254,0.0469167195260524,0.07347272336483,0.07182627171278,0.0460355468094348,-0.2323441207408905,0.1579184681177139,0.3646516799926758,0.805383026599884,0.6452224254608154,1.16933012008667
CMR_0240,CMR,6858.422277472798,0.0427817292511463,0.0550933517515659,0.05530920997262,0.0601002499461174,0.0680082365870475,0.0463560707867145,-0.1098912879824638,0.2479360252618789,0.6053215861320496,1.1701968908309937,0.3951601982116699,0.8659491539001465
CMR_0241,CMR,7399.236614257758,0.0592912100255489,0.0623839125037193,0.0602659918367862,0.0559543259441852,0.0627335086464881,0.0452679209411144,-0.3898482024669647,-0.1267096996307373,0.2683784663677215,1.0795670747756958,0.7314615249633789,1.0928940773010254
CMR_0242,CMR,6403.931981990159,0.0447629764676094,0.0844453796744346,0.0796909108757972,0.0803228467702865,0.0714460536837577,0.0453653633594512,0.0366835594177246,0.3016561865806579,0.2429771870374679,0.7631239891052246,0.6831467151641846,1.1784138679504397
CMR_0243,CMR,7501.93232694871,0.0527780950069427,0.0427246019244194,0.0573022030293941,0.0586135126650333,0.0583676248788833,0.0440490841865539,-0.4796009361743927,-0.2287674397230148,0.2695571780204773,1.22780179977417,0.7780559062957764,1.0298185348510742
CMR_0244,CMR,7259.799217348849,0.0977852344512939,0.0837987139821052,0.060932021588087,0.0504627153277397,0.057296048849821,0.0441448502242565,-0.3563937246799469,-0.0262665674090385,0.4839926064014435,1.4646944999694824,0.8490743637084961,0.932969093322754
CMR_0246,CMR,7110.364508445406,0.0818851888179779,0.0601470582187175,0.0538514107465744,0.0524121411144733,0.0627659484744072,0.0439017452299594,-0.2874104082584381,-0.1329053491353988,0.1618880629539489,1.1641627550125122,0.8417582511901855,1.0658655166625977
CMR_0247,CMR,7430.855923796686,0.0432900674641132,0.0488984249532222,0.0534972846508026,0.0489883124828338,0.0560395121574401,0.042103361338377,-0.2027458399534225,-0.0219172518700361,0.4618021249771118,1.6438801288604736,0.6153311729431152,0.7349133491516113
CMR_0251,CMR,9337.115225065148,0.0583826638758182,0.0212218184024095,0.0195814184844493,0.0193190779536962,0.0259134750813245,0.0244287271052598,-0.4115339517593384,-0.061244610697031,0.832319974899292,2.9310953617095947,0.6999044418334961,0.6954641342163086
CMR_0252,CMR,9326.645790533856,0.0634512677788734,0.0555780529975891,0.008174579590559,0.0166598223149776,0.0243335962295532,0.0237811673432588,-0.2726113200187683,0.0600577779114246,0.9489629864692688,3.061724901199341,0.4612431526184082,0.4566655158996582
CMR_0254,CMR,9977.993499764896,0.0440374761819839,0.0407219938933849,0.0326232351362705,0.0191045552492141,0.025536498054862,0.0257416293025016,-0.2622531354427337,0.0511958487331867,0.9601348638534546,3.16505765914917,0.4121136665344238,0.4105763435363769
CMR_0255,CMR,10571.684973728808,0.0333805680274963,0.0707634463906288,0.0838144347071647,0.0726152211427688,0.0584959425032138,0.0375863537192344,-0.4101205468177795,-0.1023180484771728,0.5741085410118103,2.560866117477417,0.7207751274108887,0.7845067977905273
CMR_0256,CMR,10277.374896157102,0.0534999668598175,0.0331327132880687,0.0311737544834613,0.023886339738965,0.032850868999958,0.0291145946830511,-0.4364549219608307,-0.0874329134821891,0.7917633056640625,2.98694920539856,0.6300477981567383,0.6293363571166992
CMR_0257,CMR,10891.26644831448,0.0514275804162025,0.0744645148515701,0.0804621800780296,0.0735324099659919,0.0627384409308433,0.041674330830574,-0.16156867146492,0.1635081619024276,0.7748719453811646,2.6871814727783203,0.4572577476501465,0.5455107688903809
CMR_0258,CMR,11132.931299406417,0.0153014129027724,0.0306929163634777,0.0503365397453308,0.078328289091587,0.0674795359373092,0.0452019348740577,-0.2049666941165924,0.0696936845779419,0.5497247576713562,2.345848798751831,0.5346951484680176,0.6871662139892578
CMR_0259,CMR,10893.071549370594,0.0065084123052656,0.0292249992489814,0.0375964604318141,0.0521894209086895,0.0522477701306343,0.0380202382802963,-0.1132756322622299,0.311719536781311,1.0716077089309692,3.128777503967285,0.452277660369873,0.4541306495666504
CMR_0260,CMR,11440.61039119136,0.0212920606136322,0.0447834730148315,0.0544691309332847,0.0680225118994712,0.0660549402236938,0.0472927652299404,-0.2309325933456421,0.1188542768359184,0.6316625475883484,2.401489734649658,0.5988688468933105,0.6599688529968262
CMR_0261,CMR,12046.084838996334,0.0753570422530174,0.076437197625637,0.0719702243804931,0.0714378505945205,0.0697911828756332,0.0535267665982246,-0.0678375139832496,0.3485877811908722,0.5714763402938843,1.9520055055618288,0.4319996833801269,0.740847110748291
CMR_0262,CMR,11071.782910111046,0.055382240563631,0.0588454604148864,0.0481489598751068,0.0620958022773265,0.0565681271255016,0.0390084758400917,-0.0467736087739467,0.2818261682987213,0.9400540590286256,2.997764110565185,0.3267068862915039,0.3359699249267578
CMR_0263,CMR,12469.955022479227,0.0338374748826026,0.0306895300745964,0.043406419456005,0.0639951527118682,0.0685558542609214,0.0540472045540809,-0.0462608151137828,0.3686139583587646,0.536512017250061,1.8452391624450684,0.5176584720611572,0.7859468460083008
CMR_0264,CMR,11259.582646875528,0.1678016036748886,0.1004843264818191,0.0599279925227165,0.060963038355112,0.0580522343516349,0.0386433713138103,-0.7994667887687683,-0.6109324097633362,-0.0801964476704597,1.976565957069397,1.0616350173950195,1.082918643951416
CMR_0265,CMR,13007.183319919286,0.0589423477649688,0.0333748832345008,0.1004079654812812,0.0999163761734962,0.0694567188620567,0.046446856111288,-0.567584216594696,-1.0798717737197876,-1.40325665473938,0.0632699728012085,2.1929001808166504,2.506472110748291
CMR_0266,CMR,13036.599433591464,0.1423141062259674,0.1220831423997879,0.1133569106459617,0.1021952256560325,0.0691020861268043,0.0459322854876518,-0.7627013325691223,-1.2313649654388428,-1.5475213527679443,-0.073462463915348,2.345366954803467,2.644775390625
CMR_0267,CMR,12533.315613914334,0.0351551994681358,0.0542118400335311,0.0621927417814731,0.0776070579886436,0.066217191517353,0.0412284471094608,-0.0078341979533433,0.15705406665802,0.3432486951351166,2.0981667041778564,0.4988517761230469,0.5864982604980469
CMR_0268,CMR,13815.781536844188,0.0302897077053785,0.0552278943359851,0.0620977096259593,0.0683738365769386,0.0545420348644256,0.043067529797554,-0.4474185109138489,-1.0568374395370483,-1.4380139112472534,-0.1197222545742988,2.311944961547852,2.648279190063477
CMR_0269,CMR,13823.95521851962,0.0497857220470905,0.0576051957905292,0.0654504522681236,0.0707962885499,0.0565349794924259,0.0409338809549808,-0.784673810005188,-1.3060274124145508,-1.5163239240646362,-0.1180922016501426,2.467679023742676,2.7016382217407227
CMR_0270,CMR,13488.149679041637,0.0873470231890678,0.082144409418106,0.0888041108846664,0.0785341560840606,0.0516246743500232,0.0377677902579307,-0.8685224056243896,-1.017924189567566,-0.8636069893836975,0.724609375,1.839948654174805,1.938840389251709
CMR_0271,CMR,14183.950056702884,0.0570339150726795,0.086388811469078,0.0960186198353767,0.0867163017392158,0.0549104064702987,0.0390675328671932,-0.6448875665664673,-1.0133272409439087,-1.0557448863983154,0.3269973993301391,2.1284756660461426,2.318301200866699
CMR_0272,CMR,14432.3677119638,0.1802567094564438,0.1801169514656067,0.1662573665380478,0.1021431609988212,0.0504407584667205,0.0366326309740543,-0.371032178401947,-0.3389479517936706,-0.1115799993276596,1.321823000907898,1.392622947692871,1.497495174407959
CMR_0273,CMR,15003.676162200649,0.0842486247420311,0.1078883707523346,0.123105801641941,0.1065257713198661,0.0551281310617923,0.039376251399517,0.0383114628493785,0.2680726051330566,0.440910667181015,1.7026770114898682,0.8208200931549072,1.02703857421875
CMR_0274,CMR,15699.215128130108,0.0483446456491947,0.0656450763344764,0.0788899809122085,0.0689565911889076,0.0483149997889995,0.0395188517868518,-0.0014783130027353,0.5643923282623291,1.0235035419464111,2.2868800163269043,0.4840013980865478,0.5963623523712158
CMR_0275,CMR,14843.933229905784,0.0283453669399023,0.0147950816899538,0.0146506987512111,0.0349911749362945,0.0334123075008392,0.0327863618731498,0.0736561492085456,0.633016049861908,1.2344369888305664,2.763641595840454,0.6213369369506836,0.6248960494995117
CMR_0276,CMR,14757.048493086715,0.0093070920556783,0.0177164338529109,0.0079332180321216,0.0187346562743186,0.0251688361167907,0.0307717081159353,-0.2549872398376465,0.2678088545799255,0.91567462682724,2.5043976306915283,0.6267290115356445,0.6297459602355957
CMR_0277,CMR,15422.44302054072,0.1448750793933868,0.192186176776886,0.0976437628269195,0.0375719554722309,0.0381968505680561,0.0348549932241439,-0.0877601578831672,0.4631133675575256,1.1092191934585571,2.569475650787353,1.3453125953674316,1.3448076248168943
CMR_0278,CMR,15276.77934930169,0.0972140505909919,0.1636273562908172,0.1340210437774658,0.0556537806987762,0.0300030466169118,0.0318312421441078,-0.3682442009449005,0.0560338348150253,0.7662522196769714,2.3202919960021973,1.136385440826416,1.129091739654541
CMR_0279,CMR,15675.425867218462,0.0421771854162216,0.0585315115749836,0.102152481675148,0.0680396258831024,0.0352717004716396,0.0334725230932235,-0.5207456350326538,-0.3079731166362762,0.409204363822937,1.931891202926636,1.277513027191162,1.258225917816162
CMR_0280,CMR,16086.564973384382,0.0247739292681217,0.0390098392963409,0.0455751121044158,0.0542617328464984,0.0377423055469989,0.033464677631855,-0.6518587470054626,-0.7645453214645386,-0.0595617778599262,1.4927650690078735,1.316917896270752,1.280261754989624
CMR_0281,CMR,16400.121086863008,0.010907077230513,0.0044504003599286,0.0299332961440086,0.0461143143475055,0.0463409684598445,0.0373334474861621,-0.6797597408294678,-0.5625814199447632,0.0815715417265892,1.5402979850769043,1.3615577220916748,1.348325490951538
CMR_0282,CMR,15937.97869261638,0.0151457032188773,0.0250953249633312,0.0429851934313774,0.0446984730660915,0.0324826128780841,0.0307104792445898,-0.4176051318645477,-0.3497719168663025,0.3450625538825989,1.9495155811309808,0.947031021118164,0.923973560333252
CMR_0283,CMR,15596.279118661256,0.0115028629079461,0.0574136860668659,0.0603423379361629,0.0268823448568582,0.0278611648827791,0.0289810057729482,-0.713438868522644,-0.5536178946495056,0.1313332170248031,1.746513843536377,1.1100873947143557,1.1050214767456057
CMR_0284,CMR,16536.96593931153,0.0935442820191383,0.0872202739119529,0.0541051439940929,0.0409080348908901,0.036348883062601,0.032446414232254,-0.2350518405437469,0.1454822272062301,0.7966427803039551,2.350721836090088,0.8643536567687988,0.8678698539733887
CMR_0285,CMR,18004.372380701614,0.0742814093828201,0.13153737783432,0.113647311925888,0.0662399530410766,0.0569555796682834,0.0455585457384586,-0.0597309432923793,0.3154323995113373,0.8187035322189331,2.082384824752808,0.6888034343719482,0.7533495426177979
CRR_1262,CRR,16919.37180281378,0.0484230779111385,0.0799096599221229,0.0822928622364997,0.0263314936310052,0.0361593067646026,0.0352733582258224,-0.3331086337566376,0.0663890093564987,0.5539764761924744,1.6432660818099976,0.613006591796875,197.7392425537109
CRR_1263,CRR,17324.504156056075,0.0107013043016195,0.013699528761208,0.044535756111145,0.0284446664154529,0.0365066602826118,0.0352643877267837,-0.4827061593532562,-0.1181170493364334,0.4241379797458648,1.5084800720214844,0.5442619323730469,198.0887451171875
CRR_1264,CRR,17370.528913551752,0.048861738294363,0.061359953135252,0.0808572620153427,0.0290364883840084,0.0397119894623756,0.0353000052273273,-0.3777032494544983,0.0872178450226783,0.5915863513946533,1.6277185678482056,0.6892452239990234,198.0184631347656
CRR_1265,CRR,17732.74524009724,0.018913360312581,0.0218101106584072,0.0344384387135505,0.0203294903039932,0.0370841771364212,0.0351164937019348,-0.4176628291606903,-0.0675933584570884,0.5221065282821655,1.6142536401748655,0.3081521987915039,198.1982879638672
CMR_0291,CMR,19860.32589467354,0.1150385737419128,0.1417933106422424,0.1296663731336593,0.0589734576642513,0.045509859919548,0.0421037599444389,-0.3257052600383758,-0.5018145442008972,-0.1336576491594314,0.7467310428619385,1.0960426330566406,1.2151895761489868
CRR_1266,CRR,18484.18613084726,0.048868142068386,0.0807995125651359,0.0847527757287025,0.0545928440988063,0.04074477404356,0.0352166853845119,-0.0383221507072448,0.3334219753742218,0.8755133748054504,1.8589024543762207,0.3792610168457031,198.43667602539065
CMR_0292,CMR,19168.61572486464,0.0339621640741825,0.0606963336467742,0.0600241534411907,0.0254734326153993,0.0283473189920187,0.0350003466010093,-0.1633064150810241,-0.0224411562085151,0.3319781720638275,,0.5219436883926392,0.590664267539978
CMR_0293,CMR,19501.427569446183,0.0454841181635856,0.0219144485890865,0.0082112029194831,0.0286943707615137,0.0322281047701835,0.0360818989574909,-0.1890496760606765,-0.0042810076847672,0.3830007016658783,,0.4913219213485718,0.5613610744476318
CRR_1267,CRR,18915.707001073588,0.0058020311407744,0.0377883203327655,0.0468611195683479,0.0393790565431118,0.0360567979514598,0.035119641572237,-0.2114717662334442,0.0758764520287513,0.6842406392097473,1.6778149604797363,0.3629608154296875,198.8660125732422
CMR_0294,CMR,19493.09179048013,0.0243270471692085,0.0341020487248897,0.0106665147468447,0.0128382397815585,0.0272115785628557,0.0339386127889156,-0.0629795119166374,0.1474339962005615,0.5474498271942139,,0.2416741847991943,0.3274703025817871
CRR_1268,CRR,18954.568640823065,0.0339462161064147,0.0323693379759788,0.0406354889273643,0.0373236387968063,0.036960981786251,0.035471498966217,-0.1066266000270843,0.1773183792829513,0.7584073543548584,1.7087663412094116,0.3306779861450195,198.8757781982422
CRR_1269,CRR,19377.79106484002,,,,,,0.0344654396176338,,,,,,
CRR_1270,CRR,18959.519422471807,0.0459130816161632,0.0479028858244419,0.0396512188017368,0.0432099141180515,0.0389839969575405,0.0360353738069534,-0.046019185334444,0.225784495472908,0.7537314295768738,1.6430987119674685,0.3659515380859375,198.9655303955078
CMR_0295,CMR,19915.7442745669,0.0171909593045711,0.0212513115257024,0.0350201018154621,0.0250419676303863,0.0340173281729221,0.0350227504968643,-0.0496724620461463,0.3055281341075897,0.7391279339790344,,0.4108659029006958,0.4513425827026367
CRR_1271,CRR,19380.8814661017,0.0134997237473726,0.0079479720443487,0.0116219464689493,0.0142737291753292,0.0316537804901599,0.0350476205348968,-0.2221292853355407,0.1133392602205276,0.8191401958465576,1.8273165225982664,0.3234539031982422,198.9853057861328
CRR_1272,CRR,19266.36795147973,0.0292663555592298,0.025750245898962,0.0175435952842235,0.0232636146247386,0.0343293659389019,0.0355805233120918,-0.2075408846139907,0.1362399458885193,0.7857295870780945,1.734939694404602,0.4444055557250976,199.0352478027344
CMR_0296,CMR,20140.15566562812,0.0153972972184419,0.0242875684052705,0.0333259478211402,0.0083507737144827,0.0321134440600872,,-0.2632298171520233,0.1707596033811569,,,0.370768666267395,0.476970911026001
CRR_1273,CRR,19666.62497670997,0.0406287014484405,0.0514740906655788,0.0303184520453214,0.0204144287854433,0.0344731919467449,0.0361297130584716,0.0363830626010894,0.6037402153015137,1.354063868522644,2.2803449630737305,0.4909582138061523,198.7843170166016
CMR_0297,CMR,20845.283127224284,0.0759560465812683,0.1086747273802757,0.0888049304485321,0.0737497434020042,0.046834472566843,0.0348462462425231,0.0839092060923576,0.5588101744651794,0.9593292474746704,,0.5276756286621094,0.5527234077453613
CRR_1274,CRR,20012.89105052467,0.0227361600846052,0.0908179730176925,0.030413806438446,0.026740463450551,0.0329000353813171,0.0354890003800392,-0.1406400650739669,0.4410749673843384,1.2761199474334717,2.273202419281006,0.7689552307128906,198.96397399902344
CRR_1275,CRR,19564.325737906533,0.0192219577729702,0.0512541905045509,0.0511723086237907,0.0433308966457843,0.0408541709184646,0.0377680622041225,0.3057361841201782,0.9209659695625304,1.6263474225997925,2.4355251789093018,0.4885358810424804,198.7237548828125
CRR_1276,CRR,19098.04312416981,0.0567739196121692,0.0961563512682914,0.0956417396664619,0.0783460810780525,0.0569064170122146,0.0437660701572895,-0.0498794093728065,0.3387208878993988,0.6948357224464417,1.0720387697219849,0.8648805618286133,200.19261169433597
CRR_1277,CRR,20093.942810858764,0.308963418006897,0.2434930056333542,0.1712260097265243,0.0822992399334907,0.0493100136518478,0.0392784178256988,-0.8826579451560974,-0.6344034671783447,0.1347952783107757,0.9096516966819764,1.564702033996582,200.6923370361328
CRR_1279,CRR,19528.690598183926,0.2103482335805893,0.1872661858797073,0.1297569274902343,0.0872392505407333,0.0665044859051704,0.0451967231929302,-0.341319590806961,-0.2024038285017013,0.1719752848148346,0.4977039396762848,1.185312271118164,201.08164978027344
CRR_1280,CRR,19811.97758318873,0.0180251840502023,0.0084034502506256,0.0466055609285831,0.077387511730194,0.0672532841563224,0.044635783880949,-0.7699651122093201,-0.7207574248313904,-0.2693819999694824,0.1301218271255493,1.6221179962158203,201.58135986328125
CRR_1281,CRR,21750.725425175635,0.0261160545051097,0.0339908562600612,0.0283816196024417,0.0446669310331344,0.0389642417430877,0.034798439592123,-0.2189093083143234,0.0790084302425384,0.9143202304840088,2.1008200645446777,0.5427656173706055,200.300537109375
CRR_1282,CRR,20963.641704072128,0.0069839511997997,0.0236793141812086,0.0328039079904556,0.046301145106554,0.0490710213780403,0.0397780910134315,-0.4046876728534698,-0.1291360259056091,0.6798062324523926,1.5180574655532837,0.7390375137329102,200.66058349609372
CRR_1283,CRR,22150.123753678978,0.0592369772493839,0.1448659896850586,0.1151392757892608,0.0553763210773468,0.044782631099224,0.0364692546427249,-0.294093370437622,-0.0579494759440422,0.6916161775588989,1.8464651107788088,0.7784929275512695,200.89920043945312
CRR_1284,CRR,20004.015562426343,0.1151904687285423,0.1248903647065162,0.1289254873991012,0.1059209108352661,0.0776831731200218,0.0484798029065132,-0.8129069209098816,-0.9795994758605956,-0.8370526432991028,-0.7603947520256042,2.2280235290527344,202.77999877929688
CRR_1285,CRR,22092.916581820777,0.1600408852100372,0.150790125131607,0.1104833483695983,0.0527337826788425,0.0449514873325824,0.0371488109230995,-0.1966749131679535,0.0668781548738479,0.8260360956192017,1.939093828201294,0.7460489273071289,200.80911254882807
CRR_1286,CRR,21674.65265847846,0.0429589487612247,0.0410410687327384,0.0262830015271902,0.053394254297018,0.0560437366366386,0.0451525747776031,-0.1650910675525665,0.3342994153499603,1.0095595121383667,1.538686990737915,0.588623046875,201.33770751953125
CRR_1287,CRR,22503.882255566445,0.0375228561460971,0.0644817501306533,0.083175703883171,0.0712150633335113,0.0505822077393531,0.0421327948570251,-0.0320957712829113,0.2873865067958832,0.9022799730300904,1.7737817764282229,0.5420122146606445,201.44692993164065
CRR_1288,CRR,22016.16627496336,0.02955630607903,0.0284562837332487,0.0315030999481678,0.039308700710535,0.0504673309624195,0.0446278005838394,-0.0137675516307353,0.5509974360466003,1.2473400831222534,1.852648496627808,0.3562221527099609,201.20713806152344
CRR_1289,CRR,20803.364714815725,0.0557099878787994,0.0903401225805282,0.1145651638507843,0.1128342896699905,0.0841938704252243,0.0495971515774726,-0.8908304572105408,-1.1478006839752195,-1.1854897737503052,-1.4013241529464722,2.740054130554199,204.0376739501953
CRR_1290,CRR,20786.46703418074,0.0475534908473491,0.0647937655448913,0.0947502478957176,0.1082783862948417,0.0843060314655304,0.0475536733865737,-0.8285626173019409,-1.2135778665542605,-1.6680574417114258,-2.317366600036621,3.305230140686035,205.08676147460935
CRR_1291,CRR,22521.86874384699,0.0151368044316768,0.0390302501618862,0.0515096858143806,0.0522088184952735,0.0491345599293708,0.0464381985366344,-0.157330572605133,0.4163171052932739,1.043993353843689,1.4797321557998655,0.4712114334106445,201.9754638671875
CRR_1292,CRR,21534.41643054849,0.0780046135187149,0.0992483124136924,0.1015513762831687,0.1164000183343887,0.0866542384028434,0.0471744909882545,0.1583940386772155,0.3714508414268493,0.3408546149730682,-0.1079935654997825,1.2019062042236328,203.2655792236328
CRR_1293,CRR,22858.89772159423,0.012731859460473,0.0162406843155622,0.0196015015244483,0.0526208654046058,0.0477213822305202,0.0468016229569911,0.027842491865158,0.5347506999969482,1.108113169670105,1.5328277349472046,0.4541664123535156,202.13462829589844
CRR_1294,CRR,22227.12998679151,0.105037972331047,0.1416992545127868,0.1366373002529144,0.0927368849515914,0.0682048574090004,0.0475523695349693,-0.2477143257856369,0.1917833387851715,0.6486381888389587,0.5546025633811951,0.8737173080444336,202.914794921875
CRR_1295,CRR,22577.16969632826,0.1127976402640342,0.1192381307482719,0.1108044907450676,0.0778006985783577,0.0582030937075614,0.0473651736974716,-0.268312931060791,0.1675545275211334,0.7159877419471741,0.6947951912879944,0.7788820266723633,202.9641265869141
CRR_1296,CRR,21652.595251964063,0.0508707463741302,0.0943023040890693,0.1122995316982269,0.1165575459599495,0.0866046473383903,0.0407996363937854,0.1411308497190475,0.1278289258480072,-0.3276679813861847,-1.1752654314041138,1.834761619567871,204.5144195556641
CRR_1297,CRR,23421.31146226549,0.029332822188735,0.0632304698228836,0.0721576809883117,0.0477630570530891,0.0460603721439838,0.0482299104332923,-0.2102558463811874,0.2525471448898315,0.7722935676574707,0.9918001890182496,0.5282516479492188,203.0728302001953
CRR_1298,CRR,23586.2962492138,0.0190099459141492,0.0259462054818868,0.0419038720428943,0.038960263133049,0.0450949966907501,0.0482775159180164,-0.2735970020294189,0.249535322189331,0.8176096081733704,0.8055317401885986,0.5499582290649414,203.42190551757807
CRR_1299,CRR,23309.312861310256,0.0495478510856628,0.0534443296492099,0.0439029410481452,0.0490857623517513,0.0529230758547782,0.0451417081058025,0.1180467903614044,0.6963525414466858,1.2509479522705078,0.8865639567375183,0.4666776657104492,203.2816925048828
CRR_1300,CRR,22424.965601881093,0.0495357252657413,0.0866373851895332,0.115882471203804,0.1235760971903801,0.0800536796450614,0.0313012599945068,-0.7572715282440186,-0.941182255744934,-1.4844624996185305,-2.505544662475586,2.784994125366211,206.33213806152344
CRR_1301,CRR,23950.3747269848,0.0593918822705745,0.0693142935633659,0.0402987152338027,0.0500430241227149,0.0486246794462204,0.0480433963239192,-0.222652792930603,0.3783802092075348,0.9595346450805664,0.6884790658950806,0.5884809494018555,203.80050659179688
CRR_1302,CRR,23090.015215357333,0.10075144469738,0.095994122326374,0.1156056374311447,0.1137968376278877,0.0760228410363197,0.0362031608819961,0.0164155922830104,0.4226963520050049,0.4942778944969177,-0.3349367380142212,1.3318891525268557,204.4910430908203
CRR_1303,CRR,24094.823931969207,0.0335293672978878,0.0369563847780227,0.0525836497545242,0.0585657022893428,0.0512700714170932,0.0476646795868873,-0.1314030736684799,0.4809781610965729,1.0562169551849363,0.6690889596939087,0.5127725601196289,203.91993713378903
CRR_1304,CRR,24267.734839363267,0.0822453126311302,0.103429801762104,0.0954964086413383,0.0593819133937358,0.0561918728053569,0.0443075001239776,0.1131999790668487,0.8311490416526794,1.353506565093994,0.655195951461792,0.3188047409057617,204.0788726806641
CRR_1305,CRR,24013.62238364134,0.0388021692633628,0.0482049137353897,0.0434904992580413,0.0811043158173561,0.0655808821320533,0.034985102713108,0.2454585880041122,1.0942829847335815,1.2267708778381348,0.229085236787796,0.4183158874511719,204.4384765625
CRR_1306,CRR,24585.45468873857,0.0281542725861072,0.0323691293597221,0.0564755611121654,0.068924456834793,0.0655159577727317,0.041083849966526,0.1548980474472046,0.9915688633918762,1.2839809656143188,0.3050443530082702,0.3907442092895508,204.6274871826172
CRR_1307,CRR,24252.40112346903,0.0384345054626464,0.046633992344141,0.0512976124882698,0.0724542811512947,0.0654206201434135,0.0360396914184093,0.273013561964035,1.1849443912506104,1.3077019453048706,0.2707709670066833,0.269627571105957,204.51785278320312
CRR_1308,CRR,23693.82601429197,0.9046279788017272,0.5043243765830994,0.3592731654644012,0.1613975465297699,0.0478813908994197,0.0281921029090881,-1.6262614727020264,-1.8731670379638672,-2.5383312702178955,-3.6714491844177246,4.45665168762207,208.208251953125
CRR_1309,CRR,23945.220871056325,0.5591664910316467,0.3978015482425689,0.2608433663845062,0.0812334045767784,0.0225717537105083,0.0339618511497974,-0.9600051045417786,-1.8151774406433103,-2.744833707809448,-3.85158109664917,4.115251541137695,208.4972076416016
CRR_1310,CRR,25374.180258947228,0.0337830893695354,0.1111227050423622,0.1214983910322189,0.0981686189770698,0.0765241086483001,0.0423055812716484,-0.1065624728798866,0.4914710819721222,0.2580412924289703,-1.044306397438049,0.7624340057373047,206.3651123046875
CRR_1311,CRR,23891.843933757464,0.1900969296693802,0.3291340172290802,0.108681671321392,0.0429527275264263,0.0343838445842266,0.0378992967307567,-3.220597505569458,-4.276582717895508,-5.276002883911133,-6.309666156768799,6.731840133666992,210.9170379638672
CRR_1312,CRR,23850.077060055803,0.3356320559978485,0.4374805688858032,0.2466523200273513,0.0947738140821456,0.0498113557696342,0.040238469839096,-2.7567381858825684,-3.744450330734253,-4.724050521850586,-5.70182466506958,6.57804012298584,210.2769775390625
CRR_1313,CRR,23600.498401907927,0.075575552880764,0.1744199991226196,0.2771152555942535,0.149643525481224,0.0710765644907951,0.0424975790083408,-2.051878929138184,-2.712430238723755,-3.607795238494873,-4.493600368499756,5.708057403564453,208.93734741210935
CRR_1314,CRR,25588.4079080464,0.1629618257284164,0.2038697004318237,0.1512225121259689,0.1060870885848999,0.070401445031166,0.0420388728380203,0.251663476228714,0.6530981063842773,0.1253874152898788,-1.3025987148284912,0.7202301025390625,206.71421813964844
CRR_1315,CRR,25854.27600009331,0.1462802439928054,0.1454607993364334,0.1332398504018783,0.1107860654592514,0.0583084598183631,0.0433347485959529,-0.0522856898605823,-0.0536455586552619,-0.832295835018158,-2.365751504898072,1.641376495361328,207.8732147216797
CRR_1316,CRR,23926.1084145966,0.0198576617985963,0.0519725978374481,0.0953935533761978,0.1615536957979202,0.1120271980762481,0.0512785986065864,-0.0640978887677192,-0.2102509140968322,-0.507227897644043,-1.091407299041748,1.3201665878295898,205.60614013671875
CRR_1317,CRR,24203.343882801262,0.6018304824829102,0.3014923632144928,0.1911115795373916,0.1741586774587631,0.1048996150493621,0.0508010275661945,-1.4881500005722046,-1.9016581773757928,-2.37522554397583,-3.07267689704895,2.746358871459961,207.72561645507807
CRR_1318,CRR,24930.68922614173,0.046888206154108,0.0873074457049369,0.1473783105611801,0.1340771466493606,0.0770727097988128,0.04965465888381,-0.6049553155899048,-1.6659493446350098,-2.4269721508026123,-3.4377429485321045,1.1484851837158203,208.44422912597656
CRR_1319,CRR,25621.83119460681,0.2248346805572509,0.1914858222007751,0.1854823380708694,0.1635006070137024,0.098831370472908,0.0546680353581905,-0.255566656589508,-0.2766471803188324,-0.4184817671775818,-1.473435878753662,1.1838722229003906,206.67225646972656
CRR_1320,CRR,26342.074764377543,0.4550344347953796,0.433524876832962,0.3674899041652679,0.1641689836978912,0.0814344435930252,0.0517569035291671,-0.5383018851280212,-1.0678256750106812,-1.55299711227417,-3.092698097229004,2.8151626586914062,208.6509704589844
CRR_1321,CRR,24723.84349782113,0.0516668930649757,0.1360017657279968,0.1600890010595321,0.139170691370964,0.102447859942913,0.0535386279225349,-0.4636628925800323,-0.2106195092201233,0.5452877879142761,0.1855274438858032,0.9709529876708984,204.49380493164065
CRR_1322,CRR,25208.88008092572,0.1353840231895446,0.1754941344261169,0.1509622782468795,0.1228529065847396,0.1003468632698059,0.0550394877791404,-1.2659915685653689,-1.043306827545166,-0.4400998055934906,-1.0474587678909302,1.994649887084961,205.94276428222656
CRR_1323,CRR,24905.639851384047,0.1511214971542358,0.1438027471303939,0.1347392201423645,0.1236194372177124,0.0936682075262069,0.0532682500779628,-0.6549652814865112,-0.3230810463428497,0.5916239619255066,0.2169932574033737,1.1645832061767578,204.49331665039065
CRR_1324,CRR,25226.278684037294,0.2578576505184173,0.2077259272336959,0.1538422852754593,0.1156027466058731,0.0962759330868721,0.0547980479896068,-0.2557330131530761,0.0336943976581096,0.7555156350135803,0.1759280115365982,0.9111490249633788,204.70265197753903
CRR_1325,CRR,25805.2852905932,0.1295150369405746,0.1154237166047096,0.1005058735609054,0.1054770648479461,0.0949326157569885,0.0559244938194751,-0.0211695749312639,0.4497320055961609,0.9060283899307252,-0.0511391945183277,0.5252437591552734,205.2115020751953
CRR_1326,CRR,25112.138393778816,0.1482013463973999,0.1539226621389389,0.1191191673278808,0.0894514769315719,0.0738295018672943,0.0516966804862022,-0.1841629743576049,0.351185142993927,1.5573270320892334,1.1886917352676392,0.7773885726928711,203.4926605224609
CRR_1327,CRR,26569.23465070236,0.0438584350049495,0.0631745904684066,0.0710115507245063,0.1081702783703804,0.0881428346037864,0.055222101509571,-0.2086974680423736,0.4247737824916839,0.806611180305481,-0.5983602404594421,1.0251102447509766,206.059814453125
CRR_1328,CRR,26419.40671288515,0.0905478000640869,0.0866729468107223,0.0838438346982002,0.0680699497461319,0.0721311792731285,0.0548556335270404,-0.2931683957576751,0.2445051223039627,1.123222589492798,-0.019140226766467,0.6344051361083984,205.2397308349609
CRR_1329,CRR,26146.564008512883,0.0770564749836921,0.1100918725132942,0.1085370704531669,0.0772093310952186,0.0686656311154365,0.0538288913667202,-0.3523437082767486,0.1987551897764206,1.2267000675201416,0.2916179001331329,0.7196083068847656,204.75022888183597
CRR_1331,CRR,27469.06940060841,0.0591085590422153,0.0774570330977439,0.0927885472774505,0.0831158235669136,0.0743958428502082,0.0511956997215747,-0.1278151720762252,0.4450948536396026,1.023136854171753,-0.7435275316238403,0.8167018890380859,206.27716064453125
CRR_1332,CRR,27146.666651777752,0.0926763042807579,0.1146883741021156,0.1060867011547088,0.0817180946469307,0.0767659619450569,0.0511247664690017,-0.3262932896614074,0.076064258813858,0.7696221470832825,-0.7571789026260376,0.948678970336914,206.06776428222656
CRR_1333,CRR,27396.401525880294,0.0537368729710578,0.0599365346133708,0.0782574191689491,0.0829612389206886,0.0780457779765129,0.0503550171852111,-0.5396259427070618,-0.1039071828126907,0.4812356531620025,-1.2035012245178225,1.244913101196289,206.6171722412109
CRR_1334,CRR,26900.040013355967,0.1430413872003555,0.1351347863674163,0.1444125026464462,0.1310254633426666,0.0971845015883445,0.0405938476324081,0.0517454072833061,0.3645712435245514,0.2973036766052246,-1.1852906942367554,1.4028682708740234,205.9178924560547
CRR_1335,CRR,26857.47305453796,0.3074389100074768,0.225880429148674,0.1759530752897262,0.1516610085964203,0.0913454741239547,0.034636341035366,-0.511335015296936,-0.7400636672973633,-1.3060849905014038,-2.882702589035034,2.993511199951172,207.407958984375
CRR_1336,CRR,27002.45308499735,0.1644416004419326,0.1621111780405044,0.165039375424385,0.1490691602230072,0.0841037482023239,0.0323676280677318,-0.4632510840892792,-0.8076629638671875,-1.5294817686080933,-3.179377317428589,3.1946916580200195,207.7075653076172
CRR_1337,CRR,28565.685881176443,0.318186342716217,0.3099084198474884,0.2258428633213043,0.1088841184973716,0.0543156750500202,0.0333178527653217,-0.5008471608161926,-0.9885491728782654,-2.125004529953003,-4.213019847869873,3.6142730712890634,209.27359008789065
CRR_1338,CRR,27854.92346543597,0.0514832325279712,0.1146528050303459,0.0772940441966056,0.0375531055033206,0.0237013604491949,0.0265823919326066,-1.299507975578308,-2.2856316566467285,-3.631093263626098,-5.528823852539063,5.076778411865234,210.015380859375
CRR_1339,CRR,29721.42533908052,0.1621683090925216,0.1131815165281295,0.1073001027107238,0.111412338912487,0.1066764146089553,0.0756391882896423,-0.7541090250015259,-0.3983814716339111,-0.4185075461864471,-1.0354849100112915,1.997026443481445,204.70068359375
CMR_0298,CMR,407.94878608639766,0.1292772591114044,0.0238476041704416,0.0159513130784034,0.0045097935944795,,,-0.6113675236701965,,,,0.7112767696380615,0.7832584381103516
CMR_0299,CMR,138.40565393167967,0.0166635252535343,0.0102558992803096,0.0106826536357402,0.0106575172394514,0.0041790045797824,,-0.2499252557754516,-0.2948082089424133,,,0.2984402179718017,0.399085521697998
CMR_0300,CMR,423.5240198541623,0.1066340953111648,0.0478198938071727,0.0232999473810195,0.013851873576641,0.0046255085617303,,-0.362270325422287,-0.4103695452213287,,,0.4627447128295898,0.514514684677124
CMR_0301,CMR,635.300314487743,0.0068467310629785,0.019132375717163,0.0081339348107576,0.0049131582491099,0.005730521865189,,-0.4560478627681732,-0.5624550580978394,,,0.5576987266540527,0.6175682544708252
CMR_0302,CMR,895.8040142351449,0.033860970288515,0.0323888249695301,0.0321516506373882,0.0162275545299053,0.0056115295737981,,-0.2680409848690033,-0.3333987891674042,,,0.4184675216674804,0.4470241069793701
CMR_0303,CMR,432.7090202137821,0.0200709942728281,0.0387650430202484,0.0316170901060104,0.0127718932926654,0.0032069834414869,,-0.1899279803037643,-0.1741300374269485,,,0.3397252559661865,0.391087532043457
CMR_0304,CMR,575.1300746728589,0.0108406199142336,0.0204609278589487,0.0331782177090644,0.0216609425842762,0.0060808062553405,,-0.1935703754425048,-0.160650223493576,,,0.3729102611541748,0.3989336490631103
CMR_0305,CMR,560.9606807185463,0.0153217716142535,0.0295126345008611,0.0105274273082613,0.00711549539119,0.0043922229669988,0.0077230362221598,-0.6453844308853149,-0.5729663968086243,-0.4079223573207855,,0.8656566143035889,0.8930337429046631
CMR_0306,CMR,1020.4410082324976,0.02243566326797,0.0290768090635538,0.0250450540333986,0.011532861739397,0.0038940808735787,0.0066576655954122,-0.2585100531578064,-0.1471219956874847,0.0125949801877141,,0.4360954761505127,0.4520509243011474
CMR_0307,CMR,285.74719628634966,0.0471368841826915,0.0475414581596851,0.0221707765012979,0.0046780947595834,0.0113783534616231,0.0106284851208329,-0.154205247759819,-0.083755537867546,0.087363101541996,,0.2883205413818359,0.4534921646118164
CMR_0308,CMR,934.9458452513863,0.0415406450629234,0.029749970883131,0.0191184766590595,0.0152294328436255,0.0087076984345912,0.0095211463049054,-0.1644398272037506,-0.0879376679658889,0.1063254550099372,,0.3703949451446533,0.4382009506225586
CMR_0309,CMR,1001.1485669180925,0.0166569352149963,0.0302338507026433,0.0350215397775173,0.0204413868486881,0.0126806162297725,0.011038058437407,-0.1958648264408111,-0.159620463848114,0.0356491804122924,,0.4836447238922119,0.6173670291900635
CMR_0310,CMR,1083.367292861323,0.0308032054454088,0.0370226092636585,0.026522995904088,0.0168988723307847,0.0082417819648981,0.0095581831410527,-0.1971333473920822,-0.0849305689334869,0.1400609910488128,,0.4603593349456787,0.4976773262023926
CMR_0311,CMR,806.7571983917163,0.0181249026209115,0.0416179895401001,0.0343387275934219,0.0178651772439479,0.0179385356605052,0.0128243705257773,-0.6096696853637695,-0.5297874808311462,-0.3780664801597595,0.6263763904571533,0.953937530517578,1.107471942901611
CMR_0312,CMR,1259.0462226336986,0.0319533757865428,0.0525857806205749,0.0502644106745719,0.0245749615132808,0.0174416620284318,0.012850347906351,-0.2595765590667724,-0.2820727527141571,-0.0867999792098999,,0.4930510520935058,0.7398502826690674
CMR_0313,CMR,975.511136911358,0.0477290749549865,0.0458973161876201,0.0349771045148372,0.0180972144007682,0.010348186828196,0.0107035068795084,-0.4467076659202575,-0.3641113638877868,-0.1023973375558853,,0.6387653350830078,0.7365684509277344
CMR_0314,CMR,1404.9684030569126,0.0458562858402729,0.0538882166147232,0.0417645126581192,0.025949340313673,0.0147085934877395,0.0122291892766952,-0.0869019329547882,-0.0739056542515754,0.1708518266677856,,0.2891409397125244,0.4659762382507324
CMR_0315,CMR,423.0123450897104,0.022170815616846,0.0148087935522198,0.0174452848732471,0.0043574655428528,0.0081893987953662,0.009324075654149,-0.5080196261405945,-0.4250945448875427,-0.1574488282203674,,0.6621041297912598,0.7341375350952148
CMR_0316,CMR,1273.6357603676165,0.0351417586207389,0.0406446307897567,0.0296535417437553,0.0237343106418848,0.0146052660420537,0.0124233160167932,-0.2264080345630645,-0.1980187743902206,0.0723094269633293,,0.4154894351959228,0.5815613269805908
CMR_0317,CMR,1404.2408427235457,0.0493785254657268,0.0334717519581317,0.0321815349161624,0.0244260374456644,0.0236533284187316,0.0149167226627469,-0.6587151885032654,-0.7017716765403748,-0.5526490211486816,0.4099075496196747,0.9905009269714355,1.3135986328125
CMR_0318,CMR,737.4140127533857,0.0135131599381566,0.0127138281241059,0.0097271287813782,0.0086965262889862,0.010585299693048,0.011079323478043,-0.2126775681972503,-0.1471176594495773,0.1613327115774154,,0.3493647575378418,0.4521832466125488
CMR_0319,CMR,1657.919503236802,0.0254959538578987,0.02868521399796,0.0366263911128044,0.0287711210548877,0.0202985685318708,0.0142665160819888,-0.3449229300022125,-0.3738402724266052,-0.1302025318145752,0.829921543598175,0.5896506309509277,0.8480696678161621
CMR_0320,CMR,1002.1412700940506,0.0335282869637012,0.0342134200036525,0.0261368490755558,0.015541898086667,0.0130672799423336,0.0122125269845128,-0.0768961980938911,-0.0158581845462322,0.2971309125423431,,0.2366988658905029,0.3588089942932129
CMR_0321,CMR,958.055709370107,0.012270875275135,0.0132672870531678,0.0094889467582106,0.0141237517818808,0.0133459270000457,0.0125643340870738,-0.0993795469403266,-0.0299731437116861,0.3120203018188476,,0.2360165119171142,0.3517622947692871
CMR_0322,CMR,499.5349048375,0.0246312990784645,0.0097905416041612,0.0043365568853914,0.012909366749227,0.0115376720204949,0.011813910678029,-0.1408748179674148,-0.0960966423153877,0.273141086101532,,0.2433781623840332,0.319244384765625
CMR_0323,CMR,1941.2585193324885,0.0405703000724315,0.0395506061613559,0.053829550743103,0.0365986600518226,0.0269799921661615,0.0164336636662483,-0.5160070061683655,-0.5382574796676636,-0.3198778331279754,0.6198568344116211,0.8264002799987793,1.1551339626312256
CMR_0324,CMR,790.0022909246843,0.0966444090008735,0.0291542056947946,0.0158744547516107,0.0204889178276062,0.0147775430232286,0.0139034995809197,-0.2714400887489319,-0.1554816663265228,0.2641469836235046,,0.4105055332183838,0.4839425086975097
CMR_0325,CMR,1280.949904308069,0.0305214766412973,0.04900823533535,0.054331749677658,0.0322804972529411,0.0222059190273284,0.0161044150590896,-0.1490609496831894,0.0408114604651927,0.4260911345481872,1.384658932685852,0.4012467861175537,0.5171051025390625
CMR_0326,CMR,2243.1239490392286,0.0545577853918075,0.0383830294013023,0.0739309787750244,0.0618636794388294,0.0388884358108043,0.0203111805021762,-0.2368586212396621,-0.3035593628883362,-0.2186678349971771,0.6557235717773438,0.7486250400543213,1.2647974491119385
CMR_0327,CMR,207.1431549949477,0.0171635076403617,0.028556752949953,0.0357453748583793,0.0223604775965213,0.0149173224344849,0.0159532744437456,-0.1125653758645057,0.0916880220174789,0.6380358934402466,1.6522762775421145,0.3781509399414062,0.3832824230194092
CMR_0328,CMR,1786.6014695937397,0.0669557750225067,0.1148111522197723,0.1096303835511207,0.077497199177742,0.0441172793507576,0.0224910043179988,-0.2499411702156067,-0.061138030141592,0.1872969269752502,1.0317518711090088,0.686234712600708,1.0202553272247314
CMR_0329,CMR,533.1075169725627,0.0408457554876804,0.0335911996662616,0.023029064759612,0.0138337397947907,0.0227315723896026,0.0200828425586223,0.0366687886416912,0.4121274650096893,1.0440996885299685,2.007960796356201,0.1108193397521972,0.1224467754364013
CMR_0330,CMR,872.9241590422798,0.0682997032999992,0.0694786310195922,0.0427011027932167,0.036246683448553,0.034693419933319,0.0239086411893367,-0.2854593992233276,0.1451574116945266,0.7719473242759705,1.6550610065460205,0.4956049919128418,0.5411908626556396
CMR_0331,CMR,1035.2579503773277,0.0300414655357599,0.0505972690880298,0.062053233385086,0.0503399968147277,0.0404706038534641,0.0255768578499555,-0.2634309232234955,0.148520365357399,0.7457920908927917,1.5836249589920044,0.5005791187286377,0.6088011264801025
CMR_0332,CMR,137.14747207981017,0.0268124565482139,0.011101764626801,0.0051959725096821,0.0096848523244261,0.0201633907854557,0.0235551744699478,-0.6773473024368286,-0.3571427762508392,0.3936444818973541,1.3789554834365845,0.7521877288818359,0.7760202884674072
CMR_0333,CMR,1415.610898966895,0.1398526579141616,0.1384986490011215,0.1098886281251907,0.0710668191313743,0.05099892988801,0.0294230114668607,-0.3646065294742584,-0.0140577452257275,0.5024195909500122,1.2207772731781006,0.7717411518096924,0.9703717231750488
CMR_0334,CMR,1509.3685441015882,0.1110996231436729,0.1110424697399139,0.1075705736875534,0.0757740512490272,0.0529817976057529,0.0299892351031303,-0.3775431513786316,-0.0515384078025817,0.4314572811126709,1.124991536140442,0.811636209487915,1.0476477146148682
CMR_0335,CMR,609.5611790895167,0.0189740192145109,0.0126674603670835,0.0185427125543355,0.0237022135406732,0.0291322730481624,0.027479326352477,-0.2739930152893066,0.100419208407402,0.8678091764450073,1.7571775913238523,0.5267021656036377,0.5456247329711914
CMR_0336,CMR,1268.5754603166577,0.0500349327921867,0.0486047752201557,0.0474282167851924,0.0447695851325988,0.0435506664216518,0.0318310484290123,-0.3040177226066589,0.1043722108006477,0.7942420840263367,1.5063362121582031,0.5879805088043213,0.7217059135437012
CMR_0337,CMR,2515.27574363863,0.0894244089722633,0.1513561010360717,0.1585298031568527,0.1090466678142547,0.0617383681237697,0.0361292362213134,-0.3877816498279571,-0.3462176322937011,-0.2301590144634246,0.1221555992960929,1.0811986923217771,2.0056169033050537
CMR_0338,CMR,1780.0742886411138,0.0253004804253578,0.0405954010784626,0.0536625012755394,0.0528638213872909,0.0518225096166133,0.0370719656348228,-0.3058912456035614,-0.0560646802186965,0.5404995679855347,1.051037311553955,0.6263573169708252,1.074575901031494
CMR_0339,CMR,2443.695741385673,0.1068001538515091,0.0627971813082695,0.0763571262359619,0.069573625922203,0.0607287734746933,0.0389203503727912,-0.4589903056621551,-0.0913399532437324,0.2484044134616851,0.535549521446228,0.8180253505706787,1.5719614028930664
CMR_0340,CMR,1292.117502136127,0.0213725194334983,0.0601049475371837,0.0784265175461769,0.0672080665826797,0.0432201027870178,0.0346493795514106,-0.9564443230628968,-0.8583664298057556,-0.1554109156131744,0.5858620405197144,1.4462738037109375,1.647062063217163
CMR_0341,CMR,2360.2660713237688,0.0403708927333354,0.0659042224287986,0.053560797125101,0.0534579083323478,0.0589218772947788,0.039628729224205,-0.2690132856369018,0.1136859655380249,0.5226321220397949,0.8106402158737183,0.5831922292709351,1.2859869003295898
CMR_0342,CMR,2181.5820203080443,0.0273123886436224,0.0336147807538509,0.0384411141276359,0.0523988157510757,0.0571881234645843,0.040579967200756,-0.4986944198608398,-0.3772629201412201,0.1108809411525726,0.4495794177055359,0.9358899593353271,1.626084327697754
CMR_0343,CMR,2441.4959123188983,0.0504826642572879,0.0490799658000469,0.0315317325294017,0.0511002875864505,0.0590537041425704,0.0418028905987739,-0.0189039055258035,0.222086101770401,0.633159339427948,0.8506001234054565,0.4883674383163452,1.215116024017334
CMR_0344,CMR,2252.084913904177,0.0666856616735458,0.0736893117427825,0.0730030983686447,0.0700358301401138,0.0647609010338783,0.0428371392190456,-0.8809350728988647,-1.080460548400879,-0.6863101124763489,-0.4047723412513733,1.6747980117797852,2.445673704147339
CMR_0345,CMR,4278.188871121901,0.0392514914274215,0.0608459264039993,0.0665981844067573,0.0516458377242088,0.0541971586644649,0.0404815673828125,-0.1291725039482116,0.1593238264322281,0.024176700040698,-0.6650934219360352,0.4728090465068817,2.830881834030152
CMR_0346,CMR,2737.128431293777,0.1230359226465225,0.1720783859491348,0.1781722456216812,0.1245850324630737,0.0846119821071624,0.046239037066698,0.1703196167945861,0.2557515799999237,0.2763503193855285,0.2034162282943725,0.6370998620986938,1.7415199279785156
CMR_0347,CMR,3763.016925842364,0.0460920482873916,0.0510356314480304,0.061709776520729,0.0692977458238601,0.0718341022729873,0.0423366017639637,-0.8098772168159485,-1.2113360166549685,-1.7590731382369995,-2.36225700378418,1.8341894149780276,4.374687194824219
CMR_0348,CMR,4542.93212865107,0.0360502339899539,0.0686118453741073,0.0618032403290271,0.0846365243196487,0.0550768636167049,0.0351717621088027,0.0355353578925132,-0.0056708687916398,-0.704389214515686,-1.598950982093811,0.6191855072975159,3.720017671585083
CMR_0349,CMR,3231.3015790643485,0.0551628395915031,0.1665592342615127,0.1853940933942794,0.1319774538278579,0.0966759920120239,0.0453109107911586,-0.2244186699390411,-0.287858784198761,-0.4672537744045257,-0.7692099809646606,0.8125102519989014,2.642369270324707
CMR_0350,CMR,5063.602710702451,0.1419906616210937,0.1658608019351959,0.1634031236171722,0.117546908557415,0.0539988130331039,0.0278022531419992,-0.2326043844223022,-0.7489757537841797,-1.926406621932984,-2.7996559143066406,1.9126759767532349,4.681905746459961
CMR_0351,CMR,6174.394814446638,0.3783829808235168,0.2381288707256317,0.1047072112560272,0.0274014305323362,0.0451036356389522,0.0320921838283538,-1.4023253917694092,-2.2055842876434326,-3.263622760772705,-3.901552200317383,3.4968276023864746,5.776394844055176
CMR_0352,CMR,6004.873271465606,0.3036458790302276,0.227543219923973,0.1245542094111442,0.0280499663203954,0.0426682457327842,0.0313902273774147,-1.305271029472351,-2.107832670211792,-3.158079147338867,-3.804816007614136,3.543489694595337,5.643089294433594
CMR_0353,CMR,7429.933533872169,0.0539024025201797,0.0042462702840566,0.0260382518172264,0.0507532656192779,0.068524032831192,0.0455100871622562,0.1714306771755218,0.8403756022453308,1.3917391300201416,1.3412460088729858,0.4370698928833008,1.0675923824310305
CMR_0354,CMR,7724.613883749519,0.0552758798003196,0.0888741835951805,0.0675732195377349,0.056336909532547,0.0616470240056514,0.0468081906437873,-0.7035514712333679,-0.3737017810344696,0.1683369576930999,0.4036596715450287,1.1795941591262815,2.0296401977539062
CMR_0355,CMR,8070.478936926713,0.0670993998646736,0.0736315697431564,0.0537899173796176,0.0376478172838687,0.0490846745669841,0.0480196923017501,-0.5182145833969116,-0.1721270233392715,0.5613431930541992,1.0136226415634155,0.8935834169387817,1.539069890975952
CMR_0356,CMR,7975.768609465956,0.0325824692845344,0.048860527575016,0.0548566840589046,0.0594649836421012,0.0639634802937507,0.046702105551958,-0.0934581905603408,0.1462481915950775,0.3667713105678558,0.8638919591903687,0.6106195449829102,1.549693584442139
CMR_0357,CMR,8499.629396482604,0.0808364748954773,0.036004364490509,0.0245387554168701,0.0518858171999454,0.0480302758514881,0.0467225722968578,-0.2349538058042526,0.0365089923143386,0.6764557957649231,1.526975393295288,0.5313503742218018,1.150207281112671
CMR_0358,CMR,7639.1772820851165,0.2263631820678711,0.1487626731395721,0.0845204442739486,0.0632211118936538,0.0663389414548873,0.046508714556694,-1.169280171394348,-1.300968050956726,-1.4156579971313477,-0.9917984008789062,2.2799055576324463,3.232877731323242
CMR_0359,CMR,8657.759760466688,0.0419245138764381,0.0333859659731388,0.031070003286004,0.0546462275087833,0.0485377982258796,0.0457027554512023,-0.5160309672355652,-0.2407615631818771,0.3552753329277038,1.335585355758667,0.8551819324493408,1.4011423587799072
CMR_0360,CMR,8681.273361922818,0.0419923476874828,0.0317128971219062,0.0539014898240566,0.0599207691848278,0.0511628463864326,0.0448355078697204,-1.1430490016937256,-0.9374024868011476,-0.4700918197631836,0.5433706045150757,1.6436388492584229,2.177407503128052
CMR_0361,CMR,8494.405783485041,0.0376542657613754,0.0821823254227638,0.0914386585354805,0.0635606050491333,0.0534700192511081,0.0447970554232597,-0.4336460530757904,-0.4633185863494873,-0.1979594677686691,0.7440636157989502,1.270402908325195,1.8635823726654053
CMR_0362,CMR,8313.593752096966,0.0736977532505989,0.0524035990238189,0.0410717539489269,0.0314321890473365,0.0515093170106411,0.0440805964171886,-1.234687089920044,-1.564313530921936,-1.4459800720214844,-0.4782534837722778,2.443735122680664,3.0044636726379395
CMR_0363,CMR,8284.983891236523,0.2001381516456604,0.0955498218536377,0.0238153599202632,0.0274559631943702,0.0513062439858913,0.0439684092998504,-1.1728049516677856,-1.5214444398880005,-1.4188292026519775,-0.4473240077495575,2.4059226512908936,2.957304716110229
CMR_0364,CMR,9269.639271537651,0.0711666420102119,0.0858731046319007,0.0822648331522941,0.0604137293994426,0.0453826189041137,0.041522528976202,-0.2836589813232422,0.1044985428452491,0.7717970013618469,2.1710727214813232,0.716416597366333,0.9135680198669434
CMR_0365,CMR,9425.924161053235,0.086146779358387,0.0843179821968078,0.07696583122015,0.056464809924364,0.0451426431536674,0.0422672294080257,-0.1811342388391494,0.2831563055515289,1.0575603246688845,2.5277254581451416,0.6130721569061279,0.7250535488128662
CMR_0366,CMR,8310.124408740488,0.3379437029361725,0.2615990340709686,0.1662507355213165,0.0591249167919158,0.0501101985573768,0.0414644517004489,-0.3128733038902282,-0.6824226379394531,-0.56305330991745,0.5780434608459473,1.5493886470794678,1.9283347129821775
CMR_0367,CMR,8627.430535513533,0.0555523335933685,0.0954852625727653,0.0600225999951362,0.02861656434834,0.0468906350433826,0.039131972938776,-1.2259317636489868,-1.8012906312942505,-1.6338058710098269,-0.3336435258388519,2.656007766723633,2.99381685256958
CMR_0368,CMR,9556.615948782057,0.0624969638884067,0.0462424606084823,0.0557497180998325,0.0670610889792442,0.0444737412035465,0.0351149551570415,-0.125499740242958,0.1558161973953247,0.8155690431594849,2.4837899208068848,0.7098588943481445,0.7938568592071533
CMR_0369,CMR,9197.368025337608,0.149304986000061,0.1420654356479644,0.1506660133600235,0.0856660306453704,0.0458538010716438,0.0339869894087314,-0.479184627532959,-0.8059288859367371,-0.4169774651527405,1.1729410886764526,1.6307251453399658,1.8202099800109863
CMR_0370,CMR,8273.826750379489,0.1642222553491592,0.1277401745319366,0.1268587410449981,0.0762335285544395,0.0547411739826202,0.0386278480291366,-0.8146247863769531,-0.8449551463127136,-0.5296816825866699,0.7602153420448303,1.5761933326721191,1.7358555793762207
CMR_0371,CMR,9027.854209268631,0.0610803179442882,0.1017151325941085,0.0952449366450309,0.060069803148508,0.0451064929366111,0.0328756533563137,-0.9420236349105836,-1.5501106977462769,-1.2654284238815308,0.3067425191402435,2.3481075763702397,2.542170763015747
CMR_0372,CMR,10210.435815265717,0.0285599362105131,0.0201527718454599,0.0212412662804126,0.0366546735167503,0.0381715670228004,0.0317203849554061,-0.3346901834011078,0.1486908793449401,1.1061021089553833,3.0329349040985107,0.6112346649169922,0.6363439559936523
CMR_0373,CMR,9561.717387519364,0.0417596884071826,0.0642792657017707,0.1113710328936576,0.0876729041337966,0.0372725650668144,0.0248255226761102,-0.6727092266082764,-0.8953307271003723,-0.3941628932952881,1.4232454299926758,1.6053271293640137,1.6852121353149414
CMR_0374,CMR,9171.250520967416,0.0672637820243835,0.1106834709644317,0.1235252618789672,0.086906187236309,0.041195772588253,0.0270340591669082,-0.967247486114502,-1.1922203302383425,-0.7659004330635071,0.9561227560043336,1.885324001312256,1.9565834999084477
CMR_0375,CMR,10527.100004542248,0.0187005791813135,0.0063442797400057,0.010352243669331,0.0290055312216281,0.018758300691843,0.0228174142539501,-0.1324099004268646,0.3227428197860718,1.3622198104858398,3.429626941680908,0.4379534721374511,0.4400339126586914
CMR_0376,CMR,10615.95038781983,0.0208521131426095,0.0203542336821556,0.0142277479171752,0.0215719174593687,0.0093374382704496,0.0214722827076911,-0.2546698153018951,0.2008216679096222,1.2316560745239258,3.30370569229126,0.5033845901489258,0.5079631805419922
CMR_0377,CMR,9379.137177962408,0.0577352046966552,0.1190680563449859,0.1313935369253158,0.0747116431593895,0.032781932502985,0.0244917199015617,-0.4298328161239624,-0.3048275113105774,0.2167565673589706,2.022975444793701,1.0259099006652832,1.0518264770507812
CMR_0378,CMR,10912.483821841988,0.0390573553740978,0.0612400323152542,0.0389872230589389,0.0072930110618472,0.0049614976160228,0.0226896591484546,-0.258302241563797,0.2666303515434265,1.391409993171692,3.501648664474488,0.5362510681152344,0.539280891418457
CMR_0379,CMR,10706.226072127174,0.029495146125555,0.043722715228796,0.0204611085355281,0.010592982172966,0.0038316035643219,0.021495021879673,-0.3183085918426513,0.1505502611398697,1.127318024635315,3.177576065063477,0.5669918060302734,0.5744566917419434
CMR_0380,CMR,10985.469621941713,0.014959936030209,0.0214454960078001,0.0120020732283592,0.0103081315755844,0.0195337254554033,0.0237933043390512,-0.3164305984973907,0.2101835757493972,1.216702222824097,3.270442485809326,0.5534510612487793,0.565436840057373
CMR_0381,CMR,10581.47533727923,0.0341069735586643,0.0338199585676193,0.015085769817233,0.0063164778985083,0.0167544540017843,0.0231361053884029,-0.4191626310348511,0.1150939315557479,0.869134247303009,2.833554983139038,0.7339439392089844,0.7428641319274902
CMR_0382,CMR,10350.867475699382,0.0272938515990972,0.0286969412118196,0.027484580874443,0.0081532225012779,0.0204184651374816,0.0242194533348083,-0.3482767045497894,0.2060681283473968,0.8044056296348572,2.719645500183105,0.6597418785095215,0.6724076271057129
CMR_0383,CMR,11542.61985806823,0.0262311287224292,0.0338819660246372,0.0379258878529071,0.0634383782744407,0.0560746490955352,0.031810738146305,-0.4679971039295196,0.0954646915197372,0.9465250372886658,2.9064254760742188,0.7988924980163574,0.844325065612793
CMR_0384,CMR,10399.182742913285,0.1710039675235748,0.2236224263906479,0.2035090029239654,0.0949249342083931,0.047487773001194,0.0312962643802166,-0.0983042940497398,-0.0655503347516059,0.2897385954856872,2.150319099426269,0.8856792449951172,1.006455421447754
CMR_0385,CMR,10779.40534596945,0.1348867416381836,0.1485976725816726,0.1249775812029838,0.0924833565950393,0.0621265657246112,0.0387112386524677,-1.742069125175476,-2.2686855792999268,-2.0936052799224854,-0.3133547008037567,2.9338912963867188,3.253509521484375
CMR_0386,CMR,12234.76340628864,0.261852502822876,0.1622067987918853,0.1142196580767631,0.0873721614480018,0.0740794837474823,0.0536725856363773,-0.5806868076324463,-0.7375417947769165,-0.9798930287361144,0.1997093558311462,1.4964466094970703,2.450187921524048
CMR_0387,CMR,12823.802926910725,0.16885806620121,0.0990315452218055,0.0572520904242992,0.0776920244097709,0.0787894427776336,0.055690910667181,0.0330542959272861,0.3487411439418793,0.0753354802727699,0.962034285068512,0.5004088878631592,1.60382342338562
CMR_0389,CMR,13124.326406019803,0.1955389380455017,0.1686424314975738,0.1333803981542587,0.0864595621824264,0.0688056275248527,0.0548232458531856,0.0156087204813957,0.4354251027107239,0.4133965373039245,1.3789637088775637,0.4984326362609863,1.1115453243255615
CMR_0391,CMR,13592.028000210536,0.1065535545349121,0.1307358741760254,0.131098985671997,0.0973921492695808,0.0752861872315406,0.0544307939708232,-0.7659059762954712,-0.6380801200866699,-0.8331847190856934,-0.1697792261838913,1.404609203338623,2.624490737915039
CMR_0394,CMR,13801.69392279497,0.0413588546216487,0.08427295088768,0.0981500372290611,0.0777042359113693,0.0674746036529541,0.0530575327575206,-0.3641881346702575,-0.1248139590024948,-0.3703250586986542,0.33488330245018,1.116041898727417,2.0935633182525635
CMR_0397,CMR,13822.723659004809,0.0115234842523932,0.0155064659193158,0.0265895705670118,0.0700444653630256,0.0589222200214862,0.051789816468954,-0.0419820323586463,0.1204206496477127,-0.1910929828882217,0.6434828042984009,0.9540002346038818,1.7792158126831057
CMR_0398,CMR,14705.959635047244,0.0243301223963499,0.06806081533432,0.1092536151409149,0.1025122106075286,0.069240890443325,0.0502182506024837,-0.0154036674648523,-0.2239750474691391,-0.8195433020591736,-0.5021620392799377,1.0161482095718384,2.948371171951294
CMR_0399,CMR,15260.297719556322,0.1540410369634628,0.1754892468452453,0.1246267110109329,0.0886638164520263,0.0652804374694824,0.047582883387804,-0.8307470679283142,-1.3238747119903564,-2.258613109588623,-2.199702978134156,2.8483831882476807,4.750296592712402
CMR_0400,CMR,15365.666135690237,0.3519768416881561,0.2567976713180542,0.1279951632022857,0.0819662883877754,0.0656231492757797,0.0478019416332244,-0.7606672644615173,-1.441296935081482,-2.283862829208374,-2.197199821472168,3.1382322311401367,4.73131799697876
CMR_0401,CMR,15828.319004643705,0.5124523043632507,0.4843127727508545,0.3595990836620331,0.1461736261844635,0.0696183964610099,0.0485594756901264,-0.7328073978424072,-1.102944254875183,-1.2795939445495603,-0.9116654396057128,2.277149200439453,3.383616209030152
CMR_0402,CMR,15933.859806297283,0.4229101240634918,0.4356721043586731,0.3578065633773803,0.1561126410961151,0.0719644874334335,0.0486518815159797,-0.5955604314804077,-0.9080834984779358,-1.049656629562378,-0.7099853754043579,2.1267199516296387,3.196815252304077
CMR_0403,CMR,16022.124250851204,0.095074750483036,0.0756111741065979,0.0465553998947143,0.0731126517057418,0.0491687580943107,0.0462623462080955,0.2213007509708404,0.6482327580451965,0.9036725163459778,1.6729358434677124,0.413442850112915,0.7866795063018799
CMR_0404,CMR,16757.314056428513,0.0409690849483013,0.0412268564105033,0.0307855401188135,0.079406552016735,0.059735681861639,0.049832172691822,0.2054882794618606,0.9024994373321532,1.526325225830078,1.9672671556472776,0.3736969232559204,0.5921220779418945
CMR_0405,CMR,15570.049587686231,0.0318972915410995,0.0641292035579681,0.0789111405611038,0.0792625546455383,0.0512927398085594,0.041684977710247,-0.1470080912113189,0.1848196536302566,0.4293389618396759,1.5536869764328003,0.7450940608978271,1.0345118045806885
CMR_0406,CMR,15989.799945344534,0.0555026680231094,0.0272322129458189,0.0136588839814066,0.0409422516822814,0.0453007966279983,0.0439671762287616,0.0079628769308328,0.3321963846683502,0.6249022483825684,1.603676676750183,0.5466067790985107,0.8876984119415283
CMR_0407,CMR,16364.82169070324,0.0255914628505706,0.0271987207233905,0.016158889979124,0.0251635145395994,0.0411930195987224,0.0465647354722023,-0.0817195177078247,0.4979057312011719,0.9521162509918212,1.7374253273010254,0.5430324077606201,0.77121901512146
CMR_0408,CMR,16728.311641009263,0.0555300004780292,0.0849119275808334,0.0723272711038589,0.0473597794771194,0.0465659908950328,0.0489151962101459,0.0683096796274185,0.8150333166122437,1.4753758907318115,2.063015937805176,0.401099681854248,0.513399600982666
CMR_0409,CMR,17117.670024173596,0.0120952604338526,0.0328527465462684,0.0396794490516185,0.0442126020789146,0.0450924821197986,0.0508642420172691,-0.4158555567264557,0.2938363254070282,1.167145609855652,1.646791934967041,0.7360800504684448,0.9473270177841188
CMR_0410,CMR,16880.21164394036,0.0436309240758419,0.0529638081789016,0.0334725715219974,0.0159278642386198,0.0306342635303735,0.0482344329357147,0.0958938747644424,0.7342643737792969,1.43740713596344,2.179017305374145,0.3243095874786377,0.4217338562011719
CMR_0411,CMR,17119.555186031277,0.0403919741511344,0.0309333186596632,0.0389364063739776,0.0259816702455282,0.0298631880432367,0.0495670549571514,0.0310009401291608,0.6836882829666138,1.4988977909088137,2.1827940940856934,0.3423287868499756,0.4379246234893799
CMR_0412,CMR,16775.154338497156,0.1221728846430778,0.1435149013996124,0.1102650910615921,0.0459623485803604,0.0326431058347225,0.0460109487175941,-0.3006020188331604,-0.1063463166356086,0.4363656342029571,1.3835188150405884,0.9843547344207764,1.169111728668213
CMR_0413,CMR,17343.62613233569,0.0924557596445083,0.0861914157867431,0.0619072951376438,0.0395033508539199,0.0345152877271175,0.05139971524477,-0.2873347401618957,0.3616490364074707,1.3107833862304688,1.8706837892532349,0.5674948692321777,0.7408086061477661
CMR_0414,CMR,17371.301912814135,0.0402344353497028,0.0626297742128372,0.0348438993096351,0.0364290848374366,0.0328242182731628,0.05030382797122,-0.0456707887351512,0.4872260391712188,1.275163173675537,2.014978170394897,0.5684247016906738,0.6695151329040527
CMR_0415,CMR,17482.98487558536,0.0219685789197683,0.0281367972493171,0.0362558215856552,0.0571020953357219,0.0519680902361869,0.0486224144697189,-0.6612507104873657,-1.0673304796218872,-0.7011037468910217,0.329245775938034,1.8392417430877688,2.210963249206543
CMR_0416,CMR,18076.0222287317,0.1008474007248878,0.0973289981484413,0.0799441561102867,0.0681669265031814,0.0572406724095344,0.054977647960186,-0.0299142971634864,0.4126573503017425,1.0806078910827637,1.7221509218215942,0.5220662355422974,0.8780750036239624
CMR_0417,CMR,17808.24212121401,0.0596955716609954,0.0980189889669418,0.1083503663539886,0.0634771510958671,0.0536967553198337,0.0512705631554126,-0.7887669801712036,-1.0765891075134275,-0.7186222672462463,0.2039908766746521,1.8777660131454468,2.333766460418701
CMR_0418,CMR,18144.100023052422,0.0897969156503677,0.0899663195014,0.0981398150324821,0.0805375725030899,0.0593388937413692,0.0547841638326644,0.0393971800804138,0.2211785912513733,0.7017821073532104,1.419277906417847,0.6298471689224243,1.141132354736328
CMR_0419,CMR,18215.720161184425,0.040821686387062,0.0038543005939573,0.0614896528422832,0.0795855373144149,0.0617390759289264,0.0556531623005867,0.0836214497685432,0.3934026658535003,0.9297204613685608,1.5842772722244265,0.4776992797851562,0.981630563735962
CMR_0421,CMR,18276.92513951308,0.0939092859625816,0.1053150370717048,0.0808183178305625,0.0569343790411949,0.0622015222907066,0.0547161698341369,-1.020844578742981,-1.3304661512374878,-1.1240720748901367,-0.309303879737854,1.960027098655701,2.772478580474853
CMR_0424,CMR,17901.05908519138,0.0421261750161647,0.1060811802744865,0.1228711456060409,0.0917636677622795,0.063380666077137,0.0473630540072917,-0.4481950402259826,-0.393870085477829,-0.0178158544003963,1.1931594610214231,1.074148654937744,1.340764045715332
CMR_0425,CMR,19267.52908452926,0.0334113873541355,0.0494081228971481,0.0743271633982658,0.1018377542495727,0.0786693394184112,0.0575781911611557,-0.1725042164325714,-0.3348590433597564,-0.4095632433891296,0.2003536522388458,0.7497454881668091,2.1128268241882324
CMR_0426,CMR,19670.1864756124,0.3903932869434356,0.3752925992012024,0.1573165506124496,0.0709111541509628,0.0608311519026756,0.0496851094067096,-0.1310284435749054,0.0136265540495514,0.3718224167823791,1.1829434633255005,1.5101525783538818,1.782097578048706
CMR_0427,CMR,20107.298278811268,0.1019002050161361,0.0544977858662605,0.0772726610302925,0.0574580430984497,0.0662587061524391,0.0518911518156528,-0.2130053788423538,-0.0271168053150177,0.2071494311094284,0.7902645468711853,0.778946042060852,1.3314471244812012
CMR_0429,CMR,20297.597239807503,0.1064893528819084,0.1012432351708412,0.0635352134704589,0.0456429943442344,0.064065009355545,0.0511236377060413,-0.1725403815507888,0.1076374426484108,0.3483735620975494,0.8915266990661621,0.7883684039115906,1.20103120803833
CMR_0430,CMR,20594.206366962608,0.0764110833406448,0.0562353432178497,0.0186071023344993,0.0237422678619623,0.0591623447835445,0.0490129105746746,0.0851022899150848,0.4737279117107391,0.7346420288085938,1.246893048286438,0.6038867235183716,0.7927384376525879
CMR_0431,CMR,20249.712344482257,0.068267323076725,0.0743450000882148,0.0761372521519661,0.0487013272941112,0.0480836182832717,0.0427207946777343,-1.137088418006897,-1.3531229496002195,-1.0155887603759766,-0.2442403584718704,1.9985134601593015,2.179152727127075
CMR_0432,CMR,21438.468190241696,0.056132573634386,0.0695480480790138,0.1037110388278961,0.0788384228944778,0.0608416832983493,0.0451432205736637,-0.3854905366897583,0.014403429813683,0.1230451613664627,0.4254921078681946,0.9470303058624268,1.584885835647583
CMR_0433,CMR,21915.507788208983,0.0380175076425075,0.0735794529318809,0.0929466038942337,0.092961274087429,0.0640607625246048,0.0429415553808212,-0.5070111751556396,-0.346858263015747,-0.4840882420539856,-0.408242255449295,1.3899884223937988,2.5630364418029785
CMR_0434,CMR,20798.85640701484,0.2048142552375793,0.1420444399118423,0.0783155560493469,0.040759552270174,0.0512546300888061,0.0419836714863777,-1.055756688117981,-1.2320542335510254,-0.9641992449760436,-0.3291223347187042,1.959258317947388,2.2100040912628174
CMR_0435,CMR,22170.106913373285,0.0756601840257644,0.0932026505470275,0.0945516601204872,0.09065642952919,0.0605768859386444,0.0408023968338966,-0.3450024724006653,-0.3533875942230224,-0.6022234559059143,-0.5941271781921387,1.5189402103424072,2.8127427101135254
CMR_0436,CMR,22389.72148544152,0.023583548143506,0.0573876313865184,0.0899312123656272,0.0830172374844551,0.0535159334540367,0.0384702049195766,-0.4677240550518036,-0.738004744052887,-0.9925901293754578,-0.9473420977592468,1.9014878273010252,3.149564027786255
CMR_0437,CMR,21406.97010296509,0.0407698452472686,0.0886299461126327,0.1306248605251312,0.0775279253721237,0.0522416085004806,0.0375993028283119,-1.0650237798690796,-1.2537460327148438,-1.0793224573135376,,1.940910816192627,2.2789883613586426
CMR_0438,CMR,22768.57569795883,0.063783936202526,0.1184972003102302,0.0976612269878387,0.0617202520370483,0.0388827659189701,0.0327367633581161,-0.591916561126709,-0.9995619654655457,-1.1404772996902466,-0.8461633324623108,1.9262508153915403,2.828239679336548
CMR_0439,CMR,21716.40191643204,0.1464566737413406,0.0954208821058273,0.0892442017793655,0.0839975476264953,0.0496723614633083,0.0337457992136478,0.0827575176954269,0.2396809011697769,0.4378460347652435,,0.487755537033081,0.6385926008224487
CMR_0440,CMR,21517.092438496784,0.0600624680519104,0.0727848559617996,0.0685678273439407,0.0633565187454223,0.0478574112057685,,-0.104618526995182,0.3001583218574524,,,0.4048913121223449,0.4785929918289184
CMR_0441,CMR,22381.014260604672,0.0809904262423515,0.0774610340595245,0.0869107693433761,0.0625746548175811,0.0427116528153419,0.0318856202065944,-0.2539361417293548,-0.37098428606987,-0.3492858409881592,,0.8840534687042236,1.52842116355896
CMR_0442,CMR,22286.1302472002,0.0563656203448772,0.0886805430054664,0.0922179594635963,0.0665493458509445,0.0432463400065898,,0.0052193962037563,0.1772783547639846,,,0.2806189060211181,0.6406137943267822
CMR_0443,CMR,22260.47295975132,0.1015094965696334,0.0946133434772491,0.0865122973918914,0.0652698278427124,0.059042640030384,,-0.1053097248077392,0.1016955226659774,,,0.3875707685947418,0.6743754148483276
CMR_0444,CMR,23046.20262475021,0.1119491085410118,0.0501168593764305,0.0354147516191005,0.0348691157996654,0.0307322423905134,0.0271370280534029,-0.4396052062511444,-0.3192117214202881,-0.2818731367588043,,0.8659579753875732,1.559382438659668
CMR_0445,CMR,23004.54125883568,0.0762777775526046,0.0584613755345344,0.0316678769886493,0.0321224480867385,0.0312348436564207,0.0271993763744831,-0.8615006804466248,-0.7591279745101929,-0.7133525013923645,,1.3611087799072266,1.967314600944519
CMR_0446,CMR,23003.48829312085,0.0575755015015602,0.0691659152507782,0.0327816195785999,0.0297713037580251,0.0309739429503679,,-0.9563681483268738,-0.8510297536849976,,,1.5658713579177856,2.049525260925293
CRR_1340,CRR,22270.177159283096,0.0292053744196891,0.0362898930907249,0.0390124544501304,0.0400985702872276,0.0361009910702705,0.0311091486364603,-0.2202517688274383,-0.0220050048083066,0.7043685913085938,2.1075618267059326,0.3048000335693359,200.34104919433597
CMR_0447,CMR,23766.969123590243,0.0568138249218463,0.0640128701925277,0.0434684641659259,0.0592620819807052,0.0323440469801425,0.0232887845486402,0.1141448393464088,0.5972998738288879,0.7829859256744385,,0.773303747177124,1.0405772924423218
CRR_1341,CRR,22097.40372649824,0.0234096609055995,0.0355543345212936,0.0248213056474924,0.0446402244269847,0.0379535742104053,0.0325372032821178,-0.0637737512588501,0.1801043152809143,0.949970245361328,2.2765793800354004,0.3315649032592773,200.1807403564453
CRR_1342,CRR,22934.93485447802,0.0381852760910987,0.0283935647457838,0.0236402992159128,0.0395580343902111,0.0390892066061496,0.0311670992523431,-0.3327721357345581,-0.0896052345633506,0.5126814246177673,1.999358892440796,0.6343269348144531,200.8895568847656
CRR_1343,CRR,23657.66072573808,0.0191246923059225,0.0312415864318609,0.03200114518404,0.0330137945711612,0.0323107875883579,0.0285324994474649,0.0830407738685607,0.5605288147926331,1.1767152547836304,2.8571224212646484,0.42095947265625,200.28921508789065
CRR_1344,CRR,24273.85333257007,0.0261795856058597,0.0286768693476915,0.0244980473071336,0.0227523762732744,0.027586031705141,0.0267744623124599,-0.3669475018978119,0.0628920048475265,0.8625431656837463,2.730999231338501,0.5855140686035156,200.6986846923828
CRR_1345,CRR,23087.26582052628,0.0333793461322784,0.0986940488219261,0.1347080469131469,0.088871881365776,0.0513162203133106,0.0353303104639053,-0.5531147122383118,-0.6620374321937561,-0.195582628250122,1.1614582538604736,1.3312263488769531,202.0478973388672
CRR_1346,CRR,23684.28989132782,0.0429059565067291,0.0920523330569267,0.1233078762888908,0.1036211624741554,0.0509684979915618,0.0343966409564018,-0.4666286110877991,-0.4813119769096374,-0.0804742276668548,1.4320757389068604,1.2754011154174805,202.02728271484372
CRR_1347,CRR,24237.056863802147,0.0690417736768722,0.1002170667052269,0.1060469076037406,0.0986381620168685,0.0544577836990356,0.0352265499532222,-0.4709605276584625,-0.4772875308990478,-0.0360846482217311,1.5721564292907717,1.2702760696411133,202.1663818359375
CRR_1348,CRR,23483.750336994,0.1570155620574951,0.1388086825609207,0.1006693914532661,0.0814161151647567,0.0561577714979648,0.0392448417842388,-1.5027722120285034,-2.0759165287017822,-1.8438608646392824,-0.5909916162490845,2.920499801635742,204.17620849609372
CRR_1349,CRR,24416.73694705452,0.017689099535346,0.066642940044403,0.0939519628882408,0.1019996404647827,0.0601162686944007,0.0382692627608776,-0.8010812401771545,-0.9851007461547852,-0.647147536277771,0.8894562721252441,1.833597183227539,203.0453948974609
CRR_1350,CRR,23999.47931297723,0.0595478452742099,0.1025963649153709,0.0772762596607208,0.0570920221507549,0.0548814125359058,0.0429012402892112,-1.71873676776886,-2.464763164520264,-2.431152582168579,-1.2561970949172974,3.4363975524902344,205.214599609375
CRR_1351,CRR,25086.30208072249,0.0610780194401741,0.1048782020807266,0.1012420207262039,0.1035382449626922,0.0674351453781127,0.0436733700335025,-0.2030688375234604,-0.0915394127368927,0.3239907324314117,1.805863857269287,0.9543781280517578,202.5635223388672
CRR_1352,CRR,23559.01248991407,0.0197973176836967,0.0795186385512352,0.1215943470597267,0.0989639982581138,0.0538680963218212,0.0457174926996231,-0.1547141522169113,-0.2769721150398254,-0.0734351500868797,0.7293139696121216,1.1347904205322266,203.18418884277344
CRR_1353,CRR,24419.6373473786,0.1421651989221573,0.1626168340444564,0.1092583611607551,0.0548583194613456,0.0528283007442951,0.0472628958523273,-1.658332586288452,-2.4029970169067383,-2.473578453063965,-1.472111701965332,3.347375869750977,205.7630157470703
CRR_1354,CRR,25714.106422362114,0.1868855059146881,0.2120620757341385,0.1712889969348907,0.1002060323953628,0.0686231255531311,0.0497639216482639,-0.3409423232078552,0.0087546519935131,0.5727242231369019,1.92697012424469,0.9462127685546876,202.8417205810547
CRR_1355,CRR,23924.63573995557,0.0783382132649421,0.1157684326171875,0.1097194328904151,0.0937793254852294,0.0528988018631935,0.0488817691802978,0.1273784190416336,0.1692587435245514,0.3562625348567962,0.9045870900154114,0.7044200897216797,203.32261657714844
CRR_1356,CRR,25516.02805377664,0.0951265022158622,0.1264055520296096,0.1317529827356338,0.123249165713787,0.0709720253944397,0.0515925623476505,-0.5396809577941895,-0.5594372153282166,-0.2796982824802398,0.8579104542732239,1.3881568908691406,203.92132568359372
CRR_1357,CRR,25370.92187998176,0.0991768985986709,0.1219065934419632,0.1312216967344284,0.1249562352895736,0.068504974246025,0.0519845932722091,-0.5870972275733948,-0.8653766512870789,-0.7313613295555115,0.3049312233924866,1.647724151611328,204.4512634277344
CRR_1358,CRR,23772.326873926944,0.030590197071433,0.0454119816422462,0.0431897416710853,0.0542601495981216,0.0489552952349185,0.0492345690727233,-0.1832170635461807,0.2529245615005493,0.7056998610496521,0.8816018104553223,0.4963407516479492,203.3919677734375
CRR_1359,CRR,24276.93279146646,0.0231086742132902,0.0362423509359359,0.0619328878819942,0.0840931385755539,0.0564432479441165,0.0513028986752033,-0.0128105087205767,0.2676517367362976,0.5338084697723389,0.7184131741523743,0.47857666015625,203.81097412109372
CRR_1360,CRR,23891.73937486629,0.0443851090967655,0.023935243487358,0.0082137519493699,0.0496712028980255,0.0485848933458328,0.049170333892107,0.0093418704345822,0.5298265218734741,1.0523252487182615,1.0131453275680542,0.311248779296875,203.38119506835935
CRR_1361,CRR,25556.72994104939,0.163927748799324,0.1449779272079467,0.0746779143810272,0.0593194812536239,0.0647235438227653,0.0584390982985496,-1.9524930715560915,-2.6402406692504883,-2.796943426132202,-2.5870890617370605,3.388808250427246,207.71868896484372
CRR_1362,CRR,25126.275266233264,0.0586260184645652,0.1144760325551033,0.1309957057237625,0.1068172454833984,0.0653429254889488,0.0559922643005847,0.0415243059396743,-0.1858291625976562,-0.232020303606987,-0.2295424938201904,0.9482574462890624,205.2189483642578
CRR_1363,CRR,24515.465405276303,0.0502239391207695,0.1137193739414215,0.119570605456829,0.0859618484973907,0.0615748390555381,0.0487245582044124,-0.2881045043468475,0.2005992829799652,0.6758992075920105,0.1510136127471923,0.6995668411254883,204.6688232421875
CRR_1364,CRR,25017.243212467514,0.1001573726534843,0.0926048010587692,0.0783759355545044,0.1052491515874862,0.0724105313420295,0.0538194552063941,-0.2152916640043258,-0.0919404178857803,0.059210404753685,-0.3133433163166046,0.918513298034668,205.3382568359375
CRR_1365,CRR,25223.31391785028,0.2382631599903106,0.1957778334617614,0.1263175457715988,0.1082340031862258,0.0750604793429374,0.0547273866832256,-0.0480003394186496,-0.0424107201397419,0.0065411161631345,-0.4442390501499176,0.9124679565429688,205.5777282714844
CRR_1366,CRR,25351.75612837607,0.3522256314754486,0.2350525707006454,0.1421558260917663,0.1089891865849495,0.0755397975444793,0.055557731539011,-0.3256255388259887,-0.4090634286403656,-0.4372681379318237,-0.9031662344932556,1.3087825775146484,206.0974578857422
CRR_1367,CRR,26875.85809166511,0.2867383956909179,0.2223396748304367,0.193206712603569,0.1593727320432663,0.0856272876262664,0.0652031451463699,-0.3731931746006012,-0.3945581018924713,-0.3041699230670929,-0.484437495470047,1.720688819885254,206.25564575195312
CRR_1368,CRR,25555.558048019226,0.0324222333729267,0.0667397603392601,0.110597163438797,0.1077750846743583,0.0767716243863105,0.0561845190823078,-0.2755447626113891,-0.4619739949703216,-0.5832434892654419,-1.1489259004592896,1.4256668090820312,206.4469146728516
CRR_1369,CRR,26057.1028485222,0.1359428316354751,0.0915400981903076,0.0850655958056449,0.0970450341701507,0.0739186257123947,0.0440089665353298,-0.1426006257534027,0.1502210199832916,-0.5242136120796204,-2.0918128490448,1.2123489379882812,207.7032165527344
CRR_1370,CRR,27103.084306097924,0.4195241928100586,0.3465205132961273,0.276483952999115,0.1802191883325576,0.0875108912587165,0.0516227930784225,-0.8225494027137756,-0.8570320010185242,-1.0046764612197876,-2.85212779045105,2.7833309173583984,208.6289825439453
CRR_1371,CRR,27427.452149870773,0.1738543957471847,0.1619938910007476,0.1689497828483581,0.1322746872901916,0.0820561796426773,0.0514819473028183,-0.6740918159484863,-0.1512357592582702,-0.0032044758554548,-1.9485132694244385,2.0735111236572266,207.75796508789065
CRR_1372,CRR,28545.507511312004,0.0932003110647201,0.1473727524280548,0.195536121726036,0.1389276534318924,0.0624801181256771,0.0414309985935688,-0.1638114303350448,0.0502730011940002,-0.2643981575965881,-2.8524742126464844,2.3726062774658203,209.15582275390625
CRR_1373,CRR,29145.369876632616,0.1265584081411361,0.1593052446842193,0.1055813506245613,0.0971195772290229,0.0511480011045932,0.0355451963841915,-1.2136303186416626,-0.8771128058433533,-1.3045697212219238,-4.135378837585449,3.584817886352539,210.67466735839844
CRR_1374,CRR,29648.03187929236,0.0914782881736755,0.0819677785038948,0.0505858249962329,0.0559932552278041,0.0515078566968441,0.0321028791368007,-0.4532397389411926,0.213433176279068,-0.1331636160612106,-3.100220203399658,2.28616714477539,209.69309997558597
CRR_1375,CRR,28000.18373367204,0.0458376668393611,0.0958844199776649,0.1203791350126266,0.0914152711629867,0.0701401233673095,0.0484874173998832,-0.3841724693775177,0.1593405902385711,0.4857178032398224,-1.642255425453186,1.415424346923828,207.4460906982422
CRR_1376,CRR,29904.184295202624,0.0758280232548713,0.0948697626590728,0.1088511645793914,0.1011919975280761,0.0549747981131076,0.0338648818433284,-0.3172740936279297,0.0198789499700069,-0.4759577810764313,-3.3915884494781494,2.6392555236816406,209.8016357421875
CMR_0448,CMR,94.00089337141485,0.0140140997245907,0.0215845722705125,0.017058664932847,0.0273449532687664,0.0254868604242801,0.0131468959152698,-0.0311980862170457,0.1908367574214935,0.7387198209762573,2.218636035919189,0.2345166206359863,0.2576663494110107
CMR_0449,CMR,415.6083447475563,0.0276584308594465,0.0782437622547149,0.0603635422885417,0.0295712873339653,0.0279222261160612,0.0143973771482706,-0.4383547008037567,-0.2304943799972534,0.1718576848506927,1.521201252937317,0.7021694183349609,0.7738008499145508
CMR_0450,CMR,216.69733661928944,0.1764253377914428,0.0742950811982154,0.0305140260607004,0.0193993207067251,0.0206876136362552,0.0130962561815977,-0.2260739505290985,-0.0592503510415554,0.1549367159605026,1.2978061437606812,0.3666799068450928,0.5448117256164551
CMR_0451,CMR,849.7299952042258,0.0057358620688319,0.0253030117601156,0.0533401779830455,0.0441691316664218,0.0335494056344032,0.0160310603678226,-0.5277425050735474,-0.3023475110530853,0.1916835904121399,1.7049763202667236,0.7530379295349121,0.8669497966766357
CMR_0452,CMR,270.7142725711614,0.0422903783619403,0.0458684191107749,0.0222739744931459,0.0085532143712043,0.0146888792514801,0.0116867208853363,0.1166209429502487,0.2303166091442108,0.4048421382904053,,0.0176835060119628,0.1914582252502441
CMR_0453,CMR,614.2875476631016,0.030258497223258,0.0522760972380638,0.0401525944471359,0.0306515917181968,0.0287561435252428,0.0155355921015143,-0.28563392162323,-0.0968078002333641,0.0933853909373283,1.2657572031021118,0.4896328449249267,0.7524290084838867
CMR_0454,CMR,1143.7873528274536,0.0274971071630716,0.020894231274724,0.0373473800718784,0.0480477139353752,0.0383043549954891,0.0182892568409442,-0.1721068173646927,-0.035218246281147,0.1667855679988861,1.449659824371338,0.5129516124725342,0.8406236171722412
CMR_0455,CMR,1328.8528115115362,0.0783124193549156,0.0832597762346267,0.076125793159008,0.0594201870262622,0.0395240746438503,0.0192295555025339,-0.2350718379020691,-0.1758021414279937,-0.1007504388689994,1.0967658758163452,0.6482911109924316,1.1359996795654297
CMR_0456,CMR,1392.512348809936,0.0186730585992336,0.0406398028135299,0.056371733546257,0.0498992130160331,0.0312838517129421,0.0172211397439241,-0.2857259213924408,-0.2052807509899139,-0.2017705589532852,0.7808663249015808,0.6781492233276367,1.1360251903533936
CMR_0457,CMR,2329.92457625501,0.0315231829881668,0.0362592302262783,0.0532854087650775,0.0487866960465908,0.0399140603840351,0.0245416816323995,-0.3553546369075775,-0.7055163979530334,-0.8954872488975525,0.2096495479345321,1.3684704303741455,2.169008255004883
CMR_0458,CMR,2423.581015941981,0.0428450442850589,0.0159178655594587,0.0089653525501489,0.0225724466145038,0.0346902385354042,0.0245760660618543,-0.3895151913166046,-0.6871391534805298,-0.9709205627441406,-0.0215007700026035,1.4005608558654783,2.301527261734009
CMR_0459,CMR,2790.295749606384,0.0699747577309608,0.0748274326324462,0.0741623267531395,0.004259570967406,0.0311481710523366,0.0263630524277687,-0.2032462507486343,-0.3397676646709442,-0.6712621450424194,0.182715967297554,1.1146222352981567,2.113093852996826
CMR_0460,CMR,3037.387383828496,0.0313330665230751,0.038199957460165,0.0342494174838066,0.0176766514778137,0.0380400866270065,0.0285962894558906,-0.5777919292449951,-0.946521818637848,-1.1677337884902954,-0.1149792522192001,1.645754098892212,2.605889320373535
CMR_0461,CMR,3098.803279986803,0.0833568647503852,0.072690300643444,0.0335288681089878,0.027798905968666,0.0355142652988433,0.0284802559763193,-0.9806267023086548,-1.3869435787200928,-1.711700677871704,-1.112231969833374,2.134936809539795,3.268962144851685
CMR_0462,CMR,3882.395925548247,0.020179783925414,0.0543103031814098,0.0842376351356506,0.0491774193942546,0.0385935790836811,0.0327004082500934,-0.0282649118453264,0.1296634376049041,-0.2005808502435684,0.4524408876895904,0.6400579810142517,2.004238605499268
CMR_0463,CMR,4283.574404681442,0.0584524646401405,0.1054341197013855,0.1165510788559913,0.0654130801558494,0.0461481660604476,0.0349747687578201,-0.3988362848758697,-0.403144359588623,-0.7624996304512024,-0.1943923830986023,0.9288402795791626,2.7132227420806885
CMR_0464,CMR,3368.1851783506563,0.0384706109762191,0.0694925785064697,0.1027113199234008,0.0455267392098903,0.0392650142312049,0.0332358330488204,-1.1164517402648926,-1.5266038179397583,-1.8780235052108765,-1.5354933738708496,2.235042095184326,3.7608566284179688
CMR_0465,CMR,4413.604335442604,0.1040800437331199,0.1067274138331413,0.0945391282439231,0.0639626309275627,0.0461167469620704,0.0357982441782951,-0.0928441509604454,0.057901032269001,-0.4242739975452423,-0.2284218221902847,0.5145810842514038,2.6509130001068115
CMR_0466,CMR,4811.647967121047,0.005006767809391,0.016440974548459,0.0466365627944469,0.0693906024098396,0.0507592409849166,0.0371081121265888,-0.064681090414524,-0.0518564619123935,-0.5847979784011841,-0.3787421584129333,0.4808302223682403,2.890183925628662
CMR_0467,CMR,5219.726980884164,0.017252791672945,0.0665005147457122,0.0661882311105728,0.0635693296790123,0.0496907979249954,0.0385685823857784,-0.4219257235527038,-0.5300178527832031,-1.2434799671173096,-1.3831853866577148,1.0518598556518557,3.954823732376098
CMR_0468,CMR,4988.157486141347,0.0058003640733659,0.019547676667571,0.0401941612362861,0.0577047020196914,0.0484110303223133,0.0379657708108425,-0.0994126871228218,-0.173880934715271,-0.839745283126831,-1.056277632713318,0.7534860968589783,3.566412687301636
CMR_0469,CMR,3578.149113030528,0.0501725003123283,0.1170359551906585,0.1128252893686294,0.1028144210577011,0.059268083423376,0.0411506742238998,-0.2906348705291748,-0.271937221288681,-0.3262355625629425,-0.5050933957099915,0.8062092065811157,2.698407888412476
CMR_0470,CMR,4065.677920050968,0.0921176075935363,0.095534436404705,0.1243451535701751,0.096779964864254,0.0558070950210094,0.0409945659339427,-0.295471727848053,-0.2558375597000122,-0.3662617206573486,-0.8061723113059998,0.8980585336685181,3.048634529113769
CMR_0471,CMR,4808.884005709454,0.0644152835011482,0.0797579362988472,0.119494192302227,0.0678687021136283,0.0531494989991188,0.0375974625349044,-0.9189319014549256,-1.108721375465393,-1.4509711265563965,-2.115281343460083,1.8384006023406985,4.496270656585693
CMR_0472,CMR,5523.668757562956,0.0358253717422485,0.0360234081745147,0.0362059697508811,0.0668316707015037,0.0565975941717624,0.0321532487869262,0.2660847008228302,0.5719261765480042,0.0855230093002319,-0.8450015187263489,0.7530020475387573,3.332240581512451
CMR_0473,CMR,5290.237371014582,0.0407921187579631,0.0259111318737268,0.0459371842443943,0.0468625165522098,0.0527603290975093,0.0329387858510017,-0.249425321817398,0.1797711700201034,-0.1408697366714477,-1.0944827795028689,0.8353844881057739,3.4939284324646
CMR_0474,CMR,5252.948290457256,0.0181317161768674,0.0217690411955118,0.0253045465797185,0.0464821346104145,0.0483611710369586,0.032044019550085,-0.1525841206312179,0.3006165325641632,-0.028761887922883,-1.0310492515563965,0.646947979927063,3.3640174865722656
CMR_0475,CMR,4986.755281343418,0.0270827896893024,0.016701266169548,0.0332011319696903,0.0560982003808021,0.0492934435606002,0.0337058417499065,-0.3067862391471863,0.0427128970623016,-0.3248043060302734,-1.2825884819030762,0.7322945594787598,3.531511783599853
CMR_0476,CMR,6227.087868429153,0.0244709774851799,0.0398141182959079,0.0533169135451316,0.0863859206438064,0.0584062077105045,0.0259598400443792,-0.6278003454208374,-0.3100654184818268,-1.0686720609664917,-2.1573374271392822,1.7670891284942627,4.751709938049316
CMR_0477,CMR,5128.823700653527,0.0841248482465744,0.0905962362885475,0.06682039052248,0.0744299739599227,0.0460518598556518,0.0313359461724758,-0.1357576549053192,0.1159637123346328,-0.3879846334457397,-1.4000980854034424,0.756287157535553,3.653998851776123
CMR_0478,CMR,6573.474390353914,0.1747607588768005,0.1397110521793365,0.0933859348297119,0.1129373535513877,0.0558314509689807,0.024109186604619,-0.5681586265563965,-0.4712458550930023,-1.4246476888656616,-2.5313539505004883,2.02698278427124,5.204818248748779
CMR_0479,CMR,6445.810664962114,0.1167050078511238,0.2261469811201095,0.2102188318967819,0.0799435004591941,0.0336616449058055,0.0263492967933416,-0.1459357440471649,-0.4478624761104584,-1.156103014945984,-2.262104749679565,2.011993408203125,4.768683433532715
CMR_0480,CMR,8724.158243632244,0.0818818882107734,0.1389591991901397,0.1313953995704651,0.0630605071783065,0.0808826759457588,0.0542014800012111,0.0061620809137821,1.0245620012283323,1.710636854171753,1.337885856628418,0.7312772274017334,1.6087396144866943
CMR_0481,CMR,7968.163241803744,0.0265522468835115,0.0397975854575634,0.0707573965191841,0.0547071322798728,0.0554075539112091,0.0495041608810424,0.0281919594854116,0.5755423903465271,1.4543681144714355,1.5542871952056885,0.3517290353775024,1.0522403717041016
CMR_0482,CMR,7624.041838912039,0.0498426966369152,0.0583159811794757,0.0299628879874944,0.035904087126255,0.0614179112017154,0.0467690266668796,0.1987181454896927,0.843832790851593,1.5303863286972046,1.5853900909423828,0.3578871488571167,0.8798573017120361
CMR_0483,CMR,8339.890028894382,0.0753165110945701,0.1240710169076919,0.105436123907566,0.0494068339467048,0.0542646795511245,0.0526142679154872,-0.446787029504776,-0.0232393965125083,0.8907555341720581,1.0343832969665527,0.8494116067886353,1.6962165832519531
CMR_0484,CMR,8157.419950560916,0.0311641562730073,0.045174703001976,0.0475841127336025,0.0376679226756095,0.0470428802073001,0.0498827099800109,-0.2994608283042907,0.2061912268400192,1.0929129123687744,1.4112069606781006,0.6553781032562256,1.2152955532073977
CMR_0485,CMR,8887.529772312344,0.0639296695590019,0.069390520453453,0.0667817220091819,0.0580619871616363,0.0560766607522964,0.0563205778598785,-0.5130907297134399,-0.2080453485250473,0.578392505645752,0.99108624458313,0.9613162279129028,1.8769264221191408
CMR_0486,CMR,8306.78362906516,0.0628563314676284,0.074492409825325,0.0427994653582572,0.0305601321160793,0.0435051620006561,0.0488115586340427,-0.2761086821556091,0.0841540321707725,0.8923564553260803,1.4736257791519165,0.6072962284088135,1.16204571723938
CMR_0487,CMR,8530.34344983512,0.0173336844891309,0.0395222306251525,0.0257522333413362,0.031220594421029,0.0425790064036846,0.0497383959591388,-0.1934357434511184,0.1776046752929687,1.011535882949829,1.6960304975509644,0.5514788627624512,1.0168607234954834
CMR_0488,CMR,9410.05104533237,0.0779679417610168,0.1231346875429153,0.1469956934452057,0.098607137799263,0.0679937452077865,0.0588014163076877,-0.4381306767463684,-0.4531643688678741,0.0426208414137363,0.7596442699432373,1.194409728050232,2.2356626987457275
CMR_0489,CMR,9156.304989540857,0.011380705051124,0.0150867607444524,0.0373522453010082,0.0725426226854324,0.0583212785422802,0.053334143012762,-0.076402336359024,0.1572350412607193,0.8401415348052979,1.7576406002044678,0.5514050722122192,1.157846212387085
CMR_0490,CMR,9225.478982632012,0.0471243448555469,0.0741201713681221,0.0731616243720054,0.0707011967897415,0.0583238303661346,0.051995925605297,-0.1474483162164688,0.0803189501166343,0.7668957114219666,1.809189915657044,0.5685045719146729,1.1354453563690186
CMR_0491,CMR,8967.8205253515,0.0795658454298973,0.07061717659235,0.058204848319292,0.0532366745173931,0.0444095060229301,0.0463840067386627,-0.3700962960720062,-0.0301772896200418,0.7259222865104675,1.8590912818908687,0.6592507362365723,1.0298807621002195
CMR_0492,CMR,9205.526213971838,0.0743255689740181,0.0538226142525672,0.0576884038746356,0.060288168489933,0.050259206444025,0.0477682240307331,-0.0840116888284683,0.2468059360980987,1.011604070663452,2.229568719863892,0.4966111183166504,0.7507331371307373
CMR_0493,CMR,10261.425299994977,0.3125623762607574,0.2004912197589874,0.1348553150892257,0.1056538224220275,0.0844489187002182,0.0600551329553127,-0.6897605061531067,-1.1749720573425293,-1.025774002075195,0.2085941433906555,1.7764631509780884,3.0158843994140625
CMR_0494,CMR,10643.5616988034,0.0782174095511436,0.0890567824244499,0.1154228150844574,0.1052523404359817,0.0883103236556053,0.0619947351515293,-0.8616209030151367,-1.2877202033996582,-1.241827130317688,0.0615484826266765,1.849570751190185,3.2492964267730717
CMR_0495,CMR,9712.808742935424,0.0842611268162727,0.094518132507801,0.097867339849472,0.0776113048195838,0.0562732182443141,0.0449140295386314,-0.0132920453324913,0.3955769836902618,1.1897903680801392,2.7372405529022217,0.4232981204986572,0.5498061180114746
CMR_0496,CMR,10082.442510833516,0.072461225092411,0.144358605146408,0.1579396426677703,0.1179757341742515,0.0761885866522789,0.0501214824616909,-0.044768426567316,0.0072470032609999,0.6111648082733154,2.1828701496124268,0.6033639907836914,1.117950677871704
CMR_0497,CMR,9896.480616528768,0.1106536760926246,0.0929896980524063,0.0956521034240722,0.0838493108749389,0.059663888067007,0.0443729124963283,-0.0118129607290029,0.3967249393463135,1.2030799388885498,2.8436591625213623,0.3809707164764404,0.5302841663360596
CMR_0498,CMR,10203.040430116333,0.0995689406991005,0.1078367084264755,0.1031570509076118,0.0971666201949119,0.0663572549819946,0.0442291013896465,-0.2111717462539672,0.1483370810747146,0.9609717130661012,2.7257370948791504,0.5747404098510742,0.7739818096160889
CMR_0499,CMR,10038.06522500044,0.0284205414354801,0.0344870164990425,0.0484832040965557,0.0596974045038223,0.0517169460654258,0.0401031859219074,-0.0858733654022216,0.4285004138946533,1.322452187538147,3.091036319732666,0.4248397350311279,0.4662740230560303
CMR_0500,CMR,11228.208511110048,0.0841217786073684,0.1042949110269546,0.1077066510915756,0.101211167871952,0.082980565726757,0.0492543801665306,-0.8055785298347473,-0.7742524147033691,-0.0649751871824264,1.8812414407730105,1.346472978591919,1.762573480606079
CMR_0501,CMR,10759.007316251947,0.0190945230424404,0.0633345246315002,0.0560528896749019,0.0376767888665199,0.0365548096597194,0.0302456673234701,-0.2223315238952636,0.3164223730564117,1.4440163373947144,3.5276670455932617,0.5495834350585938,0.5556511878967285
CMR_0502,CMR,12084.093003107591,0.0506950207054615,0.0606200844049453,0.0653006881475448,0.0737819448113441,0.0635029077529907,0.042741984128952,-0.0013784646289423,0.3636326789855957,1.4458668231964111,3.599607467651367,0.3405017852783203,0.3655750751495361
CMR_0503,CMR,11725.6198844045,0.014433903619647,0.0353081189095974,0.0538863986730575,0.0510587431490421,0.0373847819864749,0.031916007399559,-0.3469230234622955,0.1657508313655853,1.436149001121521,3.64587926864624,0.6014003753662109,0.6050505638122559
CMR_0504,CMR,11136.472198513344,0.0295889414846897,0.0221123434603214,0.016256334260106,0.0068734954111278,0.0124737080186605,0.0246668700128793,-0.0717224553227424,0.5071995854377747,1.7217135429382324,3.873743534088135,0.3754243850708008,0.3758597373962402
CMR_0505,CMR,12012.956506156688,0.0280023925006389,0.0462176613509655,0.046478483825922,0.0512627065181732,0.0413160473108291,0.0344932414591312,-0.1623252928256988,0.3141737878322601,1.5855002403259275,3.79761004447937,0.408564805984497,0.4137673377990722
CMR_0506,CMR,12223.889752980273,0.0072634438984096,0.0249130632728338,0.0459562763571739,0.0498996824026107,0.0431158356368541,0.0362110920250415,-0.1803549528121948,0.2927305102348327,1.5637761354446411,3.768345594406128,0.4339938163757324,0.4399771690368652
CMR_0507,CMR,12770.72730943346,0.0232965946197509,0.0480147488415241,0.0445209257304668,0.0346302576363086,0.0418566837906837,0.0384372062981128,-0.2859848737716675,0.2720448970794678,1.5215343236923218,3.580807447433472,0.5660896301269531,0.5868098735809326
CMR_0508,CMR,12384.06218258068,0.0243910737335681,0.0327253825962543,0.0526705421507358,0.0705195665359497,0.0617560520768165,0.038114421069622,-0.304338663816452,0.1935562342405319,1.1902155876159668,3.147902011871338,0.5615746974945068,0.661841630935669
CMR_0509,CMR,13534.828049832986,0.0366829670965671,0.0380571745336055,0.0500596836209297,0.0448769815266132,0.0472590960562229,0.0437177382409572,-0.335749864578247,0.242891639471054,1.5203349590301514,3.4808545112609863,0.5842702388763428,0.58711838722229
CMR_0510,CMR,13257.248029253356,0.0114218322560191,0.0284451879560947,0.0317216962575912,0.0417348146438598,0.0530437044799327,0.0433061681687831,-0.1694182157516479,0.4717766642570495,1.6519250869750977,3.5627763271331787,0.5106706619262695,0.515296220779419
CMR_0511,CMR,12462.993443947218,0.1083959937095642,0.1432296633720398,0.1397032886743545,0.1286423206329345,0.0860520601272583,0.043121863156557,-0.2503394484519958,0.0209338366985321,0.575989842414856,2.317880630493164,0.6972477436065674,1.1392898559570312
CMR_0512,CMR,12763.702148730928,0.0983282476663589,0.1459802836179733,0.1959571093320846,0.1654588133096695,0.0964351296424865,0.0481109917163848,-0.4575789272785187,-0.5664020776748657,-0.4039962887763977,1.113629698753357,1.1529767513275146,2.120609998703003
CMR_0513,CMR,14213.2091150311,0.0700445249676704,0.0853375121951103,0.0650894716382026,0.0650875866413116,0.0651072338223457,0.0492558628320694,-0.1740775853395462,0.5205084085464478,1.6338839530944824,3.295950174331665,0.5238609313964844,0.5520775318145752
CMR_0514,CMR,13428.351349443748,0.0807190835475921,0.2013290077447891,0.2312813848257064,0.1498010903596878,0.0950474143028259,0.0510766021907329,-0.4491697251796722,-0.1857415586709976,0.1909393966197967,1.6196929216384888,1.143965482711792,1.7670831680297852
CMR_0515,CMR,13113.613094439965,0.1225645691156387,0.1569110453128814,0.1635405123233795,0.1626711785793304,0.0960257798433303,0.0521107763051986,-0.7602773308753967,-1.3260924816131592,-1.5732604265213013,-0.3261930644512176,1.7089438438415527,3.382983684539795
CMR_0516,CMR,13408.816306302188,0.0122095821425318,0.0217178631573915,0.0785200670361518,0.1446229070425033,0.0912763923406601,0.0538229420781135,-0.3884072005748749,-1.1262142658233645,-1.5864001512527466,-0.5325291752815247,1.4246180057525637,3.508821725845337
CMR_0517,CMR,15408.761513979174,0.1025648564100265,0.1306473314762115,0.1211865618824958,0.1188029572367668,0.095029316842556,0.0534321293234825,-0.8920921087265015,-0.8930361866950989,-1.0742950439453125,-0.5040398240089417,1.8305801153182983,3.6389784812927246
CMR_0518,CMR,14029.206269754992,0.2395395189523697,0.2631210386753082,0.232718363404274,0.1033537238836288,0.0650451257824897,0.0529176779091358,-0.9165140986442566,-1.6241896152496338,-2.642274856567383,-2.220037937164306,2.6514854431152344,4.894438743591309
CMR_0519,CMR,15633.47100695643,0.1037144884467125,0.0934521779417991,0.0838231220841407,0.1161628738045692,0.0875129029154777,0.05127390101552,-0.8814510703086853,-1.063400149345398,-1.6149885654449463,-1.2856868505477903,2.0243630409240723,4.355154991149902
CMR_0520,CMR,15808.132166855654,0.1517430990934372,0.0689991116523742,0.0932228490710258,0.1143073290586471,0.078239731490612,0.0493783056735992,-0.7085373401641846,-1.0488618612289429,-1.820929288864136,-1.6395182609558103,2.01611328125,4.678284645080566
CMR_0521,CMR,16428.696848347987,0.2039012759923935,0.0891876295208931,0.2006701678037643,0.0938810631632804,0.0472044721245765,0.0455538742244243,-0.6160420775413513,-1.3213881254196167,-2.35976505279541,-2.4490838050842285,2.145190715789795,5.504288673400879
CMR_0522,CMR,16938.50070317388,0.2676209509372711,0.25395667552948,0.2330161780118942,0.1617352962493896,0.0842992961406707,0.0487084612250328,0.0691168308258056,0.0125197926536202,-0.2026024311780929,-0.338699072599411,1.3363887071609497,3.1463959217071533
CMR_0523,CMR,17641.185454799594,0.0906708166003227,0.1321145445108413,0.1076103150844574,0.1283251494169235,0.0860489755868911,0.0517525859177112,-0.1746785193681717,0.3389942049980163,0.519274890422821,0.2516756951808929,1.052340030670166,2.743169069290161
CMR_0524,CMR,17313.120932311158,0.1470250487327575,0.1213100254535675,0.1088096350431442,0.1218936070799827,0.0827150717377662,0.0519131869077682,0.0171028655022382,0.5872299671173096,1.0011019706726074,0.9386503100395204,0.711837887763977,1.94756281375885
CMR_0525,CMR,17523.95790448402,0.2079652398824691,0.1542266309261322,0.1126322075724601,0.109976440668106,0.0815958008170127,0.0528717674314975,0.1223498508334159,0.7672199010848999,1.269631266593933,1.1497405767440796,0.5433395504951477,1.8309085369110107
CMR_0527,CMR,18169.82809935584,0.0477129928767681,0.0662186220288276,0.0485787503421306,0.0897854790091514,0.0862187594175338,0.0553839467465877,0.086542434990406,0.9241210222244264,1.4219425916671753,1.0571956634521484,0.5916950106620789,2.0387392044067383
CMR_0528,CMR,17516.1212233568,0.0662969872355461,0.0710088685154914,0.0857704430818557,0.0792821645736694,0.0711032226681709,0.0536886043846607,-0.0467556193470954,0.7065921425819397,1.4884477853775024,1.5198523998260498,0.8156479001045227,1.559882879257202
CMR_0529,CMR,18024.707654012826,0.0721947848796844,0.0965454503893852,0.0986512675881385,0.0740222856402397,0.0764222964644432,0.0561371780931949,-0.2744126319885254,0.5265653729438782,1.3136579990386963,1.1032779216766355,0.8683270812034607,2.023751974105835
CMR_0530,CMR,17266.966402534224,0.1622862517833709,0.1190342307090759,0.037319466471672,0.0456466190516948,0.0505500063300132,0.0520031377673149,0.0869653970003128,0.7886773347854614,1.7146742343902588,2.087865114212036,0.48476243019104,0.6415673494338989
CMR_0531,CMR,18131.107320703908,0.1230675280094146,0.1461427062749862,0.1077938005328178,0.0635629519820213,0.0698522254824638,0.0574269704520702,-0.0595549382269382,0.7246008515357971,1.68770432472229,1.5352343320846558,0.9002694487571716,1.7675479650497437
CMR_0533,CMR,17384.407612516112,0.0584968701004982,0.0639048740267753,0.0471063069999218,0.04264647513628,0.045679073780775,0.0524850748479366,-0.2326788157224655,0.4382527768611908,1.4306354522705078,1.8235572576522827,0.6749992370605469,0.8775746822357178
CMR_0538,CMR,18309.08070954717,0.053315632045269,0.1078597903251648,0.0983532220125198,0.074479229748249,0.0645857155323028,0.0586977042257785,-0.3868033289909363,0.1341894418001175,1.2203470468521118,1.411180853843689,0.9255431890487672,1.364272952079773
CMR_0539,CMR,19201.46355421077,0.0507095158100128,0.0880342125892639,0.1188503727316856,0.1036333367228508,0.0910351350903511,0.0632186308503151,-0.0580216497182846,0.4442160427570343,1.2556811571121216,0.7601310610771179,0.4508674144744873,2.3544840812683105
CMR_0540,CMR,18971.20746255465,0.018091332167387,0.0715187266469001,0.0925003439188003,0.1023996472358703,0.0874041691422462,0.0629581436514854,-0.7356466054916382,-0.4254655241966247,0.4554118514060974,0.2887520492076874,1.2137120962142944,2.600162982940674
CMR_0541,CMR,19444.99761444626,0.0828720852732658,0.1021328344941139,0.1062015816569328,0.1199675947427749,0.1008851453661918,0.0639549791812896,-0.4809683263301849,-0.3440108299255371,0.1257109940052032,-0.1698176562786102,1.206384778022766,3.0546762943267822
CMR_0543,CMR,19586.89149938205,0.0621005557477474,0.1098657473921775,0.1900063604116439,0.147836297750473,0.1048262640833854,0.0630577132105827,0.1600290536880493,0.284074068069458,0.2387387603521347,0.14665587246418,0.7049044370651245,2.526538372039795
CMR_0544,CMR,20147.32355057905,0.2078154385089874,0.2209220379590988,0.1839001923799514,0.1322629302740097,0.1020535230636596,0.0612413994967937,-0.6392136216163635,-0.9196248650550842,-1.219395399093628,-1.7465201616287231,2.2736878395080566,4.642951011657715
CMR_0545,CMR,20758.469220458825,0.4267046153545379,0.3346262276172638,0.1930715292692184,0.1020902544260025,0.0845566838979721,0.0548881366848945,-0.4773001670837402,-0.4213919341564178,-0.9888492822647096,-1.8748369216918943,2.2231156826019287,4.998619079589844
CMR_0546,CMR,20200.71329881934,0.2338567972183227,0.226485013961792,0.1879009902477264,0.1485639363527298,0.100607119500637,0.0605675689876079,-0.99433434009552,-1.4215617179870603,-1.9821431636810305,-2.3992834091186523,2.833669424057007,5.17161226272583
CMR_0547,CMR,20870.207232116736,0.1020473539829254,0.1380349844694137,0.1339439898729324,0.1049947887659072,0.0758255198597908,0.0534657314419746,-0.7639244198799133,-1.5803600549697876,-2.560918092727661,-3.2854065895080566,3.645495176315308,6.203287601470947
CMR_0550,CMR,22976.519204271208,0.0266669485718011,0.0753765478730201,0.0695572048425674,0.0504028350114822,0.0515394508838653,0.0340474247932434,-1.1143642663955688,-1.3897709846496582,-1.8409173488616943,-1.9528683423995967,2.9978976249694824,4.464534282684326
CMR_0551,CMR,23151.489077052203,0.1050203293561935,0.1592927724123001,0.1294910311698913,0.0423514544963836,0.0435302928090095,0.0320782512426376,-1.2979698181152344,-1.6934648752212524,-1.970736742019653,-1.9090365171432493,3.0413413047790527,4.286768436431885
CMR_0552,CMR,23153.19393501664,0.1115449890494346,0.0746658965945243,0.0516606830060482,0.0483224540948867,0.0384387113153934,0.0312657319009304,-1.35517418384552,-1.9334032535552976,-2.128723382949829,-1.9491002559661863,3.08363676071167,4.166082859039307
CMR_0553,CMR,24325.813075732964,0.0197883062064647,0.0182963963598012,0.0202415362000465,0.0539461076259613,0.0574075207114219,0.0304779689759016,-1.0983750820159912,-1.2841601371765137,-1.0956817865371704,-0.6899609565734863,2.5342001914978027,3.496900796890259
CMR_0554,CMR,23684.12571268022,0.0171689037233591,0.0601984523236751,0.1058208122849464,0.0678728222846984,0.0442728586494922,0.0279403664171695,0.2147227525711059,0.049023799598217,0.0053065763786435,0.2639296650886535,1.1198701858520508,2.114094018936157
CMR_0555,CMR,24422.723981924413,0.1140004023909568,0.1237215846776962,0.0916002467274665,0.0553408861160278,0.0542587004601955,0.0291027538478374,-1.1619991064071655,-1.3692409992218018,-1.1249992847442627,-0.6547279953956604,2.532406806945801,3.4168763160705566
CMR_0556,CMR,24648.919815311343,0.1948901712894439,0.1860776245594024,0.1629651486873626,0.0804613381624221,0.053832534700632,0.029396554455161,-1.3894044160842896,-1.509812355041504,-1.1423112154006958,-0.5492203235626221,2.64009690284729,3.3931829929351807
CMR_0557,CMR,23762.81719930309,0.1418340504169464,0.1316583454608917,0.106159433722496,0.0865748077630996,0.0413794666528701,0.0264223869889974,-0.6751494407653809,-0.8015885949134827,-0.7649480104446411,-0.4243143200874328,1.8829474449157717,2.70263671875
CMR_0558,CMR,23992.38935715512,0.0434047542512416,0.0417395234107971,0.0247449856251478,0.0657208189368248,0.0461467765271663,0.0260166283696889,-0.2941721975803375,-0.3074107468128204,-0.1950596868991851,0.1740466058254242,1.3972864151000977,2.239671230316162
CMR_0559,CMR,24687.89527073656,0.1209943890571594,0.1440320014953613,0.1166357994079589,0.0733374208211898,0.0509028322994709,0.0277987383306026,-0.6459283232688904,-0.7941850423812866,-0.4092124700546264,0.2107057422399521,1.851918578147888,2.571159601211548
CMR_0560,CMR,24153.777280542858,0.0140824094414711,0.0209304932504892,0.020832123234868,0.0585627146065235,0.0478286072611808,0.0256669633090496,-0.122915506362915,-0.0779009833931922,0.1059149056673049,0.5235127210617065,1.1514685153961182,1.9589356184005735
CMR_0561,CMR,24865.434413424144,0.2147199064493179,0.2402824312448501,0.1992794126272201,0.0904087647795677,0.0500541403889656,0.0281386356800794,-0.7822161912918091,-0.7962872385978699,-0.3212202191352844,0.4004277288913727,1.878960967063904,2.4723868370056152
CMR_0562,CMR,23900.478899681035,0.1152601465582847,0.0892960578203201,0.0855013579130172,0.0853528529405593,0.0426637679338455,0.0255926772952079,-0.4864466488361358,-0.5164361596107483,-0.4161691069602966,-0.0387133508920669,1.5869252681732178,2.3463830947875977
CMR_0563,CMR,24021.430070828206,0.0136472089216113,0.0198198035359382,0.0415670461952686,0.076906681060791,0.0447531528770923,0.0252732690423727,-0.3852373659610748,-0.3726145923137665,-0.2246280461549759,0.1753905564546585,1.4376935958862305,2.194566249847412
CMR_0564,CMR,24071.35443993997,0.0856820419430732,0.0436332784593105,0.0546404719352722,0.0799663215875625,0.0444883815944194,0.0248587075620889,-0.495791882276535,-0.4437879920005798,-0.2669823467731476,0.1536731868982315,1.5016732215881348,2.2117903232574463
CMR_0565,CMR,24191.19769157145,0.0445196777582168,0.0483245141804218,0.0523278638720512,0.0747278928756713,0.0458296947181224,0.0245545227080583,-0.423986405134201,-0.3344346582889557,-0.1038665771484375,0.349831074476242,1.3826980590820312,2.072659969329834
CMR_0566,CMR,24721.895280479846,0.0213868059217929,0.0468281470239162,0.0740208327770233,0.0798819437623024,0.0465633273124694,0.023964412510395,-0.4897826910018921,-0.3532327711582184,0.1008805409073829,0.7538290023803711,1.333207130432129,1.8882527351379397
CMR_0567,CMR,24298.98093398448,0.0573941878974437,0.0943221673369407,0.1219853013753891,0.0847841799259185,0.0432967208325862,0.0230504982173442,-0.655957043170929,-0.3880189955234527,-0.0710728615522384,0.4438053965568542,1.4492017030715942,1.942201018333435
CMR_0568,CMR,24963.13227585334,0.0846767947077751,0.1182311549782753,0.1183098778128624,0.0852770805358886,0.0443340316414833,0.023280955851078,-0.5898647904396057,-0.3608083128929138,0.1994668096303939,0.9683117866516112,1.331686019897461,1.7638163566589355
CMR_0569,CMR,24792.926803798124,0.1196739077568054,0.1433823704719543,0.137246161699295,0.0848807319998741,0.0442372672259807,0.0223498065024614,-0.137529045343399,0.2056967616081237,0.7295174598693848,1.4177922010421753,0.8589829802513123,1.2395120859146118
CMR_0570,CMR,25415.60514933951,0.176407054066658,0.23588627576828,0.1599051356315612,0.0714621692895889,0.039501991122961,0.0235587917268276,-0.0562802702188491,0.2710466086864471,0.965398371219635,1.9750947952270508,0.9194154143333436,1.1251583099365234
CMR_0571,CMR,25099.773032402063,0.136009007692337,0.1438623219728469,0.1468816846609115,0.0821263864636421,0.0415995083749294,0.02155059017241,-0.2855018675327301,0.1869564205408096,0.8345333337783813,1.656927227973938,0.994561731815338,1.2232517004013062
CRR_1377,CRR,24966.50269972931,0.0195869859308004,0.0098179075866937,0.0176580101251602,0.0360806658864021,0.0338420122861862,0.0300578922033309,-0.4386621415615082,0.0156637597829103,0.9521388411521912,2.8925368785858154,0.6545257568359375,200.9270477294922
CRR_1378,CRR,26079.670975603043,0.0594368427991867,0.0788606703281402,0.0767655745148658,0.0487845242023468,0.0358426347374916,0.0336670018732547,-0.1848894953727722,0.3442800641059875,1.4714086055755615,3.617985248565674,0.5282430648803711,200.71548461914065
CRR_1379,CRR,26853.52607111556,0.0120083764195442,0.0080067487433552,0.0413861833512783,0.0564520806074142,0.0477899871766567,0.0369938276708126,-0.1494204849004745,0.2351430356502533,1.2216168642044067,3.455923318862915,0.5283899307250977,201.20455932617188
CRR_1380,CRR,26379.373249743174,0.028499674052,0.0465366505086422,0.0538390167057514,0.0643360167741775,0.0448089614510536,0.0375952459871768,-0.2134888470172882,0.2233288139104843,1.3227357864379885,3.4058454036712646,0.4964895248413086,201.1144256591797
CRR_1381,CRR,26979.737304213777,0.1606963127851486,0.1738296002149582,0.1206690371036529,0.0800823047757148,0.0569002218544483,0.0409016795456409,-1.020509958267212,-0.7922860980033875,0.1626531928777694,2.283520460128784,1.5179729461669922,202.5035400390625
CRR_1382,CRR,27014.64066401685,0.0866262465715408,0.1149749383330345,0.1163306906819343,0.0847218260169029,0.0588739812374115,0.0418580770492553,-1.1279685497283936,-0.947947084903717,-0.0046502104960381,2.0849287509918213,1.6458396911621094,202.7333068847656
CRR_1383,CRR,25597.90111917918,0.0340274684131145,0.053829800337553,0.0688106417655944,0.0721898451447486,0.0602626986801624,0.0435482859611511,-0.5277152061462402,-0.0598965473473072,0.7255765199661255,2.377517938613892,0.9902162551879884,202.14324951171875
CRR_1384,CRR,26156.4708555121,0.0330478586256504,0.0476057305932045,0.0504167824983596,0.0527713634073734,0.0542518757283687,0.0449871905148029,-0.2225860804319381,0.3260060250759125,1.3018511533737185,3.0575098991394043,0.6030111312866211,201.6626892089844
CRR_1385,CRR,27699.658612785297,0.2726041972637176,0.2524574398994446,0.194469079375267,0.1007841154932975,0.076142705976963,0.0500265769660472,-0.738782525062561,-0.863692045211792,-0.2481620013713836,1.632063388824463,1.596693992614746,203.60118103027344
CRR_1386,CRR,27383.09515332004,0.1651457995176315,0.1671210378408432,0.1526623517274856,0.0976134166121482,0.0741028189659118,0.0502632744610309,-1.1818654537200928,-1.3588981628417969,-0.648563027381897,1.1698617935180664,2.0530519485473637,204.00120544433597
CRR_1387,CRR,26648.886720489605,0.0932127684354782,0.116427943110466,0.0932424217462539,0.0786698907613754,0.0616007260978221,0.0496895425021648,-0.1000093445181846,0.2971247434616089,1.2113151550292969,2.884875059127808,0.4938135147094726,202.1114654541016
CRR_1388,CRR,26764.43666829936,0.0353200137615203,0.0670552998781204,0.0856626704335212,0.0774363353848457,0.0638713538646698,0.0526162274181842,-0.4520948827266693,-0.0546836033463478,0.8074311017990112,2.3513524532318115,0.7876520156860352,202.77072143554688
CRR_1389,CRR,27796.857823981547,0.0670924335718154,0.0573282837867736,0.0739648789167404,0.0928229913115501,0.0823191627860069,0.0579147525131702,0.0036891279742121,-0.2058025896549224,0.2222841680049896,1.677332639694214,0.972407341003418,203.85910034179688
CRR_1390,CRR,27629.597990149225,0.0273222178220748,0.0459204465150833,0.0642772689461708,0.0965014621615409,0.08051647990942,0.0583077408373355,-0.2003053277730941,-0.2453585863113403,0.267986536026001,1.6648377180099487,0.997539520263672,203.8490295410156
CRR_1391,CRR,26256.92599663623,0.0967624112963676,0.0815825015306472,0.0682533010840416,0.0721113234758377,0.0680477768182754,0.0557443350553512,0.0469868406653404,0.5991718173027039,1.2455424070358276,2.376178503036499,0.4098939895629883,202.7400054931641
CRR_1392,CRR,27139.07827812157,0.0345707610249519,0.0772226601839065,0.076151005923748,0.07221220433712,0.0698170363903045,0.0610127598047256,-0.3121494352817535,0.2369222342967987,0.9708132147789,1.9874118566513064,0.7330045700073242,203.52833557128903
CRR_1393,CRR,26604.52582418944,0.0493528395891189,0.0758527815341949,0.0527430586516857,0.061065200716257,0.070482425391674,0.0599385760724544,-0.2082286924123764,0.4871135950088501,1.1349037885665894,2.0199625492095947,0.6702823638916016,203.33871459960935
CRR_1394,CRR,27246.39799776116,0.3152419030666351,0.2569267749786377,0.1661755591630935,0.0809337571263313,0.0735142305493354,0.0645052716135978,-0.2789244055747986,0.3974571526050567,1.0636259317398071,1.6755131483078003,1.0214786529541016,204.0270233154297
CRR_1395,CRR,27683.81908888804,0.0645684525370597,0.1108233630657196,0.1039626821875572,0.0977443978190422,0.0786952376365661,0.0657509788870811,-0.5603848099708557,-0.1280662566423416,0.4480919241905212,1.060227394104004,1.2485065460205078,204.79644775390625
CRR_1396,CRR,28772.64340293388,0.0415158234536647,0.1006236672401428,0.1364717483520507,0.1160931587219238,0.0880807042121887,0.0675299614667892,0.2357778698205948,0.0979658290743827,0.0268514566123485,0.4535450339317322,0.9791202545166016,205.81460571289065
CRR_1397,CRR,28936.90861969277,0.1443760395050048,0.1425426453351974,0.1412894278764724,0.1210803985595703,0.0869693160057067,0.0685027167201042,-0.1656933724880218,-0.3242781162261963,-0.4285431206226349,-0.3003968894481659,1.4349727630615234,206.71359252929688
CRR_1398,CRR,28818.424441236817,0.4223653972148895,0.2850531935691833,0.1480971723794937,0.1032992750406265,0.0827459990978241,0.069238930940628,-0.7594189047813416,-0.7634720802307129,-0.6146732568740845,-0.8840087652206421,1.806180953979492,207.3627014160156
CRR_1399,CRR,28714.10729189456,0.1884415745735168,0.125345766544342,0.1029645800590515,0.0967888012528419,0.0810584425926208,0.0692513585090637,-1.1638377904891968,-1.08476459980011,-0.8507744073867798,-1.1587562561035156,2.122032165527344,207.6127471923828
CRR_1400,CRR,28806.44631187292,0.1000197008252143,0.1210911720991134,0.0997803434729576,0.0980374291539192,0.0813855305314064,0.0692385584115982,-1.117790937423706,-1.0721485614776611,-0.8798147439956665,-1.2228143215179443,2.109918594360352,207.71255493164065
CRR_1401,CRR,28353.64699725501,0.0308377817273139,0.0689436942338943,0.1000199764966964,0.0760380625724792,0.0750542432069778,0.0688148885965347,0.0801721364259719,0.4788408875465393,0.9067378044128418,0.4281445741653442,0.675506591796875,205.9428253173828
CRR_1402,CRR,28240.46758469823,0.0969944298267364,0.0898896530270576,0.0835958272218704,0.0780821740627288,0.0791696980595588,0.0666414052248001,-0.2980656623840332,0.2426378726959228,0.5621758699417114,-0.3803765773773193,0.8740673065185547,206.79196166992188
CRR_1403,CRR,28518.55886710562,0.0541229881346225,0.0771202743053436,0.0811659768223762,0.0671537518501281,0.07694573700428,0.0668202117085456,-0.3003251254558563,0.2720896899700165,0.6320891976356506,-0.3741005659103393,0.8121604919433594,206.8914031982422
CRR_1404,CRR,28971.66850985802,0.0218896549195051,0.0299864616245031,0.0220878664404153,0.0619135648012161,0.0782779604196548,0.0658060163259506,-2.6522604457568377e-05,0.678750216960907,0.9860482215881348,-0.2582044303417206,0.6031265258789062,206.96023559570312
CRR_1405,CRR,28176.52992776524,0.0226100254803895,0.0412311665713787,0.0695874765515327,0.115151509642601,0.0891493484377861,0.0606861375272274,0.3278408944606781,0.6425893902778625,0.4721235334873199,-1.0321041345596311,0.905771255493164,207.48081970214844
CRR_1406,CRR,28759.94561509876,0.0593423694372177,0.1350001096725464,0.1426054835319519,0.1092542111873626,0.0890403985977172,0.0613113082945346,-0.8219342827796936,-0.3003668487071991,-0.2360680699348449,-1.8529624938964844,1.7858753204345703,208.51971435546875
CRR_1407,CRR,29977.4597526864,0.098069243133068,0.0894512459635734,0.0897310525178909,0.113727331161499,0.0868159830570221,0.0592572502791881,-0.2457260489463806,0.424725592136383,0.3333204090595245,-1.6051310300827026,0.9321613311767578,208.69711303710935
CRR_1408,CRR,30102.128257730343,0.0424089170992374,0.0648094341158866,0.0869529992341995,0.0828256234526634,0.0538825429975986,0.0291152782738208,-0.0825817510485649,0.4339491724967956,-0.0835610777139663,-3.143286228179932,2.25091552734375,209.82188415527344
CRR_1409,CRR,30591.39687514366,0.0592767484486103,0.0709053426980972,0.0920462533831596,0.095708280801773,0.05184231325984,0.0259574148803949,-0.2395691126585006,-0.0273793712258338,-0.8293229937553406,-3.969718217849731,2.9753475189208984,210.81082153320312
CRR_1410,CRR,31046.93477507525,0.0244614016264677,0.0520495846867561,0.022811971604824,0.0382088758051395,0.0340305604040622,0.0447628051042556,-0.4500097334384918,-1.19588303565979,-2.4359467029571533,-5.238895416259766,4.436447143554688,211.6982421875
CMR_0572,CMR,20.679813282919035,0.0294740460813045,0.0409706234931945,0.0142788598313927,0.0043268566951155,0.0077695697546005,0.0084282336756587,-0.2388019412755966,0.080920971930027,0.8425776958465576,2.6148605346679688,0.1311085224151611,0.2476162910461425
CMR_0573,CMR,90.9770701735731,0.0633872151374816,0.0568020232021808,0.0213591512292623,0.0109901120886206,0.011419297195971,0.0090787764638662,-0.3320235908031463,-0.0029861791990697,0.748365044593811,2.5409159660339355,0.3505113124847412,0.4264247417449951
CMR_0576,CMR,890.0852608595815,0.0393883027136325,0.0251277294009923,0.0238211918622255,0.0170705989003181,0.0124034313485026,0.0111650703474879,-0.5109311938285828,-0.1379731744527816,0.625637412071228,2.464130401611328,0.8852391242980957,0.8940815925598145
CMR_0577,CMR,1224.207883008836,0.0248350705951452,0.0458792075514793,0.0461180545389652,0.0244628600776195,0.0166261736303567,0.0147205265238881,-0.2283530980348587,0.0581110678613185,0.8027103543281555,2.69604754447937,0.5756425857543945,0.6027736663818359
CMR_0578,CMR,1337.8632429196998,0.0302701368927955,0.0281245298683643,0.0334910117089748,0.0239804796874523,0.0175283998250961,0.0157749075442552,-0.1179024651646614,0.1446326822042465,0.8889052271842957,2.78857159614563,0.4209449291229248,0.4579427242279053
CMR_0579,CMR,1432.8697908798424,0.0313677974045276,0.0525175593793392,0.0494337677955627,0.0344392247498035,0.0219525396823883,0.0136192142963409,-0.3107928931713104,-0.0172259546816349,0.6931248903274536,2.5205399990081787,0.5734765529632568,0.6105759143829346
CMR_0580,CMR,1547.730569825921,0.0116348005831241,0.0346787944436073,0.0337894707918167,0.0238655544817447,0.0128814820200204,0.0147815970703959,-0.2478097528219223,-0.0206823106855154,0.7434781193733215,2.644169569015503,0.4936451911926269,0.5450592041015625
CMR_0581,CMR,1532.3263124963985,0.012853255495429,0.0483078584074974,0.0444841124117374,0.0291953794658184,0.0160391610115766,0.0137953571975231,-0.1258505433797836,0.1178700402379036,0.8637150526046753,2.738752603530884,0.3716919422149658,0.422443151473999
CMR_0582,CMR,1257.817825682643,0.0332762151956558,0.0524051859974861,0.0633885115385055,0.0558057241141796,0.038305640220642,0.0174470003694295,-0.4119929075241089,-0.2117585390806198,0.2428186386823654,1.789841890335083,0.7105729579925537,0.8795425891876221
CMR_0583,CMR,1781.7001759544924,0.0342749059200286,0.0237344522029161,0.0354337953031063,0.0406342484056949,0.0275962706655263,0.0154818287119269,-0.3547439277172088,-0.1540748178958892,0.5050885081291199,2.322442054748535,0.6103439331054688,0.7102642059326172
CMR_0584,CMR,1927.619337187203,0.0082060983404517,0.0237215161323547,0.0235136933624744,0.0240965355187654,0.0175715163350105,0.0156243266537785,-0.2095980942249298,-0.0439273193478584,0.6999699473381042,2.587873697280884,0.4216532707214355,0.5182342529296875
CMR_0585,CMR,1846.9839472127685,0.0133804073557257,0.042747639119625,0.0688843578100204,0.0689908862113952,0.0451057292520999,0.0203375425189733,-0.4535013139247894,-0.442696213722229,-0.1411316096782684,1.3812663555145264,0.9232394695281982,1.2770702838897705
CMR_0586,CMR,2230.29206161415,0.0252009537070989,0.0256158802658319,0.0107041904702782,0.0125064384192228,0.0129537098109722,0.0179869569838047,-0.189132422208786,-0.0094873253256082,0.7917628884315491,2.7047762870788574,0.3937771320343017,0.4744758605957031
CMR_0587,CMR,2467.55177215813,0.0316875837743282,0.01256949827075,0.0114157749339938,0.0236182324588298,0.0220819897949695,0.0182397551834583,-0.1505508124828338,0.0172407291829586,0.7609860301017761,2.6391077041625977,0.3602991104125976,0.4733631610870361
CMR_0588,CMR,2263.8768545640505,0.0093696536496281,0.0191569961607456,0.0518419295549392,0.0703925117850303,0.0472035817801952,0.0230759959667921,-0.0881143882870674,-0.2843300104141235,-0.1789433062076568,1.2323095798492432,0.8185689449310303,1.35713791847229
CMR_0589,CMR,2407.973961338464,0.0559503547847271,0.0540516041219234,0.0624438486993312,0.0701659843325614,0.047224011272192,0.0229504518210887,-0.3430149257183075,-0.5227335095405579,-0.3185532093048095,1.1950480937957764,1.028939723968506,1.5013606548309326
CMR_0590,CMR,2549.9131109274244,0.0507697463035583,0.0737120062112808,0.0885086953639984,0.0645317509770393,0.0432344265282154,0.0215872973203659,-0.6506665349006653,-0.6968189477920532,-0.2959608137607574,1.3725552558898926,1.1382794380187988,1.479787826538086
CMR_0591,CMR,2751.854424212012,0.0477140843868255,0.0518328137695789,0.0260724388062953,0.0246724691241979,0.0217570234090089,0.0198106281459331,-0.2283496409654617,-0.0096594216302037,0.7731897830963135,2.6501829624176025,0.4738056659698486,0.5453736782073975
CMR_0592,CMR,2813.598454611332,0.014027277007699,0.0136713190004229,0.0224606301635503,0.0313095450401306,0.02645562030375,0.0200182795524597,-0.1998704969882965,0.0018617215100675,0.7363236546516418,2.587888717651367,0.4723033905029297,0.565464973449707
CMR_0593,CMR,3083.299636233917,0.0992946028709411,0.0905247405171394,0.0241212490946054,0.0317513570189476,0.0253186710178852,0.0215295571833848,-0.0367666482925415,0.1989163309335708,0.9897542595863342,2.837524890899658,0.5249083042144775,0.5518214702606201
CMR_0594,CMR,3008.346975654152,0.0496215671300888,0.0554794147610664,0.0592445842921733,0.0667923241853714,0.0477310419082641,0.0265818163752555,-0.7274953722953796,-0.990376353263855,-0.8898700475692749,0.5331806540489197,1.562898874282837,2.173569679260254
CMR_0595,CMR,3293.574726831847,0.0293784346431493,0.0617304816842079,0.0665782019495964,0.050643440335989,0.0420677438378334,0.0245409421622753,-0.0578191541135311,0.0908132418990135,0.6317479014396667,2.319582939147949,0.4728481769561767,0.7077150344848633
CMR_0596,CMR,3505.49391782776,0.037216380238533,0.0662935376167297,0.05106146261096,0.0552938915789127,0.0478402972221374,0.0271315183490514,-0.0224361401051282,0.1149753332138061,0.5288328528404236,2.1018223762512207,0.5172617435455322,0.8337128162384033
CMR_0597,CMR,3688.430563169144,0.017873914912343,0.0507133938372135,0.0708671808242797,0.0372987389564514,0.0376188308000564,0.0255883000791072,-0.2758970260620117,-0.1028072834014892,0.6251549124717712,2.3452155590057373,0.6484055519104004,0.8476097583770752
CMR_0598,CMR,3832.158636857672,0.0467443726956844,0.0094756698235869,0.0425847321748733,0.0326269157230854,0.0266308635473251,0.0257649887353181,-0.4280959069728851,-0.2432974874973297,0.6717754602432251,2.450878620147705,0.762209415435791,0.9114811420440674
CMR_0599,CMR,3929.755641324089,0.0668316036462783,0.0948214381933212,0.0541684105992317,0.0377777405083179,0.0473030917346477,0.028463402763009,-0.2441809773445129,-0.0373304560780525,0.5718277096748352,2.1674726009368896,0.6200485229492188,0.929103136062622
CMR_0600,CMR,4013.5612931853593,0.0115670803934335,0.0205288641154766,0.0172345302999019,0.0344718061387538,0.0412439554929733,0.0277229510247707,-0.4846482276916504,-0.299480676651001,0.4603821635246277,2.1225745677948,0.8185358047485352,1.096078872680664
CMR_0601,CMR,4313.475917779239,0.0530579686164855,0.0936959236860275,0.0805755853652954,0.0408966019749641,0.040205430239439,0.0290713272988796,-0.3116019368171692,-0.0557139702141284,0.8137931823730469,2.4586589336395264,0.6221742630004883,0.8967990875244141
CMR_0602,CMR,4325.799285455696,0.0118128387257456,0.0053832200355827,0.0072724507190287,0.0464075170457363,0.0532781854271888,0.0311066899448633,-0.3500548601150512,-0.0886347666382789,0.5520565509796143,2.063612461090088,0.6760461330413818,1.0997157096862793
CMR_0603,CMR,4239.856899034734,0.0422625206410884,0.0544058978557586,0.0717405676841735,0.0804295018315315,0.0589081086218357,0.0333748273551464,0.1344349831342697,0.3314044177532196,0.5529552698135376,1.8263331651687624,0.4462736845016479,1.0573980808258057
CMR_0604,CMR,4642.438952997462,0.0675687566399574,0.087253525853157,0.0873351991176605,0.0769870057702064,0.0593719035387039,0.0376318953931331,-0.8766754865646362,-1.2179664373397827,-1.4890365600585938,-0.774091899394989,1.398781418800354,3.461740732192993
CMR_0605,CMR,5215.577743527181,0.0197655726224184,0.0409558899700641,0.0995629504323005,0.0765576884150505,0.0513464584946632,0.0344107598066329,0.0833213552832603,0.6899839639663696,1.7015411853790283,3.1640236377716064,0.3451385498046875,0.5450739860534668
CMR_0606,CMR,5905.359316467655,0.0924441069364547,0.1879529953002929,0.1909933686256408,0.1518238335847854,0.0882569253444671,0.0425325073301792,-0.7828359007835388,-0.9741104245185852,-0.797866702079773,0.0290879383683204,1.30577552318573,3.058566808700561
CMR_0607,CMR,6280.025780262102,0.1330228447914123,0.1671805828809738,0.1813374012708664,0.1371529400348663,0.0864285007119178,0.0445194356143474,-0.9011909365653992,-1.4496088027954102,-1.639804124832153,-1.180079221725464,1.7788859605789185,4.161770343780518
CMR_0608,CMR,6517.661817332934,0.0383531376719474,0.0649162456393241,0.0907573327422142,0.0840435698628425,0.0740695744752883,0.0438406467437744,-1.0638089179992676,-1.791098952293396,-2.337986707687378,-2.250209093093872,2.362755060195923,5.147836208343506
CMR_0609,CMR,6991.29511901535,0.0266383197158575,0.089729368686676,0.1090036407113075,0.1230698600411415,0.0880555510520935,0.046023029834032,-0.3978131115436554,-0.0850457400083541,0.502030074596405,1.1450034379959106,0.864220142364502,2.080872058868408
CMR_0610,CMR,7056.638265850934,0.0963596329092979,0.1378092914819717,0.1273650079965591,0.1303349584341049,0.092534989118576,0.0464562959969043,-0.2989109456539154,-0.2148088067770004,0.0144840264692902,0.4360969960689544,0.9210087060928344,2.695436477661133
CMR_0611,CMR,7354.352354615886,0.0276359971612691,0.0576756745576858,0.0794878527522087,0.1180758103728294,0.0920385867357254,0.0463083386421203,-0.1888566017150879,-0.127261996269226,-0.1237546429038047,0.0236587561666965,0.8766963481903076,3.079200267791748
CMR_0612,CMR,7318.154093296071,0.0321758948266506,0.0664611309766769,0.0929311066865921,0.1274385750293731,0.0849655270576477,0.0434257350862026,0.2242635190486908,0.1050054132938385,-0.3119656145572662,-0.5136273503303528,0.8553637266159058,3.554973125457764
CMR_0613,CMR,7892.537523983244,0.097609594464302,0.104927197098732,0.1056978404521942,0.1027477905154228,0.0917430892586708,0.0475173369050025,-0.6320285201072693,-0.2821148633956909,0.0783937498927116,0.2232992500066757,1.1049364805221558,3.0066070556640625
CMR_0614,CMR,7879.438657935254,0.0518208108842372,0.0542552918195724,0.0689727142453193,0.1072171851992607,0.0933061689138412,0.0464542545378208,-0.7415838241577148,-0.4477618336677551,-0.3141162693500519,-0.3174856007099151,1.317814826965332,3.509772777557373
CMR_0615,CMR,6553.594340345858,0.5175558924674988,0.4028327763080597,0.2607968747615814,0.1164609491825103,0.0498027093708515,0.0281058251857757,-1.0725189447402954,-1.569871425628662,-2.617311716079712,-3.5670886039733887,3.093368530273437,6.310559272766113
CMR_0616,CMR,6817.12816994976,0.4781295955181122,0.3640011548995971,0.2495366036891937,0.1067051887512207,0.0455862283706665,0.0267540030181407,-1.0004130601882937,-1.7267742156982422,-2.873667001724243,-3.846417665481568,3.289407730102539,6.6464009284973145
CMR_0617,CMR,8412.568292540134,0.0908548533916473,0.1529029160737991,0.1284925043582916,0.1350755542516708,0.0838384106755256,0.03670210018754,0.1384146362543106,0.4805008172988891,-0.157764047384262,-0.8347399830818176,1.002451777458191,4.090613842010498
CMR_0618,CMR,7816.575743532677,0.2810943722724914,0.1943542063236236,0.1544703096151352,0.0715064108371734,0.0262337382882833,0.0243792980909347,-1.466098070144653,-2.605556011199951,-3.912596702575684,-4.925471782684326,4.144737243652344,7.949724674224853
CMR_0619,CMR,7634.394240858806,0.1400460004806518,0.1429427564144134,0.1531522721052169,0.0753077864646911,0.0329486280679702,0.0231595281511545,-1.193222999572754,-2.4061641693115234,-3.700852632522583,-4.790030956268311,4.083560943603516,7.717645168304443
CMR_0620,CMR,9252.285379136982,0.2837960422039032,0.2829013764858246,0.2258393913507461,0.1280881911516189,0.0492093749344348,0.033344492316246,-0.5455027222633362,-1.1128175258636477,-2.159775495529175,-3.126171827316284,2.795250177383423,6.562557697296143
CMR_0621,CMR,8965.812141072685,0.2500310242176056,0.2004844397306442,0.1025786995887756,0.0247438661754131,0.0260551031678915,0.0296831354498863,-1.920792937278748,-3.129878759384156,-4.299989223480225,-5.3482666015625,4.836831569671631,8.650843620300293
CMR_0622,CMR,9266.627093637668,0.2662743926048279,0.3375532925128937,0.2632994651794433,0.0692132860422134,0.0291033275425434,0.0318174287676811,-1.2807085514068604,-2.3367819786071777,-3.486952066421509,-4.529999256134033,4.172733306884766,7.932868003845215
CMR_0623,CMR,9121.060937251226,0.2274512499570846,0.2853367626667022,0.3197085559368133,0.1480275094509124,0.0616267435252666,0.0338037572801113,-1.5641403198242188,-2.5627143383026123,-3.555422306060791,-4.611948490142822,4.403614044189453,7.906742095947266
CMR_0624,CMR,9338.341547573562,0.1775508224964141,0.1823377311229705,0.1510032415390014,0.0922105908393859,0.0526070743799209,0.0341986455023288,-1.8142895698547363,-2.977454662322998,-4.029946327209473,-5.101038455963135,4.887565612792969,8.475666046142578
CMR_0625,CMR,8114.413270792848,0.2549409866333008,0.3317732810974121,0.3412821292877197,0.1996764987707138,0.0995007157325744,0.0396787971258163,-0.0681981146335601,-0.0131280235946178,-0.3054956197738647,-1.18796968460083,1.859325885772705,4.074194431304932
CMR_0626,CMR,9575.516186733392,0.221023291349411,0.2048229575157165,0.1769062727689743,0.108990229666233,0.0599334277212619,0.0366463735699653,-1.8625868558883667,-2.98883056640625,-3.999477624893189,-5.081394672393799,4.947012901306152,8.51727294921875
CMR_0627,CMR,9485.497697337658,0.4447574317455292,0.4235533475875854,0.3633755147457123,0.1656986325979232,0.0713492631912231,0.0375632680952549,-1.499811768531799,-2.418743133544922,-3.329842567443848,-4.391345024108887,4.313941955566406,7.777586460113525
CMR_0628,CMR,8945.852040109501,0.0421098582446575,0.1153062582015991,0.1093755662441253,0.128919631242752,0.1027842685580253,0.0494222827255725,-0.3267620801925659,0.6862610578536987,0.881675660610199,0.1686384081840515,1.0140185356140137,2.9130401611328125
CMR_0629,CMR,9226.10837257744,0.019508097320795,0.0457867681980133,0.0668418779969215,0.0751519799232482,0.0769926086068153,0.0590636581182479,-0.0562327057123184,0.7941112518310547,1.439882755279541,1.2029801607131958,0.4469852745532989,1.864711046218872
CMR_0630,CMR,9719.083729017842,0.0882269963622093,0.1435050815343856,0.1335858404636383,0.1036074385046958,0.0852419063448906,0.0619421079754829,-0.2998705506324768,0.3278356492519378,0.711584210395813,0.4245670139789581,0.9008253216743468,2.787839412689209
CMR_0631,CMR,9305.141478140496,0.0298248510807752,0.041750680655241,0.0727495327591896,0.0767455622553825,0.071231722831726,0.0607886351644992,-0.1762596070766449,0.4545004963874817,1.0966888666152954,1.077528476715088,0.6594493985176086,1.9748684167861936
CMR_0632,CMR,10840.244395609085,0.2779518961906433,0.286781907081604,0.1928613632917404,0.0909236147999763,0.0825665369629859,0.0630872547626495,-0.4058335423469543,-0.3719783127307892,-0.6796754598617554,-1.3495879173278809,1.8657550811767576,4.940242767333984
CMR_0633,CMR,9835.43577141952,0.0668292045593261,0.1420996040105819,0.1359775364398956,0.1001064777374267,0.0802876129746437,0.064601831138134,-0.2722072303295135,0.0644867494702339,0.3792939484119415,0.3862505555152893,0.9516343474388124,2.807633876800537
CMR_0634,CMR,11010.30283444202,0.0761362761259079,0.0821672454476356,0.1085662841796875,0.0974036529660224,0.0786835849285125,0.0658224746584892,-1.0823079347610474,-1.3992897272109983,-1.74284827709198,-2.297471284866333,2.9114017486572266,5.906301498413086
CMR_0635,CMR,10825.79601085449,0.0416494794189929,0.1162808761000633,0.1574714332818985,0.1213032901287078,0.0781692638993263,0.0689580515027046,-0.3047713935375213,-0.7660886645317078,-1.0484501123428345,-1.2234443426132202,2.157589673995972,4.710056304931641
CMR_0636,CMR,11365.441165107582,0.1596976369619369,0.1935838162899017,0.1119227781891822,0.0846805050969123,0.0748093947768211,0.0718116760253906,-1.4910526275634766,-2.26516342163086,-2.6681394577026367,-2.6355669498443604,3.9141242504119873,6.222425937652588
CMR_0637,CMR,11634.450959926166,0.0992568507790565,0.1887616366147995,0.2328017055988311,0.1099966168403625,0.0761607810854911,0.0720633268356323,-1.8196160793304443,-2.497751951217652,-2.893281936645508,-2.987076997756958,4.334051132202148,6.669168472290039
CMR_0638,CMR,11615.190964758089,0.1814034432172775,0.3071631789207458,0.2683992981910705,0.1119823679327964,0.0766442641615867,0.0723275393247604,-1.8828288316726685,-2.524277925491333,-2.9095914363861084,-2.9135124683380127,4.338863849639893,6.571590423583984
CMR_0639,CMR,11378.202564446638,0.0833506733179092,0.1151309162378311,0.1017625704407692,0.0849585607647895,0.0767881125211715,0.0721685066819191,-1.9542542695999143,-2.6704745292663574,-3.0493955612182617,-2.794888496398926,4.170108318328857,6.344967365264893
CMR_0640,CMR,10726.473732324772,0.108936995267868,0.1156844869256019,0.0837726145982742,0.081446848809719,0.0792890638113021,0.0688435956835746,-1.563076734542847,-2.2154412269592285,-2.468878984451294,-1.7793396711349487,2.700068473815918,5.115211486816406
CMR_0641,CMR,10590.56930942578,0.2113801538944244,0.2181993573904037,0.1484876424074173,0.0866074115037918,0.081165075302124,0.0669647380709648,-1.1087995767593384,-1.7458765506744385,-1.9170870780944824,-1.0585095882415771,2.1907083988189697,4.34952449798584
CMR_0642,CMR,11902.21237556012,0.0774312615394592,0.156489685177803,0.2008093148469925,0.1200893521308898,0.0838289111852645,0.0729023367166519,-0.0594858787953853,-0.1742113977670669,-0.37260702252388,0.0525103248655796,1.790196418762207,3.5956006050109863
CMR_0643,CMR,12332.062797742046,0.1420610100030899,0.145214706659317,0.0816310197114944,0.0816017612814903,0.0839360505342483,0.0720757618546485,0.0698654875159263,0.3040675222873688,0.3989795446395874,1.0813406705856323,1.123676061630249,2.6229584217071533
CMR_0644,CMR,12763.070851917,0.0157378613948822,0.0459540076553821,0.0755216628313064,0.0767613649368286,0.0734417587518692,0.0531671717762947,-0.4632554650306701,-0.2652521729469299,0.5717262029647827,2.518119096755981,0.7683130502700806,1.1854431629180908
CMR_0645,CMR,13110.1357781261,0.0674964040517807,0.041353203356266,0.0282596051692962,0.0684718564152717,0.0736791417002677,0.0567500852048397,-0.1881150156259536,0.0672937184572219,0.7841625213623047,2.586229085922241,0.6264170408248901,1.1011818647384644
CMR_0646,CMR,13467.05950215292,0.093658834695816,0.1079470962285995,0.0911798328161239,0.0823879316449165,0.0741113945841789,0.0545311048626899,-0.205566257238388,0.0186945553869009,0.7779971957206726,2.622587919235229,0.7297490835189819,1.102397084236145
CMR_0647,CMR,13277.386220096696,0.05524293333292,0.0498127788305282,0.0630089044570922,0.0744438618421554,0.0719862431287765,0.0516635663807392,-0.1952155083417892,0.0572440475225448,0.9527069330215454,2.904101610183716,0.5424849987030029,0.8375043869018555
CMR_0648,CMR,13856.22351007395,0.2548759281635284,0.2459766715764999,0.1515933275222778,0.094766154885292,0.0755752027034759,0.0520855970680713,-0.2807229459285736,-0.0890599265694618,0.7091770768165588,2.578188180923462,0.9685547351837158,1.2071621417999268
CMR_0649,CMR,13722.66099613318,0.0499379150569438,0.0867699608206749,0.0798079445958137,0.0709994137287139,0.0634414181113243,0.0466915145516395,-0.3082895874977112,0.091993011534214,1.229515552520752,3.2114579677581787,0.5839486122131348,0.6451513767242432
CMR_0650,CMR,14431.067821283468,0.0874976813793182,0.1175745800137519,0.1324688643217086,0.1020320653915405,0.0771020874381065,0.0513014271855354,-0.6419384479522705,-0.5351519584655762,0.1866552680730819,1.9787448644638064,1.0769410133361816,1.7448625564575195
CMR_0651,CMR,14659.860129173658,0.0889212861657142,0.0975808203220367,0.0891820564866066,0.0938736274838447,0.0763157829642295,0.0524495057761669,-0.3656882345676422,-0.3979076743125915,0.1592895835638046,1.875092506408692,0.8293593525886536,1.8890246152877808
CMR_0652,CMR,14245.528193486089,0.0296731777489185,0.0457122363150119,0.0770308971405029,0.0902955085039138,0.0716615319252014,0.048885054886341,-0.4350674748420715,-0.0642304345965385,0.9198957681655884,2.7798476219177246,0.7678213119506836,0.9611999988555908
CMR_0653,CMR,14607.741329172928,0.1225612163543701,0.1374148279428482,0.1386826783418655,0.1010093167424202,0.0767063423991203,0.0509521961212158,-0.500697672367096,-0.3723231554031372,0.3431212604045868,2.1054866313934326,0.9147856831550598,1.611697793006897
CMR_0654,CMR,14844.412853648117,0.0816855877637863,0.0743084251880645,0.0725400820374488,0.0915967598557472,0.0753977969288826,0.0518036149442195,-0.4253928661346435,-0.4156522750854492,0.1438100636005401,1.8366411924362185,0.8490045666694641,1.9240301847457888
CMR_0655,CMR,15342.720980272185,0.0667103603482246,0.0776696726679802,0.1049618944525718,0.0953870192170143,0.072236455976963,0.0506899990141391,-0.3075321018695831,-0.0949545949697494,0.5263479948043823,2.0885109901428223,0.7768529653549194,1.617698311805725
CMR_0656,CMR,15841.48669864648,0.0727120116353035,0.0822134464979171,0.1115221008658409,0.0883424207568168,0.0652236863970756,0.050685528665781,-0.3831774294376373,-0.3215742409229278,0.1766946464776992,1.582464575767517,1.0777761936187744,2.1786341667175293
CMR_0664,CMR,16649.34953053143,0.2778724431991577,0.0447295904159545,0.0482751503586769,0.1113793328404426,0.0644715279340744,0.0475084818899631,-0.7672318816184998,-1.0212972164154053,-1.7703368663787842,-1.7515780925750732,1.8712912797927856,4.955185413360596
CMR_0665,CMR,17109.803995992665,0.0630652979016304,0.0994987711310386,0.1011288240551948,0.0974391773343086,0.0683935359120369,0.0490148700773716,-0.822113573551178,-0.7899937033653259,-1.1750673055648804,-1.0643912553787231,1.7402429580688477,4.482624053955078
CMR_0666,CMR,17184.23278828572,0.0870726481080055,0.106744460761547,0.099770613014698,0.1103673800826072,0.0635857284069061,0.0480339787900447,-0.7385342717170715,-0.8936971426010132,-1.4451172351837158,-1.447810173034668,1.849152445793152,4.826407432556152
CMR_0668,CMR,18027.839201566163,0.1637566089630127,0.1460797786712646,0.1400729417800903,0.1246069818735122,0.0604954399168491,0.0486956089735031,0.3008098006248474,0.2590384185314178,-0.1874756067991256,-0.3582114279270172,0.700331449508667,3.970996618270874
CMR_0669,CMR,17776.48247040299,0.3426951169967651,0.2718054950237274,0.2116589993238449,0.1032702922821044,0.0442826151847839,0.0473330020904541,-0.8667812347412109,-1.5381015539169312,-2.2503044605255127,-2.5146429538726807,2.537663459777832,5.948751926422119
CMR_0671,CMR,17960.059188496532,0.8595737814903259,0.6428729891777039,0.3383940756320953,0.1138723939657211,0.0499700717628002,0.0482782684266567,-1.878686785697937,-2.6525022983551025,-3.308403730392456,-3.740646123886109,3.6771204471588135,7.066508293151856
CMR_0673,CMR,18474.48611104611,0.5305362343788147,0.3205422163009643,0.1318273693323135,0.0488090515136718,0.0472732782363891,0.0496770441532135,-2.0038740634918213,-2.978023052215576,-3.652478218078613,-4.161124229431152,3.765944242477417,7.7031025886535645
CMR_0674,CMR,18760.4814273001,0.466106653213501,0.3136511445045471,0.1213964596390724,0.054121658205986,0.0510953404009342,0.0506994538009166,-1.8678784370422363,-2.8532204627990723,-3.518573760986328,-4.1013007164001465,3.577044010162353,7.729141235351562
CMR_0675,CMR,18025.043549467657,0.7514125108718872,0.3400838673114776,0.1962254047393798,0.1659516841173172,0.081368401646614,0.0511722192168235,-2.049044609069824,-1.7451977729797363,-1.923534870147705,-2.3669416904449463,3.128035545349121,5.564052581787109
CMR_0676,CMR,18358.85289612121,0.2532569766044616,0.2562631964683532,0.295717179775238,0.1821762323379516,0.0751271918416023,0.0514291673898696,-0.1694569736719131,-0.3251521587371826,-0.6933544874191284,-1.2316824197769165,1.2943682670593262,4.586305618286133
CMR_0677,CMR,19183.31496346425,0.3410283923149109,0.2652196288108825,0.1884285062551498,0.0873935967683792,0.06062613427639,0.0524417534470558,-2.018505334854126,-2.951093912124634,-3.609410285949707,-4.347620964050293,3.709459066390991,8.06006145477295
CMR_0678,CMR,19290.41135230823,0.3111150562763214,0.2461310774087906,0.1778768599033355,0.0863407924771308,0.0613513141870498,0.0526818297803401,-1.9979640245437624,-2.932257413864136,-3.6010777950286865,-4.373758316040039,3.759369611740112,8.116571426391602
CMR_0679,CMR,19534.72049988261,0.3437910377979278,0.362760990858078,0.2662453949451446,0.1074309423565864,0.0665951073169708,0.0533770397305488,-1.6364532709121704,-2.491444826126098,-3.172393083572388,-4.040806770324707,3.411515235900879,7.826189517974853
CMR_0680,CMR,19269.017975195155,0.0889492183923721,0.1030397936701774,0.1122070774435997,0.1304326802492141,0.1040332913398742,0.0591132156550884,-0.2670981585979461,0.380131721496582,0.5809220671653748,-0.1915554106235504,0.6552150249481201,3.6038990020751953
CMR_0681,CMR,18861.29479602785,0.0716549009084701,0.1035772934556007,0.1102569252252578,0.0951236486434936,0.090360015630722,0.0604211688041687,-0.1876122802495956,0.5942925810813904,1.324355959892273,0.8119515776634216,0.5607415437698364,2.3674838542938232
CMR_0682,CMR,19937.76156448514,0.1016137152910232,0.1383880823850631,0.1486774384975433,0.1543560028076172,0.1041467934846878,0.057138118892908,-0.6124044060707092,-0.4077173173427582,-0.7582303285598755,-1.814630627632141,1.3125641345977783,5.474508762359619
CMR_0683,CMR,20270.7184936166,0.0852861925959587,0.1304348111152649,0.1431111097335815,0.1562598645687103,0.0987702310085296,0.0551497749984264,-0.4704859256744385,-0.506962239742279,-1.1103230714797974,-2.293943405151367,1.519182205200195,6.068429946899414
CMR_0684,CMR,19965.91565940148,0.193821981549263,0.1860549449920654,0.1598864495754242,0.1278652101755142,0.1100734025239944,0.0596645437180995,-0.1713915467262268,0.2327274531126022,0.2307157665491104,-0.780892550945282,0.8432924747467041,4.298122406005859
CMR_0685,CMR,19482.049420900858,0.2222064882516861,0.1933232843875885,0.1468676328659057,0.1117962524294853,0.0971027165651321,0.0634457170963287,-0.2062447667121887,0.216464027762413,0.862854540348053,0.2334450930356979,0.60361647605896,2.94917106628418
CMR_0686,CMR,20648.854888870886,0.2290982156991958,0.2330598533153534,0.2081513702869415,0.1484153866767883,0.0914706364274025,0.0521696060895919,-0.5990612506866455,-0.8267548680305481,-1.6721075773239136,-2.98747181892395,2.299089908599853,6.872475624084473
CMR_0688,CMR,19924.576324818423,0.1212029010057449,0.1316242665052414,0.1291567534208297,0.1194411218166351,0.1041617691516876,0.0620835088193416,-0.5767761468887329,-0.2776140868663788,0.0330870635807514,-0.8312009572982788,1.2145180702209473,4.154180526733398
CMR_0689,CMR,20230.63714968927,0.1147526130080223,0.117531232535839,0.1317591816186905,0.1187534406781196,0.1051554903388023,0.0602247528731823,-0.4944299161434173,-0.2916445434093475,-0.2200129777193069,-1.2112586498260498,1.3700034618377686,4.601223468780518
CMR_0690,CMR,20891.51029338243,0.1220262497663497,0.1137270256876945,0.1306386142969131,0.121952012181282,0.1007313951849937,0.052032496780157,-0.0691675916314125,-0.0104776285588741,-0.6985564231872559,-2.0260555744171143,1.7558767795562744,5.751553058624268
CMR_0691,CMR,20949.54471582928,0.1010883376002311,0.1002148315310478,0.1338994801044464,0.1217752620577812,0.0993631482124328,0.0514430776238441,-0.049890037626028,-0.0245472658425569,-0.739105224609375,-2.075438499450684,1.836066722869873,5.8011393547058105
CMR_0692,CMR,20847.69247327121,0.0558339767158031,0.1085834801197052,0.1342085748910904,0.1212105229496955,0.1021246090531349,0.0529989041388034,-0.1922427117824554,-0.1414852738380432,-0.720232367515564,-2.0079667568206787,1.8194584846496584,5.666750907897949
CMR_0693,CMR,20234.472838248766,0.1127338036894798,0.1467143148183822,0.1286804378032684,0.102809801697731,0.0994033440947532,0.0607712380588054,-0.4460161924362182,-0.1861560344696045,-0.1098499298095703,-0.9779006242752076,1.296750545501709,4.2141828536987305
CMR_0694,CMR,20660.58854834177,0.122529461979866,0.1298809796571731,0.1181510463356971,0.1171387881040573,0.1020641773939132,0.0561022236943244,-0.6791772842407227,-0.5842753648757935,-0.8669304847717285,-2.0138423442840576,2.029087781906128,5.495525360107422
CMR_0695,CMR,20506.340838315424,0.1411179602146148,0.1390670388936996,0.1223208308219909,0.1045493856072425,0.0981489717960357,0.0581297501921653,-0.3832853436470032,-0.1567682474851608,-0.2863536477088928,-1.2889825105667114,1.4841837882995603,4.61452579498291
CMR_0696,CMR,21370.16921252753,0.1226773560047149,0.1045752167701721,0.1159911900758743,0.1230788081884384,0.0833383798599243,0.0459898896515369,-0.1149862408638,-0.3609485626220703,-1.393122911453247,-2.8217153549194336,2.669563055038452,6.66778564453125
CMR_0697,CMR,21169.68316560368,0.1822604238986969,0.1712407320737838,0.1417858600616455,0.1246616467833519,0.091086208820343,0.0493874140083789,-0.6416452527046204,-0.7609307765960693,-1.4879103899002075,-2.792673349380493,2.78380823135376,6.423532009124756
CMR_0699,CMR,21789.3299635634,0.4065006673336029,0.3317235708236694,0.2205928266048431,0.1254840642213821,0.0616971552371978,0.0418400540947914,-0.5798672437667847,-1.1639690399169922,-2.2099266052246094,-3.523087978363037,3.737176179885864,7.226159572601318
CMR_0700,CMR,21901.863111770865,0.2302364706993103,0.2111058533191681,0.2097063958644867,0.1108975484967231,0.045504480600357,0.040279097855091,-0.183581531047821,-0.5333076119422913,-1.550571322441101,-2.7023537158966064,3.1412363052368164,6.20526933670044
CMR_0701,CMR,21432.04111472931,0.2459877282381057,0.280863881111145,0.2171020060777664,0.0766945481300354,0.048259325325489,0.0452409163117408,-0.6560574173927307,-1.1557897329330444,-2.25892186164856,-3.184041976928711,3.633232831954956,6.288676738739014
CMR_0702,CMR,22250.58899584571,0.3204676508903503,0.3002928495407104,0.1493437886238098,0.0619415715336799,0.038455806672573,0.0382327251136302,-1.5128134489059448,-2.171604871749878,-3.205850601196289,-4.270151615142822,4.8611159324646,7.802845001220703
CMR_0703,CMR,22487.513058203527,0.5203844904899597,0.3387030065059662,0.1766315698623657,0.0609776340425014,0.0430863723158836,0.0377796217799186,-1.5275038480758667,-2.172579765319824,-3.152483940124512,-4.0983099937438965,4.831645965576172,7.6024956703186035
CMR_0705,CMR,22993.45161536486,0.127590611577034,0.1610055714845657,0.1835583299398422,0.1409683227539062,0.0698871091008186,0.0421949625015258,-0.6982014179229736,-1.1072771549224854,-1.841262459754944,-2.6765451431274414,3.5191872119903564,6.4512786865234375
CRR_1413,CRR,26729.98375020128,0.1687174290418625,0.1376192718744278,0.0885937511920929,0.0423123054206371,0.0377702489495277,0.0329658091068267,-0.1679993718862533,0.2373473942279815,1.2018508911132812,3.547136068344116,0.5331764221191406,201.0156707763672
CRR_1414,CRR,27274.333643712875,0.0240512825548648,0.068080224096775,0.089369036257267,0.0651233941316604,0.0474273934960365,0.0363852716982364,-0.6203851699829102,-0.3228043615818023,0.5499649047851562,2.8965561389923096,1.0455541610717771,201.93460083007807
CRR_1415,CRR,27751.09376639972,0.3791876137256622,0.2552968859672546,0.1427874565124511,0.0848775804042816,0.0560920313000679,0.0394648797810077,-0.903850793838501,-0.8048691153526306,-0.0430776849389076,2.272188901901245,1.4645967483520508,202.79356384277344
CRR_1416,CRR,28045.354768153185,0.0361189469695091,0.0901514291763305,0.094221293926239,0.0898204669356346,0.0627610236406326,0.0422211252152919,-0.7549503445625305,-0.8048575520515442,-0.1434690058231353,2.104142904281616,1.4236488342285156,203.11268615722656
CRR_1417,CRR,28654.76882671607,0.1365569978952407,0.1191743910312652,0.1030627787113189,0.0918149724602699,0.0636774525046348,0.0429027006030082,-0.5983919501304626,-0.6691817045211792,-0.1005133166909217,2.1514155864715576,1.2689313888549805,203.3516387939453
CRR_1419,CRR,28446.137352118527,0.1830130368471145,0.1409342437982559,0.1232667788863182,0.0869060307741165,0.0682365000247955,0.0450677424669265,-0.5396669507026672,-0.7755832672119141,-0.2611271142959595,1.9001747369766235,1.3771295547485352,203.5215759277344
CRR_1420,CRR,28691.996522292924,0.0196024905890226,0.0900454446673393,0.1148395016789436,0.0815283954143524,0.0732170045375824,0.0484382696449756,-0.8455861210823059,-1.0488046407699585,-0.6809743046760559,1.338674783706665,1.7169265747070312,204.22059631347656
CRR_1421,CRR,28932.72270066732,0.1084251031279563,0.1192779466509819,0.122819036245346,0.0941694006323814,0.0817097723484039,0.0563357174396514,-0.0881226137280464,0.0299503710120916,0.095305323600769,1.689106822013855,0.8853588104248047,204.11849975585935
CRR_1422,CRR,28423.87575498717,0.0642451718449592,0.1002342626452446,0.1042392551898956,0.0969404131174087,0.0851685628294944,0.0600294210016727,-1.2644072771072388,-1.6173794269561768,-1.5163357257843018,-0.162756085395813,2.5135746002197266,205.9480438232422
CRR_1423,CRR,29235.37954469116,0.2151051163673401,0.1553412079811096,0.1318282634019851,0.1017801612615585,0.0817898213863372,0.0590255036950111,-0.4124431610107422,-0.3899401128292084,-0.5208718180656433,0.834042489528656,1.3997602462768557,205.19715881347656
CRR_1424,CRR,29314.901229711217,0.1658189445734024,0.1442671120166778,0.1284940242767334,0.0988077372312545,0.0813458263874054,0.0590701214969158,-0.5755253434181213,-0.5355707406997681,-0.6921233534812927,0.6418417096138,1.5623016357421875,205.42697143554688
CRR_1425,CRR,30355.117494709724,0.0498858392238616,0.0798475593328476,0.1022621467709541,0.0877237394452095,0.0760476663708686,0.0611311122775077,-0.2427945137023925,-0.2801031172275543,-0.7538702487945557,0.0645429864525795,1.6180953979492188,206.58352661132807
CRR_1426,CRR,29451.60024432457,0.1643538475036621,0.1986606121063232,0.1278153657913208,0.0735877826809883,0.082445852458477,0.0655057281255722,-1.2925426959991455,-1.7139784097671509,-2.157322883605957,-1.5989398956298828,2.967031478881836,208.0341339111328
CRR_1427,CRR,32356.812875540585,0.8194801807403564,0.2202347815036773,0.1555075347423553,0.1000850275158882,0.0810374990105629,0.0590282790362834,-0.4306374788284302,-0.1480202972888946,-0.5863282680511475,-2.693892002105713,3.0808067321777344,210.5224456787109
CRR_1428,CRR,33680.3134373899,0.3683841824531555,0.3168762922286987,0.2936202585697174,0.1730689257383346,0.1185309961438179,0.0869147256016731,-0.6589021682739258,-0.4463972449302673,-0.6136357188224792,-1.8789931535720823,2.6430435180664062,208.62078857421875
CRR_1429,CRR,33633.06838648156,0.4355224072933197,0.4480150938034057,0.4275154173374176,0.1659921109676361,0.115379475057125,0.0883212611079216,-1.5673532485961914,-1.884607434272766,-2.1414268016815186,-3.253486394882202,3.977716445922852,209.84063720703125
CMR_0708,CMR,337.8514812656724,0.0541423223912715,0.0431758426129817,0.0279411040246486,0.0192010644823312,0.0133194560185074,0.0177349392324686,-0.2285465151071548,-0.0560420490801334,0.3110270202159881,1.7325948476791382,0.7133793830871582,0.7218046188354492
CMR_0709,CMR,266.2178864659272,0.0622102543711662,0.0815661624073982,0.0477816313505172,0.0189543236047029,0.0131090292707085,0.0182622540742158,-0.1441908478736877,-0.0382553450763225,0.2175239622592926,1.7042697668075562,0.4459986686706543,0.4863789081573486
CMR_0710,CMR,757.9479641183796,0.050729613751173,0.0220315232872962,0.0342385955154895,0.0254587419331073,0.0177047010511159,0.0202692989259958,-0.56465083360672,-0.4124788045883178,-0.0159400422126054,1.395517349243164,0.9204668998718262,0.9483509063720704
CMR_0711,CMR,534.0771115879201,0.0181060396134853,0.035237368196249,0.0363008007407188,0.0252544451504945,0.0155345872044563,0.0197341721504926,-0.2428249269723892,-0.1704273819923401,0.0809650942683219,1.5771551132202148,0.5609233379364014,0.6198668479919434
CMR_0712,CMR,434.8668612208312,0.0330360606312751,0.0610372498631477,0.0514321513473987,0.0318607501685619,0.0236182436347007,0.0206536166369915,-0.3424958884716034,-0.3579612076282501,-0.1552823185920715,1.4483505487442017,0.7182278633117676,0.8079724311828613
CMR_0713,CMR,353.99289390073204,0.0580255463719368,0.0588808916509151,0.0516255050897598,0.0388067662715911,0.0301067698746919,0.0201371479779481,-0.0328620448708534,-0.0263307336717844,0.2197330743074417,1.882277131080628,0.3741135597229004,0.4563686847686767
CMR_0714,CMR,57.585357013274056,0.0028941282071173,0.0162281431257724,0.0299164000898599,0.0492027625441551,0.035208337008953,0.0163968726992607,-0.4749012887477875,-0.3476707339286804,0.1120850220322609,1.8745875358581543,0.5148673057556152,0.6542534828186035
CMR_0715,CMR,1464.3134274594672,0.0801340341567993,0.1214491724967956,0.1067355200648307,0.0545012839138507,0.0249680783599615,0.026186341419816,-0.5597358345985413,-0.7918480038642883,-0.5676926970481873,0.8977292776107788,1.340580701828003,1.4601125717163086
CMR_0716,CMR,528.4635113725782,0.0350628942251205,0.0359468646347522,0.0457158982753753,0.0528568625450134,0.0367432199418544,0.0188262164592742,-0.3907311260700226,-0.2556792199611664,0.1974804401397705,1.981053233146668,0.6945188045501709,0.7683360576629639
CMR_0717,CMR,1454.306925298161,0.0300447903573513,0.0399639531970024,0.0534346476197242,0.0481533147394657,0.0281184017658233,0.0271619353443384,-0.5962090492248535,-0.9935827851295472,-0.8206599950790405,0.7125071883201599,1.5688700675964355,1.7196502685546875
CMR_0718,CMR,1287.651847693373,0.0242639947682619,0.0551392547786235,0.0807869881391525,0.0585146956145763,0.0321127325296402,0.0261747613549232,-0.6735326051712036,-0.991086721420288,-0.799007773399353,0.8059335350990295,1.5405669212341309,1.682345628738403
CMR_0719,CMR,578.0788155623181,0.0311192367225885,0.0562253333628177,0.0718528404831886,0.0441791117191314,0.030423229560256,0.0158858653157949,-0.6912454962730408,-0.4324855804443359,0.176803857088089,2.013715505599976,1.0664303302764893,1.1000101566314695
CMR_0720,CMR,1525.2333851414537,0.0493313744664192,0.1007125601172447,0.1007275283336639,0.075099304318428,0.0431703627109527,0.0269595738500356,-0.2994871139526367,-0.3652968108654022,-0.0097450567409396,1.7091131210327148,0.9313936233520508,1.059382677078247
CMR_0721,CMR,1550.3035994310428,0.0168321877717971,0.0327945575118064,0.0534152500331401,0.0568308643996715,0.0402763411402702,0.0246035121381282,-0.2060300260782241,-0.0522054843604564,0.4928619563579559,2.3062069416046143,0.6113026142120361,0.6860432624816895
CMR_0723,CMR,2150.592963200028,0.0724129900336265,0.0895598605275154,0.0628382936120033,0.0450656116008758,0.0414604879915714,0.0281378086656332,-0.183208018541336,0.1742313951253891,0.8511339426040649,2.6714887619018555,0.5338277816772461,0.5838963985443115
CMR_0724,CMR,2113.699877368705,0.0161718372255563,0.0354308821260929,0.0240273606032133,0.0053962487727403,0.0121389413252472,0.0191487874835729,-0.4068266451358795,-0.1972542107105255,0.6213572025299072,2.542234182357788,0.626868486404419,0.6847620010375977
CMR_0725,CMR,2532.2307791820936,0.208177387714386,0.1312120258808136,0.0747399479150772,0.0503116995096206,0.0487367622554302,0.0320374220609664,-0.1435222178697586,0.3760460615158081,1.0681556463241575,2.844129800796509,0.6304078102111816,0.6568105220794678
CMR_0726,CMR,3272.260813746696,0.2408420890569687,0.154038518667221,0.1469761729240417,0.1265984028577804,0.0725015625357627,0.0431165322661399,-0.0678706839680671,0.0018499444704502,0.1751744449138641,1.574056625366211,0.8123143911361694,1.3496360778808594
CMR_0727,CMR,2498.878325509472,0.0225853435695171,0.0258319359272718,0.017066741362214,0.0082385540008544,0.0124271055683493,0.0215639825910329,-0.2378236055374145,0.048085656017065,0.9216925501823424,2.839468240737915,0.4635763168334961,0.5077764987945557
CMR_0728,CMR,3059.028206973387,0.141153022646904,0.1382675915956497,0.0955817252397537,0.0791618153452873,0.0646015703678131,0.0381535440683364,0.0744933634996414,0.6615201234817505,1.27379047870636,2.9377737045288086,0.4490406513214111,0.5387716293334961
CMR_0729,CMR,2934.3965711492083,0.0770448371767997,0.0798869431018829,0.0539119429886341,0.0412361659109592,0.0488287024199962,0.0334385968744754,-0.0101192090660333,0.6050453782081604,1.4119921922683716,3.198930501937866,0.5490038394927979,0.5661070346832275
CMR_0730,CMR,2802.1347781807685,0.0593091398477554,0.0381066389381885,0.0174943394958972,0.0152778942137956,0.0126721868291497,0.0217874031513929,-0.2639088034629822,0.0322970114648342,0.9241591095924376,2.831473588943481,0.5907447338104248,0.6127030849456787
CMR_0731,CMR,3291.361030809768,0.0139412051066756,0.0528624504804611,0.0732335671782493,0.0616648718714714,0.056789755821228,0.0363299176096916,-0.2872785925865173,0.3089107573032379,1.1223446130752563,2.870379686355591,0.6146695613861084,0.7174077033996582
CMR_0732,CMR,3372.5111429792323,0.0507186576724052,0.0825220495462417,0.0688990131020546,0.0299132950603961,0.0170670617371797,0.0238825064152479,-0.1684257239103317,0.0951114445924758,1.030133843421936,2.893784284591675,0.5345950126647949,0.5673191547393799
CMR_0733,CMR,3566.9120493539904,0.1109144985675811,0.0942195579409599,0.0382065102458,0.0328887216746807,0.0390515252947807,0.0322692282497882,-0.3027870953083038,0.1935698240995407,1.182950496673584,3.006225109100342,0.7233278751373291,0.7519373893737793
CMR_0734,CMR,3460.3454785667554,0.0192827843129634,0.0241145621985197,0.041834395378828,0.0246036741882562,0.0155907282605767,0.02585438080132,-0.4425942897796631,-0.1220439672470092,0.8770985007286072,2.745067358016968,0.7418854236602783,0.7794723510742188
CMR_0735,CMR,3948.951931496895,0.1326736658811569,0.1449402570724487,0.1607883125543594,0.1095660403370857,0.0796894878149032,0.0432960018515586,-0.2602238655090332,0.072063073515892,0.7053692936897278,2.302855491638184,0.687886118888855,1.1365149021148682
CMR_0736,CMR,3703.8258321571057,0.0111818630248308,0.0146690476685762,0.0199015643447637,0.0217403266578912,0.0324617773294448,0.0309785176068544,-0.2871359586715698,0.1643664091825485,1.1948763132095337,3.026278018951416,0.648545503616333,0.686063289642334
CMR_0737,CMR,3945.819648913492,0.1093326285481453,0.1667640656232834,0.1618555784225464,0.1014047339558601,0.0736370459198951,0.041461955755949,-0.1827643364667892,0.1987119168043136,0.937979817390442,2.589158058166504,0.6515707969665527,0.957202672958374
CMR_0738,CMR,4222.278042946022,0.0604632534086704,0.0754052847623825,0.0600029490888118,0.0651212558150291,0.0544577538967132,0.0367455296218395,-0.1838380098342895,0.3101508915424347,1.300607681274414,3.037830352783203,0.60675048828125,0.7628939151763916
CMR_0739,CMR,4123.26079132914,0.0330357328057289,0.0452724434435367,0.0360841378569603,0.0101319681853055,0.0202105548232793,0.0295046083629131,-0.2795734405517578,0.1481264382600784,1.249997854232788,3.0462145805358887,0.6108484268188477,0.6836686134338379
CMR_0740,CMR,4467.087560689327,0.0736076459288597,0.0967630669474601,0.118920125067234,0.111484907567501,0.0739115476608276,0.0417497307062149,0.0335220284759998,0.3867493271827698,1.2152501344680786,2.853553771972656,0.4337713718414306,0.8483092784881592
CMR_0741,CMR,4667.651253307006,0.0483492650091648,0.1366653442382812,0.1773110926151275,0.1362731009721756,0.0934204161167144,0.0483373478055,-0.7033425569534302,-0.7368524670600891,-0.2906408011913299,1.1595669984817505,1.3378762006759644,2.3095269203186035
CMR_0742,CMR,5054.63547426379,0.1540611535310745,0.1717225462198257,0.1769393384456634,0.13510762155056,0.098891906440258,0.0517095997929573,-0.6314337253570557,-0.9039376378059388,-0.6555261015892029,0.6575798988342285,1.372912883758545,2.7794907093048096
CMR_0743,CMR,4698.759581280199,0.0444682985544204,0.0712090134620666,0.0546942539513111,0.0114264041185379,0.0210847035050392,0.031543243676424,-0.1255690157413482,0.5443500876426697,1.7300390005111694,3.4299230575561523,0.6086633205413818,0.6649372577667236
CMR_0744,CMR,5245.731666766549,0.0932977572083473,0.095439113676548,0.1347045451402664,0.1342244446277618,0.0798166319727897,0.044497188180685,-0.1618422716856002,0.1397203356027603,1.006236910820007,2.5265464782714844,0.5695991516113281,1.2457337379455566
CMR_0745,CMR,5444.736762580725,0.0307592339813709,0.0577096231281757,0.1150653436779975,0.1281837075948715,0.0773620977997779,0.0444870106875896,-0.354119598865509,-0.020051909610629,0.9129968881607056,2.407953977584839,0.6898131370544434,1.371354341506958
CMR_0746,CMR,5454.079665156266,0.0282912645488977,0.077153131365776,0.061474397778511,0.0365373827517032,0.0290195569396018,0.0358620397746562,-0.0378144681453704,0.7799743413925171,2.0818676948547363,3.632593870162964,0.5459916591644287,0.5571208000183105
CMR_0747,CMR,5696.432753563996,0.0955157727003097,0.1216587349772453,0.1253243088722229,0.0960970520973205,0.0607525259256362,0.0419470369815826,-0.0872638672590255,0.4499779045581817,1.610570788383484,3.1014280319213867,0.4277302026748657,0.8166828155517578
CMR_0748,CMR,5701.563089273589,0.0373192802071571,0.050887107849121,0.0547305941581726,0.0408600308001041,0.0370393358170986,0.0365276187658309,-0.0215238854289054,0.8018943667411804,2.070608615875244,3.509876251220703,0.4662027359008789,0.4731569290161133
CMR_0749,CMR,6163.500597776704,0.0646024867892265,0.1090273261070251,0.1394436359405517,0.1308702528476715,0.0948866233229637,0.0526130907237529,-0.741830050945282,-0.6368215084075928,-0.0103140054270625,1.1922783851623535,1.0829232931137085,2.364619731903076
CMR_0750,CMR,5962.814910822808,0.0727551579475402,0.070247121155262,0.0447894781827926,0.0546934120357036,0.0381455980241298,0.0395359396934509,-0.1807027459144592,0.5179345607757568,1.86174738407135,3.299668073654175,0.6908836364746094,0.7300355434417725
CMR_0751,CMR,6172.792188492111,0.0575589351356029,0.0614684149622917,0.0407017394900321,0.0464099831879138,0.0354960411787033,0.0398499108850955,-0.1412301361560821,0.5679800510406494,1.9406602382659912,3.311688184738159,0.5440008640289307,0.5737154483795166
CMR_0752,CMR,6496.869714522184,0.0592366009950637,0.0540991984307765,0.0361528620123863,0.0503527745604515,0.0417586974799633,0.0411952212452888,-0.2592077553272247,0.4322119355201721,1.788568377494812,3.0219342708587646,0.6152106523513794,0.6750390529632568
CMR_0753,CMR,7084.7129922784925,0.0308785066008567,0.0522350557148456,0.0543419606983661,0.0678281709551811,0.0746373012661933,0.0521744973957538,-0.3678196668624878,0.2458618730306625,1.363107204437256,2.409944534301758,0.7931791543960571,1.1782660484313965
CMR_0754,CMR,7279.8082670085105,0.0544704534113407,0.0658050775527954,0.0617955289781093,0.0710028558969497,0.0795855894684791,0.0542299821972847,-0.5083221793174744,0.1345069110393524,1.1895993947982788,2.1434435844421387,0.8837823271751404,1.4628162384033203
CMR_0755,CMR,7058.389448002255,0.076878622174263,0.0859601870179176,0.0799514502286911,0.0546926893293857,0.045449074357748,0.0451140590012073,-0.3121850490570068,0.2829075753688812,1.6900802850723269,2.7752487659454346,0.6625070571899414,0.8171195983886719
CMR_0756,CMR,7203.201174011333,0.1046199575066566,0.0879122838377952,0.0701749622821807,0.0595850348472595,0.0570590756833553,0.0490730702877044,-0.3501774370670318,0.2142131030559539,1.54929518699646,2.6084086894989014,0.6816071271896362,0.9761407375335692
CMR_0757,CMR,7060.036767253906,0.0467002317309379,0.0857421681284904,0.0919820293784141,0.0785999149084091,0.0648988932371139,0.0450032204389572,-0.2664998769760132,0.3018130958080292,1.4506007432937622,2.3519883155822754,0.564693808555603,1.0593117475509644
CMR_0758,CMR,7323.670664112417,0.0304221268743276,0.0149473333731293,0.0552638731896877,0.0601205825805664,0.0587535575032234,0.0500189587473869,0.0609952956438064,0.6137850284576416,1.941056728363037,2.9538567066192627,0.2775598168373108,0.6329073905944824
CMR_0759,CMR,7789.756135543618,0.0583662390708923,0.0472405776381492,0.0632282271981239,0.0657837986946106,0.05758823081851,0.0504869520664215,-0.475248247385025,-0.0232439301908016,1.3424837589263916,2.16253924369812,0.6072483062744141,1.4196003675460815
CMR_0760,CMR,8198.199516457107,0.0978890359401702,0.1073551774024963,0.0772186294198036,0.0656823739409446,0.0689824819564819,0.0561330579221248,-0.1683280766010284,0.350886583328247,1.5789194107055664,2.2257299423217773,0.4571315050125122,1.5056335926055908
CMR_0761,CMR,8090.034694679042,0.0164032205939292,0.0294133368879556,0.0516936443746089,0.0667033419013023,0.0627422928810119,0.0528710670769214,-0.2946031391620636,0.1251844018697738,1.4433419704437256,2.137819528579712,0.4105801582336426,1.5070064067840576
CMR_0762,CMR,7926.757885758354,0.071641094982624,0.0910366922616958,0.0733075886964798,0.0671205148100853,0.0689974427223205,0.0496219433844089,-0.0479042828083038,0.5280066728591919,1.7064193487167358,2.3087174892425537,0.5946216583251953,1.1645917892456057
CMR_0763,CMR,8343.369326957287,0.0813494324684143,0.0887820869684219,0.079880952835083,0.0791820585727691,0.0724057033658027,0.0524183884263038,-0.3257983326911926,0.1297173202037811,1.3063616752624512,1.792117476463318,0.5687804222106934,1.8007638454437256
CMR_0764,CMR,8487.169135465609,0.0277791135013103,0.0663620233535766,0.0702338963747024,0.0697497949004173,0.0683424025774002,0.0553659722208976,-0.1446387469768524,0.2571004331111908,1.4932019710540771,2.0022897720336914,0.3090924322605133,1.7235790491104126
CMR_0765,CMR,8263.602916620359,0.0817446187138557,0.1009811386466026,0.0990669056773185,0.0897482559084892,0.0886834487318992,0.0489192679524421,0.0018781605176627,0.5639840364456177,1.180179238319397,1.333647847175598,0.5458929538726807,2.0169458389282227
CMR_0766,CMR,8875.659985043923,0.0740444436669349,0.056514885276556,0.0513204857707023,0.0762175470590591,0.0757132023572921,0.0566359013319015,-0.2915857434272766,0.0935628488659858,1.1924195289611816,1.4786020517349243,0.5457376837730408,2.293834924697876
CMR_0767,CMR,8668.69103686636,0.0140429083257913,0.0290701407939195,0.0866697579622268,0.1004100367426872,0.0951140224933624,0.0476858988404274,0.154837280511856,0.7113053202629089,1.0372806787490845,0.9050137996673584,0.5095659494400024,2.47402286529541
CMR_0768,CMR,9289.01554674273,0.029459586367011,0.03735863417387,0.0942376554012298,0.1190978959202766,0.1007270440459251,0.0480709932744503,-0.7441323399543762,-0.5515477657318115,-0.4294308722019195,-0.7889415621757507,1.5127313137054443,4.323142051696777
CMR_0769,CMR,9622.678085790163,0.2281241863965988,0.2613948583602905,0.1926248222589492,0.1038350388407707,0.0945828035473823,0.0571623966097831,-0.2205078452825546,0.0942935422062873,0.6895886659622192,0.4670797288417816,1.0178239345550537,3.3868613243103027
CMR_0770,CMR,9825.651217077077,0.0357452817261219,0.0352230928838253,0.0697558894753456,0.116329438984394,0.1014939621090889,0.0551170147955417,-0.7055163383483887,-0.5111120939254761,-0.2192218899726867,-0.6229362487792969,1.6038429737091064,4.455634593963623
CMR_0771,CMR,9834.152027285994,0.0332463271915912,0.0180773977190256,0.0295034721493721,0.111481212079525,0.1035360172390937,0.0508827604353427,-0.4403952956199646,-0.3577046692371368,-0.3649319410324096,-0.8773271441459656,1.4893798828125,4.603679180145264
CMR_0772,CMR,9935.775941114563,0.0821814239025116,0.1077158972620964,0.0406035594642162,0.1171313375234603,0.1034617573022842,0.0511568859219551,-0.0829998776316642,-0.0088635794818401,-0.0682563111186027,-0.6266450881958008,1.2111563682556152,4.385869979858398
CMR_0773,CMR,10107.299702447375,0.3574425280094147,0.283313512802124,0.1980522871017456,0.1186940819025039,0.098161794245243,0.0581738129258155,-0.6162201762199402,-0.2766615450382232,0.0866629406809806,-0.4075920283794403,1.4835941791534424,4.387032508850098
CMR_0774,CMR,9959.086773657224,0.0338850244879722,0.0127753019332885,0.0791609138250351,0.1161696761846542,0.1014528349041938,0.0487581528723239,-0.0182183589786291,0.0278038289397954,-0.2085163444280624,-0.8406724333763123,1.2665081024169922,4.557441711425781
CMR_0775,CMR,10309.398294821433,0.2909272015094757,0.2513821423053741,0.1935677826404571,0.1441556513309478,0.1018675565719604,0.056060753762722,-1.0003831386566162,-0.8487904071807861,-0.7865481972694397,-1.4434423446655271,2.1767354011535645,5.416568279266357
CMR_0776,CMR,9761.772274721883,0.1595420092344284,0.1391589939594268,0.0933689475059509,0.1223825365304946,0.0850969478487968,0.0422196947038173,-0.2369439899921417,-0.3006829917430877,-0.9932342767715454,-1.8249657154083248,1.9215238094329836,5.455063819885254
CMR_0777,CMR,9910.986068233147,0.1696947067975998,0.1735522598028183,0.1269911974668502,0.1285238116979599,0.0902691259980201,0.0444632470607757,-0.5623763203620911,-0.6273416876792908,-1.232880711555481,-2.039900779724121,2.21768856048584,5.724071025848389
CMR_0778,CMR,10074.254047222728,0.3647004067897796,0.305619865655899,0.1788370460271835,0.138784572482109,0.0923911035060882,0.0460450574755668,-0.6818528175354004,-0.7931292653083801,-1.3599365949630735,-2.1685802936553955,2.3915295600891118,5.902975559234619
CMR_0779,CMR,10030.799769326844,0.1522670537233352,0.1963865756988525,0.1592322587966919,0.1399128586053848,0.0882422178983688,0.0447415150701999,-0.4756188094615936,-0.6235427856445312,-1.2777382135391235,-2.122121572494507,2.289433717727661,5.83870267868042
CMR_0780,CMR,10516.542194136666,0.444929301738739,0.3729287087917328,0.2226277291774749,0.164169892668724,0.1004564613103866,0.0540133379399776,-1.0835580825805664,-1.1701841354370115,-1.3775914907455444,-2.174404621124268,2.6673312187194824,6.149893283843994
CMR_0781,CMR,10575.96336641675,0.6232808828353882,0.4721869528293609,0.2609940767288208,0.1613187789916992,0.1006781309843063,0.0560241378843784,-1.3135089874267578,-1.2502038478851318,-1.3319190740585327,-2.134812355041504,2.7022221088409424,6.177948951721191
CMR_0782,CMR,10738.05085305486,0.1211367845535278,0.1292663067579269,0.1917449384927749,0.1773274540901184,0.0964174345135688,0.0533368252217769,-1.2918428182601929,-1.57588791847229,-1.9451656341552728,-2.864617109298706,3.222342014312744,6.88638973236084
CMR_0783,CMR,10760.222119533786,0.2515929341316223,0.3258531391620636,0.2548104524612427,0.1764870882034301,0.0978693515062332,0.0546068213880062,-1.4515376091003418,-1.6080220937728882,-1.8891476392745967,-2.804615020751953,3.212897062301636,6.863392353057861
CMR_0784,CMR,10782.697781657318,0.2234828323125839,0.2061115801334381,0.1994547396898269,0.1786262989044189,0.0934615507721901,0.0522281564772129,-1.032805323600769,-1.4573071002960205,-1.928723216056824,-2.883496284484864,3.1769814491271973,6.891911029815674
CMR_0785,CMR,10834.270006133096,0.3320556282997131,0.2935090959072113,0.2421387135982513,0.1753496974706649,0.0878046676516532,0.0503795072436332,-0.857276439666748,-1.4810200929641724,-2.0985426902771,-3.094299077987671,3.3057191371917725,7.07161808013916
CMR_0786,CMR,10596.481295132491,0.1755407303571701,0.1678095608949661,0.1817712932825088,0.1247547045350074,0.0559122301638126,0.0438408143818378,-0.9906511306762696,-2.118265390396118,-3.151517868041992,-4.272413730621338,4.283438682556152,8.12823486328125
CMR_0787,CMR,10711.92861524514,0.119394414126873,0.1398090571165084,0.1679080426692962,0.1181744411587715,0.0573766641318798,0.0448991321027278,-1.1087048053741455,-2.297680854797364,-3.311430215835572,-4.45070219039917,4.464630126953125,8.350397109985352
CMR_0788,CMR,11221.89904526825,0.1595327109098434,0.1930374503135681,0.2254431843757629,0.1517743319272995,0.0737510621547699,0.0501126497983932,-1.1751649379730225,-2.155068874359131,-2.955078125,-4.143302440643311,4.191834449768066,8.234469413757324
CMR_0789,CMR,11513.367570537052,0.3166924715042114,0.3070704340934753,0.3112891912460327,0.1931612342596054,0.0880007371306419,0.0546476580202579,-0.1575425863265991,-0.4193022549152374,-0.9627302289009094,-2.2551491260528564,2.3430886268615723,6.557163238525391
CMR_0790,CMR,11077.196126481182,0.1282633244991302,0.0977688059210777,0.0728187933564186,0.0369735397398471,0.0463078990578651,0.0458355471491813,-1.3909029960632324,-2.7343482971191406,-3.810129642486572,-5.070701122283936,5.008817672729492,9.068642616271973
CMR_0791,CMR,10418.94526936788,0.7295016646385193,0.6764295697212219,0.4483492076396942,0.1726128458976745,0.0726089403033256,0.0446817241609096,-1.012715458869934,-1.6039313077926636,-2.5034778118133545,-3.646888494491577,3.688076972961426,7.309022903442383
CMR_0792,CMR,10885.38359858986,0.2650385499000549,0.2238323986530304,0.2061900347471237,0.1477661877870559,0.078492633998394,0.0502913296222686,-0.0381584018468856,0.2801223993301391,-0.4829916059970855,-1.633139729499817,1.870086431503296,5.404545307159424
CMR_0793,CMR,11246.757196232937,0.0711012184619903,0.0654297322034835,0.0417993366718292,0.076901651918888,0.0796408578753471,0.0543557852506637,-0.1673485487699508,0.5325695276260376,-0.1627881079912185,-1.301106095314026,1.4406976699829102,5.155962467193604
CMR_0794,CMR,11791.567561319982,0.0921123996376991,0.1242277696728706,0.126439556479454,0.1383768618106842,0.0769847705960273,0.0527206063270568,0.1044549420475959,0.6881520748138428,-0.2439565062522888,-1.583858847618103,1.2346854209899902,5.677287578582764
CMR_0795,CMR,11614.789139583092,0.109352983534336,0.1132365614175796,0.0640353932976722,0.0630152225494384,0.0803069397807121,0.0596133396029472,-0.225155234336853,0.3067923188209533,-0.3196848928928375,-1.37436044216156,1.2101702690124512,5.29392671585083
CMR_0796,CMR,12751.35971762666,0.4382819533348083,0.3339153826236725,0.2847905457019806,0.1661975979804992,0.0853036120533943,0.0560512095689773,-0.1093697622418403,-0.440985769033432,-1.630564570426941,-3.124854564666748,2.158267974853516,7.557343006134033
CMR_0797,CMR,12492.991750551637,0.2503802478313446,0.3034184575080871,0.241981491446495,0.1035729646682739,0.0929967835545539,0.0636320412158966,-0.5596941709518433,-0.7507745027542114,-1.4815460443496704,-2.5838310718536377,1.7410502433776855,6.778958797454834
CMR_0798,CMR,11662.061790941298,0.0739283561706543,0.0934556722640991,0.0987425073981285,0.0423222631216049,0.0749144107103347,0.0689604505896568,-1.7054535150527954,-2.403626203536988,-2.858760356903076,-3.3855631351470947,4.05125904083252,7.169985771179199
CMR_0799,CMR,11834.803096835243,0.0732510909438133,0.0661529526114463,0.0995363593101501,0.0754506736993789,0.0769166499376297,0.0703945830464363,-1.6625055074691772,-2.368540048599243,-2.7982797622680664,-3.236408472061157,4.103125095367432,7.048255443572998
CMR_0800,CMR,11668.423850552308,0.0532611869275569,0.0896939784288406,0.1821533739566803,0.102817103266716,0.0757728740572929,0.0716388672590255,-1.9536370038986208,-2.6720633506774902,-3.07906460762024,-3.277580738067627,4.503398418426514,6.989819526672363
CMR_0801,CMR,13016.727987991868,0.0395315773785114,0.0380925014615058,0.087584763765335,0.1290643513202667,0.0953999236226081,0.0736753121018409,-1.7878276109695437,-1.4959864616394043,-1.2861744165420532,-1.2783958911895752,3.129359722137451,5.32921028137207
CMR_0802,CMR,13210.559817062514,0.1316364556550979,0.2937831282615661,0.2375942915678024,0.0907546654343605,0.0841103866696357,0.072803109884262,-1.1704092025756836,-0.7091520428657532,-0.2800875902175903,0.0411753877997398,2.2723522186279297,3.982063055038452
CMR_0803,CMR,13218.212432261364,0.2231332659721374,0.2654824256896972,0.2442496716976165,0.0814696848392486,0.0797555893659591,0.0722941309213638,-1.5502134561538696,-1.1074669361114502,-0.6442170739173889,-0.2094227522611618,2.602060317993164,4.203607082366943
CMR_0804,CMR,13300.029792376958,0.4873144924640655,0.40373694896698,0.2757841348648071,0.0725271701812744,0.0751224905252456,0.0715989023447036,-1.3359252214431765,-0.8600495457649231,-0.3459822833538055,0.1863094866275787,2.3866708278656006,3.8055014610290527
CMR_0805,CMR,12934.320202621431,0.1266797631978988,0.1472645848989486,0.1071773245930671,0.068508855998516,0.0741340965032577,0.0707287788391113,-1.365455985069275,-1.1240992546081543,-0.7190321087837219,0.0703633278608322,2.25030779838562,3.753481388092041
CMR_0806,CMR,13573.049132218532,0.1368487924337387,0.1076451539993286,0.0578487366437912,0.0289072692394256,0.06147425994277,0.0673977136611938,0.1466685235500335,0.4994041621685028,1.0666277408599854,2.047482967376709,0.8018829226493835,1.8814338445663448
CMR_0809,CMR,13592.07026552212,0.1269153207540512,0.119640439748764,0.0585218146443367,0.0329197347164154,0.0612396039068698,0.0662504062056541,-0.036919854581356,0.224113330245018,0.7766479849815369,1.8674579858779907,0.770266592502594,2.031137466430664
CMR_0811,CMR,13816.924060481464,0.0056842234916985,0.0075448113493621,0.0130954785272479,0.0501152835786342,0.0626796036958694,0.063320443034172,-0.1779561638832092,-0.0711037144064903,0.443262904882431,1.7210997343063354,0.7458325624465942,2.1642096042633057
CMR_0814,CMR,14561.46229151821,0.1389095783233642,0.1240163668990135,0.1055988296866417,0.0702239125967025,0.0676279440522193,0.0579749569296836,-0.5253428816795349,-0.6909075975418091,-0.3537006974220276,1.0889171361923218,1.197779417037964,2.866356611251831
CMR_0815,CMR,15555.912975989522,0.0492218844592571,0.0764339566230773,0.1056288182735443,0.0779780074954032,0.0590749718248844,0.0561105348169803,-0.6793432235717773,-0.9539896845817566,-0.8167059421539307,0.350253015756607,1.6542257070541382,4.024556636810303
CMR_0816,CMR,14877.718792941669,0.0299340523779392,0.0413722470402717,0.0672724321484565,0.07405436784029,0.0703283622860908,0.0547372512519359,-0.4398786425590515,-0.6213728785514832,-0.2962669730186462,1.2679296731948853,1.064156413078308,2.639442443847656
CMR_0818,CMR,14762.79755117897,0.0700556710362434,0.0911514610052108,0.0924257487058639,0.0832585096359252,0.0735903233289718,0.0537930764257907,-0.4823632538318634,-0.6155326962471008,-0.1957641243934631,1.4457871913909912,1.0325945615768433,2.3863654136657715
CMR_0819,CMR,15970.08389265723,0.1305050998926162,0.1179141476750373,0.0999409779906272,0.0748301520943641,0.0586894750595092,0.0532485097646713,-0.3950379192829132,-0.459248811006546,-0.3458991944789886,0.931378960609436,1.2001466751098633,3.428112268447876
CMR_0820,CMR,16152.699657882264,0.0334854871034622,0.0181158706545829,0.0188769530504941,0.0506613589823246,0.0562267303466796,0.0519255585968494,-0.2338482588529586,-0.1368918120861053,0.0682121366262435,1.409982442855835,0.8135249614715576,2.860884189605713
CMR_0821,CMR,16304.223634610367,0.0218586418777704,0.0117294853553175,0.0201444663107395,0.0419977754354476,0.0536151565611362,0.0512872785329818,-0.2163813412189483,-0.0864696130156517,0.173954576253891,1.5142232179641724,0.7366324663162231,2.7401700019836426
CMR_0822,CMR,16109.672587367457,0.0307870209217071,0.0429757423698902,0.0377943366765975,0.0416797660291194,0.0534634962677955,0.0511436723172664,-0.2691828310489654,-0.2385347783565521,0.0709753185510635,1.4707330465316772,0.9892054796218872,2.617713212966919
CMR_0823,CMR,17020.246564618963,0.0396400727331638,0.0505285672843456,0.0681978166103363,0.0586519017815589,0.0525273159146308,0.0501068159937858,-0.2830045521259308,0.0105318333953619,0.338127464056015,1.5564448833465576,0.6919968128204346,2.947672128677368
CMR_0824,CMR,16032.843125569818,0.0819314867258071,0.1040160655975341,0.0984883829951286,0.0680343359708786,0.0589775592088699,0.0505160652101039,-0.4940794110298157,-0.5070179104804993,-0.0768255591392517,1.3073052167892456,1.0939369201660156,2.542564868927002
CMR_0829,CMR,18117.932374119788,0.0438363030552864,0.0586933717131614,0.0514360927045345,0.0464597046375274,0.0453944914042949,0.0501752942800521,-0.8941317200660706,-0.9749021530151368,-0.5083684325218201,0.1734318882226944,1.6865599155426023,4.051072120666504
CMR_0830,CMR,17661.383017157397,0.185638815164566,0.1430297493934631,0.1054457202553749,0.0485848672688007,0.0513542406260967,0.0504075847566127,0.1347453147172927,0.5016088485717773,0.7747065424919128,1.2698204517364502,0.6667108535766602,2.616910457611084
CMR_0831,CMR,18478.804178484737,0.0589476637542247,0.0556293986737728,0.0664267912507057,0.0427013151347637,0.0474668107926845,0.0507422350347042,-0.7833952307701111,-0.8600817918777466,-0.3684390187263489,0.2685235440731048,1.5896103382110596,4.128237724304199
CMR_0832,CMR,18876.33065672268,0.1318662911653518,0.1527636796236038,0.1248351037502288,0.0589875802397728,0.05469186976552,0.0518174692988395,-0.5918777585029602,-0.6604039669036865,-0.1988501250743866,0.4042235016822815,1.3583307266235352,4.233513355255127
CMR_0833,CMR,18073.897003041027,0.0357114113867282,0.0397957749664783,0.0554944463074207,0.0476023331284523,0.0456798300147056,0.050303615629673,-0.4152786433696747,-0.291325032711029,0.1125589683651924,0.6220486760139465,0.9549999237060548,3.4297080039978027
CMR_0834,CMR,18012.315430838888,0.0327602438628673,0.0541382506489753,0.0744819864630699,0.0549361109733581,0.0491100437939167,0.0503348819911479,-0.3986084461212158,-0.1284882128238678,0.2001433819532394,0.6277663707733154,0.8637449741363525,3.326418399810791
CMR_0835,CMR,19297.05272595197,0.0892676338553428,0.064896821975708,0.0621030814945697,0.0543570779263973,0.0533792003989219,0.052887212485075,0.1022522673010826,0.4524903893470764,0.9890983700752258,1.3917109966278076,0.5005288124084473,3.3064234256744385
CMR_0836,CMR,18053.49405669541,0.1920340061187744,0.1710087954998016,0.1301016807556152,0.0778548046946525,0.0601988099515438,0.0500892736017704,0.0387756563723087,0.451510339975357,0.5316581726074219,0.6969701647758484,0.4611411094665527,3.108825922012329
CMR_0837,CMR,18527.34040055138,0.1750039309263229,0.13180872797966,0.111186683177948,0.0758512690663337,0.0597729571163654,0.0505165047943592,-0.4549369812011719,-0.2009702175855636,-0.0592468082904815,-0.0033624584320932,0.8920018672943115,3.953982353210449
CMR_0838,CMR,19191.935509371484,0.2708598375320434,0.1871362924575805,0.1057836487889289,0.0465757399797439,0.047636367380619,0.0519727803766727,-0.1355591118335724,0.2941902279853821,0.7923677563667297,0.8796316981315613,0.5846998691558838,3.438437938690185
CMR_0839,CMR,18530.374759472423,0.1232598051428794,0.1601935178041458,0.1317115277051925,0.092614084482193,0.0643546879291534,0.0502665191888809,-0.7131027579307556,-0.5372318029403687,-0.5805515050888062,-0.6550427675247192,1.276653289794922,4.536925315856934
CMR_0840,CMR,19200.28301466283,0.1336610168218612,0.1524582654237747,0.1016410365700721,0.0528447404503822,0.0502430386841297,0.0519214607775211,-0.1244980841875076,0.2796797156333923,0.7319669723510742,0.7690582871437073,0.5567266941070557,3.5128984451293945
CMR_0841,CMR,18612.729777378776,0.1069106981158256,0.1125431284308433,0.1111186817288398,0.1055143773555755,0.0651037544012069,0.0501265749335289,-0.2880854606628418,-0.2752144932746887,-0.5031856298446655,-0.716337263584137,1.0699162483215332,4.559486389160156
CMR_0842,CMR,19790.222425082287,0.0484284907579422,0.0283875074237585,0.0392405055463314,0.0629599839448928,0.0544185489416122,0.0530953630805015,-0.1231338530778884,0.2578308284282684,0.7468130588531494,0.5395796895027161,0.4437897205352783,3.896002531051636
CMR_0843,CMR,19154.22847055644,0.2924199998378753,0.2306767404079437,0.1220505014061927,0.0987330824136734,0.0662063881754875,0.0512504056096077,-0.359123945236206,-0.3631615340709686,-0.5547727346420288,-0.9251502752304076,1.2886476516723633,4.928678512573242
CMR_0844,CMR,19108.26932015848,0.0618174150586128,0.0908171758055687,0.1157701313495636,0.1152074113488197,0.0625625550746917,0.0510203428566455,-0.5076313614845276,-0.7884860634803772,-1.1861345767974854,-1.649991154670715,1.7453625202178955,5.568829536437988
CMR_0845,CMR,20324.945602321863,0.0465618334710598,0.0656314119696617,0.0623353496193885,0.0580965094268322,0.0611826814711093,0.0535405874252319,-0.1424073278903961,0.2163473516702652,0.630193829536438,0.1307180821895599,0.591984748840332,4.398504734039307
CMR_0846,CMR,19441.232341224044,0.3936276733875274,0.346652090549469,0.2590009868144989,0.1139208823442459,0.0578012987971305,0.0517813935875892,-0.4119981825351715,-1.0424247980117798,-1.6099382638931274,-2.284454107284546,2.111743927001953,6.226749897003174
CMR_0847,CMR,20883.18465550288,0.097621165215969,0.0717161819338798,0.0773228034377098,0.0664461255073547,0.0696676671504974,0.0524023957550525,-0.0132716009393334,0.4887362718582153,0.7146116495132446,-0.1359703242778778,0.6198568344116211,4.757283687591553
CMR_0848,CMR,20759.261163643405,0.2013833671808242,0.1790132820606231,0.0819963216781616,0.0541528202593326,0.063208483159542,0.0496246851980686,-1.4453479051589966,-2.36865782737732,-3.328925371170044,-4.619876861572266,4.055739402770996,8.75529670715332
CMR_0849,CMR,21076.160697720665,0.3371210992336273,0.2899584174156189,0.2152244001626968,0.1260165423154831,0.0756670907139778,0.0475374907255172,-0.4426074028015136,-0.9665314555168152,-2.0791332721710205,-3.5140888690948486,3.028143882751465,7.552551746368408
CMR_0850,CMR,21000.609416250176,0.2597788274288177,0.2541845142841339,0.205065056681633,0.1353235095739364,0.0822688564658165,0.0486288182437419,-0.253650814294815,-0.6093267202377319,-1.6583386659622192,-3.075144052505493,2.5721964836120605,7.054710388183594
CMR_0851,CMR,21062.85420017891,0.1757764220237732,0.2018434554338455,0.1777035742998123,0.1340147107839584,0.0835041105747222,0.0482330881059169,0.1148290038108825,-0.1631472706794738,-1.2182047367095947,-2.646833658218384,2.192711353302002,6.611983776092529
CMR_0858,CMR,23684.92181105945,0.2857522964477539,0.2306092530488968,0.1747117787599563,0.0978085845708847,0.0874009579420089,0.0513341873884201,-0.5181150436401367,-0.3200831115245819,-0.575131893157959,-1.118273138999939,2.1381568908691406,5.225600242614746
CMR_0859,CMR,23833.24731015362,0.2185183465480804,0.1978988200426101,0.1532551944255828,0.0867431983351707,0.0881521552801132,0.0530620962381362,-0.6165425777435303,-0.407417356967926,-0.5584814548492432,-1.0006529092788696,2.094369649887085,5.1428961753845215
CMR_0860,CMR,24641.7578969966,0.0091119650751352,0.0333654135465621,0.0474401898682117,0.0742749497294426,0.098573237657547,0.062870442867279,-0.843529999256134,-0.6889407634735107,-0.6492233276367188,-0.8510655164718628,1.985679626464844,5.521324634552002
CMR_0861,CMR,26263.667292613543,0.2989513278007507,0.2903963029384613,0.1816184520721435,0.0916422978043556,0.0718206316232681,0.0527802035212516,-0.4488412737846374,-0.1046707481145858,0.9849632978439332,2.642810821533203,1.1952491998672483,1.819648504257202
CRR_1430,CRR,29870.1831860034,0.1623616069555282,0.1199864298105239,0.1242222115397453,0.1036543920636177,0.064101256430149,0.0453513525426387,-0.7817129492759705,-0.6826135516166687,-0.3269868493080139,1.7085938453674316,1.5652666091918943,204.39830017089844
CRR_1431,CRR,30958.819440283805,0.0895198732614517,0.170958861708641,0.1368892043828964,0.0509647466242313,0.0461484119296073,0.0399609394371509,-0.6718800067901611,-0.3530458211898803,0.4184051156044006,2.5654098987579346,1.219090461730957,204.0557403564453
CRR_1432,CRR,31155.593005708623,0.1051926910877227,0.1525054425001144,0.1131547465920448,0.0582509003579616,0.0487809963524341,0.0408778488636016,-0.6390615105628967,-0.3627143800258636,0.4529927968978882,2.552523612976074,1.2097291946411133,204.16505432128903
CRR_1433,CRR,31632.17380235449,0.3042722642421722,0.2325820028781891,0.1462906301021576,0.0875873267650604,0.0583400465548038,0.04490777105093,-0.8138192892074585,-0.6750187873840332,0.2144000083208084,2.138532876968384,1.5720720291137695,204.80337524414065
CRR_1435,CRR,31765.91334110619,0.3575560450553894,0.2602436542510986,0.1593197286128997,0.0948724672198295,0.0611867904663085,0.0464410334825515,-1.1366865634918213,-1.0539425611495972,-0.147418662905693,1.7123762369155884,1.9760007858276367,205.2928466796875
CRR_1436,CRR,31907.49795691827,0.2409882992506027,0.2206844836473465,0.1660273224115371,0.0997923612594604,0.063607819378376,0.0480339527130126,-1.1253639459609983,-1.0889519453048706,-0.1566744446754455,1.6376076936721802,2.037460327148437,205.432373046875
CRR_1437,CRR,31906.26213135965,0.1729874163866043,0.0892040356993675,0.107570007443428,0.095205545425415,0.0687270164489746,0.0500978678464889,-1.030344843864441,-1.111789345741272,-0.3070628941059112,1.372399091720581,2.1113643646240234,205.70216369628903
CRR_1438,CRR,31952.058034664125,0.1485505402088165,0.1357418149709701,0.1157684996724128,0.093662790954113,0.0709107890725135,0.0512923523783683,-0.9833858609199524,-1.1070998907089231,-0.3436944186687469,1.271884202957153,2.1365652084350586,205.8219757080078
CRR_1439,CRR,31994.090824423027,0.2575813829898834,0.1837102621793747,0.1215232163667678,0.0921096503734588,0.072918027639389,0.0524877645075321,-1.2516499757766724,-1.4087364673614502,-0.688039243221283,0.8611479997634888,2.4692554473876958,206.2517547607422
CRR_1440,CRR,32063.7548038311,0.0931495055556297,0.0660606548190116,0.0680462196469307,0.0926730409264564,0.0772480815649032,0.0554545857012271,-1.5019290447235107,-1.7128267288208008,-1.1273268461227417,0.2392294108867645,2.8534984588623047,206.9113006591797
CRR_1441,CRR,32426.19107122028,0.1960595846176147,0.1711275428533554,0.1618004292249679,0.0919079035520553,0.0721174702048301,0.0554395653307437,-0.6691120266914368,-0.5700535774230957,0.4358441829681396,1.9041924476623533,1.6898832321166992,205.40045166015625
CRR_1442,CRR,32311.030086000803,0.2142619341611862,0.2141636908054351,0.1760292202234268,0.095106765627861,0.0779432505369186,0.0572515651583671,-0.9439706802368164,-0.9774796962738036,-0.2382422536611557,1.067484736442566,2.1556921005249023,206.19053649902344
CRR_1443,CRR,32683.38507917448,0.11090899258852,0.1159993708133697,0.1003281325101852,0.0793485045433044,0.0626559481024742,0.0549469888210296,-0.4665070474147796,-0.084717109799385,1.247820258140564,2.828696250915528,1.1886510848999023,204.58984375
CRR_1444,CRR,32254.03696761928,0.1183105409145355,0.1381039768457412,0.1159860417246818,0.1000567823648452,0.0897457376122474,0.0712203234434127,-0.580894410610199,-0.3207167983055115,-0.0141268568113446,-0.041718304157257,1.5233688354492188,207.61708068847656
CRR_1445,CRR,32537.22474112776,0.080380767583847,0.1096389442682266,0.1212081536650657,0.1159372627735138,0.0948559567332267,0.0732584595680236,-1.2303061485290527,-0.9598645567893982,-0.4751929938793182,-0.5884220600128174,2.134845733642578,208.27622985839844
CRR_1446,CRR,32033.57818190888,0.0477447435259819,0.1029002144932746,0.0977647751569747,0.0745099633932113,0.0849127918481826,0.0713562443852424,0.0957717671990394,0.4013099074363708,0.3918412923812866,-0.1735025644302368,1.1399059295654297,207.76638793945312
CRR_1447,CRR,32872.3384440071,0.2863214910030365,0.1921811699867248,0.1529105007648468,0.130522072315216,0.1031468659639358,0.0758079662919044,-1.0894734859466553,-0.8647909760475159,-0.265559583902359,-0.5509008169174194,2.08670425415039,208.3751373291016
CRR_1448,CRR,32962.53578755371,0.2466217428445816,0.2031434625387191,0.1672187596559524,0.133563220500946,0.1061161383986473,0.0765070468187332,-1.2438524961471558,-1.023180365562439,-0.4134396612644195,-0.7609573006629944,2.281190872192383,208.6248016357422
CRR_1449,CRR,34806.36183634254,0.0160627830773592,0.0256299786269664,0.0341995432972908,0.1034824326634407,0.0882531702518463,0.0464650057256221,-0.3083523213863373,-1.4902223348617554,-3.2324795722961426,-5.910065174102783,4.921875,214.09207153320312
CMR_0862,CMR,238.42868731599089,0.0302107166498899,0.0184768736362457,0.0349242016673088,0.0252488777041435,,,-0.4691688418388366,,,,0.514710545539856,0.5591475963592529
CMR_0863,CMR,90.34422504246234,0.0637710765004158,0.0399703606963157,0.0175995007157325,,,,,,,,0.4508712291717529,0.5370192527770996
CMR_0864,CMR,729.0760807956833,0.0121703455224633,0.0204157810658216,0.0211441256105899,0.0258192215114831,0.0152355227619409,,-0.0462478399276733,0.0643925666809082,,,0.2410938739776611,0.2422926425933838
CMR_0865,CMR,302.78498704449265,0.0130114024505019,0.0098511399701237,0.0195574145764112,0.0090120863169431,,,-0.0641984269022941,,,,0.2272233963012695,0.2412054538726806
CMR_0866,CMR,925.1997026183844,0.0413707569241523,0.0558973625302314,0.0402728803455829,0.0302501730620861,0.0165777225047349,0.0121699217706918,-0.1107767969369888,-0.0526052936911582,0.2132938355207443,,0.3593015670776367,0.3598861694335937
CMR_0867,CMR,113.62833313287696,0.0153230549767613,0.0053177983500063,0.0078390520066022,0.0087506314739584,,,-0.4006631374359131,,,,0.4349017143249511,0.5202145576477051
CMR_0868,CMR,873.6688516568819,0.0382120013236999,0.0137283224612474,0.0125888837501406,0.0223483778536319,0.0165668688714504,0.0123900007456541,-0.3891148269176483,-0.2406120002269745,0.1099506616592407,,0.5871806144714355,0.5853586196899414
CMR_0869,CMR,229.10753656734883,0.0584833323955535,0.0629403367638588,0.0313355475664138,0.0115187177434563,0.0128839910030364,,-0.4675242006778717,-0.2971856594085693,,,0.6464381217956543,0.6744253635406494
CMR_0870,CMR,1374.5127952854452,0.0498419925570488,0.0658566132187843,0.0522611066699028,0.0388798080384731,0.0213139168918132,0.0147148929536342,-0.2221679240465164,-0.2231310755014419,0.0520701855421066,,0.6145765781402588,0.5964559316635132
CMR_0871,CMR,1038.7358688345946,0.0186330992728471,0.013817491941154,0.0311126913875341,0.0332395210862159,0.0204796642065048,0.0142676122486591,-0.0659492835402488,0.0539409667253494,0.4068765044212341,,0.3368043899536133,0.3234829902648926
CMR_0872,CMR,1542.2699493942034,0.0284788589924573,0.0241543855518102,0.0488445498049259,0.0446633473038673,0.0242882277816534,0.0162713155150413,-0.2071951478719711,-0.2812630236148834,-0.0283817388117313,1.259727954864502,0.7501717805862427,0.7217522859573364
CMR_0873,CMR,1362.6298423749747,0.0214934069663286,0.0390300005674362,0.0520892292261123,0.0470368340611457,0.0252560880035161,0.0163225419819355,-0.4207170307636261,-0.3988152742385864,-0.0926888734102249,1.19026780128479,0.8615059852600098,0.8363077640533447
CMR_0874,CMR,278.5197113581615,0.1052142679691314,0.0647430568933487,0.0236940048635005,0.0115229357033967,0.014398705214262,0.0147554762661457,-0.3809895813465118,-0.1489534527063369,0.3596535623073578,,0.6048271656036377,0.6142442226409912
CMR_0875,CMR,348.0568033324018,0.0304239094257354,0.0306592211127281,0.0074347988702356,0.0098938634619116,0.0137919643893837,0.0154288941994309,-0.2426724135875702,-0.0067080431617796,0.5236262083053589,1.8283051252365112,0.4002504348754883,0.4111785888671875
CMR_0876,CMR,767.226105463546,0.0323029272258281,0.0458465926349163,0.0315983518958091,0.0230741631239652,0.0219936482608318,0.0167061742395162,-0.1151327565312385,0.1423871666193008,0.6280638575553894,1.915910601615905,0.3826057910919189,0.3785519599914551
CMR_0877,CMR,1783.0124542913377,0.0193388983607292,0.060663629323244,0.0969972088932991,0.0610938929021358,0.0316593311727047,0.0191463883966207,-0.4519663155078888,-0.5531790256500244,-0.3248473703861236,0.9423783421516418,1.1856669187545776,1.1523135900497437
CMR_0878,CMR,361.9906035135773,0.0759238898754119,0.0395593270659446,0.0110622262582182,0.0091614043340086,0.0120208598673343,0.0160706080496311,0.0350268334150314,0.264297604560852,0.8093911409378052,2.1277830600738525,0.094428539276123,0.1052043437957763
CMR_0879,CMR,829.7686965367222,0.0683926120400428,0.0760553255677223,0.0376921482384204,0.0133886728435754,0.0209722574800252,0.0178367868065834,-0.0468337424099445,0.2348684519529342,0.7730308771133423,2.067655086517334,0.3006083965301513,0.2998950481414795
CMR_0880,CMR,337.6757846088062,0.0539510585367679,0.0204585045576095,0.0188767351210117,0.0104029234498739,0.0108208265155553,0.0165992602705955,0.1926597952842712,0.413789689540863,0.9440115690231324,2.284095287322998,0.02254319190979,0.0258970260620117
CMR_0881,CMR,1282.843790492415,0.0169791560620069,0.0106546496972441,0.0253896750509738,0.0156499333679676,0.0288916397839784,0.0206106267869472,-0.4208384156227112,-0.0414042137563228,0.4855841696262359,1.761748194694519,0.7097451686859131,0.7096340656280518
CMR_0882,CMR,1013.4419437921968,0.0777900218963623,0.0181473419070243,0.0084392977878451,0.0079516004770994,0.0192639976739883,0.0204635057598352,-0.5863087773323059,-0.3088147640228271,0.2560199797153473,1.5768122673034668,0.7918891906738281,0.7950160503387451
CMR_0883,CMR,1331.360804986215,0.0263900477439165,0.0153798498213291,0.0210484396666288,0.0092809908092021,0.0245764795690774,0.022669181227684,-0.2606820464134216,0.1015951931476593,0.6551231741905212,1.958908200263977,0.5034406185150146,0.5088980197906494
CMR_0884,CMR,1490.5332311783775,0.0507333762943744,0.0462291836738586,0.0382466576993465,0.012907788157463,0.0276080649346113,0.0237643662840127,-0.1366672217845916,0.2746089696884155,0.8173237442970276,2.1073226928710938,0.4585165977478027,0.4632766246795654
CMR_0885,CMR,2466.248204058969,0.0642787143588066,0.1052955910563469,0.1200182661414146,0.1056647151708602,0.0536177232861518,0.0274874232709407,0.0316819287836551,0.161469891667366,0.3807762265205383,1.5320556163787842,0.7630375623703003,0.8095288276672363
CMR_0886,CMR,1434.4578244301033,0.0448714531958103,0.0509081408381462,0.0395350828766822,0.0347802005708217,0.0257472675293684,0.0246188044548034,-0.0154452221468091,0.2489017248153686,0.7020565271377563,2.0460193157196045,0.3848733901977539,0.4086525440216064
CMR_0887,CMR,2100.071440485756,0.0347918011248111,0.0544368885457515,0.0777242705225944,0.0422210022807121,0.0385999381542205,0.0281083416193723,-0.1658578068017959,0.2952606379985809,0.750515878200531,1.9732674360275269,0.6415741443634033,0.6665711402893066
CMR_0888,CMR,2527.943795302833,0.009809460490942,0.0558535419404506,0.069408468902111,0.0471497662365436,0.0458421856164932,0.031093530356884,-0.4625700712203979,-0.020849522203207,0.3375998735427856,1.4910922050476074,0.880669116973877,0.9619919061660768
CMR_0889,CMR,2265.118029843412,0.0727350935339927,0.1042918339371681,0.0920940190553665,0.054763700813055,0.0359127894043922,0.0308922939002513,0.0234199967235326,0.2435582429170608,0.5790731906890869,1.847465872764588,0.5309885740280151,0.6456975936889648
CMR_0890,CMR,2780.326854876083,0.0365142859518528,0.0533752627670764,0.0580710619688034,0.0436167158186435,0.0490781888365745,0.0328080505132675,-0.1623992621898651,0.329448789358139,0.6251080632209778,1.734702706336975,0.5857894420623779,0.6875993013381958
CMR_0891,CMR,2953.642543852854,0.033088494092226,0.0607152767479419,0.0581780970096588,0.0415071211755275,0.0510390661656856,0.0339857265353202,-0.0299577638506889,0.5260837078094482,0.7763394117355347,1.8540563583374023,0.4866126775741577,0.5791165828704834
CMR_0892,CMR,2144.0731494242773,0.0906968116760253,0.1000845432281494,0.0787552371621131,0.043403010815382,0.0328875295817852,0.0319676138460636,-0.9686502814292908,-1.3786921501159668,-1.206485629081726,0.1878181248903274,2.0691492557525635,2.2921390533447266
CMR_0893,CMR,3347.055250848015,0.053335603326559,0.0658427253365516,0.0769685059785842,0.0816860646009445,0.057897500693798,0.0346570126712322,0.038609754294157,0.5260358452796936,0.6093541383743286,1.5909990072250366,0.6985976696014404,0.7930182218551636
CMR_0894,CMR,2820.2517559084595,0.1298248916864395,0.0471772775053978,0.0528156496584415,0.0583646111190319,0.0434332452714443,0.0351337939500808,-0.1699228733778,0.0995617732405662,0.3202206790447235,1.5117937326431274,0.8120405673980713,0.980658769607544
CMR_0895,CMR,3273.538095539124,0.0825961232185363,0.0899069458246231,0.0465712882578372,0.0475121587514877,0.054648719727993,0.0360944978892803,0.0809772238135337,0.7473522424697876,0.9038144946098328,1.9162570238113403,0.6213462352752686,0.6549845933914185
CMR_0896,CMR,2628.755912043184,0.1802019923925399,0.1963782906532287,0.1389465034008026,0.0441967919468879,0.04114780575037,0.0361349433660507,-0.7726669907569885,-1.0950205326080322,-0.9757770895957948,0.3332127630710602,1.8628512620925903,2.202425479888916
CMR_0897,CMR,2523.8839930305867,0.0129838371649384,0.0343509428203105,0.0422734953463077,0.0303977746516466,0.0419977195560932,0.0359717644751071,-0.7887519598007202,-1.2479972839355469,-1.133212327957153,0.2517115473747253,1.9893229007720947,2.33371639251709
CMR_0898,CMR,2933.583819344,0.0870723500847816,0.1527986824512481,0.1361558437347412,0.0493631809949874,0.0480060167610645,0.0388184152543544,-0.914750337600708,-1.239562749862671,-1.1784236431121826,0.0789295434951782,2.0412487983703613,2.501842498779297
CMR_0899,CMR,4081.394428291503,0.1584264487028122,0.1343762278556823,0.1423406451940536,0.0998772978782653,0.0586933679878711,0.0379922203719615,-0.329317182302475,0.0608908832073211,-0.0810208618640899,0.7276312708854675,1.138080358505249,1.707119107246399
CMR_0900,CMR,3372.8991859869457,0.0785171315073967,0.1524780094623565,0.1269018799066543,0.0702428445219993,0.0576768592000007,0.0422697365283966,-0.9962117075920104,-1.397871971130371,-1.4463821649551392,-0.2915850281715393,2.2335193157196045,2.92617416381836
CMR_0902,CMR,3359.5578879318227,0.0766038224101066,0.1122589781880378,0.1634220331907272,0.1276235729455948,0.0726711899042129,0.0439287312328815,-0.1883690655231475,-0.2397006005048751,-0.1381041705608368,1.2067478895187378,1.044946551322937,1.6755938529968262
CMR_0903,CMR,4215.258973535201,0.0765366628766059,0.0760052800178527,0.0799502208828926,0.0718146562576294,0.0667033866047859,0.0475081726908683,-1.1793569326400757,-1.8399115800857544,-2.176025390625,-1.264151096343994,2.707047462463379,4.017121315002441
CMR_0904,CMR,4507.598233687413,0.068168357014656,0.0394790433347225,0.0470518693327903,0.0575277209281921,0.0633069202303886,0.0479451715946197,-1.1996577978134155,-1.8426463603973389,-2.2674384117126465,-1.4767909049987793,2.7257399559021,4.241105556488037
CMR_0905,CMR,4832.85902902633,0.297055721282959,0.2607856094837188,0.183006003499031,0.0653759092092514,0.0568610578775405,0.046681959182024,-0.6007740497589111,-0.987151563167572,-1.44978129863739,-0.809320330619812,1.8911104202270508,3.551870346069336
CMR_0906,CMR,4424.533159855708,0.1074359640479087,0.1284259408712387,0.1178913712501525,0.0765266343951225,0.0682093277573585,0.049062930047512,-1.070340871810913,-1.71319317817688,-2.118618965148926,-1.251561999320984,2.582512617111206,4.0662055015563965
CMR_0907,CMR,4914.338407869357,0.2369269430637359,0.2392142117023468,0.1669150441884994,0.0594021901488304,0.0560077130794525,0.0471596084535121,-0.7373257875442505,-1.1396502256393433,-1.627526879310608,-1.0117945671081543,2.0463128089904785,3.7797188758850098
CMR_0908,CMR,4097.045460910235,0.0733344629406929,0.085074283182621,0.0937903821468353,0.1218933388590812,0.0891684368252754,0.0492839552462101,0.2172679007053375,0.3374122977256775,0.3569884002208709,1.6120840311050415,0.4755650162696838,1.4468848705291748
CMR_0909,CMR,5300.514323240527,0.0667081251740455,0.0212878808379173,0.0454392842948436,0.1001910343766212,0.0970421731472015,0.0554938465356826,-0.6832351088523865,-1.0880277156829834,-1.260865569114685,-0.2002178430557251,1.650956392288208,3.506010055541992
CMR_0910,CMR,6200.489426474246,0.0641031488776207,0.0999436452984809,0.1151021867990493,0.0847740098834037,0.0694115981459617,0.0575866661965847,-0.1629775911569595,-0.6226548552513123,-1.3039968013763428,-0.8287870287895203,1.6315821409225464,4.106181144714356
CMR_0911,CMR,8064.713242934953,0.0533633567392826,0.0462098941206932,0.0638926774263382,0.092545211315155,0.0906196981668472,0.0600948929786682,-0.0972928255796432,0.6122215986251831,1.471634030342102,2.0408079624176025,0.5998349189758301,1.727198839187622
CMR_0912,CMR,8766.248545930915,0.301103264093399,0.2689241170883178,0.2356247901916504,0.1593339741230011,0.0979973077774047,0.0647168457508087,-0.5478204488754272,-0.4037119746208191,-0.0597853846848011,-0.0008775617461651,1.39588463306427,3.9965591430664062
CMR_0913,CMR,8831.994330863765,0.0612195171415805,0.0701328739523887,0.0891230553388595,0.1019526869058609,0.0848863571882247,0.0628832131624221,-0.2658901512622833,0.2421935200691223,1.1073397397994995,1.346791386604309,0.6350516080856323,2.6182594299316406
CMR_0914,CMR,8876.586214205627,0.0737737715244293,0.114227071404457,0.0990192294120788,0.0896664634346962,0.0783082917332649,0.0619130209088325,-0.2885171771049499,0.2054443955421447,1.2024141550064087,1.4737379550933838,0.703526496887207,2.4760658740997314
CMR_0915,CMR,8782.241928156081,0.0281719341874122,0.0215589664876461,0.0440018251538276,0.0790005549788475,0.0718311741948127,0.0595530159771442,-0.0421808250248432,0.4201697111129761,1.5543636083602903,1.9218398332595823,0.5464381575584412,1.9524931907653809
CMR_0916,CMR,9509.907507311284,0.0352796763181686,0.0521545968949794,0.0921523571014404,0.1156394258141517,0.08828105032444,0.0658450722694397,-0.3419022560119629,-0.3365664184093475,-0.1780702918767929,-0.5802615284919739,1.146533489227295,4.836248397827148
CMR_0917,CMR,9258.169022468504,0.0991061925888061,0.122776411473751,0.1381849646568298,0.1084583923220634,0.087695337831974,0.0655117258429527,-0.3113314807415008,-0.007071244996041,0.6136221289634705,0.5408491492271423,0.8331058025360107,3.5899219512939453
CMR_0918,CMR,9060.879953727112,0.0843638256192207,0.1329395174980163,0.1061451360583305,0.0801951587200164,0.071550503373146,0.0597886815667152,-0.3619457483291626,0.0231345314532518,1.132521152496338,1.361603617668152,0.8159364461898804,2.543254375457764
CMR_0919,CMR,9763.81236743856,0.043228980153799,0.0902149677276611,0.0957828760147094,0.0881670117378234,0.0832514613866806,0.0669384971261024,-0.2916523814201355,0.0378754697740078,0.5932431817054749,0.2133153527975082,0.6976814270019531,4.100247383117676
CMR_0920,CMR,9921.937165896006,0.020493421703577,0.0303185395896434,0.0603467561304569,0.0864203572273254,0.0822352543473243,0.0672177672386169,-0.3014534115791321,0.0436121895909309,0.5671067833900452,0.077093094587326,0.6946020126342773,4.3010101318359375
CMR_0921,CMR,9741.295013892604,0.0153691656887531,0.035556323826313,0.074027769267559,0.0745740011334419,0.0705231875181198,0.0643156021833419,-1.0944349765777588,-0.8550686836242676,0.1417580991983413,-0.0160764642059803,1.536743402481079,4.160274505615234
CMR_0922,CMR,9843.190713533982,0.1490132510662078,0.1571441888809204,0.1117024049162864,0.0686051696538925,0.0710241720080375,0.0657836273312568,-0.5251522064208984,-0.2694676518440246,0.6934334635734558,0.451316773891449,1.0100092887878418,3.77500057220459
CMR_0923,CMR,10025.600415477364,0.0060267625376582,0.0172743126749992,0.0302446670830249,0.0635986104607582,0.0705441236495971,0.065773919224739,-0.7284334897994995,-0.4809088110923767,0.4872663021087646,0.1534458845853805,1.2133495807647705,4.092600345611572
CMR_0924,CMR,10249.439617798607,0.0537580102682113,0.0758019089698791,0.0637264475226402,0.0597444847226142,0.0715057104825973,0.066881276667118,-0.5608024597167969,-0.2726880609989166,0.676345705986023,0.1968161016702652,1.0719308853149414,4.138107299804688
CMR_0925,CMR,10546.28448879796,0.1324697881937027,0.058639820665121,0.0542112961411476,0.0635567903518676,0.0747387707233429,0.0680858865380287,-0.5130351781845093,-0.1589953452348709,0.7592765688896179,0.0830049365758895,1.016862869262695,4.373126983642578
CMR_0926,CMR,10312.362107314382,0.0648993253707885,0.0787878558039665,0.079102948307991,0.0810859128832817,0.0897333174943924,0.0618551224470138,-0.0613530464470386,0.477512776851654,1.0555473566055298,0.4996653795242309,0.6590609550476074,3.640089511871338
CMR_0927,CMR,10803.624251731157,0.1419606506824493,0.1392885744571685,0.0956273451447486,0.0737776309251785,0.0793264433741569,0.0689703971147537,-0.3495629727840423,0.0313808731734752,0.9026557803153992,0.0462944246828556,0.8407442569732666,4.5307698249816895
CMR_0928,CMR,11117.806105390897,0.1427855938673019,0.1287315040826797,0.104203425347805,0.0809465497732162,0.0865154191851615,0.06934155523777,-0.838480532169342,-0.4214921295642853,0.3682268857955932,-0.6969461441040039,1.379896640777588,5.40109920501709
CMR_0929,CMR,10698.512781543885,0.1659701615571975,0.1757777333259582,0.1015587896108627,0.0673327073454856,0.0887598097324371,0.0639184042811393,-0.114891305565834,0.5481727719306946,1.141939640045166,0.3693623840808868,0.6855177879333496,3.93476152420044
CMR_0930,CMR,11239.494662483332,0.107132613658905,0.1523566246032714,0.1147059351205825,0.0773349851369857,0.094314306974411,0.0667282044887542,-0.2273151874542236,0.5231537222862244,1.1476929187774658,0.0402186438441276,0.8810532093048096,4.54525089263916
CMR_0931,CMR,11128.423175529097,0.0280244536697864,0.0700026527047157,0.0707961842417717,0.0768904909491539,0.0941657572984695,0.0648798123002052,-0.2228833884000778,0.5647010207176208,1.084076762199402,0.0511896349489688,0.7614405155181885,4.417877674102783
CMR_0932,CMR,11472.683696288155,0.1401266753673553,0.1247599646449089,0.0825399830937385,0.1214069873094558,0.1022717952728271,0.0621039308607578,0.1162820234894752,0.9000402092933655,1.0441750288009644,-0.2099253982305526,0.7377443313598633,4.719053268432617
CMR_0933,CMR,11354.294299462435,0.2701219916343689,0.2429801821708679,0.2161916643381118,0.1735908687114715,0.0976929888129234,0.057947851717472,-0.0080178864300251,0.3177633583545685,0.1091936826705932,-1.0935866832733154,1.414391040802002,5.433166980743408
CMR_0934,CMR,12767.424039208634,0.2696992754936218,0.3220247626304626,0.2328000962734222,0.1260413527488708,0.0769044607877731,0.0521019399166107,-1.2053077220916748,-1.96902084350586,-3.1292037963867188,-4.925961494445801,4.434818267822266,9.65300464630127
CMR_0935,CMR,12564.981750906123,0.0252363383769989,0.0978325456380844,0.1150667071342468,0.0749189034104347,0.062634564936161,0.0507910139858722,-1.3352051973342896,-2.3810970783233643,-3.601967096328736,-5.253603935241699,4.640331268310547,9.750164985656738
CMR_0936,CMR,12864.53704971857,0.1116088479757309,0.1581742018461227,0.1911899447441101,0.127899631857872,0.0796205103397369,0.052255280315876,-1.0832561254501345,-1.661831617355347,-2.8328983783721924,-4.681905269622803,4.214511871337891,9.485329627990724
CMR_0937,CMR,12926.082824632476,0.3624695837497711,0.2589390873908996,0.0896102637052536,0.0700293332338333,0.065314307808876,0.051330629736185,-1.3259433507919312,-2.4260263442993164,-3.752257823944092,-5.512942790985107,4.843412399291992,10.174540519714355
CMR_0938,CMR,13192.57338984044,0.1186725050210952,0.1035906821489334,0.1390835642814636,0.0875494480133056,0.0664108544588089,0.0526949502527713,-1.082289457321167,-2.2081069946289062,-3.656193971633911,-5.388909339904785,4.5299458503723145,10.071513175964355
CMR_0940,CMR,13517.607524995308,0.057059533894062,0.0813494473695755,0.1032062172889709,0.1080468893051147,0.0787601247429847,0.0560247935354709,-0.7937594056129456,-1.847713589668274,-3.3196675777435303,-4.985313415527344,4.020007610321045,9.738458633422852
CMR_0941,CMR,14961.44486849379,0.0637202188372612,0.0904299244284629,0.125051736831665,0.1556481271982193,0.1139933094382286,0.0650380849838256,-1.0495073795318604,-2.1182007789611816,-3.116599798202514,-4.455257892608643,4.82431173324585,9.660372734069824
CMR_0942,CMR,16716.58678017175,0.0592022016644477,0.1014424711465835,0.0820759385824203,0.0600799210369586,0.0566831938922405,0.0632176026701927,-0.9627275466918944,-0.1122516691684722,0.7622570395469666,0.8153433203697205,1.7665166854858398,4.723937034606934
CMR_0943,CMR,15981.634043343818,0.0223872307687997,0.0381324142217636,0.032357357442379,0.0136807598173618,0.0456638522446155,0.0614932179450988,-1.0290076732635498,-0.6081089377403259,0.0049046222120523,0.4170462191104889,1.696070671081543,4.609103202819824
CMR_0944,CMR,16075.859114772218,0.0553031638264656,0.0814098268747329,0.0610024631023407,0.0460943207144737,0.0416356474161148,0.057510357350111,-0.3171161413192749,-0.3974775075912475,-0.0212828125804662,0.7093421220779419,1.2700014114379885,4.176756858825684
CMR_0945,CMR,17013.005148999713,0.1475746780633926,0.1445339620113372,0.1062585785984993,0.0643953680992126,0.0421085469424724,0.0554467067122459,-0.3696893155574798,0.1507114171981811,0.7007113695144653,1.2983148097991943,1.2114746570587158,4.0955915451049805
CMR_0946,CMR,16394.36481882764,0.2251082360744476,0.1850923746824264,0.1158787086606025,0.0460325106978416,0.0404908470809459,0.0553726367652416,-0.1868336349725723,-0.2959707975387573,0.0228567048907279,0.8091011643409729,1.2257025241851809,4.171574592590332
CMR_0947,CMR,16811.907181827657,0.089365504682064,0.0452535785734653,0.0207406375557184,0.028760228306055,0.0442628376185894,0.0520893558859825,-0.8332768082618713,-1.1567617654800415,-1.0149009227752686,-0.0829411745071411,2.1259536743164062,5.103883266448975
CMR_0948,CMR,17222.915778771257,0.005723722744733,0.0349435769021511,0.0654971227049827,0.0701905936002731,0.0512962192296981,0.0497092269361019,0.0132445227354764,-0.140243262052536,-0.0554320253431797,1.012802243232727,1.0227115154266355,3.962266683578491
CMR_0949,CMR,18126.34653707865,0.0921581014990806,0.0903799310326576,0.0803921148180961,0.0767473429441452,0.0502486526966095,0.047944575548172,-1.5479320287704468,-2.0618038177490234,-1.990326881408692,-1.0660009384155271,3.387690544128418,6.611447334289551
CMR_0950,CMR,18555.35627698206,0.0357033759355545,0.0547323301434516,0.0374436005949974,0.0481559485197067,0.0448343530297279,0.0468103773891925,0.2330371588468551,0.6597938537597656,0.9396656155586244,1.918762445449829,0.7063195705413818,3.522784471511841
CMR_0951,CMR,18633.167748567485,0.0207226779311895,0.015487628057599,0.0251551996916532,0.0249844565987586,0.048087041825056,0.0484926179051399,-0.7936089634895325,-0.5858579874038696,-0.2642006278038025,0.6937645077705383,1.4214260578155518,4.540573596954346
CMR_0952,CMR,18089.451241150666,0.0972931459546089,0.1575884670019149,0.1053090542554855,0.0804067403078079,0.0568700656294822,0.0499294400215148,-0.2023452371358871,0.0961207449436187,0.4752617478370666,1.4902331829071045,0.8324825763702393,3.2847750186920166
CMR_0953,CMR,18185.4992115261,0.2258662730455398,0.1471033692359924,0.0809637829661369,0.0832296684384346,0.0579232275485992,0.0500609092414379,0.0174932423979043,0.2810977101325989,0.6522213220596313,1.6423578262329102,0.6875119209289551,3.151727199554444
CMR_0954,CMR,19145.119286305144,0.0747119486331939,0.1298219859600067,0.0977463126182556,0.0589811578392982,0.0518536977469921,0.0480689518153667,-0.4161441326141357,-0.0335375629365444,0.2631735801696777,1.132246494293213,1.023994207382202,4.312385559082031
CMR_0955,CMR,19325.4822280742,0.0570052787661552,0.0522120781242847,0.0600197836756706,0.0767360478639602,0.0558810718357563,0.0481592118740081,-0.3006226718425751,0.0452490746974945,0.3043030202388763,1.1339046955108645,0.8756179809570312,4.364353656768799
CMR_0956,CMR,18271.14716603273,0.2062736600637436,0.2204041481018066,0.1654664427042007,0.0975657775998115,0.0594960339367389,0.0503823347389698,-0.0035486600827425,0.1844153404235839,0.5637569427490234,1.5064202547073364,0.7868473529815674,3.22743558883667
CMR_0957,CMR,19133.937379063533,0.1815399825572967,0.1299298405647277,0.0624127238988876,0.0701973885297775,0.0585348531603813,0.0493648014962673,-0.5823045372962952,-0.4355382621288299,-0.199827641248703,0.6380210518836975,1.07224440574646,4.696502208709717
CMR_0958,CMR,18811.079057193747,0.1256903856992721,0.1609576940536499,0.1511687636375427,0.0844628363847732,0.0615468174219131,0.0505161210894584,-0.0296319816261529,-0.022755566984415,0.238456442952156,1.1029446125030518,0.7340123653411865,3.964815616607666
CMR_0959,CMR,20673.34862760881,0.0839890614151954,0.0719067379832267,0.0211718510836362,0.0859372168779373,0.0739250034093856,0.0525215715169906,-1.4782041311264038,-2.114519596099853,-2.4904980659484863,-2.188262224197388,3.0035438537597656,7.916289806365967
CMR_0960,CMR,20543.24668205576,0.5379253029823303,0.4217064678668976,0.2645517289638519,0.113600954413414,0.078299380838871,0.0539303161203861,-1.0633776187896729,-1.502429485321045,-1.762306571006775,-1.4931584596633911,2.2929821014404297,7.07038688659668
CMR_0961,CMR,19778.33399307339,0.0371195785701274,0.0455597154796123,0.0529951080679893,0.0615815483033657,0.0631241574883461,0.0543434470891952,0.1255273818969726,0.6487588286399841,1.1497052907943726,1.4184293746948242,0.3357915878295898,3.4882359504699707
CMR_0962,CMR,20263.16119250112,0.0373478978872299,0.0468269437551498,0.0806244015693664,0.112146757543087,0.0791345089673996,0.0554206855595111,0.3258405029773712,0.6928572058677673,0.8899418115615845,1.0879265069961548,0.5824027061462402,4.146132946014404
CMR_0963,CMR,20359.90192270989,0.1078605726361274,0.0985143110156059,0.0843653976917266,0.0803229734301567,0.0701876208186149,0.0557087436318397,0.04197983071208,0.5679677128791809,1.073450207710266,1.088818907737732,0.3820652961730957,3.9842236042022714
CMR_0964,CMR,20831.04319650817,0.1684993058443069,0.21809783577919,0.2190922349691391,0.134123682975769,0.0827674940228462,0.056251373142004,-0.2192979753017425,-0.0606204718351364,0.0513730123639106,0.0028662418480962,1.0007562637329102,5.4085774421691895
CMR_0965,CMR,20448.05972732469,0.0266296509653329,0.0363278463482856,0.0477160327136516,0.0752869844436645,0.0666386559605598,0.0557448491454124,-0.1414927691221237,0.3277970254421234,0.9108866453170776,0.8325355052947998,0.5420436859130859,4.204773426055908
CMR_0966,CMR,21212.36444178681,0.1578697711229324,0.1566443294286728,0.1482838541269302,0.1304278075695037,0.081278882920742,0.0561805479228496,-0.7932206392288208,-0.96097731590271,-1.0083643198013306,-1.1864043474197388,1.7416095733642578,6.770479679107666
CMR_0967,CMR,21221.403038174474,0.1577233672142028,0.1573720276355743,0.1458893120288849,0.1279390603303909,0.0813501104712486,0.0563288554549217,-0.8046518564224243,-0.9095090627670288,-0.8938191533088684,-1.10076904296875,1.6519551277160645,6.656375885009766
CMR_0968,CMR,20926.107673919043,0.2463681399822235,0.2606173455715179,0.1802467852830886,0.102033294737339,0.0759572461247444,0.0564899779856205,-0.2484824657440185,0.0678144916892051,0.4905368983745575,0.2650376558303833,0.903489589691162,5.002546787261963
CMR_0969,CMR,21776.38571315775,0.0607419461011886,0.0522109679877758,0.069845862686634,0.0967046469449997,0.0747138708829879,0.0560232624411582,-0.0519011877477169,-0.0426843501627445,0.0532417148351669,-0.4620856046676636,0.6906743049621582,6.133862495422363
CMR_0971,CMR,22453.45833028836,0.1826974004507064,0.1380450129508972,0.1029927209019661,0.0798242762684822,0.0783341228961944,0.0505520589649677,-0.9386832118034364,-0.5842337608337402,-0.3342634439468384,-1.4618879556655884,1.8774175643920896,6.912721157073975
CMR_0972,CMR,21873.51031291937,0.0742368623614311,0.100235030055046,0.1047452539205551,0.0881717354059219,0.0796360298991203,0.0488406121730804,-0.3785465359687805,0.2556299567222595,0.4126182198524475,-0.7449666857719421,1.1309638023376465,5.710529327392578
CMR_0973,CMR,22591.244135642944,0.2390129119157791,0.2207501381635666,0.1490131467580795,0.083000548183918,0.0798118859529495,0.0496885813772678,-0.8316289782524109,-0.4766056537628174,-0.2987436950206756,-1.47696053981781,1.891940116882324,6.973476409912109
CMR_0976,CMR,24557.207924918974,0.0559654459357261,0.1293982863426208,0.147123247385025,0.1568153947591781,0.0942090302705764,0.0528290830552578,-1.3168290853500366,-1.681341528892517,-2.636136770248413,-3.679435968399048,3.908609390258789,8.955321311950684
CMR_0977,CMR,25388.542757030275,0.3249864280223846,0.2956385016441345,0.2131706029176712,0.1712317317724228,0.1056154668331146,0.0607599318027496,-1.2012758255004885,-1.2505749464035034,-2.1793107986450195,-3.060709953308105,3.3171963691711426,8.761180877685547
CMR_0978,CMR,24820.96664359929,0.1825370043516159,0.2058053463697433,0.14221753180027,0.1370178312063217,0.1080954298377037,0.0597080551087856,-1.3328267335891724,-1.382152438163757,-2.026939392089844,-2.788179636001587,3.2812867164611816,8.018292427062988
CMR_0979,CMR,25033.53613084332,0.3172645568847656,0.2813916504383087,0.1446357816457748,0.1195355132222175,0.1124430745840072,0.0640362575650215,-1.4461630582809448,-1.4032018184661863,-1.829065561294556,-2.3632445335388184,3.0688610076904297,7.580077171325684
CMR_0980,CMR,25070.17235615903,0.272988885641098,0.206074520945549,0.1289121657609939,0.1082419827580452,0.1122605949640274,0.0656164959073066,-1.3188910484313965,-1.280974507331848,-1.555198073387146,-1.946354866027832,2.802811622619629,7.090521335601807
CMR_0981,CMR,25788.298558051905,0.1214970648288726,0.1153017953038215,0.1122132986783981,0.1097297221422195,0.1188194975256919,0.0713771730661392,-0.2700978517532348,0.0662061721086502,-0.1635681241750717,-0.3475264012813568,1.3791322708129885,5.848045825958252
CMR_0982,CMR,25318.99067596801,0.0682145431637764,0.0235087350010871,0.0702446326613426,0.0978152304887771,0.1104612275958061,0.0689793899655342,-1.7475121021270752,-1.7727926969528198,-1.7362635135650637,-1.74922776222229,3.0002336502075195,6.814497470855713
CMR_0983,CMR,25171.24349704406,0.1944206953048706,0.1882087290287017,0.141425535082817,0.0940850377082824,0.1068384498357772,0.0678168013691902,-0.8058574199676514,-0.8630092144012451,-0.7673366665840149,-0.7529925107955933,2.046588897705078,5.690728664398193
CMR_0984,CMR,25930.380285638374,0.0771350711584091,0.0709588006138801,0.0735989138484001,0.0987628623843193,0.1176866218447685,0.0730809643864631,-0.3510430455207824,-0.0728539675474166,-0.1064629554748535,-0.0505476891994476,1.351790428161621,5.50287675857544
CMR_0985,CMR,25463.57539372957,0.155379056930542,0.1385663300752639,0.1052577346563339,0.1021051630377769,0.1081510335206985,0.0698096305131912,-1.5679717063903809,-1.634503960609436,-1.4188966751098633,-1.1838523149490356,2.718589782714844,6.191339492797852
CMR_0987,CMR,25702.21861987069,0.548861563205719,0.2921968400478363,0.1529011726379394,0.1144042909145355,0.1066481545567512,0.0702451169490814,-1.4435056447982788,-1.4677257537841797,-1.0833683013916016,-0.5761595964431763,2.461368560791016,5.575324535369873
CMR_0988,CMR,26106.709961060413,0.3063555955886841,0.2707579731941223,0.2414328604936599,0.1380816996097564,0.0993019714951515,0.0673450678586959,-0.5691975355148315,-0.327184796333313,0.3820770382881164,1.4194087982177734,1.375418186187744,3.504615068435669
CMR_0990,CMR,26256.19411172658,0.4132701456546783,0.3042599558830261,0.2341148853302002,0.1384542733430862,0.0977351441979408,0.066777616739273,-0.6433679461479187,-0.2787137329578399,0.4862411618232727,1.6322239637374878,1.4334814548492432,3.321409225463867
CMR_0991,CMR,25892.60234533001,0.1404184401035308,0.1391538381576538,0.1159631982445716,0.1143796145915985,0.0898329094052314,0.0618689469993114,-0.4520836770534515,-0.2893832623958587,0.535720944404602,1.7136379480361938,1.1956908702850342,2.9000747203826904
CMR_0992,CMR,25999.58920604823,0.1854015737771988,0.2282034158706665,0.1821471005678177,0.1215754449367523,0.0899474620819091,0.0621268451213836,-1.1237714290618896,-0.9005827903747559,-0.0510516054928302,1.1767985820770264,1.884495496749878,3.4864983558654785
CMR_0993,CMR,27192.404978707506,0.1482340544462204,0.1228354573249816,0.0922826156020164,0.062978371977806,0.0627915039658546,0.0527179613709449,0.101386159658432,0.7478200793266296,1.8670731782913208,3.84385347366333,0.4916987419128418,1.0428754091262815
CMR_0994,CMR,27127.01130989908,0.0922325104475021,0.0700565353035926,0.0724080204963684,0.0460167899727821,0.0549590326845645,0.0479835160076618,0.0816949754953384,0.7265223860740662,1.910526752471924,3.985918045043945,0.4445257186889648,0.7146425247192383
CMR_0995,CMR,27792.635956024445,0.0314257405698299,0.0103504601866006,0.0281101465225219,0.0515169985592365,0.0523444898426532,0.0516785532236099,-0.1394975930452346,0.1539026200771331,1.1978639364242554,3.3000800609588623,0.5461840629577637,1.8413140773773196
CMR_0996,CMR,27902.6494739636,0.0180697161704301,0.0471430271863937,0.0057596750557422,0.043074145913124,0.0500163435935974,0.0519932247698307,-0.1023935005068779,0.166459172964096,1.201869010925293,3.305856943130493,0.580916166305542,1.901112914085388
CMR_0997,CMR,28132.00852249076,0.1257452070713043,0.0817423313856124,0.033021442592144,0.0302595179527997,0.0434742160141468,0.0501952692866325,-0.0904591679573059,0.1230151355266571,1.136004090309143,3.308504819869995,0.5865240097045898,1.9362114667892456
CMR_0998,CMR,28005.115564401825,0.0416892990469932,0.0159401781857013,0.026009976863861,0.0441262051463127,0.0460580959916114,0.0486038029193878,-0.3423822820186615,-0.1545521020889282,0.8582267761230469,3.064800262451172,0.7334017753601074,2.059053659439087
CMR_0999,CMR,28360.939792951343,0.0352287963032722,0.0471953637897968,0.0561402440071105,0.056645069271326,0.0452149510383605,0.0422099754214286,-0.2966345548629761,-0.3163736164569855,0.5534862875938416,2.9392104148864746,0.7430593967437744,2.040393829345703
CMR_1000,CMR,28675.295617435284,0.0274182949215173,0.0360893681645393,0.0492121912539005,0.0543014295399189,0.0460531711578369,0.04155008867383,-0.3277807831764221,-0.425160139799118,0.3193288147449493,2.733157157897949,0.8325622081756592,2.276271343231201
CMR_1001,CMR,28671.229224663643,0.0497014634311199,0.0506620071828365,0.0585137419402599,0.0603910014033317,0.0483601279556751,0.0403503887355327,-0.2254219800233841,-0.3135866224765777,0.4038282036781311,2.840991497039795,0.7232553958892822,2.094146490097046
CMR_1002,CMR,29152.248604168737,0.0440722554922103,0.097030870616436,0.0896873623132705,0.0700526535511016,0.0574907548725605,0.0376217924058437,-0.1448762565851211,-0.0888276696205139,0.3133472204208374,2.770232677459717,0.7079312801361084,1.908390998840332
CRR_1451,CRR,32537.175086232543,0.0974218323826789,0.0949430167675018,0.0755063518881797,0.0448578298091888,0.0369218066334724,0.0403506495058536,-0.5432155132293701,0.00521767931059,1.502124309539795,3.74024510383606,0.9740800857543944,203.5619964599609
CRR_1452,CRR,32872.29150817637,0.232732206583023,0.1904783248901367,0.1156881749629974,0.0543474592268466,0.0415664613246917,0.0457884967327117,-0.2891261577606201,0.286094605922699,1.884799122810364,3.9589805603027344,0.951889991760254,203.51046752929688
CRR_1454,CRR,33061.13453521383,0.0917002856731414,0.1731975227594375,0.1211029961705207,0.0575628392398357,0.0462164543569088,0.0492802374064922,-0.6426405310630798,-0.0749148279428482,1.5608391761779783,3.5210120677948,1.3647747039794922,204.0396423339844
CRR_1455,CRR,33871.18186877373,0.1376847028732299,0.1396169960498809,0.1210914775729179,0.0848853215575218,0.0752105414867401,0.0595450885593891,-0.3657755851745605,0.0874859988689422,1.5829397439956665,3.1768174171447754,0.9140100479125975,204.72698974609372
CRR_1456,CRR,34148.67185289786,0.1131255030632019,0.1040352955460548,0.1262648105621338,0.1403548121452331,0.1198229044675827,0.0807183161377906,-1.7018954753875732,-1.2631912231445312,-0.0990827456116676,0.0454357415437698,2.526369094848633,208.1034393310547
CMR_1006,CMR,139.68983043325534,0.0125260697677731,0.0075170663185417,0.0127296643331646,0.002562625799328,0.0087726721540093,,-0.2873861789703369,-0.3339274525642395,,,0.2336044311523437,0.3356008529663086
CMR_1007,CMR,155.8851474281095,0.0221602097153663,0.0418441854417324,0.0497201681137084,0.0110782105475664,0.0090467985719442,0.0111918523907661,-0.2759389281272888,-0.2767901122570038,-0.0932446420192718,,0.3642868995666504,0.4435493946075439
CMR_1008,CMR,65.0144044738755,0.0556017309427261,0.0382426865398883,0.0247351396828889,0.0074304994195699,0.0102851344272494,0.0120374001562595,-0.2523947358131408,-0.1283604055643081,0.0991125851869583,,0.4745368957519531,0.4904534816741943
CMR_1009,CMR,266.1148727064726,0.0429429300129413,0.0105450116097927,0.0323573686182498,0.0075420578941702,0.0130148455500602,0.013003789819777,-0.0849991142749786,0.0233302619308233,0.3022452592849731,,0.3843473196029663,0.390608549118042
CMR_1010,CMR,554.700522701183,0.0305843614041805,0.0359221659600734,0.0310615077614784,0.0186785832047462,0.0154558112844824,0.0143691403791308,-0.7273573279380798,-0.634143590927124,-0.2333585619926452,,1.029905080795288,1.0480830669403076
CMR_1011,CMR,563.5098188451477,0.0104854479432106,0.0321076586842536,0.0418720729649066,0.0114546967670321,0.0129434783011674,0.0127857532352209,-0.9212235808372498,-0.9384139180183412,-0.7452293634414673,,1.288565158843994,1.3164242506027222
CMR_1012,CMR,792.3442753160942,0.089820995926857,0.1042893081903457,0.0738053321838378,0.0250005647540092,0.0181789807975292,0.0161386653780937,-0.3268767595291137,-0.1428031027317047,0.312555193901062,1.8616899251937864,0.7622807025909424,0.7657058238983154
CMR_1013,CMR,683.0115224497092,0.089707925915718,0.131377562880516,0.0980450734496116,0.0269337818026542,0.0163703355938196,0.0151086766272783,-0.2490682601928711,-0.1510931402444839,0.0909673944115638,,0.925727367401123,0.9200305938720704
CMR_1014,CMR,883.6415307400507,0.0522068217396736,0.0593508370220661,0.0405741110444068,0.0237837936729192,0.0197912082076072,0.0161956548690795,-0.4104972779750824,-0.3160450160503387,0.0159485451877117,1.4663689136505127,1.0374889373779297,1.0335776805877686
CMR_1015,CMR,1433.3894187595909,0.0773883983492851,0.0325227789580822,0.0095283109694719,0.0331027098000049,0.027422672137618,0.0191631708294153,-0.4453417658805847,-0.4254937469959259,-0.2044346183538437,1.162272334098816,1.2231992483139038,1.1780859231948853
CMR_1016,CMR,2169.810828109288,0.0862194299697876,0.0749351158738136,0.0614778585731983,0.0479042828083038,0.0409228466451168,0.0230231098830699,-0.3298719525337219,-0.1464590430259704,0.06278707832098,1.436937689781189,0.9720091819763184,0.9045218229293824
CMR_1017,CMR,2271.175509104471,0.0192365515977144,0.0340092256665229,0.0434191077947616,0.0431027263402938,0.0417848601937294,0.0234824791550636,-0.4517485499382019,-0.2761819660663605,-0.1431316584348678,1.1893880367279053,1.1148830652236938,1.0436614751815796
CMR_1018,CMR,2263.888960178174,0.022492192685604,0.0524740256369113,0.060755155980587,0.0398165844380855,0.0375786311924457,0.0227573774755001,-1.0580183267593384,-1.3564114570617676,-1.3302462100982666,-0.1013906151056289,2.2121012210845947,2.174492359161377
CMR_1019,CMR,2866.286756843181,0.0498120561242103,0.0365158021450042,0.0619354620575904,0.0678490474820137,0.0435865297913551,0.0260820761322975,0.0726323574781417,0.1213582828640937,-0.0388262420892715,1.1505184173583984,0.9574745893478394,0.932660698890686
CMR_1021,CMR,3939.89136205214,0.0994032025337219,0.0383420251309871,0.0478877648711204,0.0314999483525753,0.028773134574294,0.0282482337206602,-0.1275294721126556,-0.1455729007720947,-0.3634979426860809,0.7607959508895874,1.4695647954940796,1.4867390394210815
CMR_1022,CMR,3865.451858888494,0.05225046351552,0.0634266808629036,0.104149080812931,0.0682325810194015,0.0337114408612251,0.0293103829026222,-0.6049163937568665,-1.086402177810669,-1.4847835302352903,-0.4661467969417572,2.502100944519043,2.6241564750671387
CMR_1023,CMR,3435.2293678301385,0.1041418462991714,0.1630479544401168,0.1582210808992386,0.1124160140752792,0.0583433210849761,0.0328871123492717,-0.2662456929683685,-0.2629273533821106,-0.3388752937316894,0.6352386474609375,1.4604755640029907,1.6328771114349363
CMR_1024,CMR,4478.444290256343,0.2221228033304214,0.1501035988330841,0.0895543098449707,0.0654839128255844,0.0271356366574764,0.0298485867679119,-0.152979776263237,-0.2938374280929565,-0.581721305847168,0.3855120539665222,1.7024271488189695,1.8721251487731931
CMR_1025,CMR,4874.815785017142,0.1061441749334335,0.0788281038403511,0.0543073713779449,0.0216506775468587,0.0297045372426509,0.0334495194256305,-0.9932151436805724,-1.5840061902999878,-1.9941716194152832,-1.2240550518035889,3.0416200160980225,3.5901992321014404
CMR_1026,CMR,4795.678752423281,0.0928954929113388,0.1005789786577224,0.0917041078209877,0.0448705404996871,0.0350063256919384,0.0345524847507476,-1.021829605102539,-1.5673741102218628,-1.9775031805038448,-1.2407474517822266,2.9793379306793213,3.630635976791382
CMR_1027,CMR,4525.510732864503,0.1085052266716957,0.0936882272362709,0.1008997112512588,0.0982954129576683,0.0505889765918254,0.0370639339089393,-0.287318080663681,-0.3466238677501678,-0.6622717976570129,0.0561563298106193,1.5876989364624023,2.3756649494171143
CMR_1030,CMR,5613.321705340791,0.1231633350253105,0.1533630788326263,0.0989954695105552,0.0417609885334968,0.0359977781772613,0.0361445471644401,-1.2357277870178225,-1.7740809917449951,-2.1328279972076416,-1.5274659395217896,3.1710355281829834,4.079148769378662
CMR_1033,CMR,5772.88110000185,0.0177917703986167,0.0432944223284721,0.0556705221533775,0.0530900098383426,0.0417677275836467,0.04157230630517,-0.1280935853719711,-0.0582399182021617,-0.4963101744651794,-0.1088837757706642,1.312503695487976,2.848168134689331
CMR_1034,CMR,6812.824507774897,0.0960631445050239,0.0894210711121559,0.0859158337116241,0.0746250599622726,0.0427702814340591,0.0448566824197769,-0.2900780141353607,-0.3135546743869781,-0.7067948579788208,-0.5905482172966003,1.2681950330734253,3.612059831619263
CMR_1035,CMR,6497.567733379387,0.0608532465994358,0.0887014493346214,0.0877411812543869,0.0503576584160327,0.0446271672844886,0.0465636067092418,-0.0562898963689804,0.266947478055954,-0.205899104475975,-0.0921122431755065,0.6370012760162354,3.134661197662353
CMR_1036,CMR,7072.330867889186,0.2015013098716735,0.1247901543974876,0.1061000451445579,0.0691533163189888,0.0444664768874645,0.0455520078539848,-0.4829081594944,-0.6840947866439819,-1.049998760223389,-0.9739754796028136,1.7127801179885864,4.051381587982178
CMR_1037,CMR,7194.085961179225,0.0225131530314683,0.0693903863430023,0.1432163417339325,0.0560481622815132,0.045581828802824,0.0458180084824562,-0.5566054582595825,-0.8663159608840942,-1.2082815170288086,-1.1316843032836914,1.951495051383972,4.225383758544922
CMR_1038,CMR,6873.0525962263855,0.1189453303813934,0.1029854044318199,0.0906653776764869,0.0562533736228942,0.0467461124062538,0.0476616322994232,-0.0716047286987304,0.1975665539503097,-0.2726058661937713,-0.276678055524826,0.7707552909851074,3.436795711517334
CMR_1039,CMR,7268.381319466238,0.0319879688322544,0.1168926954269409,0.1134456545114517,0.0733914598822593,0.0494098514318466,0.0481400974094867,-0.4492594301700592,-0.3289941251277923,-0.7743372321128845,-0.8831870555877686,1.390394687652588,4.140761375427246
CMR_1040,CMR,6710.027316251023,0.4298511743545532,0.3388350009918213,0.2320598661899566,0.0683929845690727,0.0479958951473236,0.0516110137104988,-0.3433190882205963,-0.4274523556232452,-1.0539240837097168,-1.0004143714904783,1.5553748607635498,4.237351417541504
CMR_1041,CMR,7696.011070682022,0.2111238241195678,0.2226135432720184,0.1864794939756393,0.0805112943053245,0.0540010519325733,0.0491586178541183,-0.3146785795688629,-0.3865917325019836,-0.8337528705596924,-1.0591696500778198,1.30458664894104,4.442005157470703
CMR_1042,CMR,8293.458620039737,0.2120714783668518,0.1230116263031959,0.0799580141901969,0.0706076547503471,0.0624834448099136,0.0506503283977508,-1.3989447355270386,-1.7421159744262695,-2.215483427047729,-2.5643625259399414,2.512906789779663,6.108788013458252
CMR_1043,CMR,8241.830987305446,0.1702924817800521,0.2439408898353576,0.1828425377607345,0.0767286941409111,0.0611077174544334,0.050574917346239,-1.0311588048934937,-1.3036108016967771,-1.8018854856491089,-2.1794216632843018,2.0055174827575684,5.739521503448486
CMR_1044,CMR,8542.532956979941,0.3334067165851593,0.2286561280488968,0.1212367936968803,0.0770581066608429,0.0662079080939292,0.0513789877295494,-1.2003499269485474,-1.5892362594604492,-2.0970253944396973,-2.4985060691833496,2.403632164001465,6.121134281158447
CMR_1045,CMR,8461.96020572811,0.251969575881958,0.1947776079177856,0.1150995790958404,0.0735921412706375,0.064021497964859,0.0510811731219291,-1.368707537651062,-1.717979907989502,-2.246224403381348,-2.675790548324585,2.4192473888397217,6.304205417633057
CMR_1046,CMR,7943.430020137954,0.026960153132677,0.0867452174425125,0.0906820148229599,0.0585677661001682,0.0547240301966667,0.0521525517106056,-0.1014247983694076,0.2047934681177139,-0.3824100196361542,-0.7429451942443848,0.7971231937408447,4.325210571289063
CMR_1047,CMR,8951.674273041133,0.0636613965034484,0.0509022250771522,0.0703147873282432,0.0781894102692604,0.0609844140708446,0.0561227165162563,-0.0337154567241668,-0.0118395704776048,-0.7135452032089233,-1.360244870185852,0.9833850860595704,5.362778186798096
CMR_1048,CMR,9434.034110068716,0.1428786218166351,0.2008842229843139,0.1759480386972427,0.0672905221581459,0.0653405785560607,0.0581970140337944,-0.4256550371646881,-0.7757406830787659,-1.4321882724761963,-2.1931421756744385,1.7500810623168943,6.397780895233154
CMR_1049,CMR,10584.701875097006,0.1659018546342849,0.1220060735940933,0.0872065275907516,0.1004204899072647,0.0784453526139259,0.0647764727473259,-0.5909939408302307,-0.4098477363586426,-0.2665934562683105,-1.284996509552002,1.1917085647583008,5.951391220092773
CMR_1050,CMR,10605.015580054494,0.0822954922914505,0.0781947076320648,0.0741371884942054,0.0895751044154167,0.0785064622759819,0.0659707114100456,-0.5282328128814697,-0.2562457025051117,0.0296322889626026,-0.958651065826416,0.982576847076416,5.626866817474365
CMR_1051,CMR,10571.647711491432,0.1427098661661148,0.1168873384594917,0.0954325050115585,0.0843304768204689,0.0786391198635101,0.0670401901006698,-0.3245333731174469,-0.0055884029716253,0.4114976227283478,-0.5097231864929199,0.6773467063903809,5.150925159454346
CMR_1052,CMR,10655.4994642135,0.0425627790391445,0.0803130492568016,0.0794195532798767,0.080250971019268,0.0780509710311889,0.0674341544508934,-0.3902861177921295,-0.058660939335823,0.4220277070999145,-0.5279741883277893,0.7261199951171875,5.195990562438965
CMR_1053,CMR,10618.29948199128,0.1808407753705978,0.1298996657133102,0.0933612510561943,0.0806449800729751,0.0780953988432884,0.0677719488739967,-0.4724937081336975,-0.135381668806076,0.3931031823158264,-0.5194201469421387,0.7863693237304688,5.167637348175049
CMR_1055,CMR,11579.082157467335,0.1537244319915771,0.038708072155714,0.0437677465379238,0.0597710199654102,0.0727614685893058,0.0625713318586349,-0.7587336897850037,-0.2755598723888397,-0.0249246824532747,-1.542467713356018,1.2036919593811035,6.60738468170166
CMR_1056,CMR,11180.207583258516,0.0460830256342887,0.0597769021987915,0.0722965151071548,0.0773269236087799,0.0805258452892303,0.0684797093272209,-0.2003377825021743,0.1297991126775741,0.750068187713623,-0.4510970711708069,0.7467150688171387,5.292375564575195
CMR_1057,CMR,11401.188686147663,0.1731635332107544,0.1171655803918838,0.0769497081637382,0.0870015546679496,0.0922436714172363,0.0692398101091384,-0.8521791100502014,-0.4466459453105926,0.2222443372011184,-1.047755241394043,1.4723000526428225,5.894604682922363
CMR_1059,CMR,15505.040947380863,0.2677732110023498,0.3108736276626587,0.3236033320426941,0.1782371401786804,0.0921897292137146,0.0481094531714916,-1.1248252391815186,-1.3099496364593506,-2.263589382171631,-4.479880809783936,4.102751731872559,10.682794570922852
CMR_1060,CMR,15800.771148504611,0.3344415724277496,0.2995487749576568,0.2410657703876495,0.1764541864395141,0.1088510006666183,0.0548358261585235,-0.4501402080059051,-0.0475445054471492,-0.5817909836769104,-2.56406044960022,2.590658664703369,8.778029441833496
CMR_1061,CMR,15651.204580977608,0.2887710630893707,0.2539071142673492,0.2185762971639633,0.1609488725662231,0.1068218201398849,0.0597056485712528,0.6429378390312195,1.1546940803527832,0.7068543434143066,-1.0603351593017578,1.393129825592041,7.025405406951904
CMR_1062,CMR,15850.227033406009,0.5152277946472168,0.3412633538246155,0.2204087078571319,0.1658453792333603,0.1108957231044769,0.0576417818665504,-0.6339805126190186,-0.0734543874859809,-0.4533456861972809,-2.322216987609864,2.533090114593506,8.485929489135742
CMR_1063,CMR,15364.785758552796,0.1098189577460289,0.1418456435203552,0.1815684735774994,0.158228725194931,0.1078779324889183,0.0634524375200271,-1.4328536987304688,-2.0885584354400635,-2.852858781814575,-4.335360527038574,4.822444438934326,9.882817268371582
CMR_1064,CMR,15647.973570020782,0.5934370756149292,0.4796169400215149,0.2683771848678589,0.1527809351682663,0.1118707880377769,0.0644997507333755,-0.5446153283119202,-0.6350725293159485,-1.0458091497421265,-2.4637277126312256,3.1055908203125,8.157103538513184
CMR_1065,CMR,15847.563614563964,0.6692256927490234,0.4701996147632599,0.2354686111211776,0.1311633586883545,0.1127323508262634,0.0654638335108757,-0.6328028440475464,-0.4323398768901825,-0.5844199657440186,-1.9235600233078003,2.8116021156311035,7.699828624725342
CMR_1066,CMR,15972.765339147289,0.314780592918396,0.2826245725154876,0.1684206128120422,0.1189659386873245,0.1122921034693718,0.0662407502532005,-1.0040254592895508,-0.718403697013855,-0.7068791389465332,-1.964865565299988,3.0418925285339355,7.77297306060791
CMR_1067,CMR,17727.127491692954,0.1292749941349029,0.0754584670066833,0.0361786596477031,0.0581104084849357,0.0772233754396438,0.0683346837759018,0.067554585635662,0.7755926847457886,1.8212698698043823,1.3635448217391968,0.6462268829345703,5.057623386383057
CMR_1068,CMR,18211.01015547665,0.1644068509340286,0.1461359709501266,0.0871344804763794,0.0518621392548084,0.0737475752830505,0.0679692178964614,-0.3835042715072632,0.4462275207042694,1.4186636209487915,1.1096280813217163,1.128715991973877,5.48450231552124
CMR_1069,CMR,17966.3671719229,0.055979486554861,0.0546695441007614,0.0587712898850441,0.0590714998543262,0.0484915114939212,0.0613218136131763,-0.2379201352596283,0.074600726366043,0.9312507510185242,1.1139326095581057,0.8578262329101562,4.969765663146973
CMR_1070,CMR,18421.8029206338,0.0584105439484119,0.061282891780138,0.0571440197527408,0.039518803358078,0.0538341626524925,0.0641695633530616,-0.1367367804050445,0.3934245407581329,1.2520722150802612,1.2959812879562378,0.652611255645752,5.1460041999816895
CMR_1071,CMR,17908.872628147517,0.055316612124443,0.0711288452148437,0.0919378250837326,0.0931026637554168,0.050361905246973,0.0568143501877784,-0.3789434432983398,-0.2611870765686035,0.3385080695152282,0.787743330001831,1.244114875793457,5.117995262145996
CMR_1072,CMR,17804.716250173573,0.0284979399293661,0.0362083427608013,0.0909114032983779,0.1037062481045723,0.0513644888997077,0.0545588470995426,-0.2186310291290283,-0.1375622302293777,0.3263534605503082,0.901536464691162,1.2066659927368164,4.875129222869873
CMR_1073,CMR,18275.94017365625,0.054372489452362,0.1075394526124,0.1040319874882698,0.0810767635703086,0.0505010448396205,0.0567600205540657,-0.6264437437057495,-0.707984447479248,-0.200409322977066,0.2581672668457031,1.5794758796691897,5.810851573944092
CMR_1074,CMR,19135.66796485957,0.0334588512778282,0.0396007187664508,0.0435289405286312,0.0646776184439659,0.0466669797897338,0.0575836934149265,0.0092803603038191,-0.0808444544672966,0.2684312760829925,0.7151338458061218,0.818641185760498,5.752626895904541
CMR_1075,CMR,18789.092380466733,0.057089764624834,0.0611582398414611,0.057657029479742,0.0569594874978065,0.046966690570116,0.0525327622890472,-1.1498572826385498,-1.7191410064697266,-1.5724269151687622,-0.9151544570922852,2.609336853027344,7.076249122619629
CMR_1076,CMR,18873.161207086032,0.1062684580683708,0.1069162413477897,0.0912515446543693,0.0853572115302085,0.0508923046290874,0.0472763963043689,-1.2924411296844482,-1.91033399105072,-1.858900785446167,-1.0023094415664673,3.040582656860352,6.968640327453613
CMR_1077,CMR,18740.081092736185,0.1759790182113647,0.1461813896894455,0.1150650903582573,0.0972543954849243,0.0515984557569026,0.0469553619623184,-1.1554312705993652,-1.697857141494751,-1.6294552087783811,-0.7450997233390808,2.9382991790771484,6.604099273681641
CMR_1078,CMR,19481.175853448323,0.1172688156366348,0.0312212090939283,0.0331564880907535,0.0588710568845272,0.0470171272754669,0.048525147140026,-1.0144400596618652,-1.6113625764846802,-1.5508581399917605,-0.7746526002883911,2.384798526763916,7.124028205871582
CMR_1079,CMR,19257.842351267784,0.1448529809713363,0.2126050293445587,0.2406231760978698,0.1340140849351883,0.0518027730286121,0.0450201109051704,-0.5160304307937622,-0.4667275846004486,-0.281306505203247,0.613296389579773,1.7124128341674805,5.411407470703125
CMR_1080,CMR,19854.843955249533,0.2033454924821853,0.2088095247745514,0.2319643050432205,0.1187214702367782,0.0505522601306438,0.0451776757836341,-0.4297690093517303,-0.6702497005462646,-0.4853489995002746,0.3574100136756897,1.368344783782959,6.047245025634766
CMR_1081,CMR,20311.11582974614,0.1029941216111183,0.1274137943983078,0.1299152672290802,0.1051528826355934,0.0500616990029811,0.0448112599551677,-1.2065913677215576,-1.457982063293457,-1.187433123588562,-0.3569809794425964,2.0564074516296387,6.995153903961182
CMR_1082,CMR,19805.991591175083,0.1372660249471664,0.1676579713821411,0.1509194374084472,0.0684817358851432,0.0401991493999958,0.0433288253843784,-0.2647777795791626,0.4493108093738556,0.8659220337867737,1.72671639919281,0.8571646213531494,4.261631965637207
CMR_1083,CMR,19780.518843793245,0.2991988658905029,0.2745372056961059,0.1790196597576141,0.1025096625089645,0.052125085145235,0.0454069375991821,-0.1679953187704086,0.3005647659301758,0.6128512620925903,1.4194267988204956,0.849149227142334,4.4012861251831055
CMR_1084,CMR,21165.80590709055,0.0431069433689117,0.031722504645586,0.0199256148189306,0.0126734441146254,0.0202137399464845,0.0373864658176898,0.2428773492574691,0.8661790490150452,1.5384680032730105,2.400930404663086,0.4158000946044922,4.345667362213135
CMR_1085,CMR,19836.647625744867,0.2348491847515106,0.2157908231019973,0.1617096662521362,0.1133139878511428,0.0609830021858215,0.0468547232449054,-0.260253369808197,-0.0210457704961299,0.1742391139268875,0.9271819591522216,0.9045791625976562,4.821155071258545
CMR_1086,CMR,20935.47159686454,0.268189787864685,0.2173789590597152,0.1520655006170272,0.0856642574071884,0.0434657782316207,0.0397211052477359,-0.4641582369804382,-0.2194238305091858,0.1893376559019088,0.9488970041275024,1.2587966918945312,5.502394199371338
CMR_1087,CMR,20849.511603993684,0.0981479510664939,0.1164147108793258,0.114019326865673,0.0932359620928764,0.0540538132190704,0.0414804928004741,-0.3350998163223266,-0.2653046548366546,-0.0088920574635267,0.6955750584602356,1.217872142791748,5.633307933807373
CMR_1088,CMR,20420.39022454111,0.1343809366226196,0.1272625178098678,0.1153655052185058,0.1071799397468566,0.0707265436649322,0.0479174591600894,-0.9532073140144348,-1.2687896490097046,-1.3894891738891602,-0.8181107044219971,2.1291279792785645,6.703028678894043
CMR_1089,CMR,20547.894850584547,0.0546904429793357,0.0539396367967128,0.0583502054214477,0.0991471111774444,0.0709354877471923,0.0481442920863628,-0.9141474366188048,-1.3065185546875,-1.4992647171020508,-0.9730623960494996,2.231318473815918,6.892308712005615
CMR_1090,CMR,21591.54073018096,0.0787396803498268,0.07937803119421,0.0815519317984581,0.0914125964045524,0.0605099238455295,0.0401955433189868,-0.7139408588409424,-0.8319407105445862,-0.6264589428901672,-0.017747726291418,2.0995335578918457,6.642830848693848
CMR_1091,CMR,21731.32455555346,0.0735694840550422,0.0746809467673301,0.0786199048161506,0.0979691222310066,0.0593264363706111,0.0392946787178516,-0.848890483379364,-0.9045149683952332,-0.6129672527313232,0.0156464129686355,2.2276453971862797,6.697768688201904
CMR_1092,CMR,21110.07105792092,0.1447463482618332,0.1638785600662231,0.1259312480688095,0.0737710148096084,0.0656841248273849,0.0496906377375125,-0.3295745849609375,-0.9094835519790648,-1.3922818899154663,-1.1033519506454468,2.138739109039306,7.142430305480957
CMR_1093,CMR,21341.89044365193,0.2285495847463607,0.2531079649925232,0.154117926955223,0.0803816020488739,0.0660457834601402,0.0531011223793029,-1.0476768016815186,-1.799301266670227,-2.3339054584503174,-2.315147399902344,2.9716029167175293,8.240945816040039
CMR_1094,CMR,22605.93313609255,0.1056487187743187,0.1183505803346633,0.1042779088020324,0.094283826649189,0.0637049973011016,0.0443907715380191,-0.9545134902000428,-1.4111876487731934,-1.646639108657837,-1.4399758577346802,3.1814351081848145,8.297232627868652
CMR_1095,CMR,21837.5535115488,0.0630039200186729,0.0871970504522323,0.0837234482169151,0.0627852901816368,0.060830645263195,0.0535973981022834,-1.1619606018066406,-1.871549367904663,-2.370354652404785,-2.6093032360076904,3.09804630279541,8.641497611999512
CMR_1096,CMR,22023.86186145021,0.0416342392563819,0.0559122897684574,0.0790874660015106,0.0532480329275131,0.057161159813404,0.0532650016248226,-1.1066131591796875,-1.738909363746643,-2.2369306087493896,-2.545980930328369,3.0148696899414062,8.651477813720703
CMR_1097,CMR,22853.60531633973,0.2448996007442474,0.2469672858715057,0.1667719930410385,0.0602044537663459,0.0408107675611972,0.0503442361950874,-0.4356870651245117,-0.7346234917640686,-1.2424156665802002,-1.69220769405365,2.3254408836364746,8.24730396270752
CMR_1098,CMR,23145.402697863014,0.0993694514036178,0.1577663719654083,0.1643789112567901,0.0730621889233589,0.0425451248884201,0.0503628179430961,0.1314911991357803,0.1108816266059875,-0.2944340109825134,-0.9393954873085022,1.3768792152404783,7.530860424041748
CMR_1099,CMR,23474.253738301097,0.3730273246765136,0.3095975518226623,0.2176476716995239,0.0722154751420021,0.0385128520429134,0.0491995066404342,-0.8583974838256836,-1.1966352462768557,-1.6092413663864136,-2.2042508125305176,2.828174591064453,9.033065795898438
CMR_1100,CMR,23127.65876880489,0.255336582660675,0.1763916611671447,0.0993896797299385,0.048692263662815,0.0569421201944351,0.0513155609369277,-0.3783445060253143,-0.1879185736179351,-0.3231563866138458,-1.2759310007095337,1.2480645179748535,7.557362079620361
CMR_1101,CMR,23294.228083873128,0.2761459946632385,0.1976029127836227,0.1136897057294845,0.0550011992454528,0.0566693842411041,0.0504918508231639,-0.4343520402908325,-0.2350929379463195,-0.3730853497982025,-1.3942042589187622,1.308772087097168,7.730998992919922
CMR_1102,CMR,23413.851549426272,0.3865021765232086,0.2681908309459686,0.1459045559167862,0.0930181965231895,0.07785564661026,0.0464909821748733,0.3318131268024444,0.8304033875465393,0.6590061187744141,-0.692626416683197,0.868593692779541,6.628573417663574
CMR_1103,CMR,24306.37460201635,0.2197755128145218,0.1812098771333694,0.1710478365421295,0.1263354569673538,0.0688428506255149,0.0403410829603672,-0.1932435929775238,-0.2321110367774963,-1.0255147218704224,-2.5785582065582275,1.773024559020996,8.732609748840332
CMR_1104,CMR,25712.83581008473,0.2534597814083099,0.2422813475131988,0.1885334253311157,0.0489921234548091,0.0345519371330738,0.0462040789425373,-0.7930883765220642,-1.7339779138565063,-3.064368486404419,-4.5570173263549805,3.382473945617676,11.134745597839355
CMR_1105,CMR,26079.4810811772,0.3487460613250732,0.3926477432250976,0.235020026564598,0.0551793873310089,0.0343267768621444,0.0473066791892051,-0.892113983631134,-1.8251217603683472,-3.0948171615600586,-4.598634719848633,3.980844497680664,11.431912422180176
CMR_1106,CMR,26021.099569765007,0.1539569795131683,0.14894999563694,0.1824107617139816,0.1396767050027847,0.0850554853677749,0.0586856380105018,-1.1041299104690552,-2.0098862648010254,-3.249044418334961,-4.377542972564697,4.270850658416748,10.708643913269045
CMR_1107,CMR,25970.0648784609,0.3978630602359772,0.3279284536838531,0.2599200308322906,0.1558613777160644,0.090097039937973,0.0595257990062236,-0.9350532293319702,-1.705195069313049,-2.9093034267425537,-3.991525888442993,3.947845935821533,10.244933128356934
CMR_1108,CMR,26462.139634456213,0.2221304774284362,0.2290256917476654,0.2085779160261154,0.1447985619306564,0.0887590050697326,0.0614382959902286,-0.6684462428092957,-1.5439207553863523,-2.7017831802368164,-3.8126049041748047,3.9580774307250977,10.432452201843262
CMR_1109,CMR,26149.97751812517,0.0959213301539421,0.1312750726938247,0.1794014722108841,0.1569309681653976,0.095924288034439,0.061764795333147,-1.2163318395614624,-1.9979145526885984,-3.142772436141968,-4.166252136230469,4.252173900604248,10.486600875854492
CMR_1110,CMR,26601.173205933406,0.3310993611812591,0.3131150603294372,0.2533032596111297,0.1535545736551284,0.0897118300199508,0.0620377212762832,-0.6514130234718323,-1.452397704124451,-2.5788919925689697,-3.694735050201416,3.9409899711608887,10.414929389953612
CMR_1111,CMR,26896.50370696123,0.3709419667720794,0.375212013721466,0.3159410357475281,0.1659835129976272,0.0932942405343055,0.0632135719060897,-0.968366265296936,-1.5921685695648191,-2.649651527404785,-3.776703596115112,4.2421746253967285,10.704801559448242
CMR_1112,CMR,26186.460473800173,0.2766068875789642,0.268557459115982,0.2288027852773666,0.1675286889076233,0.1032373830676078,0.0637635067105293,-1.2827421426773071,-1.9230899810791016,-2.986905574798584,-3.9237780570983887,4.137424945831299,10.1964111328125
CMR_1113,CMR,26758.217364315457,0.2417927980422973,0.2304936498403549,0.1454403698444366,0.129454880952835,0.1283969432115554,0.0761098638176918,-1.6181426048278809,-1.7640578746795654,-2.004763126373291,-2.143284559249878,3.416681289672852,8.242490768432617
CMR_1114,CMR,26718.73628689524,0.2016515582799911,0.163741186261177,0.1223015040159225,0.1245295703411102,0.1276354640722274,0.0761407539248466,-1.596096158027649,-1.7314414978027344,-1.948744297027588,-2.053702116012573,3.34364652633667,8.110831260681152
CMR_1115,CMR,27701.00766455799,0.1972944587469101,0.1439949721097946,0.1088695973157882,0.1641635000705719,0.1398158073425293,0.080264151096344,-0.837069571018219,-0.6056907773017883,-0.3870022594928741,-0.4010455310344696,2.3584847450256348,7.036489963531494
CMR_1116,CMR,27629.737738229946,0.02256416156888,0.1126975119113922,0.1294958293437957,0.1611011177301406,0.1361332982778549,0.0801112055778503,-0.7179756164550781,-0.4655496180057525,-0.1566829830408096,-0.0059152860194444,2.123440742492676,6.478696346282959
CMR_1117,CMR,27852.29108842068,0.1719110012054443,0.1883653551340103,0.1853410750627517,0.1753348410129547,0.1391338258981704,0.0809279829263687,-1.1423419713974,-0.8481537699699402,-0.4718296825885772,-0.3806081414222717,2.5627264976501465,7.048963069915772
CMR_1118,CMR,27819.373406728664,0.3167584538459778,0.2377229183912277,0.2003521025180816,0.1734579354524612,0.1376475840806961,0.0807863026857376,-1.2358814477920532,-0.9164090156555176,-0.5075387358665466,-0.3533318340778351,2.609753131866455,6.9545745849609375
CMR_1119,CMR,27906.581121941552,0.4185566008090973,0.382928192615509,0.3021961152553558,0.17743980884552,0.1326032876968383,0.0806032717227935,-0.6332163214683533,-0.1915591359138488,0.4026942849159241,0.7593923211097717,1.8665614128112795,5.758130073547363
CMR_1120,CMR,26991.2634432779,0.1031025648117065,0.1532451957464218,0.1097726672887802,0.1064026355743408,0.1158730015158653,0.0765970796346664,-1.730851650238037,-2.062013626098633,-1.6824456453323364,-1.0428320169448853,3.1457552909851074,6.8386945724487305
CMR_1121,CMR,27683.74632766408,0.3816736340522766,0.2749640047550201,0.2117558419704437,0.1626861095428466,0.1264632195234298,0.0794247612357139,-0.9537450075149536,-0.6160677671432495,-0.0247139744460582,0.4823622405529022,2.134383201599121,5.820068836212158
CMR_1122,CMR,27275.09664612341,0.2175655514001846,0.2259769886732101,0.1925745606422424,0.1321791410446167,0.0997041761875152,0.0718429759144783,-1.6955255270004272,-1.9104828834533687,-1.1772762537002563,0.0036604471970349,2.7415881156921387,5.629477500915527
CMR_1123,CMR,27636.147474593035,0.1028719171881675,0.1394756585359573,0.1504168361425399,0.1153397634625434,0.0799735784530639,0.065843179821968,-0.2986699342727661,-0.1912358552217483,0.7699010372161865,2.33835768699646,0.9492743015289308,3.234642267227173
CMR_1124,CMR,28213.56856148948,0.1555070579051971,0.1472619324922561,0.1124108210206031,0.0880445167422294,0.0750749185681343,0.0681590288877487,-0.3408923149108886,0.3068846762180328,1.5136687755584717,3.006382703781128,0.8096847534179688,2.9623708724975586
CMR_1125,CMR,28363.41724492645,0.1714623421430587,0.158081829547882,0.1046639233827591,0.0644017681479454,0.0615085661411285,0.0645408779382705,-0.1646001935005188,0.5074771046638489,1.7611154317855835,3.426094055175781,0.5504534244537354,2.482478618621826
CMR_1126,CMR,28986.33798708681,0.070051372051239,0.116669937968254,0.1080459132790565,0.0687464699149131,0.0698913857340812,0.0686467289924621,-0.2989043295383453,0.6219561696052551,2.054047107696533,3.5116617679595947,0.7894747257232666,2.87531852722168
CMR_1127,CMR,28754.21402276774,0.0147969825193285,0.0222250744700431,0.0216608569025993,0.0348190814256668,0.0536451749503612,0.0635991394519805,-0.1775709986686706,0.669944703578949,2.0400185585021973,3.7394728660583496,0.6108944416046143,2.334092140197754
CMR_1128,CMR,29233.71812442044,0.1237495318055152,0.0878042504191398,0.0530864968895912,0.0513579510152339,0.0464268140494823,0.0577772296965122,-0.353368878364563,0.3585970401763916,1.6273516416549685,3.5327582359313965,0.8697330951690674,2.521215438842773
CMR_1129,CMR,29580.2413444049,0.0731634348630905,0.0854254961013794,0.1186697855591774,0.0766195729374885,0.0544505976140499,0.0539549589157104,-0.6885469555854797,-0.2063301056623459,0.8207507133483887,2.8444299697875977,1.563676357269287,3.12553334236145
CMR_1130,CMR,28933.761970952688,0.0567976497113704,0.0719678848981857,0.0755860358476638,0.0373746715486049,0.03738684207201,0.0475476123392581,-0.5030946731567383,-0.3841942846775055,0.5008928775787354,2.767815351486206,1.0198464393615725,2.652259826660156
CMR_1131,CMR,29895.33599109108,0.4189448058605194,0.3764813840389251,0.2286633551120758,0.098550796508789,0.0651058405637741,0.0541752949357032,-1.9176145792007449,-1.6103194952011108,-0.7401084899902344,1.2458518743515017,2.802915573120117,4.8086042404174805
CMR_1132,CMR,30010.75678994717,0.1057368218898773,0.1856210976839065,0.2046937495470047,0.1031303331255912,0.0685972049832344,0.0540557540953159,-0.8336037397384644,-0.6082912683486938,0.1751091629266739,2.1533427238464355,1.7386658191680908,3.909159898757935
CMR_1133,CMR,29900.82501917897,0.4906299710273742,0.3389420211315155,0.2054681032896042,0.0908462479710578,0.0645624920725822,0.0527765713632106,-0.5886886119842529,-0.3043630719184875,0.4828607738018036,2.524996280670166,1.4530918598175049,3.418137550354004
CMR_1134,CMR,29444.69226010988,0.0122333010658621,0.0094533422961831,0.0299796443432569,0.0334442257881164,0.047791663557291,0.0483843050897121,-0.4282674491405487,-0.2231378108263015,0.543006420135498,2.771513223648072,1.0660643577575684,2.7864532470703125
CMR_1135,CMR,29140.00659362911,0.062751330435276,0.0610515885055065,0.0502858981490135,0.0328507162630558,0.0431924797594547,0.045204073190689,-0.5702550411224365,-0.6072346568107605,0.0999666303396225,2.4303126335144043,1.1342766284942627,2.870459079742432
CMR_1136,CMR,30006.8019773,0.050128299742937,0.1651248782873153,0.1793877184391021,0.0994668453931808,0.068243570625782,0.0533071160316467,-1.182694673538208,-0.9584729671478271,-0.2179927229881286,1.7917557954788208,2.0839078426361084,4.206087112426758
CMR_1137,CMR,30397.792320671306,0.0637241676449775,0.1303910464048385,0.1402759850025177,0.1100647151470184,0.0768214166164398,0.0552555136382579,-1.2811026573181152,-1.2917670011520386,-0.7322593331336975,1.143452763557434,2.3903188705444336,5.063499450683594
CMR_1138,CMR,29968.63632509599,0.286243587732315,0.2130188047885894,0.154991939663887,0.0833344981074333,0.0659198611974716,0.0517600364983081,-1.2118157148361206,-0.936016857624054,-0.2708789706230163,1.804067850112915,2.0973799228668213,4.051386833190918
CMR_1139,CMR,29993.882505535472,0.229449912905693,0.2292892038822174,0.1592648774385452,0.0783329457044601,0.0660234168171882,0.0513131469488143,-0.4779284000396728,-0.1825346052646637,0.4304059147834778,2.519852876663208,1.3869316577911377,3.2909789085388184
CMR_1140,CMR,29505.745933563045,0.1174341291189193,0.0764637216925621,0.0383545756340026,0.0217437520623207,0.0491730794310569,0.0464461520314216,-0.5914354920387268,-0.502201497554779,0.1004030629992485,2.38406753540039,1.2095770835876465,3.0128791332244877
CMR_1141,CMR,30387.89066682449,0.2176706790924072,0.1780788302421569,0.1630771905183792,0.1138749197125434,0.0772450640797615,0.0536333806812763,-0.7308999300003052,-0.6839301586151123,-0.2405717819929123,1.7095133066177368,1.8339431285858157,4.3189897537231445
CMR_1142,CMR,30811.419938166964,0.2095907628536224,0.2137721329927444,0.1969032138586044,0.1297148168087005,0.0755245462059974,0.0524620078504085,0.1601030081510543,0.3860812187194824,0.4087022840976715,2.332014799118042,0.9997985363006592,3.463003635406494
CMR_1143,CMR,31302.236261468894,0.1154843643307685,0.1282353848218917,0.1478796452283859,0.0773864015936851,0.0537463650107383,0.0496132522821426,-0.2511979043483734,-0.6145634055137634,-0.7361656427383423,1.1349269151687622,1.8021225929260252,4.274167060852051
CMR_1144,CMR,31766.159033016625,0.3785921335220337,0.23057721555233,0.0958397388458252,0.0713574886322021,0.0666921436786651,0.0525003783404827,-1.938281774520874,-2.45357084274292,-2.670126438140869,-1.0172394514083862,3.932738780975342,6.764163494110107
CMR_1145,CMR,31892.468497043847,0.2710873186588287,0.2157071083784103,0.1252679228782653,0.0800907760858535,0.0696525126695633,0.0529577061533927,-1.9150840044021609,-2.395875930786133,-2.644245147705078,-1.0525143146514893,3.9578471183776855,6.8805766105651855
CMR_1146,CMR,31939.26349164592,0.3363834023475647,0.2870505154132843,0.1739213019609451,0.0806559696793556,0.0642218291759491,0.0513971261680126,-1.3507753610610962,-1.7186318635940552,-1.8085111379623413,-0.1704150885343551,3.1287050247192383,5.804714679718018
CMR_1147,CMR,32050.408509324847,0.2414866983890533,0.2279757261276245,0.2110638320446014,0.0953647121787071,0.0622515119612216,0.0504512935876846,-0.9839047789573668,-1.194746494293213,-1.170841097831726,0.4678969979286194,2.5453600883483887,5.075354099273682
CMR_1148,CMR,32333.41533921632,0.2133135348558426,0.186716079711914,0.1454581022262573,0.0998047143220901,0.0602308847010135,0.0486830063164234,-0.419712483882904,-0.1963949054479599,0.0800359845161438,1.701289415359497,1.469815015792847,3.7060627937316895
CMR_1149,CMR,31965.95336617817,0.1666777729988098,0.1413844972848892,0.1369374841451645,0.0987462252378463,0.0462818704545497,0.0427188761532306,-0.2958543300628662,-0.0479824915528297,0.2762008011341095,2.1184799671173096,1.1398849487304688,2.7472574710845947
CMR_1150,CMR,32913.364427217144,0.0919266492128372,0.0654926821589469,0.0582153312861919,0.0693453848361969,0.0707185864448547,0.0487385466694831,0.2591996192932129,1.0345150232315063,1.4555648565292358,2.898782730102539,0.6071906089782715,2.722495555877685
CMR_1151,CMR,32560.52855341534,0.1122014448046684,0.0981235206127166,0.0847955346107482,0.0792681202292442,0.0585778430104255,0.0474410466849803,-0.3781742453575134,0.1056262552738189,0.5683409571647644,2.173647880554199,1.11812162399292,3.1589608192443848
CMR_1152,CMR,32837.5236125651,0.1095306798815727,0.116639070212841,0.0853236764669418,0.0579034425318241,0.0555171407759189,0.0458349101245403,-0.1674120277166366,0.4711615443229675,1.136428713798523,2.7323992252349854,0.6806449890136719,2.5122334957122803
CRR_1461,CRR,32831.65635844306,,,,,,,,,,,,
CRR_1462,CRR,33742.88568348876,0.0567027069628238,0.0542928837239742,0.0367507003247737,0.0330169461667537,,,-0.0362889058887958,,,,0.3887214660644531,204.52171325683597
CRR_1464,CRR,33696.24220612436,0.3431680500507355,0.2685727179050445,0.1950558871030807,0.1171782985329628,0.0765987262129783,0.0475609302520751,-0.7854480147361755,-0.4576742053031921,0.5316083431243896,2.4578421115875244,1.840301513671875,205.30882263183597
CRR_1465,CRR,34423.93656763141,0.1598788648843765,0.1586617976427078,0.1505430787801742,0.114567145705223,0.0653362199664115,0.0410850383341312,-1.7780300378799438,-2.176133871078491,-1.959589958190918,-0.1671181321144104,3.697023391723633,208.1475830078125
CMR_1155,CMR,384.9613296900684,0.0240030661225318,0.0061051589436829,0.0167459119111299,0.0113242780789732,0.0082218879833817,0.0151551300659775,-0.452230155467987,-0.3041269779205322,0.3668133318424225,,0.7659366130828857,0.7673180103302002
CMR_1156,CMR,1147.0133370682531,0.0568288005888462,0.0136710479855537,0.0130090052261948,0.0210728123784065,0.017384810373187,0.0200815815478563,-0.3848188519477844,-0.1355443745851516,0.6477873921394348,2.528770446777344,0.8145270347595215,0.8136658668518066
CMR_1157,CMR,779.0069152331961,0.0242960900068283,0.0262028835713863,0.023760799318552,0.0061860922724008,0.0171901993453502,0.0168890748172998,-0.3735939860343933,-0.1304509192705154,0.4236381649971008,2.067111015319824,0.8955965042114258,0.8947176933288574
CMR_1158,CMR,1376.6017397839423,0.1694194078445434,0.1575833857059478,0.0760089680552482,0.0285925921052694,0.0244264621287584,0.0209083389490842,-0.274868369102478,-0.0933527797460556,0.628549337387085,2.44690465927124,0.8064806461334229,0.7999634742736816
CMR_1159,CMR,1763.0610156241178,0.0045441035181283,0.0272129196673631,0.0594926513731479,0.0406891852617263,0.0298869721591472,0.0235570296645164,-0.5470995903015137,-0.3760639131069183,0.3819957077503204,2.206853151321411,0.8981928825378418,0.8873934745788574
CMR_1160,CMR,1403.9305409054757,0.0964957773685455,0.0723524093627929,0.0489949434995651,0.0308500360697507,0.0284985154867172,0.0198731254786252,0.0110253291204571,0.415559321641922,0.9003040790557861,2.4481115341186523,0.5292809009552002,0.5235538482666016
CMR_1161,CMR,1641.63825012063,0.0139732873067259,0.0168952755630016,0.0230129398405551,0.0364245399832725,0.0318843536078929,0.0223270934075117,-0.5428863167762756,-0.3791898190975189,0.2849717438220978,2.054793119430542,0.8733406066894531,0.8433787822723389
CMR_1162,CMR,1782.8647679281394,0.11651062220335,0.1088747605681419,0.0749913528561592,0.0481774508953094,0.037373874336481,0.0223613586276769,-0.2743350863456726,0.0975419655442237,0.6122876405715942,2.241626739501953,0.7908170223236084,0.7802145481109619
CMR_1163,CMR,2692.8079557439205,0.1240785792469978,0.0923501551151275,0.0662261620163917,0.0636450350284576,0.0469372496008873,0.0254991166293621,-0.3480836153030395,-0.3091873228549957,-0.2125808298587799,1.158081293106079,1.1883862018585205,1.114472270011902
CMR_1164,CMR,3022.701088906432,0.0185403786599636,0.0337195731699466,0.0816069543361663,0.0781275182962417,0.0524399429559707,0.0286112092435359,-0.2404348105192184,-0.2895442545413971,-0.0238101575523614,1.5828102827072144,1.0036033391952517,0.9430301189422609
CMR_1165,CMR,3120.83492090906,0.0094287516549229,0.0409939028322696,0.0520740747451782,0.0545600391924381,0.0438349209725856,0.0268103256821632,0.0140949534252285,-0.0856070294976234,-0.124595932662487,1.2111905813217163,1.07529616355896,1.0094395875930786
CMR_1166,CMR,3435.6395866165303,0.193474605679512,0.2472409009933471,0.1798230707645416,0.0894185677170753,0.0482722446322441,0.0305769089609384,-0.3074831366539001,-0.372530460357666,-0.2530907392501831,1.2745184898376465,1.3724952936172483,1.3432047367095947
CMR_1167,CMR,3515.7573730604554,0.0653991997241973,0.0568613409996032,0.056814819574356,0.0610506869852542,0.0422260761260986,0.0282652582973241,-0.6545559167861938,-1.1521403789520264,-1.217928171157837,0.2363177090883255,2.1745519638061523,2.107044219970703
CMR_1168,CMR,3517.4500828317086,0.0386288166046142,0.0446902252733707,0.0466692894697189,0.0472816191613674,0.0358981750905513,0.0275905467569828,-0.2814918756484985,-0.5516380071640015,-0.6677664518356323,0.6678881645202637,1.6377103328704834,1.5766074657440186
CMR_1169,CMR,3973.642912205916,0.0523038655519485,0.0261994767934083,0.0213570147752761,0.0188751500099897,0.0225776694715023,0.027928277850151,-0.2955606281757355,-0.3448506295681,-0.4816118478775024,0.7319701910018921,1.5390121936798096,1.510022759437561
CMR_1170,CMR,4492.651448421809,0.0068205147981643,0.0040378752164542,0.0162914805114269,0.0094914874061942,0.0193396471440792,0.0292799733579158,-1.3339531421661377,-1.901330590248108,-1.958013892173767,-0.5876708626747131,3.0840468406677246,3.0293502807617188
CMR_1171,CMR,4447.716645833453,0.0494384840130806,0.070767655968666,0.0406805761158466,0.0248465985059738,0.0196393858641386,0.0286391898989677,-0.2692514657974243,-0.1238934844732284,-0.2364348769187927,0.8494718074798584,1.417802095413208,1.4580647945404053
CMR_1172,CMR,4746.183764156533,0.0997462421655654,0.1466605365276336,0.1167587488889694,0.0534684024751186,0.0046036848798394,0.0280831567943096,-0.2993750274181366,-0.1067319884896278,-0.0179720092564821,1.1759473085403442,1.3550941944122314,1.3168575763702393
CMR_1173,CMR,8577.738857108705,0.1610396355390548,0.1661100387573242,0.1745689958333969,0.1193737760186195,0.0716904997825622,0.0522453598678112,0.0311014708131551,0.0231741834431886,-0.3227888643741607,-0.5221803784370422,1.1692781448364258,4.044667720794678
CMR_1174,CMR,10115.16683462159,0.2875223755836487,0.2153010815382003,0.1066559627652168,0.0957269594073295,0.0875650867819786,0.056714754551649,-0.9169062972068788,-1.146496057510376,-1.4635573625564575,-1.648127794265747,2.912627696990967,5.652973651885986
CMR_1175,CMR,11516.22186198044,0.0470078401267528,0.065685287117958,0.0668488889932632,0.0755864828824997,0.0717279016971588,0.0505974851548671,-0.1912101060152053,-0.1409239172935485,-0.6906409859657288,-1.2798945903778076,1.553722858428955,6.053780555725098
CMR_1176,CMR,11632.407672176778,0.0143349366262555,0.0430983044207096,0.0679426863789558,0.052670769393444,0.0450889691710472,0.0487127006053924,-0.938228189945221,-1.640375733375549,-2.463829278945923,-3.925237894058228,2.776069641113281,8.97823429107666
CMR_1177,CMR,13155.518977890084,0.5788783431053162,0.4912812411785126,0.2767686545848846,0.1103506982326507,0.0639351159334182,0.0455068498849868,-0.637184202671051,-0.9464329481124878,-1.6193599700927734,-2.7341222763061523,2.534107208251953,8.3405122756958
CMR_1178,CMR,12952.16715677368,0.0566031076014041,0.0815165862441062,0.10647514462471,0.0544729195535182,0.0442115142941474,0.0446500070393085,-1.1394442319869995,-1.982240915298462,-2.839883327484131,-4.377587795257568,3.6908578872680655,9.983119010925291
CMR_1179,CMR,13088.570313303811,0.0342232957482337,0.0732977986335754,0.1129427328705787,0.0753173232078552,0.0483852848410606,0.0446339212357997,-1.0059460401535034,-1.8126819133758545,-2.668797254562378,-4.121273040771484,3.5616698265075684,9.77188491821289
CMR_1180,CMR,13328.35666238051,0.5569847822189331,0.4426495134830475,0.2474737018346786,0.1121109724044799,0.0579741783440113,0.0449135228991508,-0.4743970930576324,-1.1219021081924438,-1.9335647821426392,-3.2899577617645264,2.9368391036987305,9.029616355895996
CMR_1181,CMR,12794.49084824604,0.5560479164123535,0.5097388029098511,0.3446985483169555,0.1193561404943466,0.054049864411354,0.0459792762994766,-0.9649190306663512,-1.371955394744873,-2.0736284255981445,-3.808778524398804,3.038992404937744,9.38120460510254
CMR_1182,CMR,12485.071880443296,0.0812200382351875,0.0855385288596153,0.0678279921412468,0.0867569893598556,0.0737595185637474,0.0530004799365997,-0.1737442761659622,0.4971534311771393,0.3470731377601623,-1.5232449769973757,0.8169054985046387,6.976646900177002
CMR_1183,CMR,13503.794161399408,0.4371006786823272,0.3770824670791626,0.2368060648441314,0.0999518707394599,0.0585248619318008,0.0447151884436607,-0.6689844131469727,-1.431604504585266,-2.2898452281951904,-3.737912893295288,3.3819422721862797,9.574691772460938
CMR_1184,CMR,13843.349651973644,0.2225929051637649,0.2295627444982528,0.2290231138467788,0.1585959643125534,0.0757117122411727,0.0457508601248264,-0.7052502632141113,-1.0801584720611572,-1.7936948537826538,-3.0393755435943604,2.984337329864502,8.999162673950195
CMR_1185,CMR,13906.04183382087,0.1572814583778381,0.1900676488876342,0.2281145751476287,0.1534970104694366,0.0748440474271774,0.0456294566392898,-0.8359174728393555,-1.3360874652862549,-2.09837293624878,-3.399202585220337,3.2985854148864746,9.3978271484375
CMR_1186,CMR,12963.91921611252,0.107796661555767,0.1278134733438491,0.0819259062409401,0.1119669824838638,0.0765095651149749,0.0486062578856945,0.3484883904457092,0.9019629955291748,0.4901565611362457,-1.4819519519805908,0.7490582466125488,7.138278484344482
CMR_1187,CMR,14043.578392975332,0.379984438419342,0.3466598391532898,0.2594341933727264,0.1645074933767318,0.0806021392345428,0.0460633598268032,-0.5104547142982483,-0.9080098271369934,-1.6072980165481567,-2.840791940689087,2.839890480041504,8.895834922790527
CMR_1188,CMR,12781.872009721685,0.0397756025195121,0.0506781637668609,0.0798557549715042,0.0841411724686622,0.0817651376128196,0.0527910850942134,-0.3313045799732208,0.4230776727199554,0.2811170816421509,-1.723773956298828,1.0144548416137695,7.295046329498291
CMR_1189,CMR,13435.10291064986,0.4461300075054168,0.4514229595661163,0.3154635429382324,0.1158492639660835,0.0599161759018898,0.0440575070679187,-0.5856117010116577,-1.0437873601913452,-1.9032742977142327,-3.734750747680664,3.107754230499268,9.584697723388672
CMR_1190,CMR,14125.477392930048,0.4354794919490814,0.3954043388366699,0.2619433999061584,0.1413151919841766,0.0751021429896354,0.0454540513455867,-0.7549389004707336,-1.4724180698394775,-2.315437078475952,-3.7042043209075928,3.5524349212646484,9.813835144042969
CMR_1191,CMR,12978.645393972283,0.0644318088889122,0.1056310012936592,0.1077409461140632,0.0989452302455902,0.0902873575687408,0.0533260628581047,0.0861010923981666,0.7670705318450928,0.6031611561775208,-1.5152703523635864,0.8142509460449219,7.149379730224609
CMR_1192,CMR,14174.204990905217,0.0682544186711311,0.1093606874346733,0.1687605679035186,0.1074843257665634,0.0692266151309013,0.0446424335241317,-0.9589458703994752,-1.8780429363250728,-2.8341104984283447,-4.361985683441162,4.0948333740234375,10.512432098388672
CMR_1193,CMR,14552.318009612514,0.1682262569665908,0.1897674053907394,0.1929225772619247,0.1316631287336349,0.0786777213215828,0.0453890264034271,-0.9431641697883606,-1.9069128036499023,-2.791457414627075,-4.233899593353272,4.091825485229492,10.545695304870604
CMR_1194,CMR,13959.202419831998,0.1942743360996246,0.2316780537366867,0.230624720454216,0.1351453214883804,0.067975178360939,0.0416003428399562,-0.4920633733272552,-0.7852749824523926,-1.829145789146424,-3.863896131515503,3.1987805366516118,9.942654609680176
CMR_1195,CMR,14588.477535448585,0.0464348308742046,0.0670062154531478,0.120908111333847,0.1084343120455741,0.0738248750567436,0.0445334091782569,-0.7836897969245911,-1.8619531393051147,-2.832312822341919,-4.3755388259887695,4.153873443603516,10.709385871887209
CMR_1196,CMR,14549.90161946523,0.1675629168748855,0.1627690345048904,0.1566880196332931,0.1029727011919021,0.056968230754137,0.0373502448201179,-0.5717491507530212,-1.288410186767578,-2.595508575439453,-4.7284040451049805,4.0492753982543945,11.047740936279297
CMR_1197,CMR,15770.908391187748,0.4877455830574035,0.473090648651123,0.3479868173599243,0.1496072709560394,0.081899844110012,0.0368007607758045,-0.4074002504348755,-0.6157931685447693,-1.4456242322921753,-3.2696361541748047,3.0119752883911133,10.103546142578123
CMR_1198,CMR,15712.66922488094,0.5013684630393982,0.4742119312286377,0.3420248329639435,0.1377782672643661,0.0731637850403785,0.0335741713643074,-0.2776897251605987,-0.5939802527427673,-1.6192705631256104,-3.5776586532592773,3.157535552978516,10.37813663482666
CMR_1199,CMR,16251.43126641441,0.2030455321073532,0.2066442519426345,0.1808235794305801,0.1574638932943344,0.0801072865724563,0.0298545844852924,0.5187715291976929,0.914362907409668,0.0686483085155487,-1.872084140777588,1.4287395477294922,8.87783145904541
CMR_1200,CMR,15529.583795961817,0.08045494556427,0.0450463220477104,0.1317152231931686,0.104234330356121,0.0598018802702426,0.0334062948822975,-0.7268811464309692,-1.3977360725402832,-2.86452579498291,-5.317332267761231,4.3812255859375,11.75981903076172
CMR_1201,CMR,16529.065811771055,0.1979113966226577,0.2411352545022964,0.2672772109508514,0.1854764968156814,0.0724056214094162,0.0243273470550775,-0.7289251685142517,-0.5627590417861938,-1.5475337505340576,-3.5595498085021973,2.990144729614258,10.65427303314209
CMR_1202,CMR,16477.61971568795,0.4461493790149688,0.4279817640781402,0.2760709822177887,0.1261035948991775,0.0367788672447204,0.017773862928152,-0.949511468410492,-1.626784324645996,-2.9891531467437744,-5.180392265319824,4.333382606506348,12.194572448730469
CMR_1203,CMR,16626.062351668894,0.4950861632823944,0.3811487555503845,0.2864233255386352,0.1580569297075271,0.0490263514220714,0.0186142288148403,-0.8318673372268677,-1.3233425617218018,-2.58349871635437,-4.708175659179688,4.004011154174805,11.796792984008787
CMR_1204,CMR,16642.66487852085,0.2492076307535171,0.3104215264320373,0.2591486871242523,0.1430065333843231,0.0429282262921333,0.0179322827607393,-0.9603230357170104,-1.5802922248840332,-2.888932943344116,-5.031027317047119,4.321266174316406,12.116583824157717
CMR_1205,CMR,16075.93257221444,0.2751114666461944,0.2499844878911972,0.1803170889616012,0.125299870967865,0.0666265934705734,0.0325892791152,-0.3938698172569275,-1.0117160081863403,-2.411663770675659,-4.749101638793945,4.043764114379883,11.41536808013916
CMR_1206,CMR,16711.57893575088,0.0904455333948135,0.1575409024953842,0.1699009239673614,0.1731107383966446,0.1189178079366684,0.0503855980932712,-1.3526619672775269,-1.5378912687301636,-2.2201855182647705,-4.165531635284424,4.056942939758301,10.902595520019531
CMR_1207,CMR,16599.95671128535,0.2413002401590347,0.2292450368404388,0.1941970884799957,0.1563587039709091,0.1250045299530029,0.0606704279780387,-1.211895227432251,-0.8034883141517639,-0.8021221160888672,-2.4604012966156006,2.879786968231201,8.94994831085205
CMR_1208,CMR,16877.79406107408,0.3393263518810272,0.3325991034507751,0.2475247234106063,0.1800333708524704,0.1285895109176635,0.0561946630477905,-0.914223611354828,-0.8945390582084656,-1.2455366849899292,-3.012188673019409,3.15999698638916,9.733278274536133
CMR_1210,CMR,17305.50182152416,0.2069096118211746,0.0987762659788131,0.1279990226030349,0.1813086569309234,0.1339320838451385,0.0628749579191207,-0.234233096241951,0.0782332569360733,0.164158746600151,-1.2788803577423096,1.854771614074707,8.049823760986328
CMR_1211,CMR,17892.699451061082,0.2151221483945846,0.2172550708055496,0.1931571811437606,0.1912358552217483,0.1359170824289322,0.0585538297891616,-0.7083392143249512,-0.784530758857727,-1.25505268573761,-2.760138273239136,3.060079574584961,9.8861083984375
CMR_1212,CMR,17930.650363743254,0.2640768885612488,0.2306648939847946,0.209831953048706,0.1593149006366729,0.1217222511768341,0.0684737339615821,-1.1417481899261477,-0.4625790417194366,0.1216739863157272,-0.8215880990028381,2.309518814086914,7.652257919311523
CMR_1213,CMR,18973.892340380466,0.2705931961536407,0.2650982141494751,0.2661230862140655,0.1839733570814132,0.1271699368953704,0.0583539120852947,-1.3913867473602295,-1.952108144760132,-2.6833457946777344,-4.055402755737305,4.36946964263916,11.647534370422363
CMR_1214,CMR,18108.689489872155,0.1864483803510666,0.1701278537511825,0.1169917285442352,0.0742915496230125,0.084175169467926,0.0688128620386123,-0.5004578232765198,0.3652287721633911,1.3248225450515747,0.8713937997817993,1.2723569869995115,5.762652397155762
CMR_1215,CMR,19134.014394803875,0.2922286689281463,0.2725219130516052,0.2414175570011139,0.1805907487869262,0.1259112209081649,0.0587334856390953,-1.316259264945984,-1.7820887565612793,-2.489150285720825,-3.834230422973633,4.197126388549805,11.491422653198242
CMR_1216,CMR,19141.23319137665,0.2583219408988952,0.2011476755142212,0.1683170795440673,0.17068812251091,0.1215217858552932,0.0677574649453163,-0.5811749696731567,-0.3770564794540405,-0.2838031947612762,-1.1606147289276123,1.9624757766723635,8.563884735107422
CMR_1217,CMR,19248.24643239598,0.2579252123832702,0.2407786548137664,0.1793269962072372,0.1371261775493621,0.1078517884016037,0.0691614151000976,-0.2636574804782867,0.1198230385780334,0.4511096775531769,-0.1957583278417587,1.188404560089111,7.525846481323242
CMR_1218,CMR,19717.950300150325,0.6353157162666321,0.4639624953269958,0.2646689713001251,0.1521166115999221,0.118545725941658,0.0650649815797805,-0.7563928961753845,-0.4725050032138824,-0.6572823524475098,-1.6792705059051514,2.4613475799560547,9.440786361694336
CMR_1219,CMR,19636.380302080328,0.2958533465862274,0.231540098786354,0.1849486380815506,0.1473719924688339,0.1172565817832946,0.066300556063652,-0.9639651775360109,-0.7285380363464355,-0.8108859658241272,-1.7571280002593994,2.520604133605957,9.437066078186035
CMR_1220,CMR,19553.9595011284,0.0234304871410131,0.0429047644138336,0.0949172601103782,0.1175541803240776,0.1035027205944061,0.0689831748604774,-0.4678976237773895,-0.1548826098442077,0.1094085946679115,-0.5262670516967773,1.4145865440368652,7.9980621337890625
CMR_1221,CMR,19567.28177075383,0.1355111896991729,0.1360343247652053,0.1141365393996238,0.1024671718478202,0.0944752991199493,0.069213829934597,-0.644598662853241,-0.2928542494773865,0.0795403718948364,-0.408797413110733,1.3942928314208984,7.807121753692627
CMR_1222,CMR,19639.55737287893,0.124899037182331,0.1348855346441269,0.1108321473002433,0.0994706526398658,0.0945123881101608,0.0691829025745391,-0.6015612483024597,-0.2571271359920501,0.0913956314325332,-0.4106509387493133,1.3686342239379885,7.8500895500183105
CMR_1223,CMR,19758.99966087646,0.0749130323529243,0.0603380016982555,0.0649987235665321,0.0720552653074264,0.0771526843309402,0.068251222372055,-0.4109325408935547,-0.0823950991034507,0.3612273037433624,0.1336093097925186,0.9830036163330078,7.195901393890381
CMR_1224,CMR,20120.90845162448,0.1376290768384933,0.1048307046294212,0.070355586707592,0.0728584602475166,0.0883296430110931,0.06894501298666,-0.3172596991062164,0.1676265448331833,0.4528820216655731,-0.0458997264504432,1.0683064460754397,7.719858169555664
CMR_1225,CMR,20069.66918022269,0.028578944504261,0.0140202026814222,0.0245831478387117,0.0414394736289978,0.0603442341089248,0.0649537742137909,-0.483146458864212,-0.325204998254776,0.0542070567607879,0.1459148377180099,1.0677084922790527,7.121323108673096
CMR_1226,CMR,20573.200452059384,0.1976749002933502,0.1420811414718628,0.0927225351333618,0.0541391558945179,0.0715554505586624,0.0680943951010704,-0.1321046650409698,0.2656357586383819,0.5863382816314697,0.3815590441226959,0.6840372085571289,7.344996452331543
CMR_1227,CMR,19952.523118852267,0.0368312112987041,0.0330965891480445,0.0353551059961319,0.0493636913597583,0.04692904651165,0.0585170723497867,-0.4519496560096741,-0.68527752161026,-0.4248774349689483,-0.0001104055190808,1.309356689453125,6.90911340713501
CMR_1228,CMR,20853.252039828832,0.0289526432752609,0.0411566123366355,0.0826506316661834,0.062061384320259,0.0668745711445808,0.0669110715389251,-0.1885171234607696,0.0342261865735054,0.3242998719215393,0.2793043255805969,0.8322558403015137,7.488489627838135
CMR_1229,CMR,20552.37411574157,0.0630009248852729,0.0757402405142784,0.0106382519006729,0.0360989831387996,0.0561827942728996,0.0616926960647106,-0.1753260046243667,-0.1917939484119415,0.0900647863745689,0.3868301212787628,0.9794602394104004,6.965723991394043
CMR_1230,CMR,20844.99174335983,0.0461791381239891,0.0573444254696369,0.0729453265666961,0.0530037842690944,0.059913270175457,0.062214758247137,0.2834250032901764,0.2453048080205917,0.5154923796653748,0.7976491451263428,0.6471261978149414,6.722838401794434
CMR_1231,CMR,20293.10697306988,0.1123891994357109,0.0447111688554286,0.0308086350560188,0.0351560525596141,0.0469044260680675,0.0514104440808296,-1.1401071548461914,-1.6809556484222412,-1.5185893774032593,-0.84437495470047,2.3179283142089844,7.66161584854126
CMR_1232,CMR,20394.886298709032,0.1298283040523529,0.0245903804898262,0.0379510372877121,0.0345701426267623,0.0475449785590171,0.0519400499761104,-1.3159843683242798,-1.8186432123184204,-1.6421351432800293,-0.9836562275886536,2.4640140533447266,7.857409000396728
CMR_1233,CMR,21242.88744133497,0.0860545635223388,0.0654449462890625,0.0937569439411163,0.0696354806423187,0.0671136826276779,0.0657495111227035,-0.1967557668685913,-0.2676830887794494,-0.0336045920848846,0.0467314310371875,1.1321544647216797,7.839777946472168
CMR_1234,CMR,20709.91516933743,0.2894876897335052,0.2474337667226791,0.1429924517869949,0.0526971668004989,0.0516552329063415,0.0521667413413524,-1.3877065181732178,-1.7488611936569214,-1.51890230178833,-0.8657611608505249,2.496462821960449,7.901782512664795
CMR_1235,CMR,20938.794211792952,0.3403290212154388,0.1462282687425613,0.0346200540661811,0.054649282246828,0.0568196214735507,0.0546162873506546,-1.330724835395813,-1.6323771476745603,-1.3653746843338013,-0.7789044380187988,2.382909774780273,8.042473793029785
CMR_1236,CMR,20855.999118413263,0.3199543356895447,0.3249642550945282,0.1818172186613083,0.0605452470481395,0.0543611906468868,0.0525402650237083,-1.31645405292511,-1.6238007545471191,-1.3653719425201416,-0.7203369736671448,2.4167962074279785,7.852951049804687
CMR_1237,CMR,21390.62880844647,0.1770019829273224,0.0673445761203765,0.0289902053773403,0.0695596113801002,0.0662756040692329,0.0562837980687618,-1.380615472793579,-1.796531081199646,-1.4960803985595703,-0.9420322179794312,2.5647521018981934,8.507055282592773
CMR_1238,CMR,21519.72274902168,0.3936915993690491,0.2044054716825485,0.1082037016749382,0.0660115554928779,0.0692911222577095,0.0588641986250877,-1.1547595262527466,-1.6081972122192385,-1.3411340713500977,-0.8705222606658936,2.377044677734375,8.603074073791504
CMR_1239,CMR,21470.035267596624,0.1007707267999649,0.0272029098123312,0.0614389032125473,0.0679289773106575,0.0681376531720161,0.0576008148491382,-1.3387010097503662,-1.7818424701690674,-1.4962129592895508,-0.9822037816047668,2.536764621734619,8.639368057250977
CMR_1240,CMR,21592.35711424168,0.3384276032447815,0.2298032939434051,0.113028198480606,0.0660562366247177,0.0705896168947219,0.0594518259167671,-1.2011662721633911,-1.6669259071350098,-1.4104453325271606,-0.9584138989448548,2.5138702392578125,8.74860954284668
CMR_1241,CMR,21526.70265956004,0.2237753570079803,0.0869931504130363,0.0841243490576744,0.0693553462624549,0.0693820640444755,0.0577506832778453,-1.2750014066696167,-1.7346221208572388,-1.449692726135254,-0.9370369911193848,2.5212926864624023,8.632546424865723
CMR_1242,CMR,21336.91276135365,0.3945097625255584,0.3235726654529571,0.1572083830833435,0.0870562866330146,0.0641985237598419,0.052702359855175,-1.0914922952651978,-1.430440068244934,-1.0831629037857056,-0.425667941570282,2.261874198913574,7.834255218505859
CMR_1243,CMR,21890.58343880633,0.2758958637714386,0.2548250257968902,0.1481992602348327,0.0773258879780769,0.0759975984692573,0.0606446415185928,-1.2916194200515747,-1.7580682039260864,-1.5428588390350342,-1.1192443370819092,2.914414882659912,9.109435081481934
CMR_1244,CMR,21555.41990066155,0.1551977396011352,0.1288979202508926,0.1370331943035125,0.1127543598413467,0.0665483996272087,0.0496126748621463,-0.9899134635925292,-1.2205893993377686,-0.7735784649848938,-0.0312131624668836,2.159870147705078,7.446772575378418
CMR_1245,CMR,21855.39583676318,0.422515869140625,0.3224300444126129,0.1845205575227737,0.1028614491224289,0.0752338916063308,0.0538947433233261,-0.8592449426651001,-1.2550913095474243,-0.8672289252281189,-0.2112752795219421,2.252941608428955,7.9434332847595215
CMR_1246,CMR,21609.31000725897,0.1396906971931457,0.1404561996459961,0.1429850757122039,0.1224563121795654,0.062962956726551,0.0461223274469375,-1.0392062664031982,-1.0330255031585691,-0.4933309257030487,0.3187896907329559,2.077581882476806,6.994543075561523
CMR_1247,CMR,22058.78573339048,0.1277554333209991,0.1318484544754028,0.1383839398622512,0.119859367609024,0.0778514519333839,0.0514711327850818,-1.168785810470581,-1.4099586009979248,-0.9304855465888976,-0.1981561183929443,2.491457462310791,7.961842060089111
CMR_1248,CMR,21647.34806333061,0.1693847328424453,0.1556542217731475,0.142368882894516,0.1162705197930336,0.0561980344355106,0.0423750691115856,-0.8660073280334473,-0.5603027939796448,0.1166250109672546,0.9888168573379515,1.7583560943603516,6.263771057128906
CMR_1249,CMR,22350.3390618522,0.0959964543581008,0.1192848682403564,0.1191864609718322,0.1265399903059005,0.0786604359745979,0.0480047389864921,-1.317958950996399,-1.2779295444488523,-0.6475228071212769,0.1784619837999344,2.435488700866699,7.633209705352783
CMR_1250,CMR,21909.01446470528,0.1120552495121955,0.1277966350317001,0.1047043576836586,0.0514975897967815,0.0280887149274349,0.0363144353032112,0.0122332144528627,0.8131082653999329,1.7388044595718384,2.65826416015625,0.6876692771911621,4.5460405349731445
CMR_1251,CMR,21873.0747036466,0.0659123510122299,0.0974345132708549,0.0911142081022262,0.0347075946629047,0.0228364076465368,0.0358509868383407,0.0770116746425628,0.9063926935195924,1.828174471855164,2.740510940551758,0.6117110252380371,4.421063423156738
CMR_1252,CMR,22155.75614142069,0.0597840026021003,0.0569077990949153,0.0360818319022655,0.0133928079158067,0.0182301606982946,0.0343276262283325,0.1203344166278839,1.019723415374756,1.998147249221801,2.894617795944214,0.6059942245483398,4.321916580200195
CMR_1253,CMR,22736.945152243108,0.1811450570821762,0.1060287207365036,0.075982928276062,0.0587619766592979,0.0365498550236225,0.0351834446191787,0.0375367552042007,0.8453904986381531,1.959372639656067,2.9379475116729736,0.8847050666809082,4.68343448638916
CMR_1254,CMR,21907.448283051694,0.3070663511753082,0.3020435273647308,0.2250460684299469,0.1087673008441925,0.0526290014386177,0.0373127348721027,-1.0813522338867188,-0.8543539047241211,-0.3405880928039551,0.3616315126419067,2.271574020385742,6.505858898162842
CMR_1255,CMR,22019.639485637228,0.4388324618339538,0.3474117517471313,0.2310028076171875,0.1128483191132545,0.0577065534889698,0.0377857983112335,-1.04970121383667,-0.8850474953651428,-0.4306005239486694,0.2328626215457916,2.359299659729004,6.655022621154785
CMR_1256,CMR,23756.80961363688,0.1373619735240936,0.1514956057071685,0.1532559245824813,0.1104890406131744,0.0680727735161781,0.0355176106095314,-1.375255823135376,-1.075574517250061,-0.3105365931987762,0.4311201274394989,3.4279255867004395,7.319760322570801
CMR_1257,CMR,23335.013429263803,0.1656190901994705,0.1674042046070099,0.1287228763103485,0.0922650173306465,0.0616683810949325,0.0455486588180065,-0.5540101528167725,-0.9988214373588562,-1.2112196683883667,-1.1692370176315308,2.859560489654541,8.314533233642578
CMR_1259,CMR,24035.517469771028,0.1440278440713882,0.1265835911035537,0.12371726334095,0.0524110086262226,0.0514644756913185,0.0478354543447494,-0.2360545247793197,-0.4769976735115051,-0.7917961478233337,-1.119086503982544,2.267035961151123,8.428227424621582
CMR_1260,CMR,25054.77854915478,0.258082240819931,0.2320103943347931,0.1542616933584213,0.115126647055149,0.0736690536141395,0.0478618144989013,-0.6823544502258301,-1.0642979145050049,-1.4410539865493774,-1.6348708868026731,3.126349449157715,9.534720420837402
CMR_1261,CMR,25275.587221510057,0.3655784428119659,0.2391418218612671,0.118835411965847,0.1185802593827247,0.0776606872677803,0.0477471984922885,-1.0150275230407717,-1.5320844650268557,-1.931239366531372,-2.048649787902832,3.6829075813293457,10.094841957092283
CMR_1262,CMR,26320.582790119835,0.2569413483142853,0.1798835694789886,0.1440412700176239,0.1178423389792442,0.0727530792355537,0.040209624916315,-0.6649103760719299,-0.4400106072425842,-1.266656756401062,-2.5485761165618896,3.30447006225586,10.507075309753418
CMR_1263,CMR,27064.64454705037,0.4417924880981445,0.4326740503311157,0.3544482290744781,0.1667350083589553,0.0967201367020607,0.0639495179057121,-0.9224918484687804,-1.4309860467910769,-2.4503488540649414,-3.5790915489196777,4.159971237182617,10.619458198547363
CMR_1264,CMR,27178.207430638628,0.3870498836040497,0.3635471761226654,0.2860195636749267,0.1719147861003875,0.1108067035675048,0.0678391084074974,-0.3973366618156433,-0.678497850894928,-1.547674298286438,-2.531124353408813,3.277487277984619,9.520819664001465
CMR_1265,CMR,27388.8556215208,0.16897052526474,0.1636438220739364,0.1294439285993576,0.1592369824647903,0.1232325509190559,0.0714969933032989,0.1379005759954452,0.0417014136910438,-0.6352783441543579,-1.4761124849319458,2.438614845275879,8.486949920654297
CMR_1266,CMR,28331.909967269807,0.0543800257146358,0.0719081982970237,0.102069117128849,0.1659500300884246,0.1379463970661163,0.0749605894088745,-1.98450779914856,-2.215235948562622,-2.651243209838867,-3.474197626113892,4.769290447235107,11.04841423034668
CMR_1267,CMR,27956.287067722715,0.2995833456516266,0.2952899932861328,0.2253515869379043,0.1701024621725082,0.1424848735332489,0.0799769759178161,-1.3991215229034424,-1.3790581226348877,-1.3336310386657717,-1.644222855567932,3.330254554748535,8.645158767700195
CMR_1268,CMR,28635.85850538584,0.1840178072452545,0.2114494889974594,0.1878963261842727,0.1486807465553283,0.1143708974123001,0.0793191865086555,0.188788428902626,1.105714201927185,2.232980966567993,2.9902148246765137,0.6143193244934082,3.705178737640381
CMR_1269,CMR,29729.81125900053,0.2266288548707962,0.2350600063800811,0.2125535607337951,0.1252465099096298,0.1067875251173973,0.0795062780380249,-0.5115308165550232,-0.1375721991062164,0.8475708365440369,1.5377357006072998,1.492074489593506,5.777194023132324
CMR_1270,CMR,30617.5216192589,0.2391304075717926,0.2715426683425903,0.2208918929100036,0.143454223871231,0.0994613841176033,0.0786600261926651,-1.772660255432129,-2.224684953689575,-1.4157006740570068,-0.857265830039978,3.6136903762817374,8.626141548156738
CMR_1271,CMR,30537.276410683862,0.4032637476921081,0.2809655964374542,0.1966246515512466,0.1383354216814041,0.0985471084713935,0.0780010968446731,-1.5023584365844729,-1.862919807434082,-1.0249972343444824,-0.3911855518817901,3.2186765670776367,8.07194995880127
CMR_1272,CMR,30687.5453342819,0.2244167774915695,0.1573782563209533,0.1372726261615753,0.130132183432579,0.0848812162876129,0.0738503858447074,-1.915490746498108,-1.9775446653366089,-1.0244187116622925,-0.1455068737268448,3.390860080718994,7.666867256164551
CMR_1273,CMR,29899.02985750592,0.1720312535762787,0.202839121222496,0.1342778801918029,0.0889183431863784,0.0731044933199882,0.0667083412408828,-0.8097466230392456,-0.4089923501014709,0.8208595514297485,2.268204927444458,1.415262222290039,4.482016086578369
CMR_1274,CMR,29706.02002902676,0.1417965143918991,0.1365614682435989,0.1337640285491943,0.0891161635518074,0.0672908797860145,0.0644117891788482,-0.3848812282085418,0.1239809691905975,1.4096490144729614,2.9915568828582764,0.8858318328857422,3.566117286682129
CMR_1275,CMR,30704.338040452767,0.0557882450520992,0.0940983965992927,0.1382681727409362,0.1063288524746894,0.0754311680793762,0.0708770379424095,-2.285054445266724,-2.172412157058716,-1.1791106462478638,-0.1293244510889053,3.587443351745605,7.491209506988525
CMR_1276,CMR,30897.46293479612,0.6156710982322693,0.4926249086856842,0.2945575416088104,0.1158067062497139,0.0723948031663894,0.0710215121507644,-1.676552653312683,-1.4434226751327517,-0.4500788450241089,0.5366507768630981,3.0057148933410645,6.930753707885742
CMR_1278,CMR,31779.034836475385,0.0671770870685577,0.0850219056010246,0.0694440007209777,0.0374420136213302,0.0433050841093063,0.0661592185497284,0.1413818597793579,1.090708613395691,2.0812759399414062,3.059561014175415,0.621422290802002,4.45442008972168
CMR_1279,CMR,30548.68158342859,0.1155432015657424,0.1823705434799194,0.1589625924825668,0.1083694398403167,0.077564537525177,0.0561218485236167,-0.9012134671211244,-0.9665836691856384,-0.4708656370639801,1.3384112119674685,2.094742774963379,4.9698486328125
CMR_1281,CMR,30746.493376523675,0.1721655428409576,0.1267019361257553,0.147818386554718,0.1100551187992096,0.0783315896987915,0.0564740896224975,-0.9657339453697203,-1.1358636617660522,-0.7794114947319031,0.9752938151359558,2.3417515754699707,5.385001659393311
CMR_1284,CMR,30919.138538932297,0.2141959369182586,0.1685996800661087,0.1319936364889145,0.1206037402153015,0.0807526558637619,0.0557121597230434,-1.3168141841888428,-1.661257266998291,-1.5462158918380735,0.2112131863832473,2.969298839569092,6.042434215545654
CMR_1285,CMR,31041.7933019677,0.084562063217163,0.06779795140028,0.1075262427330017,0.1219170987606048,0.0798579826951026,0.0560369826853275,-1.168134331703186,-1.5982415676116943,-1.556177258491516,0.157753050327301,2.9745640754699707,6.137854099273682
CMR_1286,CMR,31305.06838252372,0.1987070143222808,0.1410856395959854,0.1261626780033111,0.1246998012065887,0.0765703693032264,0.0564715340733528,-0.9674798846244812,-1.6190135478973389,-1.754642128944397,-0.1344150900840759,3.170865535736084,6.492567539215088
CMR_1287,CMR,32062.5340966945,0.1363996863365173,0.189277783036232,0.1959482580423355,0.1110936477780342,0.0625302642583847,0.058197621256113,-0.98130464553833,-1.7392711639404297,-1.9899379014968872,-0.7326879501342773,3.71767520904541,7.521387577056885
CMR_1288,CMR,31974.2893490103,0.2866822481155395,0.2389771491289138,0.1482226103544235,0.073720097541809,0.0642954036593437,0.0569471977651119,-1.673193097114563,-2.7484421730041504,-3.1926400661468506,-1.8323286771774288,4.732584476470947,8.374908447265625
CMR_1289,CMR,31777.296904157032,0.4060480296611786,0.3260826170444488,0.2227833122014999,0.0989838242530822,0.0700754597783088,0.0560162514448165,-1.3249030113220217,-2.3052148818969727,-2.7462167739868164,-1.2563248872756958,4.145805358886719,7.569700241088867
CMR_1290,CMR,32383.234937160047,0.1459674686193466,0.1565665006637573,0.102903738617897,0.0561625398695468,0.0592405758798122,0.0571842044591903,-1.764433979988098,-2.7427921295166016,-3.234753370285034,-2.0656142234802246,4.929637908935547,8.81833267211914
CMR_1291,CMR,32223.71706663168,0.1624533236026764,0.0865237861871719,0.075165644288063,0.0571169219911098,0.0617931894958019,0.0565293319523334,-1.9163472652435305,-2.9812281131744385,-3.5304324626922607,-2.257241487503052,5.1078200340271,8.822328567504883
CMR_1292,CMR,32609.01682514946,0.3201417326927185,0.2833701074123382,0.1820869892835617,0.0747057273983955,0.059133805334568,0.0572147481143474,-1.9819461107254028,-2.8059449195861816,-3.3056461811065674,-2.2432570457458496,5.073790073394775,9.116647720336914
CMR_1293,CMR,32172.13939054219,0.1530805677175521,0.152015745639801,0.1111791878938674,0.0694506466388702,0.0635684952139854,0.0563005581498146,-1.780475378036499,-2.82649302482605,-3.378383159637451,-2.066372871398926,4.9151387214660645,8.562088012695312
CMR_1294,CMR,32383.1050554332,0.1923286467790603,0.1261905282735824,0.083120159804821,0.0446025282144546,0.0596256665885448,0.056670319288969,-1.877674460411072,-2.9120900630950928,-3.472009420394897,-2.277649164199829,5.117456436157227,8.944815635681152
CMR_1295,CMR,31931.911323074142,0.3559590876102447,0.1681972295045852,0.1291431337594986,0.0962744280695915,0.0704423785209655,0.0553710609674453,-1.3827574253082275,-2.2513620853424072,-2.735146999359131,-1.270708084106445,4.12927770614624,7.500899314880371
CMR_1296,CMR,31846.452014665352,0.4685781002044678,0.3427501320838928,0.1303688138723373,0.0958339497447013,0.0720994621515274,0.0546417497098445,-1.5074626207351685,-2.228523731231689,-2.6444621086120605,-1.112573742866516,3.982297897338867,7.19305944442749
CMR_1297,CMR,32611.18740983924,0.4135667681694031,0.4025861322879791,0.2921704947948456,0.0828464329242706,0.0614802092313766,0.0557444356381893,-0.6638835668563843,-1.5716246366500854,-2.225080728530884,-1.0892980098724363,3.884087085723877,7.727772235870361
CMR_1298,CMR,31952.385792718484,0.1477281600236892,0.1355456411838531,0.0977291762828826,0.0961760729551315,0.0725249499082565,0.0543348118662834,-2.331045389175415,-2.954704523086548,-3.3568506240844727,-1.846487522125244,4.714099884033203,7.898472309112549
CMR_1299,CMR,32044.04668943597,0.5989077091217041,0.3862458765506744,0.2025615125894546,0.1043385788798332,0.073374904692173,0.0541534759104251,-1.5299012660980225,-2.048026323318481,-2.441270112991333,-0.9593448042869568,3.8268232345581055,7.00931978225708
CMR_1300,CMR,33584.57647966531,0.5634922981262207,0.4627005755901336,0.3366548120975494,0.1126512363553047,0.0620525889098644,0.0551158562302589,-1.0594947338104248,-1.7220324277877808,-2.569990396499634,-1.8439781665802,4.409090042114258,9.001077651977539
CMR_1301,CMR,33293.718487951664,0.3616644144058227,0.3134631812572479,0.221738800406456,0.1646716594696045,0.0914255604147911,0.0513196028769016,-0.7813796997070312,-0.7772470712661743,-1.2103315591812134,-0.1232229694724083,3.0242414474487305,6.495265483856201
CMR_1302,CMR,33372.13185229213,0.2178600132465362,0.2001639008522033,0.1725956946611404,0.1667690873146057,0.091469407081604,0.0511629357933998,-1.2645691633224487,-1.358432412147522,-1.8218799829483032,-0.758398175239563,3.655886650085449,7.166385650634766
CMR_1303,CMR,33477.50701154462,0.1411795020103454,0.1361091583967209,0.1170749366283416,0.1618847101926803,0.0936044231057167,0.0505151487886905,-1.0792663097381592,-1.1532036066055298,-1.546930909156799,-0.4832972884178161,3.419811248779297,6.865189552307129
CMR_1304,CMR,32771.10288008741,0.1201418712735176,0.109474204480648,0.0891591161489486,0.092125192284584,0.0780897215008735,0.0504177510738372,0.3287691175937652,1.0161694288253784,1.1890246868133545,2.5890939235687256,0.598085880279541,3.1985268592834477
CMR_1305,CMR,34336.60362714608,0.2417146414518356,0.2316017150878906,0.2357607781887054,0.149808719754219,0.0918822363018989,0.0507096722722053,-1.7006006240844729,-2.7315332889556885,-3.502284288406372,-2.678554058074951,5.505181312561035,9.573076248168944
CMR_1306,CMR,33505.02390532832,0.1399438977241516,0.1534580439329147,0.1506138741970062,0.14400514960289,0.0929917246103286,0.0491139851510524,-1.13792884349823,-0.8610174059867859,-0.8907012343406677,0.2671635746955871,2.818726062774658,5.88905143737793
CMR_1307,CMR,34269.657847524475,0.0930461883544921,0.1229351535439491,0.1980487406253814,0.1510887145996093,0.0950346514582634,0.0498917289078235,-1.5353091955184937,-2.4068374633789062,-3.0387039184570312,-2.15659499168396,5.079101085662842,8.924309730529785
CMR_1308,CMR,34252.70060804675,0.4568354487419128,0.3684390485286712,0.2038314789533615,0.1425204873085022,0.0976466536521911,0.0490512959659099,-1.9367910623550413,-2.629641056060791,-3.090258836746216,-2.150252103805542,5.171293258666992,8.798571586608887
CMR_1309,CMR,33566.84066245822,0.0671534389257431,0.1227829828858375,0.1588764637708664,0.1313665211200714,0.0865237563848495,0.0478435531258583,-1.0684348344802856,-0.5984822511672974,-0.3634188175201416,0.8611783385276794,2.371735095977783,5.132322311401367
CMR_1310,CMR,33598.31132636505,0.3301794826984405,0.231118157505989,0.1501455456018448,0.1116528585553169,0.0788163468241691,0.046734981238842,-0.4431259334087372,0.179239273071289,0.6120688915252686,1.8959254026412964,1.493450164794922,3.955197811126709
CMR_1311,CMR,34417.77003321566,0.115957960486412,0.164302259683609,0.1236897334456443,0.1227013915777206,0.0974818021059036,0.0472498014569282,-1.725602626800537,-2.195266962051392,-2.267934560775757,-1.223657727241516,4.468767166137695,7.698305130004883
CMR_1312,CMR,34188.16346307222,0.3163611590862274,0.292493611574173,0.2216886579990387,0.1412461102008819,0.090221956372261,0.0463859364390373,-0.9281718134880066,-1.111181616783142,-1.0125808715820312,0.1033399254083633,3.1796770095825195,6.162057876586914
CMR_1313,CMR,33725.01573084506,0.1895698606967926,0.1239373683929443,0.1038077771663665,0.1109898760914802,0.0771454647183418,0.0460051521658897,-0.6278883218765259,-0.0367749519646167,0.4290579259395599,1.708728909492493,1.7059345245361328,4.145036697387695
CMR_1314,CMR,34255.686391823096,0.2684212028980255,0.2802844047546386,0.2329776734113693,0.1422120332717895,0.0792427435517311,0.0446107573807239,-0.6328980922698975,-0.4647166132926941,-0.0900271758437156,1.1142685413360596,2.342839241027832,4.967235565185547
CMR_1315,CMR,33862.91226202861,0.096098743379116,0.1172611340880394,0.1054900735616684,0.0852603316307067,0.0684422850608825,0.0443564020097255,-0.5385909080505371,0.1393414586782455,0.7618023753166199,2.092957735061645,1.4708828926086426,3.6377129554748535
CMR_1316,CMR,35082.746556602484,0.1894521117210388,0.2055655717849731,0.2001959234476089,0.1265798658132553,0.0940111577510833,0.0455357991158962,-1.9539244174957275,-1.9605464935302728,-1.4159705638885498,-0.2055141925811767,3.9485387802124015,6.638813495635986
CMR_1317,CMR,34033.18780606904,0.0681099146604538,0.068507008254528,0.0511437132954597,0.0496941208839416,0.057690929621458,0.0420176014304161,-0.0151658551767468,0.6942152380943298,1.4747143983840942,2.8828203678131104,0.7870988845825195,2.661712646484375
CMR_1318,CMR,35103.889075093706,0.2293818891048431,0.2209940254688263,0.1381562054157257,0.113296203315258,0.0853244587779045,0.0441863909363746,-1.4702637195587158,-1.4917205572128296,-0.8236595988273621,0.4397912323474884,3.346588611602783,5.889880657196045
CMR_1320,CMR,35603.396056432015,0.516069769859314,0.3597824275493622,0.1859859526157379,0.0653565227985382,0.057531040161848,0.0391981936991214,-0.9975204467773438,-0.7870142459869385,0.3451193869113922,1.862938404083252,2.2498233318328857,4.201985359191895
CRR_1466,CRR,35061.76057104648,0.0821337327361106,0.1328402310609817,0.161590576171875,0.1006133183836937,0.0495369732379913,0.0306167155504226,-0.7966850399971008,-0.4401440918445587,-0.1865898370742797,1.748615026473999,1.9754714965820312,206.3370056152344
CMR_1321,CMR,35823.70681070331,0.1699318885803222,0.1173650324344635,0.0901138558983802,0.0376161001622676,0.0330652147531509,,-0.3301602303981781,-0.0985785499215126,,,1.319096326828003,3.113964080810547
CMR_1322,CMR,257.7801372945517,0.0967421233654022,0.0102332979440689,0.0364009700715541,0.0156071428209543,,,-0.6627298593521118,,,,0.5832509994506836,0.5799970626831055
CMR_1323,CMR,308.394482059654,0.0487888231873512,0.0468099415302276,0.0317777656018734,0.0134937092661857,0.0078605646267533,,-0.4758045077323913,-0.3656419515609741,,,0.4040834903717041,0.3984742164611816
CMR_1324,CMR,514.5463194103651,0.0826663449406623,0.082665629684925,0.0717207267880439,0.012800539843738,0.0123642738908529,0.0209164153784513,-0.5632840394973755,-0.3511287271976471,0.48850217461586,,0.6764817237854004,0.6714284420013428
CMR_1325,CMR,641.6031636828847,0.0464732535183429,0.0823658853769302,0.0532269179821014,0.0052130264230072,0.0100575620308518,0.0187479648739099,-0.4768840372562408,-0.2652932405471802,0.5284705758094788,,0.7454581260681152,0.7419693470001221
CMR_1326,CMR,371.99728470166167,0.0406927913427352,0.0393878445029258,0.0305609516799449,0.0120472526177763,0.0232477542012929,0.0247871652245521,-0.0168787017464637,0.3596213161945343,1.238636136054993,,0.5984933376312256,0.5981836318969727
CMR_1327,CMR,1006.2725595059836,0.0847451761364936,0.0507609546184539,0.0199021697044372,0.0083172246813774,0.0159747190773487,0.0219099763780832,-0.4829035401344299,-0.1690455079078674,0.690204918384552,2.604652643203736,0.8400721549987793,0.8384242057800293
CMR_1329,CMR,520.2119343306556,0.0215931311249732,0.0746863111853599,0.0806350111961364,0.0634807795286178,0.0504049696028232,0.0327619612216949,-0.4782569706439972,-0.4794796109199524,0.1277616471052169,1.7879282236099243,0.8372365236282349,0.8225651979446411
CMR_1330,CMR,1216.735004373175,0.0189607813954353,0.0080025494098663,0.0428890027105808,0.0301856808364391,0.0264243520796298,0.0262708347290754,-0.1779660135507583,0.1823351979255676,1.0745607614517212,2.935129165649414,0.4986271858215332,0.4956967830657959
CMR_1331,CMR,937.2064916665915,0.1680618971586227,0.1201569586992263,0.0701803117990493,0.0571791492402553,0.0410835705697536,0.0310082100331783,-0.6254815459251404,-0.288198858499527,0.5546787977218628,2.3324532508850098,0.9968035221099854,0.9958250522613524
CMR_1332,CMR,1671.0752052534324,0.0403976626694202,0.0586157813668251,0.0685035958886146,0.0392251089215278,0.0307089183479547,0.0259416159242391,-0.6638724207878113,-0.4315404593944549,0.3931563794612884,2.2241013050079346,0.9631495475769044,0.9486808776855468
CMR_1333,CMR,1666.3886889580072,0.0823249965906143,0.1421946138143539,0.0910894125699997,0.0332985892891883,0.0356347821652889,0.0290445126593112,-0.6611200571060181,-0.3202493786811828,0.5156043767929077,2.3057198524475098,1.110985279083252,1.1038553714752195
CMR_1334,CMR,1538.903149614721,0.018159294500947,0.0380592681467533,0.056911926716566,0.0602869242429733,0.0525637753307819,0.0348720662295818,-0.2526829838752746,0.1030144914984703,0.8194326758384705,2.4692370891571045,0.6233055591583252,0.6255462169647217
CMR_1335,CMR,1741.8584043136077,0.0834064185619354,0.1023148968815803,0.052711758762598,0.0358710698783397,0.0428542979061603,0.0322255492210388,0.0697982311248779,0.5225516557693481,1.3279139995574951,3.052290916442871,0.563584566116333,0.5636060237884521
CMR_1336,CMR,2237.357684886976,0.0222917068749666,0.0626958087086677,0.0195897426456213,0.0435622185468673,0.0433608330786228,0.0282409526407718,-0.3901783525943756,-0.1956229954957962,0.4664393961429596,2.207993030548096,0.737617015838623,0.71718430519104
CMR_1337,CMR,1727.811707911065,0.0170655734837055,0.0353848151862621,0.0493798963725566,0.0637300238013267,0.0585684590041637,0.0365214310586452,-0.0735821425914764,0.3011416494846344,0.9130165576934814,2.490169048309326,0.4433940649032593,0.4518170356750488
CMR_1338,CMR,1841.6939190299377,0.1088756993412971,0.0671568661928176,0.0684039741754531,0.080067791044712,0.0650693401694297,0.0384721681475639,0.2492727637290954,0.5420255064964294,0.9436813592910768,2.4002249240875244,0.4985036849975586,0.5234344005584717
CMR_1339,CMR,2028.842228467179,0.0978798940777778,0.0733411237597465,0.0565010011196136,0.0736199393868446,0.0643046423792839,0.0381413176655769,-0.0311193894594907,0.3758622407913208,0.8610547184944153,2.35872220993042,0.5178790092468262,0.5378230810165405
CMR_1340,CMR,2767.779308544955,0.0528176426887512,0.0646520256996154,0.0544206909835338,0.0575392730534076,0.0510320551693439,0.0313692428171634,-0.0606638677418231,0.2157533019781112,0.6692498922348022,2.296372175216675,0.4899028539657593,0.4695659875869751
CMR_1342,CMR,2935.048765621531,0.0274612344801425,0.0155140124261379,0.0225792862474918,0.056514922529459,0.0518219769001007,0.0335521101951599,-0.4005923867225647,-0.0763055607676506,0.3317988216876983,1.897565126419068,0.9075713157653807,0.901570439338684
CMR_1343,CMR,2679.132316871332,0.0944932624697685,0.1328014433383941,0.1329490840435028,0.1115539819002151,0.0692683458328247,0.0415764711797237,-0.3515465259552002,-0.3076132535934448,-0.2094326317310333,1.0733455419540403,1.165830373764038,1.4467055797576904
CMR_1344,CMR,2965.1349515396214,0.0284613128751516,0.0810751393437385,0.1034475862979888,0.0986910387873649,0.0646930709481239,0.0397872254252433,-0.4305738508701324,-0.3496469557285309,-0.1114298775792121,1.2627253532409668,1.1838595867156982,1.3704819679260254
CMR_1345,CMR,3107.804952045403,0.2738138139247894,0.210651010274887,0.1470998376607895,0.086159847676754,0.0582015253603458,0.0378345213830471,-0.4286167323589325,-0.2595333456993103,0.0455709360539913,1.48074209690094,1.228406548500061,1.303317308425903
CMR_1346,CMR,3047.874064946892,0.0744598135352134,0.091839887201786,0.1037179380655288,0.1023325473070144,0.0657683983445167,0.0411132797598838,-0.0767412856221199,-0.1284438073635101,-0.0050418488681316,1.2965421676635742,0.9740427732467652,1.2547438144683838
CMR_1347,CMR,3669.5935398241336,0.0672481060028076,0.1404650956392288,0.1611707359552383,0.0858702510595321,0.0433646254241466,0.0312365647405385,-0.5903322100639343,-0.6858082413673401,-0.6225937604904175,0.8611744046211243,1.757929801940918,1.733219027519226
CMR_1348,CMR,3604.753732846269,0.0378197133541107,0.0939590856432914,0.1011489331722259,0.0770614147186279,0.0552690997719764,0.0412579923868179,-0.9909386038780212,-1.2138828039169312,-1.1581411361694336,0.0825643390417099,2.107754945755005,2.452110528945923
CMR_1350,CMR,4310.207617333241,0.0259581562131643,0.0224845837801694,0.0606375709176063,0.0566212944686412,0.0306362621486186,0.0336377471685409,-0.0270644221454858,0.0182062573730945,0.0686542093753814,1.4303803443908691,1.0589580535888672,1.1299824714660645
CMR_1351,CMR,4405.724689989476,0.2020028382539749,0.139011725783348,0.1008817255496978,0.0494523346424102,0.0424405373632907,0.042938943952322,-0.255616545677185,0.0097748702391982,0.0840937942266464,1.1809769868850708,1.1842272281646729,1.4176021814346311
CMR_1352,CMR,4715.410158505681,0.0857898220419883,0.0824184641242027,0.0600423961877822,0.0479334630072116,0.0309768971055746,0.0363591946661472,-0.0445885919034481,0.0350800156593322,0.1386515200138092,1.4120829105377195,1.158761739730835,1.2461869716644287
CMR_1355,CMR,11054.445546149716,0.0100815193727612,0.0584712885320186,0.0769089087843895,0.0852768048644065,0.0617558285593986,0.044773306697607,-0.6207009553909302,-0.8620601892471313,-0.7749764919281006,-0.7233210206031799,2.066230773925781,5.53899621963501
CMR_1356,CMR,11590.032545237216,0.0827114284038543,0.1123621985316276,0.0851957350969314,0.044835940003395,0.02438685297966,0.0339784398674964,0.1339560002088546,0.5258447527885437,1.008289456367493,1.312384843826294,0.7940897941589355,3.9161839485168457
CMR_1357,CMR,12323.206320339452,0.1162116304039955,0.0994621142745018,0.1224020794034004,0.0832824558019638,0.0564778000116348,0.0400507114827632,-0.6647129058837891,-0.6712137460708618,-0.3528496921062469,-0.3928407728672027,1.7284579277038574,5.874502658843994
CMR_1358,CMR,12508.736567036512,0.0187256298959255,0.0618672743439674,0.0678281188011169,0.0554766803979873,0.0361018851399421,0.0331448167562484,-0.7185532450675964,-0.3471739590167999,0.4101831316947937,0.6934835314750671,1.2325434684753418,4.99321174621582
CMR_1360,CMR,13226.722696415847,0.1115579083561897,0.1186614856123924,0.0790322050452232,0.0573504641652107,0.0559762641787529,0.0375597774982452,-0.3185035288333893,0.088002361357212,0.838149905204773,0.9756251573562622,0.6839847564697266,5.02476978302002
CMR_1361,CMR,13497.269036853984,0.0793772563338279,0.0791560038924217,0.1059100776910781,0.1024935096502304,0.0841046422719955,0.0457792803645134,0.265238493680954,0.8343899250030518,0.8049620389938354,0.1987783759832382,0.6631431579589844,5.715548038482666
CMR_1362,CMR,13869.513077160856,0.0535724312067031,0.0800846815109252,0.0887245461344719,0.0758635774254798,0.0510532334446907,0.0362898148596286,-0.862341046333313,-0.5589784383773804,0.3123772442340851,0.6314712762832642,1.3881278038024902,5.740442752838135
CMR_1363,CMR,13954.664655361585,0.0760794505476951,0.0651351511478424,0.0871471464633941,0.0751973241567611,0.050515279173851,0.0364235080778598,-0.5907836556434631,-0.315256118774414,0.5533806681632996,0.8839226961135864,1.1361007690429688,5.534943103790283
CMR_1364,CMR,14111.849621128897,0.058769054710865,0.0183906629681587,0.0656351298093795,0.1082042604684829,0.0885988697409629,0.046369232237339,-1.3344546556472778,-1.0817208290100098,-0.8807001113891602,-1.3406702280044556,2.176201820373535,7.609261035919189
CMR_1365,CMR,14464.69115056512,0.2435545176267624,0.2501082122325897,0.2007880359888076,0.1632796674966812,0.0954857096076011,0.0477200485765934,-0.7367157340049744,-0.8984795808792114,-1.2137612104415894,-2.130047082901001,2.4980568885803223,8.435731887817383
CMR_1366,CMR,14562.519042807053,0.2470419555902481,0.2263076454401016,0.215933158993721,0.1705226898193359,0.0938607603311538,0.0475085899233818,-0.925259530544281,-1.2893229722976685,-1.7538862228393557,-2.800406217575073,3.035679817199707,9.114192962646484
CMR_1367,CMR,14735.5650599941,0.2674801349639892,0.1420125961303711,0.1179184541106224,0.1286182552576065,0.0899353921413421,0.048161793500185,-0.1610939055681228,-0.0415777973830699,0.1224458366632461,-0.4517486095428467,1.2758102416992188,6.995579719543457
CMR_1368,CMR,14811.676832710418,0.2637874186038971,0.1372869461774826,0.1274909973144531,0.130574494600296,0.0894721895456314,0.0483344234526157,-0.3401582539081573,-0.2105773538351059,-0.0343012623488903,-0.6174126267433167,1.4730372428894043,7.196843147277832
CMR_1372,CMR,15853.23295139841,0.4195996224880218,0.3631020486354828,0.3266342282295227,0.17757548391819,0.0948528870940208,0.0464323386549949,-0.8990572094917297,-0.9590843319892884,-1.1186705827713013,-2.381436347961426,2.797362804412842,9.258310317993164
CMR_1373,CMR,15873.459576137542,0.6994744539260864,0.4989061951637268,0.2420253455638885,0.1455956250429153,0.0885078161954879,0.0489354468882083,0.0600256621837616,0.5638602375984192,0.8595594167709351,-0.0787814110517501,2.412228584289551,7.286643028259277
CMR_1374,CMR,15677.663633220343,0.1749002486467361,0.21465365588665,0.2357160598039627,0.1588313579559326,0.0895504429936409,0.0423215441405773,-1.2094447612762451,-1.655158519744873,-2.25025486946106,-3.830215215682984,3.808292865753174,10.635281562805176
CMR_1375,CMR,15648.11683583168,0.1904444992542266,0.2775678634643554,0.2733798921108246,0.1450923085212707,0.0830299258232116,0.0391701199114322,-1.0011992454528809,-1.475824236869812,-2.2783265113830566,-4.027778148651123,3.816248893737793,10.814897537231444
CMR_1376,CMR,15905.899600331722,0.3622086942195892,0.35593381524086,0.2737314403057098,0.1654708981513977,0.0930496901273727,0.0427150130271911,-0.9074783325195312,-0.9021112322807312,-1.292508244514465,-2.8092684745788574,2.955307483673096,9.710206031799316
CMR_1377,CMR,16161.95018397923,0.7516084313392639,0.6384131908416748,0.2737027108669281,0.1491013318300247,0.0941253900527954,0.0452103354036808,-0.7801802158355713,-0.2976559996604919,-0.3215871751308441,-1.6386953592300415,3.346200466156006,8.67405891418457
CMR_1378,CMR,16270.52161194997,0.5901426672935486,0.5262176394462585,0.2198724895715713,0.1345063149929046,0.0937912464141845,0.0450578667223453,-0.9638589024543762,-0.3210938572883606,-0.2872094213962555,-1.5996538400650024,3.439436435699463,8.687423706054688
CMR_1379,CMR,16477.781455284505,0.2845835983753204,0.2527083158493042,0.1841517835855484,0.0979347601532936,0.0920639336109161,0.0460452325642108,-0.8760156631469727,0.0473380871117115,0.2974808812141418,-0.9113307595252992,1.9690418243408203,8.086191177368164
CMR_1381,CMR,16314.905169766616,0.2752402126789093,0.2587943077087402,0.1964516937732696,0.1534826159477234,0.0838436633348465,0.0311407912522554,0.3362416923046112,0.8626059889793396,0.1144705712795257,-1.7748332023620603,1.4751567840576172,8.811680793762207
CMR_1383,CMR,16814.754428932378,0.0211011637002229,0.0098357684910297,0.0165488738566637,0.1108372807502746,0.0985622480511665,0.0393455363810062,0.0105476258322596,1.0123382806777954,0.8934930562973022,-0.6258267760276794,1.1091985702514648,7.897158145904541
CMR_1384,CMR,16647.074079612736,0.5387064814567566,0.4661518633365631,0.326003760099411,0.1877986639738083,0.0794213414192199,0.0261369608342647,-0.480737030506134,-0.1238973140716552,-0.9882742166519164,-2.9324774742126465,2.6114301681518555,10.082559585571287
CMR_1386,CMR,17593.078407650464,0.2811216115951538,0.1788509041070938,0.1718413084745407,0.1571257412433624,0.1132566109299659,0.0491744689643383,-0.9306153059005736,-0.956364631652832,-0.7405765056610107,-1.7816630601882937,2.074678421020508,9.575151443481444
CMR_1388,CMR,17941.258744721683,0.3752001523971557,0.4034676551818847,0.2874475717544555,0.1123409196734428,0.0503287576138973,0.0223052501678466,-1.0798970460891724,-2.088031768798828,-3.5942389965057373,-5.488461494445801,4.990958213806152,13.076936721801758
CMR_1389,CMR,19169.32742237565,0.234909787774086,0.2468060702085495,0.2054883241653442,0.1421075314283371,0.0935041159391403,0.0458986423909664,-0.8464264869689941,-1.627734899520874,-2.9856441020965576,-4.62239408493042,4.7184600830078125,12.47898769378662
CMR_1390,CMR,19397.762651781413,0.2865351736545563,0.3106419146060943,0.2308894842863083,0.1250250935554504,0.0653489455580711,0.0394912846386432,-0.8555499315261841,-1.7900906801223757,-3.3326594829559326,-5.046675205230713,5.083333969116211,13.083922386169434
CMR_1391,CMR,19588.530889588663,0.2685377299785614,0.3008562624454498,0.2564917504787445,0.1296926587820053,0.0651448220014572,0.0398044772446155,-0.6095073819160461,-1.550387620925903,-3.05930233001709,-4.76536750793457,4.879918098449707,12.890216827392578
CMR_1392,CMR,19236.93721957028,0.2479764074087143,0.2680457830429077,0.2188446521759033,0.1668850034475326,0.115986093878746,0.0537355802953243,-1.1417672634124756,-1.6784905195236206,-2.6754226684570312,-4.153109550476074,4.42948055267334,11.933363914489746
CMR_1393,CMR,19890.30228485502,0.3327189087867737,0.3105497658252716,0.257054716348648,0.1528143286705017,0.0766628459095954,0.0425894111394882,-0.7863137125968933,-1.6928491592407229,-3.0697214603424072,-4.737186908721924,5.040459632873535,12.97072982788086
CMR_1394,CMR,19454.790858787543,0.4242258369922638,0.3848867118358612,0.2783316969871521,0.1780329793691635,0.1225046142935752,0.0584880672395229,-0.9887747168540956,-1.1661765575408936,-1.863084435462952,-3.1924383640289307,3.65712833404541,10.991838455200195
CMR_1396,CMR,19981.00269891992,0.3910422027111053,0.3142266571521759,0.2620343565940857,0.1886062324047088,0.1170255914330482,0.0571991130709648,0.1998771429061889,0.3326963186264038,-0.3444683253765106,-1.6897635459899902,2.412266731262207,9.75332260131836
CMR_1397,CMR,20398.81050850296,0.2207172065973281,0.1869339346885681,0.2066833227872848,0.2060793787240982,0.1062429249286651,0.0517437644302845,-1.2394359111785889,-1.708820939064026,-2.595038890838623,-4.08889102935791,4.863431930541992,12.44258975982666
CMR_1398,CMR,20661.458026585064,0.2140796333551406,0.2201540321111679,0.2247586846351623,0.1978685110807418,0.0999147742986679,0.0492862500250339,-1.2907888889312744,-1.9709113836288448,-2.933602094650269,-4.491203308105469,5.167437553405762,13.00897216796875
CMR_1399,CMR,20407.587333678315,0.265096515417099,0.2771167457103729,0.2601052820682525,0.2006185501813888,0.1145030558109283,0.0586701184511184,-1.3544816970825195,-1.1799238920211792,-1.682050704956055,-2.9681642055511475,4.001303672790527,11.202398300170898
CMR_1400,CMR,20588.2395451475,0.6341644525527954,0.5218027830123901,0.3560681939125061,0.2134761810302734,0.111109621822834,0.0554864630103111,-1.0858731269836426,-1.2308939695358276,-1.8812814950942995,-3.273329019546509,4.275340080261231,11.6548490524292
CMR_1401,CMR,20631.3794292315,0.3472842872142792,0.27032470703125,0.2218232601881027,0.1549025923013687,0.1072836741805076,0.0638017207384109,-0.8369670510292053,-0.2404204905033111,-0.3827047944068908,-1.4315216541290283,2.6973953247070312,9.651226997375488
CMR_1402,CMR,21230.215943963616,0.4158114194869995,0.3289854824542999,0.2187303155660629,0.1777875125408172,0.1056767255067825,0.0585194826126098,-1.0333722829818726,-0.5737612247467041,-0.958380401134491,-2.253382444381714,3.219223022460937,10.89914321899414
CMR_1403,CMR,21215.16689726261,0.5336419939994812,0.3947944343090057,0.2524351775646209,0.1607892215251922,0.1036409512162208,0.0607541762292385,-0.8758009672164917,-0.3095632195472717,-0.5738807320594788,-1.774105191230774,2.908350944519043,10.358642578125
CMR_1404,CMR,21593.47067275138,0.2417584210634231,0.1839997768402099,0.0699707418680191,0.0729275345802307,0.0896269977092742,0.0648002251982688,-0.3729370236396789,0.4069571495056152,0.3519175052642822,-0.6221675872802734,1.8147478103637693,9.285334587097168
CMR_1405,CMR,21630.878715237643,0.2246893644332885,0.1388073116540908,0.0506909266114234,0.0636030808091163,0.0865531489253044,0.065674141049385,-0.3230282068252563,0.4233737885951996,0.4039587378501892,-0.5038905739784241,1.7351083755493164,9.154057502746582
CMR_1406,CMR,21864.57493176791,0.1779950857162475,0.1096165627241134,0.0460880510509014,0.0614816918969154,0.0905022546648979,0.0632166117429733,-0.1078850552439689,0.7934197187423706,0.6455299854278564,-0.4319975674152374,1.462310791015625,9.28714370727539
CMR_1407,CMR,21740.048993105407,0.1167261078953743,0.160490021109581,0.1171701177954673,0.0641736984252929,0.0722478702664375,0.0652676746249198,-0.8122247457504272,-1.1693050861358645,-1.0208650827407837,-0.8685319423675537,2.439284324645996,8.982320785522461
CMR_1408,CMR,23689.892033600463,0.2013894915580749,0.187341034412384,0.1557214260101318,0.1337661743164062,0.0938655436038971,0.0499771051108837,-0.4582398235797882,-0.4679948985576629,0.0080996081233024,0.9341707825660706,1.8354201316833496,7.7207770347595215
CMR_1409,CMR,24207.556849271503,0.1778223365545272,0.2060032933950424,0.1533512473106384,0.1383918821811676,0.0992609933018684,0.0603765174746513,-1.215681791305542,-1.6383399963378906,-1.4633331298828125,-0.7385972738265991,3.394831657409668,9.973417282104492
CMR_1410,CMR,24209.272629674804,0.0545478835701942,0.1115908622741699,0.0858122408390045,0.1236732378602027,0.0960774943232536,0.0532548651099205,-1.482513189315796,-1.818312644958496,-1.388206124305725,-0.4519709944725036,3.333812713623047,9.495244026184082
CMR_1411,CMR,23960.627586645085,0.2410281896591186,0.233150228857994,0.1836122870445251,0.1296911835670471,0.0872137621045112,0.0464035868644714,-1.2264753580093384,-1.2939884662628174,-0.6616300940513611,0.3639357089996338,2.59431791305542,8.35092830657959
CMR_1412,CMR,24222.69019202045,0.1399472504854202,0.1228741854429245,0.1227595135569572,0.1230735033750534,0.0847970694303512,0.0460421442985534,-1.1555969715118408,-1.326724648475647,-0.6428259611129761,0.4287668466567993,2.651186466217041,8.433204650878906
CMR_1413,CMR,23806.42467362403,0.0164276603609323,0.0118702203035354,0.0381329134106636,0.0846989750862121,0.0516354441642761,0.0348254144191741,-0.0883262977004051,0.6880292296409607,1.7725485563278198,2.866129875183105,0.7364640235900879,5.3805670738220215
CMR_1414,CMR,24261.174506892297,0.187996506690979,0.2149816900491714,0.1884564012289047,0.1215564906597137,0.0678770467638969,0.0395990312099456,-1.2582528591156006,-1.141090750694275,-0.2430498749017715,0.903310775756836,2.369530200958252,7.806689262390137
CMR_1415,CMR,24347.46451188168,0.0774525105953216,0.135874792933464,0.1689206957817077,0.1193743348121643,0.0654923245310783,0.0391348339617252,-1.2600088119506836,-1.1382575035095217,-0.2147160768508911,0.9493242502212524,2.382936477661133,7.803644180297852
CMR_1416,CMR,24416.993530514654,0.3220714032649994,0.243520975112915,0.1894592344760894,0.1091366112232208,0.0560637824237346,0.0366150476038455,-1.094175934791565,-0.8408581018447876,0.1583384722471237,1.345551609992981,2.0962300300598145,7.374742031097412
CMR_1417,CMR,24480.69847623988,0.1920878142118454,0.1830795258283615,0.1534195095300674,0.0759404525160789,0.0391408018767833,0.0326305218040943,-0.5408634543418884,-0.0625180453062057,1.026153564453125,2.219013214111328,1.367671012878418,6.393189907073975
CMR_1418,CMR,24820.29258568237,0.0655071437358856,0.1178977414965629,0.0945030972361564,0.0454460568726062,0.0315586775541305,0.0291200298815965,-0.5755826234817505,0.0022654617205262,1.0827635526657104,2.219508409500122,1.4366559982299805,6.302554130554199
CMR_1419,CMR,25921.054999030664,0.1751407831907272,0.2425134032964706,0.1506275683641433,0.0450971275568008,0.0170449502766132,0.03059833496809,-0.4895658195018768,0.3270656168460846,1.8039445877075195,3.189884185791016,1.435712814331055,6.134918212890625
CMR_1420,CMR,25926.6822705802,0.0981882959604263,0.0782563090324401,0.0855585113167762,0.0698551759123802,0.0344739817082881,0.0294580478221178,-1.131155014038086,-0.5209664702415466,0.7749578356742859,2.046161651611328,1.897871971130371,7.082082748413086
CMR_1421,CMR,25758.138503287704,0.3594987392425537,0.2983457446098327,0.1872044056653976,0.1003043428063392,0.0526957102119922,0.0309632681310176,-0.4279207587242126,-0.0411291420459747,0.9925557971000672,2.114945411682129,1.4411873817443848,6.763895988464356
CMR_1422,CMR,25817.52329096256,0.2664581537246704,0.2658489048480987,0.1621712297201156,0.0962375104427337,0.0512413717806339,0.0308291874825954,-0.6417502164840698,-0.2282381951808929,0.8416299819946289,1.9829217195510864,1.608625411987305,6.941553592681885
CMR_1423,CMR,25860.67872092027,0.1880796104669571,0.1824346482753753,0.1382368803024292,0.1075840517878532,0.0625651329755783,0.0328437015414238,-0.7120947241783142,-0.4521859586238861,0.4699467122554779,1.5179334878921509,1.8477320671081543,7.339906692504883
CMR_1424,CMR,25512.68829309937,0.2823038101196289,0.2378868758678436,0.1666358113288879,0.1190926507115364,0.079091764986515,0.0370397306978702,-0.9178339838981628,-0.9504574537277222,-0.4074086546897888,0.4021517932415008,2.501474380493164,8.172407150268555
CMR_1425,CMR,26004.495573395456,0.0814244970679283,0.089238055050373,0.0705136805772781,0.0972040966153144,0.0593524798750877,0.0325022190809249,-1.0540069341659546,-0.7123345136642456,0.2980398535728454,1.389794945716858,2.081137180328369,7.571049213409424
CMR_1426,CMR,25838.34238086573,0.153199166059494,0.1480324268341064,0.1549327373504638,0.1167402639985084,0.0725017115473747,0.0352718569338321,-0.7421630024909973,-0.6441839933395386,0.1039527207612991,1.0408366918563845,2.1030187606811523,7.744670391082764
CMR_1427,CMR,25813.1419390126,0.1440057158470153,0.1930734813213348,0.1752932071685791,0.1199771016836166,0.076472669839859,0.0364563576877117,-0.6769828200340271,-0.6564038395881653,0.0018002906581386,0.8808188438415527,2.158419132232666,7.864995956420898
CMR_1428,CMR,25585.87713433356,0.2098453789949417,0.1871174424886703,0.1537580639123916,0.1218819841742515,0.0834664329886436,0.038919124752283,-1.3097409009933472,-1.4388221502304075,-1.0184882879257202,-0.2934684157371521,3.0640668869018555,8.861740112304688
CMR_1429,CMR,25743.04725911482,0.193240687251091,0.1777161657810211,0.1549212336540222,0.124107114970684,0.083675593137741,0.0391612574458122,-1.158879041671753,-1.304684042930603,-0.8682628273963928,-0.1356922537088394,2.9304723739624023,8.774981498718262
CMR_1430,CMR,25809.95003156914,0.1581794470548629,0.1760003864765167,0.1464070528745651,0.1302156299352646,0.0885268002748489,0.0424800142645835,-0.9545103311538696,-1.2834336757659912,-1.1012585163116455,-0.5581026673316956,3.0890326499938965,9.142011642456056
CMR_1431,CMR,27158.165319060823,0.4866902232170105,0.5300319790840149,0.3184435665607452,0.1242609843611717,0.0835262313485145,0.0471583493053913,-0.7676199078559875,-1.3574179410934448,-1.9783682823181152,-2.5540244579315186,4.076320648193359,11.320101737976074
CMR_1432,CMR,28549.083705846297,0.0605678707361221,0.2011126279830932,0.1459189355373382,0.1198786795139312,0.1040059104561805,0.0491265095770359,-1.3798221349716189,-0.8745177984237671,-0.6062962412834167,-0.7616715431213379,2.5267019271850586,10.372464179992676
CMR_1433,CMR,28739.2533084282,0.0888013914227485,0.0903421267867088,0.084995612502098,0.1216474026441574,0.1106777265667915,0.0457274429500103,-1.285733342170715,-0.8621695041656494,-1.1373097896575928,-1.726235032081604,2.937173843383789,11.245939254760742
CMR_1434,CMR,28857.10339966147,0.431287407875061,0.3451535403728485,0.1580127477645874,0.1284313350915908,0.1105639412999153,0.0440927930176258,-0.4276466369628906,-0.0422828495502471,-0.4918690025806427,-1.1955732107162476,2.27176284790039,10.718668937683104
CMR_1435,CMR,28934.4786426966,0.425333172082901,0.3839245736598968,0.2302761822938919,0.1463940590620041,0.1047411188483238,0.0403733737766742,-0.5900028944015503,-0.3331848978996277,-1.1136959791183472,-2.031425714492798,2.8804378509521484,11.48157787322998
CMR_1436,CMR,27785.17277467816,0.0775376185774803,0.0461445972323417,0.0681202560663223,0.0901097729802131,0.049823947250843,0.0341018475592136,-0.6282431483268738,-1.5778471231460571,-3.269739389419556,-4.857649803161621,5.186991691589356,13.161712646484377
CMR_1437,CMR,28984.135802291275,0.3950918316841125,0.3351719379425049,0.2363826036453247,0.1635382026433944,0.088719792664051,0.0353208109736442,-0.6054412126541138,-0.6842625141143799,-1.8600949048995967,-3.014645576477051,3.578871726989746,12.342697143554688
CMR_1438,CMR,28669.52593626584,0.2060287892818451,0.2423180341720581,0.2172307223081588,0.1324134171009063,0.0427050776779651,0.0309870652854442,-0.2925130128860473,-1.195845603942871,-2.891038179397583,-4.353287696838379,4.422520637512207,13.252860069274902
CMR_1441,CMR,29210.75561976211,0.1130385547876358,0.1447896510362625,0.1457287967205047,0.2366103529930114,0.1349939703941345,0.0682611465454101,0.4714397490024566,1.043934345245361,0.2096202075481414,-0.9043787121772766,1.3708992004394531,9.204551696777344
CMR_1442,CMR,30015.835903835632,0.316313087940216,0.2989157140254974,0.2915668785572052,0.1895149499177932,0.1325211226940155,0.076871857047081,-0.3955810070037842,-0.4236149489879608,-0.7558815479278564,-1.5603668689727783,1.9083852767944336,10.038628578186035
CMR_1443,CMR,30454.49897861224,0.199360966682434,0.2754966914653778,0.2258659452199936,0.1285175085067749,0.1288231313228607,0.07194684445858,-2.625993013381958,-3.056529998779297,-3.55370569229126,-4.594224452972412,5.310276031494141,13.46347713470459
CMR_1444,CMR,30981.23045977265,0.1996373385190963,0.2529826164245605,0.2369023263454437,0.1393775939941406,0.1111284345388412,0.0830728113651275,-2.658676147460937,-3.352513313293457,-2.7448301315307617,-2.9043686389923096,4.952211380004883,11.33238697052002
CMR_1445,CMR,31862.716060287494,0.2482320666313171,0.2398864328861236,0.2112471163272857,0.1354408115148544,0.1217018812894821,0.08390374481678,-0.2729528248310089,0.7380186915397644,1.7077561616897583,1.042253851890564,1.4833383560180664,7.995265960693359
CMR_1446,CMR,31186.05426137533,0.5159448981285095,0.3890961408615112,0.3178447484970093,0.1733871400356292,0.0965529009699821,0.0804125890135765,-2.278361558914185,-2.6389732360839844,-1.7222576141357422,-1.462832808494568,4.179558277130127,9.641519546508787
CMR_1447,CMR,32101.696068205503,0.1953619867563247,0.1916569322347641,0.1918892711400985,0.1316605806350708,0.108297161757946,0.0847284272313118,0.5304531455039978,1.6810038089752195,2.9448983669281006,2.490878105163574,0.6041312217712402,6.424900054931641
CMR_1448,CMR,32679.440107979528,0.2148124128580093,0.2144240587949752,0.1979216337203979,0.1618928462266922,0.1194589361548423,0.0860007479786872,-0.377924233675003,0.5390764474868774,1.779618740081787,1.104034185409546,1.6874094009399414,8.028765678405762
CMR_1449,CMR,31713.444181140447,0.4155740737915039,0.2395904809236526,0.1319370716810226,0.102528728544712,0.0717855095863342,0.0764100104570388,-1.83217203617096,-1.2466747760772705,0.0072455657646059,0.4568664729595184,2.919065475463867,7.658771991729736
CMR_1450,CMR,32713.49544400185,0.2266270220279693,0.2012321203947067,0.1722833067178726,0.1461117565631866,0.1133530214428901,0.0856022238731384,-0.5282182097434998,0.4700728952884674,1.775904417037964,1.2050607204437256,1.7420063018798828,7.844115257263184
CMR_1451,CMR,32515.990472143323,0.0416054874658584,0.075679212808609,0.0998967513442039,0.0781073942780494,0.085282415151596,0.081727884709835,-0.7040520906448364,0.3972087204456329,1.8641290664672847,1.756823182106018,1.736182689666748,6.902732849121094
CMR_1452,CMR,32540.831610717523,0.0716980844736099,0.1336284875869751,0.1173884868621826,0.0851358398795127,0.0634655132889747,0.070759005844593,-1.130147099494934,-0.568679928779602,0.6086159944534302,1.1117572784423828,1.9792170524597168,6.907484531402588
CMR_1453,CMR,32579.19973868394,0.5186032652854919,0.1684129387140274,0.1220282837748527,0.0910507515072822,0.0645642355084419,0.0657037422060966,-0.8329439163208008,-0.1615923643112182,0.6575745344161987,1.37213397026062,1.7200088500976562,6.330940246582031
CMR_1454,CMR,32555.52320583181,0.0831257849931716,0.1579275131225586,0.1186664700508117,0.0789262652397155,0.0646256208419799,0.0638343766331672,-0.2934466302394867,0.4384343922138214,1.0736125707626345,1.8811813592910769,1.2888774871826172,5.672345161437988
CMR_1455,CMR,33110.54392350605,0.1609060764312744,0.1844278126955032,0.1196815520524978,0.0974139124155044,0.088578887283802,0.0686087161302566,-1.7000080347061155,-1.3103371858596802,-0.5941277146339417,-0.2220723927021026,2.927926540374756,8.262648582458496
CMR_1456,CMR,33448.85222773456,0.1620991080999374,0.0924850329756736,0.082458771765232,0.1165701001882553,0.0998128801584243,0.0676669403910636,-1.6755679845809937,-1.3476470708847046,-1.0007758140563965,-0.7355315685272217,3.2408013343811035,8.821867942810059
CMR_1457,CMR,33074.20446852283,0.1243996769189834,0.089870311319828,0.0679219812154769,0.0854556486010551,0.0816552340984344,0.0626435801386833,0.123962789773941,0.7918981909751892,1.0340709686279297,1.6662554740905762,1.0724000930786133,5.960821151733398
CMR_1458,CMR,33246.47517419557,0.0369520001113414,0.0232423599809408,0.0455284118652343,0.0950391590595245,0.0803165659308433,0.0602426938712596,0.0768778845667839,0.6745923757553101,0.5357009768486023,1.189380407333374,1.449326992034912,6.306203365325928
CMR_1459,CMR,33509.68877214763,0.1511080861091613,0.1057608798146247,0.0741065219044685,0.1124354749917984,0.0825371891260147,0.0595637261867523,0.5918722152709961,1.130354642868042,0.7689653635025024,1.338244080543518,1.1683168411254885,6.207941055297852
CMR_1460,CMR,34040.96788657089,0.1787814944982528,0.2491051256656646,0.2693429887294769,0.1789220422506332,0.094132013618946,0.0630479454994201,-0.8129091858863831,-0.8948837518692017,-1.4625743627548218,-1.2353887557983398,3.457839012145996,9.22333526611328
CMR_1461,CMR,34269.456858857055,0.1751346737146377,0.2071926444768905,0.1855968236923217,0.1808683723211288,0.0910728052258491,0.0651493892073631,-1.7967673540115356,-2.263031005859375,-2.973841667175293,-2.899749517440796,5.031347274780273,11.077348709106444
CMR_1462,CMR,33724.048466242624,0.0289744026958942,0.1188639849424362,0.1391744017601013,0.1333334147930145,0.0822405815124511,0.0590305775403976,-0.1449240446090698,0.2631416916847229,-0.2888741195201874,0.2192166596651077,2.192330837249756,7.368045806884766
CMR_1463,CMR,34395.40319110754,0.4884362816810608,0.3862464427947998,0.2295987904071808,0.1799613386392593,0.0833443030714988,0.0645356401801109,-1.426106572151184,-2.1318235397338867,-3.009505033493042,-2.933037757873535,5.024822235107422,11.098345756530762
CMR_1464,CMR,34611.54741285992,0.17688749730587,0.181463748216629,0.201208159327507,0.1591038852930069,0.0726288706064224,0.0661721229553222,-1.3989382982254028,-2.403691291809082,-3.418907642364502,-3.4394643306732178,5.48590087890625,11.730993270874023
CMR_1465,CMR,33542.62521876878,0.2020338326692581,0.2873271405696869,0.2824759483337402,0.1363266259431839,0.0670926049351692,0.0564011894166469,0.3966127634048462,0.201205626130104,-0.524750292301178,0.1566121578216552,2.3797812461853027,7.120739936828613
CMR_1466,CMR,34566.067053801584,0.3986127972602844,0.3297159671783447,0.2389497011899948,0.1652545183897018,0.0732323303818702,0.0645944103598594,-1.0941041707992554,-2.1037909984588623,-3.141289710998535,-3.084746599197388,5.135730743408203,11.275209426879885
CMR_1467,CMR,34777.57099856176,0.2858299314975738,0.2346072494983673,0.2189898341894149,0.1233843564987182,0.0605423711240291,0.0650032386183738,-1.2334165573120115,-2.581698417663574,-3.770222187042236,-3.727152585983277,5.748396873474121,11.949148178100586
CMR_1468,CMR,34395.81563131897,0.5362191796302795,0.1151112169027328,0.2142486274242401,0.1696750670671463,0.0679979175329208,0.0579011067748069,-1.9726758003234863,-2.607940196990967,-3.72929573059082,-3.3390140533447266,5.497004508972168,11.029312133789062
CMR_1469,CMR,34021.81268217644,0.6963047385215759,0.562102198600769,0.3541140556335449,0.0979238525032997,0.0624106749892234,0.0542502999305725,-0.7500301003456116,-1.6268970966339111,-2.6618452072143555,-2.026398181915283,4.492566108703613,9.280393600463867
CMR_1470,CMR,34458.7867213947,0.4223804175853729,0.26803719997406,0.1438870131969452,0.0951003730297088,0.0811547860503196,0.0527658984065055,-2.16924786567688,-3.402020215988159,-4.430707931518555,-3.7426273822784415,6.303343296051025,10.91651725769043
CMR_1471,CMR,34377.79857130566,0.2605780661106109,0.2385439723730087,0.189828410744667,0.1136256828904151,0.0836827903985977,0.0519592687487602,-1.959598422050476,-3.172640562057495,-4.124175548553467,-3.385565757751465,6.047470569610596,10.450586318969728
CMR_1476,CMR,35008.302970861776,0.4719153642654419,0.3190070390701294,0.2535859942436218,0.1967723071575164,0.1173975765705108,0.0501904636621475,-0.3614963889122009,-0.2728282213211059,-0.3922948241233825,0.5929713845252991,2.693718433380127,6.247115135192871
CMR_1478,CMR,35495.834834570174,0.3268886804580688,0.2893753349781036,0.2230010032653808,0.1912727653980255,0.1269824206829071,0.0525638349354267,-0.1771180182695388,0.4698386490345001,0.635085940361023,1.7165732383728027,1.7899961471557615,5.249218463897705
CMR_1485,CMR,129.90065655907983,0.1332188695669174,0.1277415454387664,0.0774140730500221,0.043847668915987,0.0266844946891069,,-0.067964993417263,0.2622146606445312,,,0.7744048833847046,0.7487660646438599
CMR_1486,CMR,167.51143825323234,0.0548914149403572,0.0896028280258178,0.0648905932903289,0.0250753443688154,0.037032663822174,0.0298865735530853,-0.1660483181476593,0.2472898066043853,0.5777772665023804,,0.5999705791473389,0.5703403949737549
CMR_1487,CMR,742.2799664518164,0.0109186647459864,0.0421052016317844,0.0629237741231918,0.0542948320508003,0.0331906713545322,0.0267351474612951,-0.804724931716919,-0.7234604358673096,-0.3425978124141693,,1.68691086769104,1.6348469257354736
CMR_1488,CMR,172.01618824175418,0.0327678807079792,0.0313336066901683,0.0251877550035715,0.0242715645581483,0.0414520986378192,0.0311090126633644,-0.1721770465373993,0.0572073124349117,0.4260196685791015,,0.5046101212501526,0.4607110023498535
CMR_1489,CMR,501.0074419844688,0.0059537920169532,0.0632618889212608,0.103727750480175,0.0644752606749534,0.034627828747034,0.0281815305352211,-0.4641567766666412,-0.140581876039505,0.1541861742734909,,1.3438236713409424,1.3233890533447266
CMR_1490,CMR,491.0263249071222,0.0217262636870145,0.0297971591353416,0.0485300794243812,0.039067268371582,0.049472901970148,0.0332057066261768,-0.3159529864788055,-0.3182156980037689,0.1434520781040191,1.7121373414993286,0.7847273349761963,0.7670838236808777
CMR_1491,CMR,1236.2956022674832,0.0044694175012409,0.0550706833600997,0.1255453675985336,0.0827101320028305,0.040965087711811,0.0327739529311656,-0.8865888714790344,-1.0469560623168943,-0.8820264935493469,0.3896843791007995,2.2317957878112797,2.2820498943328857
CMR_1492,CMR,1553.7508713974994,0.0434358157217502,0.0647716522216796,0.0895482450723648,0.074612095952034,0.0491071566939353,0.0364524573087692,-0.6381798386573792,-0.8214094042778015,-0.7338801622390747,0.5255447030067444,1.7818750143051147,1.9185248613357544
CMR_1493,CMR,1973.8934393908105,0.3139113783836365,0.3441527783870697,0.1903709322214126,0.0564534291625022,0.0411118753254413,0.0361848846077919,-0.3913687169551849,-0.5942409634590149,-0.3800619840621948,0.7781091928482056,1.8213839530944824,1.9030462503433228
CMR_1494,CMR,2011.161041634502,0.0371797680854797,0.0305331051349639,0.0790223553776741,0.0258449222892522,0.0417773611843586,0.0382226109504699,-0.9447301030158995,-1.2646572589874268,-1.234454870223999,-0.1253844201564788,2.3069376945495605,2.5468928813934326
CMR_1495,CMR,1874.4082368350669,0.0327569730579853,0.0842068418860435,0.1145197972655296,0.0814549252390861,0.0599758774042129,0.0392036996781826,-0.3528748750686645,-0.4594505727291107,-0.3482865691184997,0.937697172164917,1.313772678375244,1.5026543140411377
CMR_1496,CMR,2183.860347846991,0.0379189513623714,0.0185894332826137,0.032854113727808,0.0320657566189765,0.0406703650951385,0.0384269766509532,-0.7775525450706482,-1.0937856435775757,-0.9866269826889038,0.0916944444179534,2.167135000228882,2.3958756923675537
CMR_1497,CMR,2000.03603246036,0.1156975701451301,0.0817143246531486,0.0433305948972702,0.055633258074522,0.0535233654081821,0.0393121503293514,-0.6927133202552795,-0.8936145901679993,-0.8773398995399475,0.3234126269817352,1.8539719581604004,2.0780346393585205
CMR_1498,CMR,2123.9397051588912,0.0847807824611663,0.1213521435856819,0.1427515149116516,0.1023783236742019,0.0665107369422912,0.0402249619364738,-0.0960310995578765,-0.0247791241854429,0.1375061571598053,1.4556230306625366,0.8623517751693726,1.0576670169830322
CMR_1499,CMR,2316.9374760412343,0.3510084748268127,0.2697649598121643,0.1215336546301841,0.046172596514225,0.0518611744046211,0.0409098342061042,-0.5787401795387268,-0.7701875567436218,-0.8238927721977234,0.2996454536914825,1.824804782867432,2.101008892059326
CMR_1500,CMR,2399.7756452278563,0.0574958659708499,0.0732450112700462,0.0914802029728889,0.0612430796027183,0.0546329952776432,0.0415401458740234,-0.917625367641449,-1.1630473136901855,-1.2298884391784668,-0.1039558723568916,2.1534996032714844,2.5015690326690674
CMR_1501,CMR,2602.2727533417337,0.0213675796985626,0.0798859968781471,0.0969641134142875,0.0357556976377964,0.0450350642204284,0.0423033647239208,0.3218665719032287,0.3107261657714844,0.2243101596832275,1.230787992477417,0.7657545804977417,1.1751344203948977
CMR_1502,CMR,2750.622555504249,0.0832592993974685,0.0664109215140342,0.0561571158468723,0.0296705849468708,0.0398804657161235,0.0428282208740711,-0.0041307876817882,0.109424851834774,0.1144675463438034,1.0233845710754397,0.902288854122162,1.4049705266952517
CMR_1503,CMR,2853.3903841542974,0.2731962203979492,0.1731627434492111,0.1249354407191276,0.1142308861017227,0.0673250034451484,0.0423912703990936,-0.011943039484322,-0.129949152469635,-0.1234892904758453,1.100871205329895,1.0069090127944946,1.3791905641555786
CMR_1504,CMR,2944.6100629752045,0.4116328954696655,0.3540670871734619,0.2014199942350387,0.0648789852857589,0.0450457595288753,0.0440862663090229,-0.2919259667396545,-0.3982768654823303,-0.5330355763435364,0.4048782289028168,1.4210543632507324,2.004880905151367
CMR_1505,CMR,3409.881514693824,0.2726253271102905,0.2423682659864425,0.1633478850126266,0.057582426816225,0.0452046915888786,0.0461168996989727,-0.4249140918254852,-0.311340868473053,-0.2259321808815002,0.4674450159072876,1.3651124238967896,2.0453357696533203
CMR_1506,CMR,3390.6947719444943,0.0455374047160148,0.080066330730915,0.1168867796659469,0.0658270195126533,0.0444061122834682,0.0461425818502903,-1.195210337638855,-1.676265835762024,-1.8819551467895508,-1.021209716796875,2.60481071472168,3.4675416946411133
CMR_1507,CMR,3461.224091887611,0.0026498921215534,0.0433236174285411,0.0447696037590503,0.0584652870893478,0.0417542606592178,0.0467488914728164,0.1288304477930069,0.3871222138404846,0.3117719292640686,1.0413801670074463,0.6223682165145874,1.4305309057235718
CMR_1508,CMR,3501.1325720478217,0.1473069936037063,0.1742187738418579,0.170561134815216,0.0702041387557983,0.0429312177002429,0.0466449186205863,-1.264087796211243,-1.6785037517547607,-1.875486135482788,-1.0584203004837036,2.610200881958008,3.5170724391937256
CMR_1509,CMR,3741.025120934149,0.0853453129529953,0.0900035202503204,0.0677240565419197,0.0364888794720172,0.0465625002980232,0.0479084476828575,0.1005383506417274,0.5802454948425293,0.6157816052436829,1.197692632675171,0.5326792001724243,1.3345723152160645
CMR_1510,CMR,3794.340805778982,0.3077399432659149,0.2959310412406921,0.1884241104125976,0.071166381239891,0.0415050722658634,0.0478708073496818,-0.6194372773170471,-0.9844579696655272,-1.1659175157546997,-0.4421271979808807,1.9342786073684688,2.9376378059387207
CMR_1511,CMR,4029.748230976665,0.0273868087679147,0.0523400902748107,0.0461670085787773,0.0661343038082122,0.0475365407764911,0.0491071231663227,-0.0478992909193038,0.3143119812011719,0.2678568363189697,0.7958559393882751,0.7395411729812622,1.760626196861267
CMR_1512,CMR,4143.229826806556,0.2330072671175003,0.2673974633216858,0.2114994376897812,0.0949281826615333,0.0481028705835342,0.0465631000697612,-0.9714673161506652,-1.2828112840652466,-1.3813576698303225,-0.4635980427265167,2.316434621810913,3.002174139022827
CMR_1513,CMR,4188.960981427539,0.193705216050148,0.1786253452301025,0.1580501645803451,0.0381324775516986,0.0428686030209064,0.0492775626480579,-0.9280869960784912,-1.4197741746902466,-1.5880343914031982,-0.9541242718696594,2.2855112552642822,3.506969451904297
CMR_1514,CMR,4236.634957347512,0.4297634065151214,0.3149881958961487,0.2034002542495727,0.0501618757843971,0.0437316857278347,0.0495461709797382,-1.0006412267684937,-1.4098750352859497,-1.5669702291488647,-0.9700846672058104,2.2714192867279053,3.5337955951690674
CMR_1515,CMR,4283.555956337676,0.1048701629042625,0.1032580360770225,0.0567874647676944,0.0271885320544242,0.0440371930599212,0.0492940731346607,-1.2135064601898191,-1.7738813161849976,-1.934578537940979,-1.2703626155853271,2.646585464477539,3.833057165145874
CMR_1516,CMR,4784.411763972857,0.0703758224844932,0.1476633846759796,0.1166226416826248,0.0725706443190574,0.047355730086565,0.0475513115525245,0.0309090428054332,0.5442973971366882,0.6289083361625671,1.4836043119430542,0.8652682900428772,1.27453351020813
CMR_1517,CMR,4969.996818775003,0.2783978879451751,0.249311551451683,0.2049726098775863,0.1052891016006469,0.0676880478858947,0.0512841902673244,-0.1006866171956062,-0.0553955696523189,-0.2533465027809143,-0.0439092218875885,1.104320764541626,2.7810816764831543
CMR_1518,CMR,5091.078608343983,0.1775191128253936,0.2285744249820709,0.2073039412498474,0.1098510026931762,0.0705938264727592,0.0513191111385822,-0.2048327475786209,-0.2105182856321334,-0.4466807842254638,-0.279419332742691,1.2291500568389893,3.043405532836914
CMR_1519,CMR,5164.557018645071,0.174727126955986,0.1240609288215637,0.1533741652965545,0.0800206512212753,0.0656113401055336,0.0521439462900161,-2.368571281433105,-2.6429762840271,-2.807443618774414,-2.480917453765869,3.4997715950012207,5.232336521148682
CMR_1520,CMR,5186.424141862796,0.4293193817138672,0.4560984075069427,0.2743285000324249,0.0958249419927597,0.0654674023389816,0.0521786324679851,-1.884911060333252,-2.067848920822144,-2.204774618148804,-1.8454539775848389,2.988476037979126,4.597369194030762
CMR_1521,CMR,5688.288284642739,0.0828788504004478,0.0608229041099548,0.0473387390375137,0.0622748956084251,0.0630599558353424,0.0515043698251247,-0.0928464457392692,0.5719112157821655,0.7167131304740906,1.324850082397461,0.6457370519638062,1.516597032546997
CMR_1531,CMR,8968.076300802317,0.0289789754897356,0.0413866117596626,0.0509475283324718,0.0628327801823616,0.0622823759913444,0.0439663864672184,-0.5396321415901184,-0.2380611896514892,-0.5589930415153503,-0.8351156115531921,1.477536678314209,5.001154899597168
CMR_1532,CMR,8993.969212465907,0.0191190689802169,0.0443716347217559,0.0581350363790988,0.0526286512613296,0.062046181410551,0.0465238131582737,-0.358950674533844,-0.0994039997458458,-0.238134890794754,-0.3704419136047363,1.2165064811706543,4.523830890655518
CMR_1535,CMR,9511.363943536906,0.0616587065160274,0.0562808327376842,0.0473663955926895,0.0371466651558876,0.055211953818798,0.0452239327132701,-0.3392453193664551,-0.2151961922645568,-0.234047457575798,-0.2559341490268707,1.3002424240112305,4.651714324951172
CMR_1536,CMR,9853.602378186317,0.0412401966750621,0.0316531099379062,0.027087802067399,0.0359121076762676,0.051589448004961,0.0437358133494854,-0.3071039319038391,-0.237356424331665,-0.2558266520500183,-0.2450910806655883,1.3269262313842771,4.807568550109863
CMR_1538,CMR,10074.825845950378,0.0750126391649246,0.0528650470077991,0.0188216790556907,0.0358503200113773,0.0496261790394783,0.0427376627922058,0.0594790466129779,0.1123520135879516,0.0875966623425483,0.116793155670166,0.984760284423828,4.556931495666504
CMR_1539,CMR,10512.90029594509,0.0520025715231895,0.055019985884428,0.0560696274042129,0.0480707325041294,0.0513483248651027,0.0406936965882778,-0.1093830838799476,0.1277445703744888,0.0355666726827621,-0.009258541278541,1.0552115440368652,4.925679683685303
CMR_1542,CMR,11025.12170920888,0.0307774916291236,0.0392270796000957,0.0605810917913913,0.0595986619591712,0.0519110225141048,0.0394613407552242,-0.2241089940071106,-0.1857471168041229,-0.2658001482486725,-0.2218088507652282,1.3919625282287598,5.402433395385742
CMR_1550,CMR,13036.421024616884,0.0619437918066978,0.0495730303227901,0.0556924454867839,0.0484115034341812,0.028604632243514,0.0295379925519227,-0.5896574258804321,0.0362768284976482,1.0333973169326782,1.5151419639587402,1.004641056060791,4.505577564239502
CMR_1553,CMR,13949.835807771182,0.0146400649100542,0.0057773115113377,0.0223315227776765,0.0652154088020324,0.0454083532094955,0.0302587989717721,-0.5322859883308411,-0.3038531541824341,0.5334567427635193,1.3066123723983765,0.9990730285644532,5.322929382324219
CMR_1555,CMR,14391.137754039792,0.0122670354321599,0.0484543144702911,0.0597721859812736,0.0611384361982345,0.049381099641323,0.0352902077138423,-0.4042803645133972,-0.2516975998878479,0.4039226472377777,1.1915345191955566,1.0812416076660156,5.72541618347168
CMR_1556,CMR,14439.388217005682,0.0109233940020203,0.0552454032003879,0.0943917259573936,0.0763885080814361,0.0444529876112937,0.0313306227326393,-0.5578758120536804,-0.5305112600326538,0.2442978620529174,1.0124797821044922,1.1572027206420898,5.830179214477539
CMR_1557,CMR,14612.76587567812,0.034456793218851,0.0177264902740716,0.0254428479820489,0.0415762215852737,0.0405020266771316,0.037406463176012,-1.0327640771865845,-0.9597148299217224,-0.1129160597920417,0.3171836137771606,1.6582717895507812,6.457546234130859
CMR_1558,CMR,14786.115569402134,0.0280754305422306,0.0583569779992103,0.0563885048031806,0.047406431287527,0.0370149500668048,0.0349222682416439,-0.908011555671692,-0.9557148218154908,-0.1446327269077301,0.4789188802242279,1.6261162757873535,6.460079669952393
CMR_1559,CMR,14940.846033434103,0.1371213048696518,0.1227793395519256,0.0799909234046936,0.0564577579498291,0.0382353067398071,0.0342026352882385,-1.265782117843628,-1.4644125699996948,-0.7336717844009399,0.0076627917587757,2.089355945587158,7.069915294647217
CMR_1560,CMR,15008.976519196262,0.29939866065979,0.2547725439071655,0.1439790576696396,0.0433589220046997,0.0345839224755764,0.0359458476305007,-0.4844580888748169,-0.5620931386947632,0.233891487121582,0.8700845837593079,1.277660846710205,6.186270236968994
CMR_1561,CMR,15175.724169385374,0.1428108215332031,0.0543878190219402,0.0964426845312118,0.0736144706606864,0.0535738915205001,0.0421529412269592,-0.9833742380142212,-1.1434251070022583,-0.7141695618629456,-0.0158218257129192,2.033398151397705,7.459634304046631
CMR_1562,CMR,15216.323802428207,0.1405133605003357,0.1228141635656356,0.0891452729701995,0.0449069999158382,0.036757405847311,0.0357772596180439,-1.067416071891785,-1.3840066194534302,-0.718010663986206,0.0698610916733741,2.032867908477783,7.194051742553711
CMR_1563,CMR,15549.846296136988,0.1595720797777176,0.1136568784713745,0.0598642416298389,0.032367005944252,0.0349791646003723,0.0383245237171649,-1.4101933240890503,-1.700548768043518,-1.061916708946228,-0.2652683556079864,2.444631576538086,7.739344596862793
CMR_1564,CMR,15783.45428223596,0.3400936424732208,0.2498800158500671,0.1334402561187744,0.0476835444569587,0.0425402224063873,0.0418497659265995,-0.74094557762146,-0.9887482523918152,-0.4472281336784363,0.3033888339996338,1.7911090850830078,7.377315521240234
CMR_1565,CMR,15715.723588424284,0.0307051576673984,0.073067732155323,0.0889138057827949,0.0406552739441394,0.0279103200882673,0.0403771921992301,-0.6009477972984314,-0.5732627511024475,0.2654907703399658,0.9056618213653564,1.4093632698059082,6.538553237915039
CMR_1567,CMR,16080.392053705424,0.1002652272582054,0.0486133880913257,0.0138065088540315,0.0167098492383956,0.0295346770435571,0.0448780804872512,-0.5515433549880981,-0.2760280966758728,0.6990431547164917,1.174701690673828,1.197462558746338,6.3948588371276855
CMR_1568,CMR,16549.465321188643,0.1426132768392563,0.0451630316674709,0.0631445124745369,0.033657182008028,0.0333164520561695,0.0487592183053493,-1.145661473274231,-0.714026927947998,0.3642080128192901,0.7988510727882385,1.873969554901123,7.031984806060791
CMR_1569,CMR,16671.178691256613,0.210898071527481,0.0854981914162635,0.0861364975571632,0.0827924460172653,0.06666761636734,0.0526857040822505,-0.4534774422645569,-0.1000619530677795,0.8978097438812256,0.6936144232749939,1.1400761604309082,6.937993049621582
CMR_1570,CMR,16682.509345832106,0.1506093740463256,0.117640271782875,0.0967089310288429,0.0801561921834945,0.0644148960709571,0.0526946149766445,-0.6556887030601501,-0.3417403101921081,0.6740880608558655,0.5258404016494751,1.3175625801086426,7.12976598739624
CMR_1571,CMR,16710.394594105568,0.1102337762713432,0.1208674162626266,0.1008614301681518,0.0787046253681182,0.0635073259472847,0.0528257265686988,-0.703818678855896,-0.4234907925128937,0.6024664640426636,0.4867070615291595,1.365034103393555,7.196263790130615
CMR_1572,CMR,16894.062447481625,0.0558702126145362,0.0461097545921802,0.02280930057168,0.0310827381908893,0.0351575799286365,0.0485304370522499,-0.4243840873241424,0.0416027382016181,1.0774530172348022,1.653559684753418,1.0913419723510742,6.562933921813965
CMR_1573,CMR,16873.83291406569,0.1060460954904556,0.1270582824945449,0.1064031794667244,0.047643058001995,0.0415018983185291,0.0520783737301826,-0.9917970895767212,-0.4815513789653778,0.6698547005653381,1.015023946762085,1.8248858451843264,6.975654602050781
CMR_1574,CMR,16924.883639635726,0.2615082561969757,0.2993605434894562,0.2105385363101959,0.0480369180440902,0.0355228222906589,0.0504082962870597,0.0798129290342331,0.6609156727790833,1.7933349609375,2.30391812324524,0.941704273223877,5.840725898742676
CMR_1575,CMR,16901.25197557257,0.2442764341831207,0.0077377902343869,0.061024323105812,0.0923909395933151,0.0763211846351623,0.0538294129073619,-0.4349234998226166,-0.171880692243576,0.7706270813941956,0.4556711614131927,1.5063624382019043,7.262175559997559
CMR_1577,CMR,17044.24291862511,0.2343840301036834,0.1461773663759231,0.0964431911706924,0.0430724956095218,0.0370568558573722,0.0504832230508327,-0.6404007077217102,-0.1588397622108459,0.9627475738525392,1.4822232723236084,1.3328132629394531,6.7783966064453125
CMR_1578,CMR,16979.3097452156,0.0942266732454299,0.0509458184242248,0.0589082390069961,0.0757120177149772,0.0690657645463943,0.0546448305249214,-1.0033683776855469,-0.8185465335845947,0.2076540142297744,0.0731584727764129,1.832026481628418,7.760200977325439
CMR_1579,CMR,17474.572815740008,0.0630269572138786,0.1117322444915771,0.0820574164390564,0.0570951364934444,0.0522868297994136,0.0549320839345455,-1.7297576665878296,-1.285112380981445,-0.0873954817652702,0.2738822102546692,2.448716163635254,8.193142890930176
CMR_1580,CMR,17615.074103965675,0.3250418603420257,0.305403858423233,0.1630141735076904,0.0728325769305229,0.0645776838064193,0.0575559735298156,-0.6497678160667419,-0.2174040675163269,0.9768832921981812,1.2318525314331057,1.434858798980713,7.266486644744873
CMR_1581,CMR,18883.464287452047,0.1601089388132095,0.0765967890620231,0.1373713463544845,0.1732762604951858,0.1262604594230651,0.0544413104653358,-0.6027187705039978,0.1235653609037399,-0.0430366806685924,-1.235440731048584,1.864093780517578,9.77936553955078
CMR_1582,CMR,19010.573193935947,0.3039623200893402,0.2445013672113418,0.1907415837049484,0.1830245107412338,0.1219981610774993,0.050693467259407,-0.6051952838897705,-0.0050757839344441,-0.4234386086463928,-1.746868133544922,2.1191482543945312,10.275158882141112
CMR_1583,CMR,19433.109924668734,0.2523434460163116,0.2535357773303985,0.2162472009658813,0.1787028759717941,0.1420556008815765,0.0608182661235332,-0.4950410425662994,-0.5027385354042053,-1.0905359983444214,-2.276474714279175,2.3764944076538086,11.326986312866213
CMR_1584,CMR,20019.73110497233,0.1928380876779556,0.1872795224189758,0.175997257232666,0.1595442593097686,0.1359655708074569,0.0623181462287902,-1.466578722000122,-2.3467273712158203,-3.3408446311950684,-4.634188175201416,4.401186943054199,14.161541938781738
CMR_1585,CMR,20024.260001623643,0.2826883196830749,0.2423585355281829,0.2128300666809082,0.1591556370258331,0.0940529704093933,0.0443003848195076,-0.6395408511161804,-1.305863380432129,-2.7096195220947266,-4.3773627281188965,4.21712589263916,13.385165214538574
CMR_1586,CMR,20136.294356352984,0.1974664330482483,0.185106873512268,0.1858016699552536,0.1458102017641067,0.125354915857315,0.058686077594757,-1.2920715808868408,-2.114821434020996,-3.3942859172821045,-4.8237624168396,4.44853401184082,14.32947826385498
CMR_1588,CMR,20215.13545335444,0.2608820796012878,0.2237158715724945,0.1748358458280563,0.1474964767694473,0.0979430973529815,0.0471411794424057,-0.5035907030105591,-1.0667120218276978,-2.6464316844940186,-4.313892841339111,3.95949649810791,13.55190372467041
CMR_1590,CMR,20328.72344951189,0.1100236922502517,0.1509161293506622,0.1544157415628433,0.1408390402793884,0.0864170491695404,0.0447205863893032,-0.4864846765995025,-1.1895570755004885,-2.868461847305298,-4.589794635772705,4.214939117431641,13.845580101013184
CMR_1591,CMR,20557.520597826864,0.0525351352989673,0.0922466069459915,0.1117139682173729,0.1194167584180831,0.0917411521077156,0.0514688827097415,-0.849888265132904,-1.8108603954315183,-3.511117935180664,-5.181618690490723,4.56078052520752,14.817888259887695
CMR_1592,CMR,21077.22514091548,0.1415583342313766,0.2350470274686813,0.3198296427726745,0.1886961460113525,0.0829496011137962,0.0415233224630355,-1.8592760562896729,-2.5271427631378174,-3.878404855728149,-5.639956951141357,5.742581367492676,14.719244003295898
CMR_1593,CMR,21319.0945881022,0.4813037812709808,0.3773026168346405,0.3521472215652466,0.2249627560377121,0.0886405557394027,0.0417189002037048,-0.9616003632545472,-1.7741291522979736,-3.1738440990448,-4.957888126373291,4.91966438293457,14.253267288208008
CMR_1595,CMR,22604.45384928991,0.0780906826257705,0.1136843711137771,0.1161605045199394,0.0691585838794708,0.0787373408675193,0.0649142488837242,-0.2631194293498993,0.3186285495758056,0.0840410515666008,-0.8971977829933167,1.8256034851074217,10.168623924255373
CMR_1597,CMR,22880.254173268284,0.0611586198210716,0.1062727645039558,0.0771538764238357,0.0420274883508682,0.0763979479670524,0.0639906227588653,0.0646583065390586,0.5949215888977051,0.2887675166130066,-0.8064903616905212,1.5789508819580078,10.476473808288574
CMR_1598,CMR,23178.83204124888,0.079629361629486,0.1128555610775947,0.0850886180996894,0.0502806045114994,0.0661558508872985,0.068650409579277,-0.9009666442871094,-0.9952505230903624,-1.2615166902542114,-1.934592843055725,3.1614694595336914,11.431792259216309
CMR_1599,CMR,23861.504680409264,0.0552440248429775,0.0912526920437812,0.1461526602506637,0.1057505682110786,0.0836739912629127,0.0677539333701133,-1.09204363822937,-1.9197003841400144,-2.132068634033203,-1.888604760169983,4.010899543762207,11.214407920837402
CMR_1600,CMR,24650.716882094453,0.0060498784296214,0.007341509219259,0.1149549484252929,0.1506440192461013,0.1004130244255065,0.0681944787502288,0.3506500124931335,0.2036345899105072,0.4414910674095154,0.9075999855995178,1.730241775512695,8.815807342529297
CMR_1601,CMR,25293.70218584321,0.2072431892156601,0.2054898142814636,0.1842684000730514,0.1259277909994125,0.0814405307173729,0.050551600754261,-0.1095059663057327,0.6113234758377075,1.7437317371368408,2.9360759258270264,1.1347527503967283,6.613597393035889
CMR_1602,CMR,25730.72224901337,0.3048842251300812,0.1775430291891098,0.133988156914711,0.1024109199643135,0.069651760160923,0.0497558154165744,-1.1874141693115234,-0.3481412827968597,1.014746904373169,2.296226739883423,2.150113582611084,7.447878837585449
CMR_1605,CMR,25940.307502462863,0.201309397816658,0.2523322701454162,0.1707512587308883,0.0356348268687725,0.0343081951141357,0.0365718230605125,-0.0210612062364816,0.9141893982887268,2.4537246227264404,3.880267381668091,1.0078730583190918,5.667372226715088
CMR_1606,CMR,26412.08546703832,0.2278240174055099,0.1840324997901916,0.1546259969472885,0.1033468693494796,0.0836333706974983,0.0603925213217735,-0.3802922666072845,0.363774836063385,1.5481946468353271,2.739993095397949,1.2167901992797852,7.637860298156738
CMR_1607,CMR,26137.465386772667,0.088693082332611,0.0847523063421249,0.0805374532938003,0.0408544652163982,0.035409826785326,0.0361396521329879,-0.9234812259674072,-0.051468938589096,1.5088053941726685,2.95548677444458,1.683189868927002,6.666779518127441
CMR_1608,CMR,26634.5732920479,0.2101204097270965,0.2303269803524017,0.1586434990167617,0.079630546271801,0.0612345971167087,0.0415261797606945,0.2640467882156372,1.067315697669983,2.5126612186431885,3.98375391960144,0.7078747749328613,5.996057033538818
CMR_1609,CMR,26740.99601884518,0.1444547623395919,0.1779897809028625,0.1782917231321334,0.1007679924368858,0.068839356303215,0.044351078569889,0.299575537443161,1.0585137605667114,2.426229953765869,3.884088277816773,0.620297908782959,6.206361293792725
CMR_1610,CMR,27019.052164934,0.2274767607450485,0.2313560545444488,0.2066796422004699,0.144411101937294,0.0840968340635299,0.0494537837803363,-0.2323063760995865,0.0628837421536445,1.111178278923035,2.531153917312622,1.2086658477783203,7.852505683898926
CMR_1612,CMR,27323.05345827474,0.1352236419916153,0.1233283951878547,0.0616125538945198,0.072112537920475,0.0534366369247436,0.0341654457151889,-0.5239782333374023,-0.1169730126857757,1.1670384407043457,2.527099609375,1.085968017578125,7.365747928619385
CMR_1613,CMR,27515.29648907559,0.2658562362194061,0.1841831058263778,0.0479391887784004,0.0885786712169647,0.055811557918787,0.0347053371369838,-0.5498467683792114,-0.2262560129165649,0.9852147102355956,2.3407652378082275,1.3837671279907229,7.647821426391602
CMR_1614,CMR,27425.43853690277,0.1851885765790939,0.1597615331411361,0.0759261026978492,0.0547066815197467,0.0504929609596729,0.0354824438691139,-0.5978298783302307,-0.1118212342262268,1.1452511548995972,2.396367073059082,1.184910774230957,7.422027111053467
CMR_1615,CMR,27767.121197661905,0.5402918457984924,0.3725906610488891,0.2401323020458221,0.1179314479231834,0.0595621019601821,0.0351989567279815,-0.6372531652450562,-0.6086596250534058,0.4628299176692962,1.853659987449646,1.822124481201172,8.325417518615723
CMR_1616,CMR,27671.724985374727,0.2810558378696441,0.1732480227947235,0.0943948999047279,0.0920415744185447,0.0546265318989753,0.0353500731289386,-0.4874833226203918,-0.1849101930856704,0.9808595180511476,2.294290542602539,1.4153175354003906,7.730251312255859
CMR_1617,CMR,28032.669726708853,0.1144266277551651,0.1726467460393905,0.1600237339735031,0.0998796820640564,0.0622266940772533,0.0370907187461853,-2.076709747314453,-2.5760483741760254,-1.7588603496551514,-0.3038823902606964,3.720907211303711,10.791552543640137
CMR_1618,CMR,27847.02838270257,0.3228686153888702,0.2939247488975525,0.2680766880512237,0.1170855686068534,0.0585123039782047,0.0353007912635803,-0.903623342514038,-0.9281912446022034,0.1136134341359138,1.495633602142334,2.093348503112793,8.717650413513184
CMR_1619,CMR,28032.71239023691,0.1638050824403762,0.2334513515233993,0.2323133498430252,0.1065415516495704,0.0606094039976596,0.0362025573849678,-2.3526759147644043,-2.743150234222412,-1.864325165748596,-0.428173303604126,3.869538307189941,10.846004486083984
CMR_1620,CMR,27813.19998176631,0.3733177781105041,0.2486534267663955,0.1913594901561737,0.1074540913105011,0.0559770390391349,0.035382404923439,-0.6330116987228394,-0.4911669194698334,0.6049583554267883,1.942784547805786,1.696782112121582,8.188817977905273
CMR_1621,CMR,28085.30441035198,0.0302596651017665,0.1595998704433441,0.1675636619329452,0.0997355580329895,0.0597892478108406,0.0363780483603477,-2.178666830062866,-2.6117818355560303,-1.764203667640686,-0.3249248564243316,3.760518074035645,10.784733772277832
CMR_1622,CMR,27931.416318647167,0.2286454439163208,0.2903997898101806,0.2843446731567383,0.113862931728363,0.0570666082203388,0.0353909023106098,-1.2568717002868652,-1.3144289255142212,-0.2955665290355682,1.0750311613082886,2.4561004638671875,9.166854858398438
CMR_1623,CMR,27972.911764057324,0.4300046563148498,0.3430880904197693,0.2873439192771911,0.1103519946336746,0.0556222088634967,0.0354745127260685,-1.3412363529205322,-1.37360417842865,-0.3542568981647491,0.9989058375358582,2.5154104232788086,9.241695404052734
CMR_1624,CMR,28130.02588819009,0.0983463153243064,0.1828675121068954,0.2052044123411178,0.0992610231041908,0.0565696880221366,0.0357646085321903,-2.3201489448547363,-2.649462938308716,-1.762576699256897,-0.3509295284748077,3.798647880554199,10.773269653320312
CMR_1626,CMR,28297.224504248683,0.1158991679549217,0.1225392073392868,0.1106942072510719,0.0628199949860572,0.0553237423300743,0.04169437661767,-0.1554067283868789,0.3907397985458374,1.4352750778198242,2.375851392745972,0.8016557693481445,7.658847332000732
CMR_1627,CMR,28341.671640671444,0.0067921178415417,0.0374895073473453,0.0856163203716278,0.0694251582026481,0.0609096325933933,0.0435052476823329,-0.1514700055122375,0.4534522294998169,1.4661179780960083,2.287716150283813,0.6723880767822266,7.68514347076416
CMR_1628,CMR,28359.634860439164,0.0368554145097732,0.0517839938402175,0.0759837254881858,0.0853297114372253,0.0705472081899643,0.0458925850689411,-0.4086670279502868,0.2594490349292755,1.1950535774230957,1.828605890274048,0.8938875198364258,8.025205612182617
CMR_1629,CMR,28972.326503375883,0.0826393514871597,0.0446018502116203,0.032002355903387,0.0111068123951554,0.0408745929598808,0.0394826121628284,-0.5473776459693909,0.0608108676970005,1.0256026983261108,2.085925817489624,1.421396255493164,8.424263954162598
CMR_1630,CMR,28708.351127144084,0.0301167834550142,0.0364776477217674,0.0661090388894081,0.1083030700683593,0.0867481678724289,0.0484157092869281,0.0228650905191898,0.5475767850875854,1.2682445049285889,1.620333194732666,0.7279272079467773,8.273909568786621
CMR_1631,CMR,30110.581974510787,0.2299966216087341,0.1640956997871399,0.1490974277257919,0.1149296835064888,0.0792979896068573,0.0448363870382308,-0.4971861541271209,0.0325577668845653,0.96523779630661,1.746021032333374,1.5015506744384766,9.240846633911133
CMR_1632,CMR,29820.8112309018,0.4329946339130401,0.3823687136173248,0.2339762300252914,0.1492015421390533,0.1109601929783821,0.0495877601206302,-1.2531139850616455,-1.2004226446151731,-0.9845569133758544,-0.922389030456543,2.716334342956543,11.253758430480955
CMR_1633,CMR,30021.27769477148,0.4740432798862457,0.3793537616729736,0.2586402297019958,0.1476105749607086,0.1183855980634689,0.0491586774587631,-0.91401606798172,-1.0223309993743896,-1.172461748123169,-1.3833988904953003,2.73758316040039,11.69991970062256
CMR_1635,CMR,30763.32682433808,0.1844700276851654,0.2280073016881942,0.2110699862241745,0.1617905497550964,0.1173414587974548,0.0513532198965549,-1.85605788230896,-1.9114245176315308,-1.631008505821228,-1.4422361850738523,3.459681510925293,12.39167022705078
CMR_1636,CMR,30197.30848373556,0.0457515157759189,0.1114341914653778,0.1556625068187713,0.1166526675224304,0.0557811707258224,0.0339491590857505,-0.5591073632240295,-1.5381914377212524,-3.1252341270446777,-4.40789270401001,5.086159706115723,14.206243515014648
CMR_1637,CMR,30527.167763109865,0.0342711582779884,0.0935852825641632,0.1251124888658523,0.0759944394230842,0.0436183325946331,0.0347514227032661,-0.757061779499054,-1.9316909313201904,-3.5976502895355225,-4.935532569885254,5.810859680175781,14.846282958984377
CMR_1638,CMR,32477.272568823963,0.1280839890241623,0.1425053924322128,0.1532048285007476,0.1621827930212021,0.1096599027514457,0.0566786490380764,-0.8381941318511963,-1.793209195137024,-3.043482542037964,-4.84527063369751,7.167840003967285,15.15660285949707
CMR_1639,CMR,31655.07284944833,0.0820922553539276,0.0984459817409515,0.136582612991333,0.1679171621799469,0.1430572271347046,0.0746838748455047,-0.147975891828537,0.8459560871124268,0.92972594499588,-0.2725681066513061,2.165574073791504,9.700236320495604
CMR_1640,CMR,34242.94440846905,0.6226049661636353,0.3714878261089325,0.2633351981639862,0.1989240199327469,0.1094978153705596,0.058368794620037,-2.3805739879608154,-2.465306043624878,-3.901749610900879,-6.32811164855957,11.149263381958008,17.15936851501465
CMR_1641,CMR,33489.791251428265,0.2874821126461029,0.2615809738636017,0.243465319275856,0.1652944386005401,0.1281147748231887,0.0857398584485054,-0.4592877328395843,0.158521756529808,0.943750262260437,0.0915177017450332,2.326048851013184,9.153093338012695
CMR_1642,CMR,33647.96424782108,0.2263457477092743,0.2134105414152145,0.2120801508426666,0.1658098995685577,0.1311260014772415,0.0858434215188026,-0.6303784251213074,-0.1486386805772781,0.4445128142833709,-0.5314441919326782,2.829909324645996,9.866146087646484
CMR_1652,CMR,714.0560876442566,0.0149395866319537,0.0314564891159534,0.0359088703989982,0.0138729559257626,,,-0.492150068283081,,,,0.4056755304336548,0.3927657604217529
CMR_1653,CMR,755.9819309516608,0.0360931754112243,0.0873787403106689,0.0521999858319759,0.0161986462771892,,,-0.5592634677886963,,,,0.6583948135375977,0.6451851725578308
CMR_1654,CMR,202.90831341373507,0.0654587596654892,0.1223381832242012,0.0674642324447631,0.03505115583539,0.022880682721734,,-0.2293298244476318,0.1032666787505149,,,0.9022310972213744,0.8931759595870972
CMR_1655,CMR,719.6458592688141,0.0016410676762461,0.0106462901458144,0.0360897704958915,0.0356247909367084,0.0241725202649831,,-0.2018028050661087,0.0529199093580246,,,0.564487099647522,0.5466275811195374
CMR_1656,CMR,537.7234985062192,0.0221371781080961,0.0411157757043838,0.0678247213363647,0.0448655374348163,0.0258539523929357,,-0.4267250895500183,-0.1868205517530441,,,0.9593797326087952,0.932769238948822
CMR_1657,CMR,1277.292627806302,0.0251655410975217,0.036020815372467,0.0140991806983947,0.0206872038543224,,,-0.1057060360908508,,,,0.3061078786849975,0.3033013939857483
CMR_1658,CMR,1034.0730110567447,0.0650194287300109,0.0637890398502349,0.0436632707715034,0.0365572907030582,0.0256877951323986,,-0.0927719846367836,0.1277866214513778,,,0.516559362411499,0.5076538920402527
CMR_1659,CMR,1428.1320146995802,0.0107027227059006,0.0215770658105611,0.0350411869585514,0.0357341542840004,0.0269526615738868,,-0.0836678221821785,0.1345796883106231,,,0.5317060947418213,0.529602587223053
CMR_1660,CMR,805.0520112449992,0.046840164810419,0.0750569328665733,0.0966883152723312,0.05311756208539,0.0300893131643533,0.0248136930167675,-0.5890561938285828,-0.5014169812202454,0.0057767541147768,,1.252146601676941,1.2004144191741943
CMR_1661,CMR,1207.7423307114937,0.0219996906816959,0.0461391247808933,0.0716960132122039,0.0512626506388187,0.0316026248037815,0.0268741659820079,-0.657507598400116,-0.6336562037467957,-0.0797312259674072,,1.3414522409439087,1.2935800552368164
CMR_1662,CMR,1950.7345424299608,0.0358602292835712,0.0300888642668724,0.0493032522499561,0.0308719053864479,0.0283527038991451,,-0.0291227307170629,0.2303661853075027,,,0.4059417843818664,0.3898738622665405
CMR_1663,CMR,1771.8574802531982,0.034108217805624,0.0661354213953018,0.0583562888205051,0.040740355849266,0.0302696991711854,0.0297395698726177,-0.2718104124069214,-0.0894420072436332,0.6166590452194214,,0.8027179837226868,0.7893765568733215
CMR_1664,CMR,1258.1983218010844,0.016283681616187,0.023926118388772,0.0375910699367523,0.0437644198536872,0.0350853689014911,0.0288011468946933,-0.4705846309661865,-0.5574105978012085,-0.113247774541378,,1.4063092470169067,1.347020149230957
CMR_1665,CMR,2014.541498464064,0.0260866489261388,0.0360375232994556,0.0489413887262344,0.0391539931297302,0.0320475958287715,0.0318760126829147,-0.1103398650884628,0.1023242101073265,0.8238672614097595,,0.7142360210418701,0.6956543326377869
CMR_1666,CMR,2408.837808465727,0.041222371160984,0.0327417515218257,0.0281584039330482,0.0281142592430114,0.0324366800487041,0.0343742109835147,0.0926670804619789,0.4753852784633636,1.3020946979522705,,0.5264940857887268,0.5040638446807861
CMR_1667,CMR,2002.541634729736,0.019694885239005,0.0695053413510322,0.0857455506920814,0.0442649982869625,0.0376579500734806,0.033529158681631,-0.818143367767334,-0.7485077381134033,-0.1871816515922546,,1.652208685874939,1.621882438659668
CMR_1668,CMR,3155.243281275942,0.1264110654592514,0.0991506427526474,0.0657977759838104,0.0556071251630783,0.0500115603208541,0.040480587631464,0.066988319158554,0.7362934350967407,1.5235391855239868,,0.6783452033996582,0.6722845435142517
CMR_1669,CMR,2973.388432787968,0.0686180368065834,0.1131794154644012,0.0866046473383903,0.0752485916018486,0.0518047027289867,0.0407149083912372,-0.1902229934930801,0.1998734921216964,0.7814432382583618,1.8480613231658936,0.8352843523025513,0.9693013429641724
CMR_1670,CMR,2964.029002386747,0.2905449271202087,0.2041657567024231,0.1134172976016998,0.0863326638936996,0.0527798235416412,0.0414994731545448,0.0201270803809165,0.2125166654586792,0.6591063141822815,1.660796046257019,0.9069899320602416,1.1034629344940186
CMR_1671,CMR,2736.3401030924165,0.1399037986993789,0.1851291060447693,0.1502625495195388,0.0770055577158927,0.0474780090153217,0.0410307794809341,-0.0897808745503425,-0.1341627240180969,0.1533764451742172,1.144668698310852,1.2495495080947876,1.5002888441085815
CMR_1672,CMR,3113.8682210447014,0.044833168387413,0.0957715362310409,0.1268755346536636,0.0940361022949218,0.0553473979234695,0.042403295636177,-0.1278519481420517,0.013370843604207,0.438797652721405,1.3932398557662964,1.0175302028656006,1.3112777471542358
CMR_1673,CMR,3528.501698327027,0.1605414450168609,0.122147798538208,0.1168439388275146,0.1017666235566139,0.0636097341775894,0.0433010123670101,-0.5555874705314636,-0.1437341272830963,0.4043481051921844,1.3299849033355713,1.2736806869506836,1.5175366401672363
CMR_1674,CMR,3448.929389130033,0.0391144193708896,0.0391875654458999,0.0874843373894691,0.1034811437129974,0.0623729154467582,0.0435587279498577,-0.4474219083786011,-0.2208328396081924,0.2416692227125167,1.1383938789367676,1.265394926071167,1.595200777053833
CMR_1675,CMR,4036.420816495056,0.063283696770668,0.0436947867274284,0.1119971871376037,0.1194115579128265,0.0744677558541297,0.0445052608847618,-0.4612800478935241,-0.1564238220453262,0.2368924915790558,1.0159443616867063,1.3497233390808103,1.7807583808898926
CMR_1676,CMR,4167.979924708241,0.1929536759853363,0.0405155979096889,0.1178448423743248,0.1240869909524917,0.0765371769666671,0.0444951131939888,-0.2644913494586944,0.0087095126509666,0.363553375005722,1.1152533292770386,1.1625876426696775,1.6477479934692385
CMR_1677,CMR,3328.1813913989427,0.0260336976498365,0.0353655442595481,0.0543594770133495,0.0493997149169445,0.0478675588965415,0.0452476143836975,-0.5626912713050842,-0.7601978778839111,-0.6283155083656311,0.117282934486866,1.7319369316101074,2.414634943008423
CMR_1678,CMR,3587.410169867472,0.0487955063581466,0.0509136766195297,0.0627567321062088,0.0524897798895835,0.0517173148691654,0.0463538952171802,-0.5163427591323853,-0.7007847428321838,-0.5805236101150513,0.0801997408270835,1.696552872657776,2.478301286697388
CMR_1681,CMR,3822.621544914119,0.0324299484491348,0.0798507258296012,0.0761390179395675,0.0552052482962608,0.0558763109147548,0.0471026077866554,-0.5232053399085999,-0.6941309571266174,-0.597834050655365,-0.0137446206063032,1.790671944618225,2.5994646549224854
CMR_1682,CMR,4583.821668543505,0.1956824660301208,0.193568080663681,0.1771045178174972,0.1178467348217964,0.0780047923326492,0.0449187345802784,-0.1251330971717834,-0.3005781173706054,-0.2761674523353576,0.2838533520698547,1.4978618621826172,2.3969433307647705
CMR_1683,CMR,4367.145536653216,0.1072077006101608,0.1334878206253051,0.1252800673246383,0.0745681598782539,0.0701759234070777,0.0466307587921619,-0.6377854943275452,-0.9108867049217224,-0.9201446771621704,-0.4272062182426452,2.0185725688934326,3.090049266815185
CMR_1684,CMR,4445.240177110177,0.0650753378868103,0.058977723121643,0.0904380083084106,0.0693881064653396,0.0698917880654335,0.0467469543218612,-0.8496288657188416,-1.1249548196792605,-1.1718692779541016,-0.7157921195030212,2.219837188720703,3.385605335235596
CMR_1685,CMR,4852.697493852218,0.0218468364328145,0.0499985069036483,0.0653341561555862,0.0809720158576965,0.0724896416068077,0.0452847443521022,-0.784443199634552,-1.1251132488250732,-1.3217018842697144,-0.9250876903533936,2.328530788421631,3.6372578144073486
CMR_1686,CMR,4684.888455488263,0.0620725490152835,0.0703127905726432,0.074112132191658,0.0694774761795997,0.0676460415124893,0.0479904748499393,-0.3631083965301513,-0.315588116645813,-0.4354274570941925,-0.1554316729307174,1.2927439212799072,2.8575148582458496
CMR_1687,CMR,4959.898805857999,0.0163151584565639,0.0263053961098194,0.0390468537807464,0.0662168636918068,0.0687653869390487,0.0468887463212013,-0.1643399447202682,-0.1969631463289261,-0.4363266825675964,-0.2093394845724105,1.233259916305542,2.95512056350708
CMR_1688,CMR,5029.070596551224,0.0275076478719711,0.034702118486166,0.0383836366236209,0.0660081207752227,0.0683763697743415,0.0462845079600811,-0.0582475364208221,-0.1568336337804794,-0.4361011683940887,-0.2058278918266296,1.2379646301269531,2.961360454559326
CMR_1689,CMR,5043.145483902179,0.0289904028177261,0.0313060171902179,0.0331193059682846,0.0672067254781723,0.068458542227745,0.0465461425483226,0.009028255008161,-0.0234585385769605,-0.3000486195087433,-0.094852365553379,1.0723121166229248,2.855978488922119
CMR_1690,CMR,4745.419647622258,0.1127840504050254,0.1097687184810638,0.1000657081604003,0.0813752189278602,0.0684561878442764,0.0493531040847301,0.0855318382382392,0.5281410217285156,0.42835533618927,0.6354079842567444,0.4986042976379394,2.076614618301392
CMR_1691,CMR,4888.716662842626,0.0646709352731704,0.0849666744470596,0.0978991612792015,0.088342361152172,0.0708213597536087,0.0492652393877506,-0.0280496850609779,0.3949291110038757,0.2449118494987487,0.4005038738250732,0.6410293579101562,2.339993715286255
CMR_1692,CMR,4875.297413497061,0.1121207773685455,0.1247335523366928,0.107089564204216,0.0919596031308174,0.0707367733120918,0.0498160049319267,0.2633479237556457,0.7416304349899292,0.596760094165802,0.7568411827087402,0.4650096893310547,1.9789085388183596
CMR_1693,CMR,5149.386296461948,0.0673164799809455,0.0706579238176345,0.0822327435016632,0.0923402160406112,0.0728193148970604,0.0482394360005855,-0.1950532793998718,0.0942318886518478,-0.168297991156578,-0.0937022790312767,0.8907585144042969,2.889554738998413
CMR_1694,CMR,5836.507321128648,0.0918850228190422,0.0495987832546234,0.0805345922708511,0.0692435875535011,0.0499297119677066,0.0415354520082473,0.0098058013245463,-0.3456625044345855,-0.8897794485092163,-0.774838924407959,1.5535287857055664,3.680281162261963
CMR_1695,CMR,5379.040428183577,0.151972234249115,0.1623842418193817,0.1472151428461074,0.103158138692379,0.0747245848178863,0.0478427484631538,-0.2142710834741592,-0.0022294141817837,-0.3646689355373382,-0.3715725541114807,0.9228999614715576,3.2206015586853027
CMR_1696,CMR,5445.112379036572,0.3045941293239593,0.308048278093338,0.2287962883710861,0.1199778690934181,0.0782100930809974,0.0489900968968868,-0.3755422234535217,-0.2489302307367324,-0.6501993536949158,-0.6823976635932922,1.2272093296051023,3.5476186275482178
CMR_1697,CMR,6075.596206244471,0.077461764216423,0.1153058484196662,0.0571168810129165,0.0707159712910652,0.0482900813221931,0.0413377992808818,-0.1673674285411834,-0.416229635477066,-0.9993409514427184,-1.0273520946502686,1.3649506568908691,4.018441200256348
CMR_1698,CMR,6189.866330936284,0.0183322485536336,0.01081174146384,0.0381619669497013,0.0801392421126365,0.0633410215377807,0.0431059636175632,-0.4142366051673889,-0.5175458192825317,-1.2194424867630005,-1.4318945407867432,1.1113286018371582,4.4957051277160645
CMR_1699,CMR,6383.309427417801,0.1099624782800674,0.0583279989659786,0.0589212588965892,0.0682848766446113,0.0490563362836837,0.0404495634138584,-0.0916251316666603,-0.3603898584842682,-1.019036889076233,-1.1856287717819214,0.9186387062072754,4.289109230041504
CMR_1700,CMR,6563.696949692321,0.1725856363773346,0.1644913405179977,0.1104211658239364,0.0621476545929908,0.0469390079379081,0.0394389480352401,-0.1921983212232589,-0.5238546133041382,-1.1999928951263428,-1.3993698358535769,0.9312057495117188,4.560303211212158
CMR_1701,CMR,6414.807616504132,0.1045290976762771,0.0401955135166645,0.0371996872127056,0.0870383977890014,0.0664897561073303,0.0435646623373031,0.2803880572319031,0.0820192769169807,-0.7943957448005676,-1.097720503807068,0.7345590591430664,4.243136882781982
CMR_1702,CMR,6779.5397860346,0.1254847794771194,0.1433285027742386,0.11939487606287,0.0593851953744888,0.047655876725912,0.0384668968617916,-0.5626289248466492,-0.9472557306289672,-1.6709057092666626,-1.9305332899093628,1.1320505142211914,5.171982765197754
CMR_1703,CMR,6850.392844893227,0.043771494179964,0.0692306980490684,0.1103462353348732,0.05282474309206,0.0462382771074771,0.0378754623234272,-0.5180326104164124,-0.9286156296730042,-1.619565486907959,-1.868546962738037,1.071760654449463,5.12975025177002
CMR_1704,CMR,7076.67251748434,0.0993965864181518,0.0970557108521461,0.0985024496912956,0.0535044856369495,0.0482327565550804,0.0369466729462146,-0.7309016585350037,-1.1723477840423584,-1.9162579774856567,-2.224193811416626,1.3340649604797363,5.573734283447266
CMR_1705,CMR,7865.351941461018,0.4521478414535522,0.342560201883316,0.199265107512474,0.0643511489033699,0.0323527939617633,0.0348074845969677,-0.6880385875701904,-1.4375793933868408,-2.50253963470459,-2.9983954429626465,2.321035385131836,6.692445278167725
CMR_1706,CMR,8211.393897979915,0.1407338976860046,0.0637540146708488,0.0200591478496789,0.010479730553925,0.0221188627183437,0.0347461700439453,-1.4545100927352903,-2.268407106399536,-3.3418097496032715,-3.865491390228272,3.570478916168213,7.714666843414307
CMR_1707,CMR,8482.281689278234,0.1578977853059768,0.1896258294582367,0.1811371892690658,0.0929528698325157,0.0380983464419841,0.0317585542798042,-0.3932119607925415,-0.9103634357452391,-1.7918955087661743,-2.269271850585937,2.2278361320495605,6.2266130447387695
CMR_1708,CMR,8730.653399834648,0.0705890357494354,0.0810549408197403,0.1164897605776786,0.1155687943100929,0.0550166331231594,0.0314122103154659,-0.8397772312164307,-0.9662715792655944,-1.6009904146194458,-1.988838791847229,2.272751808166504,6.043466091156006
CMR_1709,CMR,9376.837892545524,0.1987619251012802,0.1740067452192306,0.1457487493753433,0.0945885106921196,0.0586695559322834,0.0387020483613014,-0.2792884409427643,-0.0446945913136005,-0.5050923228263855,-0.8991342186927795,1.517591953277588,5.284877777099609
CMR_1710,CMR,9895.774918578763,0.2464901357889175,0.2586270570755005,0.2249004244804382,0.1192889288067817,0.0499751567840576,0.0330841988325119,-0.4369565546512604,-0.5926020741462708,-1.276108741760254,-1.7311705350875854,2.3669862747192383,6.388728618621826
CMR_1711,CMR,10931.180797757605,0.0135872643440961,0.012176489457488,0.0104622459039092,0.0675328895449638,0.0613487064838409,0.0357133969664573,-0.5956963896751404,-0.4343861043453216,-0.9239343404769896,-1.204445242881775,2.1049041748046875,6.390966415405273
CMR_1712,CMR,11334.77587287565,0.7021605372428894,0.5723681449890137,0.3313995599746704,0.084537461400032,0.0462513081729412,0.0318281054496765,-1.3383828401565552,-2.0007710456848145,-2.8519089221954346,-3.170215845108032,4.174012660980225,8.557950973510742
CMR_1713,CMR,11508.18565063206,0.2583818733692169,0.3070720136165619,0.2670462727546692,0.105329655110836,0.0437295585870742,0.0316620208323001,-1.8955587148666384,-2.31672739982605,-3.2322561740875244,-3.578752517700196,4.529965877532959,9.077840805053713
CMR_1721,CMR,15452.709481719035,0.6904891729354858,0.650479793548584,0.1000478714704513,0.0736281499266624,0.0623591020703315,0.0454932712018489,-0.079498067498207,-0.2859090864658355,-0.0048234849236905,0.5449565649032593,3.745056629180908,7.78311824798584
CMR_1724,CMR,16511.0911402566,0.2339393049478531,0.2852343022823334,0.2301206588745117,0.1134852766990661,0.0701732039451599,0.0478738360106945,-0.428375095129013,-0.5971106886863708,-0.3349363207817077,0.0305493529886007,1.5300931930541992,8.158026695251465
CMR_1725,CMR,17049.47083342716,0.0548902451992034,0.089845523238182,0.1156727597117424,0.1108370274305343,0.0611410252749919,0.0486588925123214,-0.2424717098474502,0.0134615441784262,0.6770502924919128,1.0390725135803225,0.975027084350586,7.414843559265137
CMR_1726,CMR,17196.238130606882,0.2224945724010467,0.1402498632669448,0.1075385361909866,0.1170286983251571,0.0747829005122184,0.0495475567877292,-0.908078134059906,-0.8981261849403381,-0.4885367751121521,-0.3402013182640075,1.9973154067993164,8.916228294372559
CMR_1727,CMR,17336.88192306024,0.1933519840240478,0.1423655152320861,0.0940141007304191,0.1093061864376068,0.0710237100720405,0.0498756244778633,-0.5254636406898499,-0.3776044547557831,0.1829554736614227,0.3366532623767853,1.4619779586791992,8.30574893951416
CMR_1728,CMR,17540.610411309746,0.0869356393814086,0.0729481130838394,0.0712132900953292,0.0853970944881439,0.0573008581995964,0.0505825355648994,-0.7309094667434692,-0.3447008430957794,0.5345871448516846,0.7365878820419312,1.380279541015625,7.995972633361816
CMR_1729,CMR,17782.947147957286,0.1354049295186996,0.0800868049263954,0.0646673366427421,0.0639273300766944,0.0458045601844787,0.051955509930849,-0.7066904902458191,-0.147781640291214,0.9469327330589294,1.122167944908142,1.241011619567871,7.723127365112305
CMR_1730,CMR,18113.360782838983,0.0817227661609649,0.1214286088943481,0.0781675279140472,0.0325572155416011,0.0413612462580204,0.0555575266480445,-0.5126160979270935,0.2862919867038727,1.593052864074707,1.7222437858581543,1.0590829849243164,7.245119094848633
CMR_1731,CMR,18288.374795762888,0.1289740353822708,0.1123565956950187,0.049748308956623,0.0395955666899681,0.051392775028944,0.0575208328664302,-0.0984392389655113,0.756367027759552,2.0825858116149902,2.143568515777588,0.838313102722168,6.897810935974121
CMR_1732,CMR,18760.96887362357,0.084279716014862,0.1206392347812652,0.1079116463661193,0.0598450861871242,0.0605399124324321,0.0605169348418712,-0.0458153411746025,0.8292675614356995,2.26145076751709,2.087371587753296,0.7451248168945312,7.22031307220459
CMR_1733,CMR,18709.975689213323,0.2010867595672607,0.1860985904932022,0.1457447707653045,0.1105525866150856,0.0879702642560005,0.0626279488205909,-0.0827948078513145,0.7278493642807007,1.9019289016723635,1.7459701299667358,0.9016828536987304,7.455563545227051
CMR_1734,CMR,18974.3184761497,0.1989903599023819,0.237567514181137,0.2234117239713668,0.167101502418518,0.1137661337852478,0.0656983330845832,-0.7864595651626587,-0.2263849526643753,0.6633404493331909,0.3188897967338562,1.7110223770141602,8.968009948730469
CMR_1735,CMR,19252.617274989323,0.1617965996265411,0.1403744220733642,0.0828150510787963,0.0936376750469207,0.0941182076930999,0.0651100724935531,-0.3731289207935333,0.5187186598777771,1.790770173072815,1.3447751998901367,1.241541862487793,8.17597484588623
CMR_1736,CMR,19290.409012505934,0.1384395658969879,0.1341098845005035,0.1185976862907409,0.1116297245025634,0.1022913977503776,0.0657343119382858,-0.3865074217319488,0.4882078170776367,1.660807967185974,1.1844791173934937,1.2845478057861328,8.339207649230957
CMR_1737,CMR,19454.64870668596,0.3106228709220886,0.2344131022691726,0.1600220650434494,0.1382781118154525,0.1148912757635116,0.0669539868831634,-0.3172643184661865,0.5123061537742615,1.5236411094665527,0.9340700507164,1.4070301055908203,8.652125358581543
CMR_1738,CMR,19439.831661481425,0.1167665943503379,0.2246104925870895,0.2338298708200454,0.2168138921260833,0.1415573209524154,0.0680301412940025,-1.9279552698135376,-1.995322585105896,-1.7725692987442017,-2.493660926818848,3.4060583114624023,11.927047729492188
CMR_1739,CMR,19529.530065956464,0.1623968929052353,0.1922972202301025,0.1860940009355545,0.1688409149646759,0.1251952350139618,0.0675932839512825,-0.6281159520149231,0.0798093602061271,0.8952394127845764,0.2364551723003387,1.732680320739746,9.361151695251465
CMR_1748,CMR,24548.080002540424,0.2488252520561218,0.3294461667537689,0.3205188512802124,0.1625389754772186,0.1030120924115181,0.0783127695322036,-1.3652641773223877,-1.5087511539459229,-1.2788236141204834,-2.19421648979187,3.6194372177124015,12.954952239990234
CMR_1749,CMR,24559.900582150123,0.4590632617473602,0.5381540656089783,0.383405864238739,0.1611564606428146,0.1050817221403122,0.0782048851251602,-1.1103373765945437,-1.2409217357635498,-1.0535162687301636,-2.0784285068511963,3.3531198501586914,12.903639793395996
CMR_1750,CMR,24605.10805725108,0.7474247217178345,0.6884316205978394,0.4173581600189209,0.1603828370571136,0.1094731837511062,0.0778216049075126,-1.3365434408187866,-1.4366942644119265,-1.3574349880218506,-2.5943424701690674,3.4811086654663086,13.549142837524414
CMR_1751,CMR,27028.464157877355,0.3699935972690582,0.3510242104530334,0.3198526501655578,0.1678507626056671,0.0974855348467826,0.0757182389497757,-1.4610540866851809,-1.8186652660369875,-1.6205930709838867,-0.8893753886222839,3.254056930541992,12.101030349731444
CMR_1752,CMR,27078.97955671858,0.5584176182746887,0.3969822227954864,0.3156419992446899,0.1599426120519638,0.0964472219347953,0.0766410827636718,-0.6768306493759155,-1.1864970922470093,-1.0364540815353394,-0.3457115888595581,2.640765190124512,11.613170623779297
CMR_1753,CMR,27251.568823340192,0.2891744375228882,0.2731430232524872,0.1793785095214843,0.1123131364583969,0.0934264734387397,0.0784456953406333,-1.8723223209381104,-2.7331154346466064,-2.660247802734375,-2.050039291381836,4.294632911682129,13.468622207641602
CMR_1755,CMR,27445.98138596211,0.2260122895240783,0.2447724640369415,0.1775207221508026,0.0925613269209861,0.0910128206014633,0.0778033286333084,-1.8884607553482056,-2.815301418304444,-2.7010648250579834,-2.051732063293457,4.418596267700195,13.558177947998049
CMR_1756,CMR,27465.6755552686,0.6543906331062317,0.6283647418022156,0.3572002947330475,0.1181656494736671,0.0983098819851875,0.0816791057586669,-1.155852198600769,-1.9880841970443728,-1.8715500831604004,-1.4209249019622805,3.769352912902832,13.063275337219238
CMR_1758,CMR,27702.506954136155,0.4358426928520202,0.3768368065357208,0.2251996248960495,0.1776037961244583,0.1104423627257347,0.0843519642949104,-0.7413945198059082,-0.9671318531036376,-0.6023166179656982,-0.2895499765872955,2.848130226135254,12.147405624389648
CMR_1760,CMR,27821.304380635127,0.2468129396438598,0.1938131898641586,0.1043435409665107,0.0767062231898307,0.0709093287587165,0.0562853850424289,-2.0241098403930664,-2.912152051925659,-2.5683295726776123,-1.273118257522583,4.176654815673828,12.391502380371094
CMR_1761,CMR,27921.39462953324,0.3426357507705688,0.3506123125553131,0.2969883978366852,0.1417330652475357,0.0845463052392005,0.0697942376136779,-1.5438541173934937,-2.0956413745880127,-1.68994140625,-0.7250736355781555,3.507218360900879,12.271991729736328
CMR_1763,CMR,27950.509268489102,0.3448648452758789,0.2216194421052932,0.09642294049263,0.0862486436963081,0.0674763023853302,0.0532020702958107,-1.910597801208496,-2.757830142974853,-2.359302043914795,-1.0155500173568726,4.047360420227051,12.128294944763184
CMR_1765,CMR,28191.247882543947,0.3277316987514496,0.2834655046463012,0.1939829587936401,0.1509452164173126,0.0972794890403747,0.0756511911749839,0.0554914399981498,0.3214659392833709,1.1530085802078247,1.9334757328033447,1.3696565628051758,9.91311264038086
CMR_1766,CMR,28154.55801092961,0.3428814113140106,0.3125598430633545,0.2512804865837097,0.1415252834558487,0.0747239589691162,0.0602185726165771,-0.7562313079833984,-1.2016832828521729,-0.663220226764679,0.5461574792861938,2.5079965591430664,10.890210151672363
CMR_1767,CMR,28421.81923055228,0.0641014128923416,0.0889359563589096,0.1215870901942253,0.1349029242992401,0.0863025039434433,0.0683148652315139,0.1922155022621154,0.5744335055351257,1.5712069272994995,2.592564821243286,0.8623256683349609,9.194321632385254
CMR_1768,CMR,28366.69206857524,0.2626904547214508,0.2274336367845535,0.2308473736047744,0.1450198590755462,0.0699102059006691,0.0551692396402359,-0.9446342587471008,-1.1031780242919922,-0.3905417621135711,0.910060465335846,2.452946662902832,10.527796745300291
CMR_1769,CMR,28578.84295398098,0.0830367729067802,0.0851402729749679,0.0536053329706192,0.0833960026502609,0.0977393165230751,0.0804496705532074,-1.3049798011779783,-0.4301323294639587,0.9837011098861694,1.608034610748291,2.124689102172852,10.53885555267334
CMR_1770,CMR,28929.19304091371,0.4664772450923919,0.3130147457122803,0.1126640066504478,0.0746680200099945,0.0352093279361724,0.0384624190628528,-1.5816876888275146,-1.2393654584884644,-0.1737869828939438,1.2596105337142944,2.736302375793457,9.9942045211792
CMR_1771,CMR,29527.68834665675,0.1488188803195953,0.1091946065425872,0.0733150094747543,0.0416075959801673,0.036883357912302,0.0515043810009956,-0.0875023901462555,0.7599987983703613,2.648455142974853,3.9609217643737793,0.617335319519043,7.970985412597656
CMR_1772,CMR,29695.379643439803,0.1223190575838089,0.0809360742568969,0.0423860549926757,0.006705043837428,0.0113362595438957,0.0424396246671676,-0.1617408990859985,0.6432309746742249,2.4364442825317383,3.7924323081970215,0.7818021774291992,7.941699981689453
CMR_1773,CMR,29659.5848586785,0.2588786780834198,0.1418045163154602,0.0735169649124145,0.0126293906942009,0.0168816167861223,0.0370098464190959,-0.7707959413528442,-0.1586880385875702,1.2768571376800537,2.563603639602661,1.4149208068847656,8.79601764678955
CMR_1774,CMR,29836.618797284264,0.0480002872645854,0.0072342194616794,0.0343651697039604,0.0178923401981592,0.0108689907938241,0.0403804294764995,-0.1774847358465194,0.5855079293251038,2.3402199745178223,3.659436225891113,0.7586574554443359,8.004962921142578
CMR_1775,CMR,29943.661072676,0.1553784608840942,0.1052178367972374,0.0708922669291496,0.0598717108368873,0.0435111671686172,0.0548750981688499,0.0119107812643051,0.8390743136405945,2.9460554122924805,4.16307544708252,0.7344226837158203,7.97108268737793
CMR_1776,CMR,30704.56738217287,0.2693150043487549,0.186343640089035,0.0988939777016639,0.0888178795576095,0.068358339369297,0.0481576211750507,-1.2009937763214111,-0.4510539770126343,1.2283645868301392,2.1421995162963867,2.0635366439819336,9.605259895324709
CMR_1777,CMR,30984.75681300936,0.3857157230377197,0.3253152668476105,0.2255512773990631,0.1673393100500106,0.1077440455555915,0.0522254593670368,-1.4108809232711792,-1.219219207763672,-0.2756044864654541,0.2002042979001999,2.7487945556640625,11.233892440795898
CMR_1778,CMR,32864.9065320293,0.6434541940689087,0.5403088927268982,0.3441569209098816,0.1986062079668045,0.1379644721746444,0.0609906576573848,-1.0024166107177734,-0.7326574921607971,-0.7282389402389526,-1.7601382732391355,6.455185890197754,13.644914627075195
CMR_1779,CMR,33012.25557790562,0.1796114295721054,0.2841001152992248,0.2651859223842621,0.2051828801631927,0.1406626999378204,0.0617521703243255,-1.5215651988983154,-1.3390514850616455,-1.2558858394622805,-2.3618314266204834,7.213813781738281,14.395221710205078
CMR_1780,CMR,33037.5793102862,0.394528329372406,0.3822697401046753,0.2861368954181671,0.2008899748325348,0.1336875110864639,0.0588702149689197,-1.802190899848938,-1.7385495901107788,-2.057934045791626,-3.2957427501678467,8.380626678466797,15.118453025817873
CMR_1781,CMR,33606.36149370619,0.0374196320772171,0.0934504494071006,0.1549615859985351,0.1813869774341583,0.1235185787081718,0.0542985275387764,-0.9199264645576476,-1.374317646026611,-2.1411454677581787,-3.837738037109375,10.363388061523438,15.802545547485352
CMR_1782,CMR,34038.07688638969,0.1004741266369819,0.1033576056361198,0.1587918251752853,0.1670384556055069,0.091273121535778,0.0533060990273952,-1.52013099193573,-2.041517734527588,-3.6094155311584473,-5.9928741455078125,11.19115161895752,16.941455841064453
CMR_1783,CMR,34132.10331633021,0.2779841423034668,0.1193124204874038,0.1200136393308639,0.1525436639785766,0.0877521038055419,0.052039660513401,-1.2931139469146729,-1.8786805868148804,-3.505621194839477,-5.920372486114502,11.488066673278809,16.92270278930664
CMR_1784,CMR,34226.1685184303,0.4518119096755981,0.2360340505838394,0.1368902176618576,0.1586206257343292,0.0920127406716346,0.0527840517461299,-0.8840460777282715,-1.3788697719573977,-3.003997802734375,-5.452086448669434,11.076451301574709,16.443540573120117
CMR_1788,CMR,34899.476887867495,0.1491976082324981,0.0961349159479141,0.1477564424276352,0.1600986719131469,0.1040661185979843,0.0596089102327823,-1.74347186088562,-2.1390693187713623,-3.821024894714356,-6.378814220428467,11.659557342529297,17.25113868713379
CMR_1789,CMR,3598.257541767532,0.0651601254940033,0.0469104424118995,0.0312440898269414,0.0349471122026443,0.0487163439393043,0.0402475260198116,-0.1473368406295776,0.6296125650405884,1.595330834388733,,0.706993818283081,0.3054437041282654
CMR_1790,CMR,3782.6184877966,0.1430961638689041,0.13065205514431,0.033206321299076,0.0507665239274501,0.0545023307204246,0.0410658754408359,0.1017944812774658,0.947811722755432,1.862917423248291,,1.0387836694717407,0.6880978345870972
CMR_1791,CMR,4489.340334223563,0.1062071770429611,0.1562579274177551,0.1517338454723358,0.0932384952902793,0.0668798834085464,0.0410806387662887,-0.5404568314552307,0.0541938804090023,0.7382520437240601,,1.1587257385253906,1.308653712272644
CMR_1792,CMR,4888.689493229123,0.0615848489105701,0.0455130822956562,0.0359232537448406,0.0941889137029647,0.0713132470846176,0.0402339957654476,-0.080285407602787,0.329129546880722,0.7923774123191833,,0.6814032793045044,1.0008947849273682
CMR_1793,CMR,4521.326824947736,0.0498157739639282,0.0990604981780052,0.1225126907229423,0.1291586458683014,0.0777832195162773,0.0426668711006641,-0.4961367547512054,-0.1071239784359932,0.3225709795951843,1.1209982633590698,1.2296210527420044,1.6339504718780518
CMR_1794,CMR,5320.605413873162,0.1253861337900161,0.1011813506484031,0.0391612574458122,0.0718469396233558,0.064323641359806,0.0375908873975276,-0.5156975984573364,-0.1280731707811355,0.2334546446800232,,1.089737057685852,1.4489789009094238
CMR_1797,CMR,6098.929663700132,0.1290618479251861,0.1306049078702926,0.1161171793937683,0.071622684597969,0.0477524548768997,0.0325753428041935,0.0306855831295251,0.3819895684719085,0.5929121971130371,,0.8061591386795044,1.158283233642578
CMR_1798,CMR,6187.226994486734,0.0476777404546737,0.0907478183507919,0.083432100713253,0.0603228136897087,0.0437034368515014,0.0315958112478256,0.2283849567174911,0.6023564338684082,0.8471145033836365,,0.5246584415435791,0.8629777431488037
CMR_1799,CMR,6528.453119540951,0.1383002251386642,0.1313707679510116,0.0986137688159942,0.0626300126314163,0.0400755405426025,0.0302743948996067,-0.065911665558815,0.2271462082862854,0.4429585039615631,,0.8137288093566895,1.3763378858566284
CMR_1800,CMR,6171.222710565601,0.0662864595651626,0.1161420866847038,0.140444740653038,0.101942628622055,0.0519111864268779,0.0335457511246204,-0.4793908894062042,-0.4676994383335113,-0.4431265890598297,0.2719402909278869,1.5989527702331543,2.4229283332824707
CMR_1801,CMR,5684.146311639948,0.0473952889442443,0.0648035332560539,0.0519601851701736,0.0746989324688911,0.0603525228798389,0.0394984744489192,-0.6701143980026245,-1.3393709659576416,-1.7157069444656372,-1.2978664636611938,2.73459529876709,4.081491470336914
CMR_1802,CMR,5900.914471632462,0.0525135807693004,0.0559994913637638,0.0381253510713577,0.0610556788742542,0.0525217540562152,0.0382562205195426,-0.4742499589920044,-1.1866424083709717,-1.606675624847412,-1.2139273881912231,2.596652030944824,4.040487289428711
CMR_1803,CMR,6193.812060080371,0.0399332754313945,0.0678913593292236,0.0474612638354301,0.0456109419465065,0.0431601256132125,0.0365505814552307,-1.0019254684448242,-1.7322813272476196,-2.1528189182281494,-1.7736574411392212,3.1235318183898926,4.661590099334717
CMR_1804,CMR,6506.391131809717,0.0079151261597871,0.0359132774174213,0.0378111451864242,0.0364492945373058,0.0360102504491806,0.0348458886146545,-0.8745317459106445,-1.5451048612594604,-1.9040573835372925,-1.5280934572219849,2.8708674907684326,4.493697166442871
CMR_1805,CMR,6942.605722854907,0.0507592745125293,0.0587106086313724,0.0679476559162139,0.064530499279499,0.0369817689061164,0.031337484717369,-0.5057547688484192,-0.8991991877555847,-0.9665911197662354,-0.393389344215393,2.037759780883789,3.3926916122436523
CMR_1806,CMR,7104.840146018943,0.0311878360807895,0.0744014233350753,0.0877126231789588,0.0698799937963485,0.0363466553390026,0.030264064669609,-0.5439832806587219,-0.7920135855674744,-0.7505121231079102,-0.1070836782455444,1.8522584438323972,3.121150016784668
CMR_1807,CMR,6239.013942146753,0.0536735840141773,0.0791743844747543,0.101490706205368,0.027434691786766,0.035515371710062,0.0383195243775844,-1.008822679519653,-1.5997674465179443,-2.132220268249512,-1.9764020442962649,2.8689796924591064,4.955760002136231
CMR_1808,CMR,6995.071223220589,0.0382737442851066,0.0738162100315094,0.078415423631668,0.0603489428758621,0.0350767821073532,0.0317313261330127,-0.51715487241745,-0.9058673977851868,-1.0006741285324097,-0.4895903170108795,2.0588579177856445,3.538020372390747
CMR_1809,CMR,6891.44287188966,0.0891313180327415,0.0968811884522438,0.091915912926197,0.0584871359169483,0.0337368473410606,0.0328498780727386,-0.7724642157554626,-1.2062276601791382,-1.3965747356414795,-0.9792383909225464,2.411150455474853,4.040872097015381
CMR_1810,CMR,6405.627514402165,0.3689682483673095,0.2963717579841614,0.1625854671001434,0.0256364773958921,0.0341487042605876,0.0383552387356758,-0.8341145515441895,-1.3057695627212524,-1.8469936847686768,-1.8127652406692505,2.3658947944641118,4.869923114776611
CMR_1811,CMR,7754.645724427841,0.0262574180960655,0.0649951472878456,0.0615623891353607,0.0382854528725147,0.0287210587412118,0.0282869189977645,-0.4942449331283569,-0.3861337304115295,-0.0409650467336177,0.7176730036735535,1.2031958103179932,2.495316982269287
CMR_1812,CMR,6568.357882864954,0.0851780623197555,0.123473435640335,0.0393026769161224,0.0200778599828481,0.0322393253445625,0.037431001663208,-1.3094120025634766,-1.7633973360061646,-2.2656497955322266,-2.2362239360809326,2.781285762786865,5.338968276977539
CMR_1813,CMR,7060.991765102306,0.1178737878799438,0.1563015729188919,0.142735868692398,0.0766816660761833,0.0330434925854206,0.0331456661224365,-0.2663978934288025,-0.4071373045444488,-0.5561667084693909,-0.2436643689870834,1.547412633895874,3.4079980850219727
CMR_1814,CMR,7479.191939551147,0.2368611544370651,0.1887282431125641,0.1476259380578994,0.0646794959902763,0.0324855744838714,0.0309133362025022,-0.4033803045749664,-0.2299175858497619,-0.0867022722959518,0.391704797744751,1.4176065921783447,2.8608837127685547
CMR_1815,CMR,7403.750985210253,0.0497590377926826,0.066162385046482,0.0859330669045448,0.0699959695339202,0.0350082367658615,0.0322047211229801,-0.0207787826657295,0.2397755533456802,0.2971955239772796,0.627570390701294,0.8665127754211426,2.65835189819336
CMR_1816,CMR,7599.375345192714,0.167514219880104,0.135760560631752,0.0740832984447479,0.0543524250388145,0.0355759523808956,0.0318680666387081,-0.2242344617843628,0.2017744034528732,0.3761857151985168,0.7173842191696167,0.9503579139709472,2.6434874534606934
CMR_1817,CMR,7545.292733146767,0.2041762322187423,0.176346942782402,0.1538943648338318,0.0946974232792854,0.0490894988179206,0.0340478532016277,-0.1461086869239807,-0.0027498684357851,-0.1681764274835586,-0.2207255512475967,0.850161075592041,3.679838180541992
CMR_1818,CMR,8568.058524265622,0.0179429482668638,0.0259485114365816,0.033913642168045,0.0222583804279565,0.0235722139477729,0.0290747545659542,-0.154285654425621,0.2004566639661789,0.8610680103302002,1.5839751958847046,0.3758516311645508,2.0530405044555664
CMR_1819,CMR,8224.72344399578,0.014421229250729,0.0324379242956638,0.0410401187837123,0.0418937280774116,0.0385139063000679,0.031817939132452,-0.3958998322486877,0.0880838930606842,0.5464579463005066,0.8977547287940979,0.7028439044952393,2.73422646522522
CMR_1820,CMR,8749.632684593045,0.0574138015508651,0.0317015908658504,0.0408600643277168,0.0383348055183887,0.0322191789746284,0.0307175666093826,-0.4262090027332306,-0.1029573753476142,0.5763735175132751,1.1668184995651243,0.6546578407287598,2.630213499069214
CMR_1821,CMR,8293.786269275724,0.0698732808232307,0.1065348610281944,0.082531988620758,0.056993082165718,0.0517876632511615,0.0330258309841156,-0.0862244367599487,0.345178872346878,0.6255789399147034,0.7459588050842285,0.4469385147094726,2.988269805908203
CMR_1822,CMR,8305.324980839347,0.1069248467683792,0.0806898474693298,0.0774112716317176,0.0715451687574386,0.0609072372317314,0.0331988148391246,-0.1533448547124862,0.2212123125791549,0.2222010195255279,0.1398434191942215,0.5947389602661133,3.651367425918579
CMR_1823,CMR,9225.608377012495,0.0540288724005222,0.0852186754345893,0.0693773701786995,0.0442911088466644,0.0345552898943424,0.0309780817478895,-0.5898233652114868,-0.3033011853694916,0.4441852867603302,1.1331863403320312,0.9292006492614746,2.8640406131744385
CMR_1824,CMR,8984.567983902984,0.0396766141057014,0.042135152965784,0.0515005849301815,0.0517471507191658,0.0447016879916191,0.0326580964028835,-0.0823607891798019,0.1588843464851379,0.7633769512176514,1.185783863067627,0.3856692314147949,2.7901296615600586
CMR_1825,CMR,9095.967269008836,0.0212496593594551,0.0293765496462583,0.0301090683788061,0.0507249385118484,0.0415105670690536,0.0322357527911663,-0.1117215752601623,0.1220258846879005,0.7864696383476257,1.3025339841842651,0.4155397415161133,2.698610544204712
CMR_1826,CMR,8724.840268093363,0.022527216002345,0.0358929149806499,0.0489032603800296,0.0561146028339862,0.0565794892609119,0.0334398224949836,-0.5991024971008301,-0.2735474109649658,0.0489101745188236,0.1736320704221725,0.931666374206543,3.759838104248047
CMR_1827,CMR,8925.969080253397,0.0890427380800247,0.0894617289304733,0.0758621543645858,0.0536775439977645,0.0511754117906093,0.0333318896591663,-0.4038088321685791,-0.1503486037254333,0.3390965163707733,0.6215994954109192,0.7270183563232422,3.370200157165528
CMR_1828,CMR,8596.763224920402,0.0447183065116405,0.1193324625492096,0.1198790892958641,0.0940805524587631,0.0646626055240631,0.0324422307312488,-0.5901730060577393,-0.3605859279632568,-0.6795858144760132,-0.9351427555084229,1.3954534530639648,4.901652812957764
CMR_1829,CMR,9186.850348068543,0.0109293023124337,0.02542619779706,0.0351293981075286,0.0530826412141323,0.0596524588763713,0.0341974906623363,-0.3372903764247894,-0.0917804613709449,0.2488061934709549,0.4132575392723083,0.787837028503418,3.7392654418945312
CMR_1830,CMR,9480.661924343984,0.0331013239920139,0.0470501966774463,0.0432471856474876,0.0605900585651397,0.064886026084423,0.0347452983260154,-0.2670478820800781,-0.0244518257677555,0.1758213490247726,0.2636464834213257,0.8917479515075684,4.052934646606445
CMR_1831,CMR,9274.299590068676,0.046111773699522,0.0632607191801071,0.0679491460323333,0.0894778668880462,0.0682562291622161,0.033051922917366,0.1995595544576645,0.5015285015106201,0.2767989039421081,0.09772839397192,0.7086539268493652,4.1810383796691895
CMR_1832,CMR,10420.579582893648,0.2018216848373413,0.1480922549962997,0.1035292148590087,0.0709482431411743,0.0657075494527816,0.037028219550848,-1.238426685333252,-1.2150068283081057,-1.0175408124923706,-0.8742525577545166,2.3398208618164062,5.663292407989502
CMR_1833,CMR,10343.76636957492,0.0788638666272163,0.1268237680196762,0.1078087761998176,0.0966831147670745,0.0703467056155204,0.0353354625403881,-1.2570922374725342,-1.380809307098389,-1.5506097078323364,-1.623913049697876,2.7931389808654785,6.426442623138428
CMR_1834,CMR,10440.450360256764,0.0940555557608604,0.1480987817049026,0.1114273890852928,0.0909852907061576,0.0705490708351135,0.0359782315790653,-1.3151767253875732,-1.3752191066741943,-1.4562859535217283,-1.480534911155701,2.7305541038513184,6.31870174407959
CMR_1835,CMR,10972.30896806166,0.0963707342743873,0.0627451613545417,0.0821764543652534,0.0886635929346084,0.0708628818392753,0.0379270575940609,0.1229250058531761,0.5375953912734985,0.6406621336936951,0.7169965505599976,0.7861862182617188,4.379779815673828
CMR_1836,CMR,11449.836495738737,0.0300362631678581,0.0650259181857109,0.0671303421258926,0.0387994647026062,0.0501616187393665,0.0400933809578418,-0.0488075092434883,0.5719448924064636,1.1548656225204468,1.5982142686843872,0.551023006439209,3.6415865421295166
CMR_1837,CMR,11709.44651851335,0.0291685163974761,0.0474977865815162,0.0347587987780571,0.0476401299238204,0.0445277690887451,0.0403869450092315,-0.030615746974945,0.4372885227203369,1.078596591949463,1.654030442237854,0.5187234878540039,3.669781684875488
CMR_1838,CMR,12391.39050970312,0.1448875963687896,0.1401405036449432,0.1138041168451309,0.0688899904489517,0.0551580935716629,0.043049219995737,-0.3898788094520569,0.0006759207462891,0.5351055264472961,0.8869308829307556,1.0003819465637207,4.85678768157959
CMR_1839,CMR,12450.511313980564,0.1383330821990966,0.1141473799943924,0.0922071486711502,0.0598592273890972,0.0524645932018756,0.0432356745004653,-0.3871582448482513,0.0100902915000915,0.5673019886016846,0.9465660452842712,0.9612751007080078,4.813387870788574
CMR_1840,CMR,12141.711578571583,0.0615047998726367,0.1019865274429321,0.1090170070528984,0.1381561160087585,0.0818892568349838,0.038637176156044,-0.3922872245311737,-0.3323124349117279,-0.6013417840003967,-0.6731695532798767,2.0273985862731934,6.424240112304688
CMR_1841,CMR,12598.735638146472,0.073749154806137,0.1467956751585006,0.1754699498414993,0.1331986188888549,0.0632386654615402,0.0363063253462314,-0.6393461227416992,-1.4169926643371582,-2.1965668201446533,-2.419487953186035,3.605867862701416,8.459198951721191
CMR_1842,CMR,13215.126940113363,0.1821860373020172,0.2130311727523803,0.2124572694301605,0.1462768465280532,0.0744123980402946,0.040197979658842,-0.9564884901046752,-1.2943891286849976,-1.759727120399475,-1.932964324951172,3.2517905235290527,8.273444175720215
CMR_1843,CMR,13267.600131958452,0.3973130881786346,0.3702977895736694,0.2674171030521393,0.1474252343177795,0.0772255286574363,0.0410734675824642,-0.5184879302978516,-0.6684085726737976,-1.0197129249572754,-1.1699926853179932,2.542558193206787,7.529720306396484
CMR_1844,CMR,14317.23559538815,0.2719377279281616,0.2293822765350341,0.1821188330650329,0.1398230791091919,0.07863150537014,0.0455101951956748,-0.4001274406909942,-0.1122649237513542,-0.1601222455501556,-0.4058323800563812,1.798201560974121,7.303558349609375
CMR_1845,CMR,14820.596769969336,0.1774501055479049,0.1630953252315521,0.1555343568325042,0.0972886532545089,0.0736825987696647,0.049395564943552,-0.9050019979476928,-0.3197513818740845,0.0143445916473865,-0.2553589940071106,1.989124774932861,7.361858367919922
CMR_1846,CMR,15029.35196498148,0.0974275320768356,0.1567333489656448,0.1683991849422454,0.1389481425285339,0.0809701010584831,0.0479443781077861,-1.032370686531067,-0.6945444941520691,-0.674089789390564,-1.0608556270599363,2.488348960876465,8.328540802001953
CMR_1847,CMR,15164.038005235116,0.3766646683216095,0.3129579722881317,0.2191362529993057,0.1494658291339874,0.0818264856934547,0.0476238392293453,-1.0879372358322144,-0.8212766647338867,-0.9102035760879515,-1.342060923576355,2.678353309631348,8.693078994750977
CMR_1848,CMR,15238.169252348673,0.3062739670276642,0.3065252304077148,0.2330479472875595,0.1584255695343017,0.0814851224422454,0.0471190474927425,-1.0596853494644165,-0.9137486219406128,-1.1184130907058716,-1.579671025276184,2.805988311767578,8.986536026000977
CMR_1849,CMR,15424.689696185427,0.2646379768848419,0.3102428913116455,0.2714367508888244,0.1684185117483139,0.0779656693339347,0.0462061129510402,-0.9485934376716614,-1.0700652599334717,-1.5074783563613892,-2.0207996368408203,3.02705192565918,9.550311088562012
CMR_1850,CMR,15849.990642721366,0.5292696952819824,0.4891924858093261,0.3664752244949341,0.1540846079587936,0.0669165477156639,0.0455501526594162,-0.4766527116298675,-0.9402223825454712,-1.7023649215698242,-2.2913906574249268,2.977088928222656,10.076918601989746
CMR_1888,CMR,30237.62804805126,0.3012910187244415,0.2967208921909332,0.2442030757665634,0.1504066288471222,0.1031430140137672,0.0760187059640884,-0.7924705743789673,-0.5515187978744507,1.4638813734054563,2.208547115325928,1.9516630172729488,10.41231632232666
CMR_1906,CMR,6609.98594948877,0.0957010388374328,0.0685551464557647,0.0433896519243717,,,,,,,,0.3669788837432861,1.0751513242721558
CMR_1907,CMR,6734.532925500406,0.0303272437304258,0.0565089099109172,0.0310308933258056,0.0409832559525966,0.0344195514917373,,-0.3720025420188904,-0.0230137500911951,,,0.9105556011199952,1.4912492036819458
CMR_1908,CMR,7236.638956552189,0.0435459911823272,0.0256925076246261,0.0149313826113939,,,,,,,,0.2525138854980469,1.0961072444915771
CMR_1909,CMR,7195.865845730074,0.02803336083889,0.0252191796898841,0.0174386948347091,0.0106281014159321,,,-0.2268065512180328,,,,0.3635659217834472,1.085379123687744
CMR_1910,CMR,7213.260164293197,0.0250703059136867,0.0394364222884178,0.0179704781621694,0.0370614416897296,0.0308562964200973,,-0.2966696321964264,0.1006191223859787,,,0.8144416809082031,1.3708564043045044
CMR_1911,CMR,7550.731945789059,0.0658241137862205,0.037723209708929,0.0213860087096691,0.0114475702866911,,,-0.2719425559043884,,,,0.4268245697021484,1.0699217319488523
CMR_1912,CMR,7761.847396836718,0.1048180386424064,0.0649242773652076,0.0352915935218334,0.0316796042025089,,,0.0483086854219436,,,,0.3791208267211914,0.9036188125610352
CMR_1913,CMR,8019.206746155328,0.1896675378084182,0.1636489331722259,0.1160097122192382,0.0460379011929035,0.0274210274219512,0.0264364164322614,-0.4776707887649536,-0.1766994744539261,0.362721711397171,1.3780498504638672,0.8161530494689941,1.7498490810394287
CMR_1914,CMR,8118.271498745992,0.0243163276463747,0.044295884668827,0.0418706126511096,0.0331513509154319,0.0253924690186977,0.0268977712839841,-0.269307941198349,-0.0923310294747352,0.4290885627269745,1.3679258823394775,0.6668927669525146,1.8848638534545896
CMR_1915,CMR,8120.067795396155,0.0151861226186156,0.0349717549979686,0.0101117882877588,0.0207355860620737,0.0242912918329238,0.0273049604147672,-0.1422059684991836,0.0261308867484331,0.5327808260917664,1.4118698835372925,0.5640377998352051,1.892618179321289
CMR_1916,CMR,9951.748258979058,0.0564439073204994,0.032453179359436,0.0226816572248935,0.0218039751052856,0.0269009321928024,0.029358871281147,-0.083951361477375,0.2002519369125366,0.9233850836753844,2.08831524848938,0.3107974529266357,1.9328925609588623
CMR_1917,CMR,10213.782633424771,0.0464240200817585,0.0454815067350864,0.016107153147459,0.0250914972275495,0.0290764048695564,0.0303242858499288,-0.4308324158191681,-0.1456896215677261,0.5429432988166809,1.7438058853149414,0.6979327201843262,2.355203866958618
CMR_1918,CMR,11281.682348959066,0.0564281716942787,0.0569123178720474,0.0594114027917385,0.0440532229840755,0.0373541377484798,0.0339965038001537,-0.3024957180023193,-0.105506993830204,0.4189009666442871,1.6296039819717407,0.5529060363769531,2.783426523208618
CMR_1919,CMR,12069.284106168188,0.0149036161601543,0.0358705148100853,0.0291826147586107,0.0433136783540248,0.0429477468132972,,-0.3970783948898315,-0.2989284992218017,,1.192923069000244,0.7583365440368652,3.44272255897522
CMR_1920,CMR,11947.29646059582,0.1031421050429344,0.071599967777729,0.0608327649533748,0.0542861260473728,0.0453869439661502,0.0345500111579895,-0.0582091957330703,0.0524254292249679,0.4927849471569061,1.6417216062545776,0.3986806869506836,3.048259973526001
CMR_1921,CMR,12004.352069714589,0.018235832452774,0.0370248407125473,0.0557475201785564,0.0533995404839515,0.0454218573868274,0.0344633981585502,-0.092852346599102,0.0091153243556618,0.4327767789363861,1.576002836227417,0.4460892677307129,3.118309259414673
CMR_1922,CMR,11093.889622270142,0.056451890617609,0.0562954619526863,0.0385682210326194,0.0424502156674861,0.0391350276768207,0.0332061015069484,-0.1045246198773384,0.2232103198766708,0.9434001445770264,2.101701259613037,0.2767901420593261,2.4853620529174805
CMR_1923,CMR,10873.863526731666,0.002927370602265,0.0395429655909538,0.0444302596151828,0.043412085622549,0.0374475009739398,0.0326456502079963,-0.4530549347400665,-0.1057226136326789,0.6631873250007629,1.7759610414505005,0.6424665451049805,2.78857684135437
CMR_1925,CMR,11932.04315333184,0.0854822844266891,0.0713835731148719,0.0613023191690444,0.0550760962069034,0.0508584678173065,0.0356814973056316,-0.2265229225158691,0.0400562137365341,0.5700274705886841,1.6978132724761963,0.5462207794189453,3.205259323120117
CMR_1926,CMR,12434.692093551104,0.0526871941983699,0.0690516084432601,0.076228030025959,0.0718355774879455,0.055073793977499,0.0365655049681663,-0.1505627483129501,0.0296772811561822,0.3989949822425842,1.4759879112243652,0.6898384094238281,3.6219136714935294
CMR_1927,CMR,11859.962898340016,0.0799499079585075,0.101073257625103,0.0958713367581367,0.0751945972442627,0.0518324561417102,0.0373851992189884,-0.1191818043589592,-0.0863212868571281,0.4782848954200744,1.4658429622650146,0.6370120048522949,3.676501035690308
CMR_1928,CMR,11678.66669347164,0.0752832889556884,0.0651945024728775,0.0589455775916576,0.0624936446547508,0.0465925447642803,0.0380729623138904,-0.6506268978118896,-0.6540219783782959,-0.0283587332814931,0.8310680389404297,1.2058682441711426,4.338563919067383
CMR_1929,CMR,12724.092823098234,0.0837512984871864,0.1383597403764724,0.1066416651010513,0.0803645998239517,0.0561171993613243,0.0378362610936164,0.0183135662227869,0.2063990235328674,0.4821928739547729,1.5023902654647827,0.839076042175293,3.7903802394866943
CMR_1930,CMR,13317.997090852316,0.1494788825511932,0.1321552544832229,0.1081783771514892,0.065163753926754,0.0511208735406398,0.0409728661179542,-0.4513775706291199,-0.5170053839683533,-0.3782719075679779,0.493011862039566,1.4469780921936035,5.186578750610352
CMR_1931,CMR,12616.378476544009,0.0484035164117813,0.0637845620512962,0.0803638100624084,0.0619510859251022,0.04714922234416,0.0419031865894794,-0.9035657644271852,-1.1586673259735107,-0.6980416178703308,0.0676909387111663,1.8392925262451167,5.5648393630981445
CMR_1932,CMR,12284.012028586005,0.1116135343909263,0.083104021847248,0.0612868666648864,0.0483842231333255,0.0457535795867443,0.0424598753452301,-0.2464819997549057,0.1285835653543472,0.7371423840522766,1.2557989358901978,0.7445659637451172,4.37111759185791
CMR_1933,CMR,12294.974477135842,0.0124736707657575,0.0481703989207744,0.0730130672454834,0.0507365576922893,0.0477614104747772,0.0426335409283638,-0.1634361743927002,0.2453007996082306,0.8438562750816345,1.3147387504577637,0.65582275390625,4.335824012756348
CMR_1934,CMR,12676.859434214351,0.0419857539236545,0.0202971249818801,0.0568137913942337,0.050617191940546,0.0429045110940933,0.0435097180306911,0.307148665189743,0.5304104089736938,1.1102135181427002,1.6771167516708374,0.4068336486816406,4.108285903930664
CMR_1935,CMR,13274.445012898794,0.0186989251524209,0.0126608908176422,0.0140838492661714,0.0208891294896602,0.0459071956574916,0.0440644398331642,-0.7996628284454346,-1.0565576553344729,-0.7221565246582031,-0.010850116610527,1.8555002212524412,5.913977146148682
CMR_1936,CMR,12733.883952399525,0.0998577922582626,0.1180334985256195,0.0946446657180786,0.0481594689190387,0.051109179854393,0.0441694371402263,-0.0815839990973472,0.341871827840805,0.9012705087661744,1.2553638219833374,0.6912956237792969,4.649982452392578
CMR_1937,CMR,13027.655537177969,0.0671774595975875,0.0513052307069301,0.0228250827640295,0.0365927144885063,0.0424756705760955,0.04506167024374,0.3867226839065552,0.7809835076332092,1.378542184829712,1.832930564880371,0.3350934982299804,4.158503532409668
CMR_1938,CMR,13710.354334600645,0.0728878527879715,0.0554302632808685,0.0297415107488632,0.0339201167225837,0.0453740954399108,0.0469531714916229,-0.5908182859420776,-0.5706239342689514,-0.1104733124375343,0.4014880955219269,1.437297821044922,5.8082122802734375
CMR_1939,CMR,13507.871211186954,0.1699500232934951,0.1504338383674621,0.1362464278936386,0.0619899220764637,0.0423933826386928,0.0467474982142448,-0.2059607654809951,0.0163175407797098,0.5935845375061035,1.0373437404632568,0.932274341583252,5.154130935668945
CMR_1940,CMR,13739.943412797447,0.0509716495871543,0.0996619239449501,0.1218106970191001,0.0671457052230835,0.0438856184482574,0.0478236600756645,-0.3423550724983215,-0.1003222912549972,0.5003776550292969,0.8692117929458618,1.0320024490356443,5.455030918121338
CMR_1941,CMR,15045.32799606475,0.2118186354637146,0.2028204053640365,0.1386354714632034,0.0748057290911674,0.0568256191909313,0.044970978051424,-1.1466914415359497,-1.351786732673645,-1.504127860069275,-1.0289806127548218,2.353879928588867,7.411996841430664
CMR_1942,CMR,13736.632198811983,0.1028392687439918,0.1240519136190414,0.1274155229330063,0.0645461454987526,0.0446155928075313,0.0479603968560695,-0.0949763134121894,0.3569652736186981,0.9946442246437072,1.2772456407546997,0.7852096557617188,5.100112438201904
CMR_1943,CMR,14307.372513470318,0.0681998580694198,0.0805561989545822,0.0991842448711395,0.0572375170886516,0.0527104996144771,0.0496331714093685,-0.7435583472251892,-0.6861933469772339,-0.2337264865636825,0.1078231483697891,1.577770709991455,6.399702072143555
CMR_1944,CMR,14532.44519987858,0.2088034152984619,0.2203879952430725,0.1531884372234344,0.0658547356724739,0.0565233491361141,0.0502887219190597,-0.6565039157867432,-0.5664803981781006,-0.1848809123039245,0.1200031489133834,1.5077199935913086,6.462526321411133
CMR_1945,CMR,14195.154176090742,0.2346014231443405,0.1571426838636398,0.1113954186439514,0.0713995397090911,0.0629651769995689,0.0485111773014068,-0.3651062846183777,0.3131444156169891,0.8122320175170898,0.7687698602676392,1.025909423828125,5.964868545532227
CMR_1946,CMR,14268.758141961487,0.1151536554098129,0.0974110811948776,0.0925575494766235,0.0670521259307861,0.0617641992866992,0.0489334687590599,-0.5223661661148071,0.1346615850925445,0.6597272753715515,0.6102472543716431,1.1861605644226074,6.157318592071533
CMR_1947,CMR,14370.309223772634,0.0305036064237356,0.0725647211074829,0.0832293182611465,0.0709125623106956,0.0640518963336944,0.0490723103284835,-0.3859738707542419,0.254566341638565,0.7521765232086182,0.6611454486846924,1.1211166381835938,6.16867733001709
CMR_1948,CMR,15778.46425145599,0.0643375515937805,0.0600243732333183,0.1003951057791709,0.0866082161664962,0.0623846501111984,0.0501336529850959,-0.1497335731983184,-0.4276139140129089,-0.731168270111084,-0.610163152217865,1.4353389739990234,7.442985534667969
CMR_1949,CMR,14799.035030904177,0.1689273118972778,0.1936330497264862,0.1083514168858528,0.0509122163057327,0.0554090850055217,0.0520804859697818,-0.0497510656714439,0.4348304271697998,1.0771106481552124,1.006327509880066,0.9218311309814452,5.953486442565918
CMR_1950,CMR,15223.61479398102,0.2665150761604309,0.2391732931137085,0.1517165899276733,0.0746854469180107,0.0627461671829223,0.0538793876767158,-0.6029683351516724,-0.6604315638542175,-0.2389912754297256,-0.2675925195217132,1.5909337997436523,7.271088123321533
CMR_1951,CMR,15542.514408179337,0.0389276705682277,0.068276822566986,0.0870333388447761,0.0728770121932029,0.065676137804985,0.0548994727432727,-1.145629644393921,-1.2685284614562988,-0.9609978199005128,-1.0893933773040771,2.254810333251953,8.217098236083984
CMR_1952,CMR,15200.06866147942,0.197512075304985,0.2117413431406021,0.1660601049661636,0.0650111883878707,0.0596163757145404,0.0535569489002227,-0.090751975774765,0.4475508332252502,1.0568889379501345,0.8558053970336914,0.9547834396362304,6.301785945892334
CMR_1953,CMR,15516.659088240996,0.0632611885666847,0.051750510931015,0.0737546160817146,0.0822372213006019,0.0629510134458541,0.0550395660102367,-0.5079818367958069,-0.2168225198984146,0.3160538077354431,0.0589223727583885,1.3882951736450195,7.198965072631836
CMR_1954,CMR,16642.88592756719,0.0284798499196767,0.0430601388216018,0.0305301621556282,0.0592943616211414,0.0549731478095054,0.0535626970231533,-0.2780014276504516,-0.701352059841156,-1.1321468353271484,-1.400116801261902,1.9018354415893557,8.64283561706543
CMR_1955,CMR,16277.036411464522,0.0946273133158683,0.1040380448102951,0.0753150060772895,0.0585954524576664,0.0677575320005416,0.0570137724280357,-0.8437939286231995,-0.8317248821258545,-0.6779109239578247,-1.121151566505432,2.056668281555176,8.58306884765625
CMR_1956,CMR,16518.532486106044,0.0319472514092922,0.0175321865826845,0.0268818344920873,0.0574207380414009,0.0678149536252021,0.0574325658380985,-0.7746807932853699,-0.6892898082733154,-0.6145249009132385,-1.1573002338409424,1.9997625350952148,8.712654113769531
CMR_1957,CMR,17322.775346526836,0.1157300472259521,0.1404801905155182,0.0872487351298332,0.0519585199654102,0.051720704883337,0.0548955425620079,-0.8819769024848938,-1.3526095151901243,-1.8230195045471191,-2.3367748260498047,2.867434501647949,9.810765266418455
CMR_1958,CMR,17495.67355271445,0.302570104598999,0.2483005374670028,0.1489724069833755,0.0676538422703743,0.0530002824962139,0.0544242821633815,-0.7828860282897949,-1.2201942205429075,-1.685341477394104,-2.165959119796753,2.7340402603149414,9.613044738769531
CMR_1959,CMR,16728.860399946192,0.1914485692977905,0.1247645393013954,0.0696322172880172,0.061323944479227,0.0692427977919578,0.0579101257026195,-0.7588076591491699,-0.5389077663421631,-0.4665442407131195,-1.129281520843506,1.9423580169677732,8.803559303283691
CMR_1960,CMR,16122.644160901751,0.2389356195926666,0.2064292281866073,0.1705375760793686,0.1168456748127937,0.080646127462387,0.0539679192006588,-0.1773082166910171,0.4503642916679382,0.7374936938285828,0.0963937267661094,1.133596420288086,7.628046035766602
CMR_1961,CMR,16416.195966316252,0.193345159292221,0.1296164542436599,0.0823642238974571,0.0938035175204277,0.0771083980798721,0.0563894174993038,-0.6332591772079468,-0.2257549911737442,0.1016613766551017,-0.5948183536529541,1.675252914428711,8.364653587341309
CMR_1962,CMR,16498.937066614457,0.0255984012037515,0.0887083932757377,0.1039384081959724,0.0877458900213241,0.0768340677022934,0.056803110986948,-0.6432427167892456,-0.2507348358631134,0.0550711117684841,-0.6662027835845947,1.7152833938598633,8.45721435546875
CMR_1963,CMR,16323.827307292378,0.2879939079284668,0.2516403198242187,0.2048395574092865,0.1337801218032837,0.0863463282585144,0.0521856807172298,-0.4708576500415802,0.0445907674729824,0.0399379543960094,-0.7020649313926697,1.6963834762573242,8.590035438537598
CMR_1964,CMR,16508.707618433164,0.1120927482843399,0.1414051949977874,0.1658035814762115,0.135787546634674,0.0865305215120315,0.0529801733791828,-0.7407566905021667,-0.4193141162395477,-0.4306029975414276,-1.236416578292847,2.1406850814819336,9.20164966583252
CMR_1965,CMR,17324.67689854582,0.2249985337257385,0.2176959365606308,0.1267218589782714,0.088794358074665,0.0730511769652366,0.0584005713462829,-0.2078546285629272,0.0807873979210853,0.0221922416239976,-0.9505321979522704,1.5798940658569336,8.910364151000977
CMR_1966,CMR,17551.461982491994,0.0750893428921699,0.110712319612503,0.125493437051773,0.0961130708456039,0.07094556838274,0.0583203844726085,-0.9192351698875428,-0.7813493609428406,-0.955226182937622,-1.9964511394500728,2.551253318786621,9.996017456054688
CMR_1967,CMR,17401.06540138102,0.0640566870570182,0.080128826200962,0.0960927233099937,0.0858372077345848,0.0812208577990531,0.0576416254043579,0.1170438602566719,0.4842629432678222,0.4551020860671997,-0.6595529317855835,1.2615232467651367,8.818244934082031
CMR_1968,CMR,17304.870893944528,0.2146259099245071,0.2296262234449386,0.1679428964853286,0.0943817049264907,0.0846846625208854,0.0556864887475967,-0.6045438647270203,-0.480537474155426,-0.6021267771720886,-1.7183623313903809,2.3220748901367188,9.975446701049805
CMR_1969,CMR,17701.16830672069,0.0259796734899282,0.071387380361557,0.0998285487294197,0.0880696028470993,0.0823244452476501,0.0573108047246933,-0.1169750839471817,0.2254662364721298,0.0676826536655426,-1.1939865350723269,1.6784954071044922,9.486788749694824
CMR_1971,CMR,18105.36727558057,0.1663234978914261,0.1487902998924255,0.1193079054355621,0.0983626544475555,0.0823349207639694,0.0565993785858154,-0.3115109503269195,-0.0695063024759292,-0.3982600271701813,-1.84783148765564,2.1978673934936523,10.295860290527344
CMR_1972,CMR,18272.55857645184,0.2298578768968582,0.2199598848819732,0.1797553151845932,0.1145749688148498,0.0780457630753517,0.0543285235762596,0.1474112272262573,0.2957513928413391,-0.2397554963827133,-1.7914947271347046,2.0300512313842773,10.498133659362791
CMR_1973,CMR,18545.965362367875,0.285220056772232,0.1906380206346511,0.162893146276474,0.12458386272192,0.0732792764902114,0.0532914288341999,-0.2499265819787979,-0.3620806932449341,-1.023156762123108,-2.68963623046875,2.8193483352661133,11.550609588623049
CMR_1974,CMR,18647.970199152343,0.1483248323202133,0.1409821212291717,0.1416269987821579,0.1241853833198547,0.073414109647274,0.0529804490506649,-0.3640589714050293,-0.5217176675796509,-1.2121286392211914,-2.923988580703736,3.0205039978027344,11.817955017089844
CMR_1975,CMR,18963.08010681167,0.1676127761602401,0.173868179321289,0.1564138233661651,0.1130406633019447,0.0787009969353675,0.0522636547684669,-0.415007472038269,-0.595409095287323,-1.3270922899246216,-3.18418550491333,3.266284942626953,12.015942573547363
CMR_1976,CMR,18896.57562252312,0.1954649090766906,0.1914256513118744,0.1390025615692138,0.120759904384613,0.0773730725049972,0.0520929396152496,-0.0574190095067024,-0.2285605520009994,-0.975541651248932,-2.816710948944092,2.87032413482666,11.714506149291992
CMR_2024,CMR,14646.84825700238,0.0731230974197387,0.0402185581624507,,,,,,,,1.7239147424697876,0.7475967407226562,3.547230958938598
CMR_2025,CMR,14709.68001276212,0.0333044044673442,0.0514076612889766,0.0247777309268713,0.0342392958700656,0.0309394504874944,0.0238848756998777,-0.0697286501526832,0.302480012178421,0.9062196612358092,1.9086755514144893,0.5073137283325195,3.50315523147583
CMR_2026,CMR,14872.525012381622,0.0339629352092742,0.0280563291162252,0.0108081484213471,0.0308746770024299,0.0305578801780939,0.0231904685497283,-0.2026939243078231,0.1811162829399109,0.8798134326934814,1.897961139678955,0.5901932716369629,3.5297372341156006
CMR_2027,CMR,15276.698943937634,0.0152050834149122,0.0231009386479854,0.0312446244060993,0.0310128778219223,0.028248893097043,0.0222673844546079,-0.2320504635572433,0.1982857286930084,1.080047607421875,2.1338489055633545,0.5909099578857422,3.3462107181549072
CMR_2028,CMR,15506.34189354331,0.0940272063016891,0.0642179399728775,0.0529779084026813,0.0240622758865356,0.0224134176969528,0.0207370705902576,-0.274142175912857,0.2029017657041549,1.1851691007614136,2.2743160724639893,0.6334576606750488,3.1843364238739014
CMR_2029,CMR,16137.099510541197,0.0346440374851226,0.0367801859974861,0.04085523635149,,0.0191803127527236,0.0185073632746934,,0.051760297268629,1.0846891403198242,2.227134227752685,0.6560544967651367,3.2480711936950684
CMR_2030,CMR,15525.031857162356,0.0716873481869697,0.0984711870551109,0.095056764781475,0.0612660162150859,0.0420464538037776,0.0269003640860319,-0.5038955807685852,-0.1450923979282379,0.6200467348098755,1.600014090538025,0.916874885559082,4.11186408996582
CMR_2031,CMR,15407.122088344411,0.06273003667593,0.0701732039451599,0.0745262056589126,0.0635178983211517,0.0451621189713478,0.0283684469759464,-0.4824784696102142,-0.2070809155702591,0.4324830174446106,1.3722388744354248,0.9618210792541504,4.376786708831787
CMR_2032,CMR,14712.69967119603,0.0228913929313421,0.0182198882102966,0.0255222879350185,0.0438981913030147,0.0419171936810016,0.0340650267899036,-0.2392302751541137,-0.1694633811712265,-0.0413979664444923,0.7784425020217896,1.0745339393615725,5.038773059844971
CMR_2033,CMR,15429.262731778446,0.055035188794136,0.0605904757976532,0.0727137848734855,0.0652917698025703,0.0471631027758121,0.0292256716638803,-0.467123419046402,-0.230185180902481,0.3621242642402649,1.2816067934036257,0.9881701469421388,4.504278182983398
CMR_2034,CMR,16184.908811301077,0.0145813077688217,0.0152272572740912,0.0366322994232177,0.0370524786412715,0.0327153578400611,0.0242921244353055,0.0921218246221542,0.7440424561500549,1.7499386072158811,2.8219263553619385,0.519320011138916,2.891642808914185
CMR_2035,CMR,15536.454234625073,0.072829969227314,0.0551737397909164,0.0628595873713493,0.068436749279499,0.0492375195026397,0.0297569017857313,-0.3101056516170501,-0.0945119857788086,0.4993875324726105,1.409543514251709,0.8457736968994141,4.415465831756592
CMR_2036,CMR,16594.93799899713,0.1173852533102035,0.0668830499053001,0.0524685308337211,0.0350170992314815,0.0278728380799293,0.0208148583769798,-0.1818511635065078,0.4113302528858185,1.3971595764160156,2.533288717269897,0.5040278434753418,3.1101622581481934
CMR_2037,CMR,16245.809504653262,0.138575866818428,0.1580359786748886,0.1104095354676246,0.0702475905418396,0.0447524823248386,0.0277206301689147,0.0615309700369834,0.5916434526443481,1.4882434606552124,2.492443084716797,0.4738407135009765,3.3589987754821777
CMR_2038,CMR,16462.254095888406,0.0506233945488929,0.0548875853419303,0.0639113113284111,0.0468530692160129,0.0378602668642997,0.0257650427520275,0.1098939254879951,0.7735610604286194,1.7433241605758667,2.8003532886505127,0.4595041275024414,3.007502317428589
CMR_2039,CMR,16108.932904178737,0.027115324512124,0.0271426457911729,0.0826332047581672,0.092737503349781,0.062214121222496,0.0340330898761749,-0.0995170548558235,-0.0875617414712905,0.3841935694217682,1.1958695650100708,0.8836526870727539,4.888629913330078
CMR_2040,CMR,17013.944906645076,0.0447326563298702,0.0636616647243499,0.0647201091051101,0.0610620267689228,0.0473506264388561,0.0285094194114208,-0.1284218579530716,0.464057058095932,1.2864469289779663,2.3065061569213867,0.5247058868408203,3.670656681060791
CMR_2041,CMR,16882.476318133322,0.0386172793805599,0.0711199045181274,0.0755059048533439,0.0742647647857666,0.0515056736767292,0.0300439782440662,-0.2345321625471115,0.2952445149421692,1.0935001373291016,2.0712640285491943,0.6123843193054199,3.9445316791534415
CMR_2046,CMR,19078.638002120293,0.0695194825530052,0.0987135395407676,0.1017075106501579,0.0513587556779384,0.0369685590267181,0.0303967036306858,-0.7946645617485046,-1.204595685005188,-1.1085087060928345,-0.0156773459166288,2.326709747314453,6.19981861114502
CMR_2048,CMR,19070.563481231788,0.2270941138267517,0.165575623512268,0.0967947542667388,0.0474074371159076,0.0408874787390232,0.0325197614729404,-1.1330854892730713,-1.5798674821853638,-1.5089678764343262,-0.4641195833683014,2.714109420776367,6.719456195831299
CMR_2049,CMR,19200.20868108853,0.2473649084568023,0.1471892744302749,0.0594456009566783,0.0451770573854446,0.0476320944726467,0.0376656018197536,-1.3198506832122805,-1.758283019065857,-1.7608695030212402,-0.8406853675842285,2.9403605461120605,7.272997856140137
CMR_2050,CMR,17739.264701659562,0.0645323023200035,0.1201838105916976,0.1109804585576057,0.062417235225439,0.0586045645177364,0.0505354814231395,0.0609965212643146,0.2760611176490783,0.0500438474118709,0.0403126664459705,1.010819435119629,7.040077209472656
CMR_2051,CMR,17544.518833939674,0.1371363997459411,0.1200484931468963,0.0947553142905235,0.0864852666854858,0.057823184877634,0.0517867468297481,0.0848046243190765,0.0896225571632385,-0.2621283531188965,-0.4406807720661163,1.2189226150512695,7.638019561767578
CMR_2053,CMR,18016.65733613416,0.0627118349075317,0.06050955504179,0.0601898469030857,0.0644899308681488,0.0578912384808063,0.0526102930307388,-0.2966799139976501,-0.0715656578540802,-0.303820937871933,-0.4780931770801544,1.4507646560668943,7.714568138122559
CMR_2054,CMR,18073.465172297456,0.0765097513794899,0.1039413437247276,0.1091818287968635,0.0847757533192634,0.0589601695537567,0.0538312681019306,-0.1502467542886734,0.0063924444839358,-0.2615010738372803,-0.580398440361023,1.453536033630371,7.932847023010254
CMR_2055,CMR,20494.24047355379,0.1402371227741241,0.1029066145420074,0.1021982356905937,0.0815944671630859,0.0503320172429084,0.0356094203889369,-0.2799907922744751,0.0565097294747829,0.5542894005775452,1.696828007698059,0.9679594039916992,4.600053787231445
CMR_2057,CMR,21182.86595491578,0.0531851388514041,0.0510430410504341,0.0447028912603855,0.0667342394590377,0.0487190373241901,0.0381802096962928,-0.2847427725791931,0.0054331864230334,0.6572996377944946,1.7998074293136597,0.9544801712036132,4.533821105957031
CMR_2058,CMR,19936.68644080032,0.5742216110229492,0.4940844178199768,0.2747698426246643,0.0683868825435638,0.063433364033699,0.0593781322240829,-1.4819684028625488,-1.584536075592041,-1.4886685609817505,-1.7652161121368408,3.2160816192626958,9.280272483825684
CMR_2060,CMR,20023.177678130323,0.8417305946350098,0.6165133714675903,0.3240784704685211,0.0719646587967872,0.0689853876829147,0.0602488555014133,-1.5736417770385742,-1.532984972000122,-1.4446961879730225,-1.847912669181824,3.3665246963500977,9.462221145629885
CMR_2063,CMR,21555.05408104706,0.0789822489023208,0.0349005684256553,0.0510021224617958,0.0521236173808574,0.0626049190759658,0.0519572310149669,-0.4898534417152405,0.0036244583316147,0.4144149124622345,1.0205440521240234,1.2922120094299316,5.909855842590332
CMR_2064,CMR,20136.73265829308,0.2756877541542053,0.2624004781246185,0.184208869934082,0.0948497727513313,0.0831538513302803,0.0611850693821907,-2.0019450187683105,-1.869337797164917,-1.9220117330551147,-2.6778786182403564,3.859574317932129,10.554279327392578
CMR_2065,CMR,21627.786151706016,0.1407352685928344,0.1805875599384308,0.1770657747983932,0.1125833988189697,0.0722449496388435,0.0556249804794788,-0.953247606754303,-0.5904855728149414,-0.3187771439552307,0.0118605298921465,1.9078960418701167,7.177656173706055
CMR_2066,CMR,20434.33003692231,0.3354164063930511,0.2716969847679138,0.1935275793075561,0.1411219388246536,0.0939062014222145,0.0603458471596241,-1.5763945579528809,-1.7093912363052368,-2.0397303104400635,-3.12975811958313,3.453197479248047,11.288293838500977
CMR_2067,CMR,20649.035313910063,0.4190083742141723,0.4133130013942718,0.2702219188213348,0.148242712020874,0.0958746820688247,0.0595696792006492,-0.9112324714660645,-1.1174288988113403,-1.573266863822937,-2.741456985473633,2.836724281311035,10.997923851013184
CMR_2068,CMR,22482.555571128705,0.114431232213974,0.1051788181066513,0.1126660108566284,0.088478222489357,0.0665636584162712,0.0515584275126457,-0.636357843875885,-0.5026454925537109,-0.4805441498756408,0.0768302008509635,1.9610052108764648,6.9297637939453125
CMR_2070,CMR,22493.859807513185,0.0251367408782243,0.0757315754890441,0.0890414044260978,0.096315398812294,0.0672991946339607,0.0521811321377754,-0.7511093616485596,-0.6499680876731873,-0.6658469438552856,-0.1670116186141967,2.1306371688842773,7.239567756652832
CMR_2072,CMR,21947.594885910094,0.1848624795675277,0.1480600535869598,0.1382577121257782,0.0999330952763557,0.0809549167752265,0.0581236891448497,-1.200692057609558,-1.6542325019836426,-1.8264739513397217,-1.988135814666748,3.1562442779541016,9.664440155029297
CMR_2075,CMR,22164.25143765276,0.0729525089263916,0.1353125274181366,0.1412315368652343,0.085687518119812,0.079557679593563,0.0547878444194793,-0.9019392728805542,-1.3926924467086792,-2.315068483352661,-3.2576708793640137,3.298968315124512,11.828950881958008
CMR_2076,CMR,23143.49336931886,0.6554553508758545,0.5265228152275085,0.3070296943187713,0.1092707365751266,0.0770041421055793,0.0516934022307395,-1.4027091264724731,-1.7611663341522217,-2.3546783924102783,-2.754754543304444,3.555056571960449,11.375054359436035
CMR_2077,CMR,23284.81481203857,0.2335216999053955,0.3132938742637634,0.1938164234161377,0.0860022008419036,0.0737792029976844,0.0508615039288997,-1.784696102142334,-2.13734769821167,-2.6386806964874268,-2.907186508178711,3.878397941589356,11.423778533935549
CMR_2078,CMR,24445.545022883463,0.0889266803860664,0.0883377715945243,0.1057896390557289,0.0728973895311355,0.0440969280898571,0.0448775142431259,0.0018699895590543,-0.0160090718418359,-0.2160345762968063,0.3435238897800445,1.6662483215332031,7.186032772064209
CMR_2079,CMR,24411.69288667928,0.0472286418080329,0.0811332166194915,0.118050143122673,0.0756790488958358,0.0442703813314437,0.0447885505855083,0.0382911376655101,-0.044559646397829,-0.2372608333826065,0.2919636070728302,1.6938762664794922,7.303520679473877
CMR_2082,CMR,25588.36050067127,0.1451022177934646,0.2079281955957412,0.1886783242225647,0.0692735761404037,0.0224440097808837,0.0396951660513877,-0.9133073687553406,-1.0502277612686155,-0.9283446669578552,-0.1021538600325584,2.465468406677246,7.819732189178467
CMR_2083,CMR,26076.631358071387,0.1149825453758239,0.0846937745809555,0.0246603339910507,0.0167059227824211,0.0108330314978957,0.0365539975464344,0.1771778017282486,0.7970269322395325,1.193554401397705,2.1065258979797363,0.6200065612792969,6.010612964630127
CMR_2120,CMR,23695.874352110703,0.1187145486474037,0.1854996383190155,0.1503063291311264,0.073944017291069,0.0572814531624317,0.0472644343972206,-1.3268893957138062,-1.6615970134735107,-1.8445773124694824,-1.0845136642456057,3.287168502807617,7.91758918762207
CMR_2121,CMR,23549.308447774605,0.068818487226963,0.1215511411428451,0.0314575582742691,0.0545877814292907,0.0565942227840423,0.0484273172914981,-0.9619146585464478,-1.3367239236831665,-1.5659513473510742,-0.9260848760604858,2.9780521392822266,7.924769401550293
CMR_2122,CMR,23807.020201312625,0.4378637075424194,0.3346121311187744,0.201814517378807,0.0797106996178627,0.0562829934060573,0.0474782176315784,-1.0735933780670166,-1.3154205083847046,-1.5274604558944702,-0.8108790516853333,2.966371536254883,7.732304573059082
CMR_2124,CMR,24123.973930877783,0.0511273145675659,0.0472727268934249,0.1105944216251373,0.0718054920434951,0.0529420562088489,0.0470335632562637,-1.0636571645736694,-1.0422428846359253,-1.2826324701309204,-0.6181201934814453,2.7073678970336914,7.716677665710449
CMR_2126,CMR,24643.59494624186,0.0497173480689525,0.020172007381916,0.0500030629336833,0.0517131946980953,0.0518725551664829,0.046024452894926,-0.6346920132637024,-0.494316428899765,-0.6893883347511292,0.1307458728551864,2.103300094604492,6.828364372253418
CMR_2127,CMR,26539.824050989508,0.0334119722247123,0.0309442672878503,0.0055019105784595,0.0367891192436218,0.0448615103960037,0.0456693395972251,0.1725450754165649,0.3884733021259308,0.1979716420173645,1.3415839672088623,1.2231087684631348,5.765494346618652
CRR_1467,CRR,993.99606332672,0.0270604491233825,0.0296977385878562,0.020952159538865,0.0106760151684284,0.00998639408499,0.0072957389056682,-0.2094803601503372,-0.2055062800645828,-0.0382308699190616,1.2423804998397827,0.377367615699768,190.00765991210935
CRR_1468,CRR,1853.986518793412,0.0268969032913446,0.0419729053974151,0.031031684949994,0.0146966855973005,0.0086833294481039,0.0087756877765059,-0.3300515711307525,-0.3078029155731201,0.013362823985517,1.3488340377807615,0.4941523671150207,190.05796813964844
CRR_1469,CRR,2526.5815607879103,0.0115663763135671,0.0286635439842939,0.0257851909846067,0.0173593647778034,0.0314046181738376,0.0294384006410837,-0.240421250462532,-0.2374914586544037,0.13152776658535,1.611763596534729,0.6925058364868164,192.0775909423828
CRR_1470,CRR,7080.808235065645,0.0325298607349395,0.0156785119324922,0.0153244929388165,0.0200854316353797,0.0340040437877178,0.0222653951495885,-0.3792596459388733,-0.8258025646209717,-1.5992573499679563,-2.338716983795166,3.36135482788086,198.39303588867188
CRR_1471,CRR,7730.70259714144,0.0133651569485664,0.0252779964357614,0.0251303799450397,0.0175146386027336,0.0245938505977392,0.01790177449584,-0.2983381152153015,-0.6248523592948914,-1.4889854192733765,-2.313272714614868,3.3811802864074707,198.51272583007807
CMR_2128,CMR,2747.559517976389,0.044215090572834,0.0965961441397667,0.043938934803009,0.0078627876937389,0.0296920407563447,0.0277665238827466,-0.2782571017742157,0.2130882292985916,1.1063569784164429,2.9799563884735107,0.7172768115997314,0.7256674766540527
CMR_2129,CMR,2407.552234946064,0.0207011085003614,0.0254607517272233,0.0258730445057153,0.0054120477288961,0.0203810576349496,0.0237039439380168,-0.2111022323369979,0.1339514404535293,0.9955905675888062,2.901107788085937,0.4779829978942871,0.5084934234619141
CMR_2130,CMR,3153.854104360656,0.0109513951465487,0.0201805792748928,0.0286985784769058,0.0490615144371986,0.0431287325918674,0.0267304331064224,-0.3573163151741028,-0.3760125339031219,-0.4466823637485504,0.8351702094078064,1.3972492218017578,1.3409132957458496
CRR_1472,CRR,1428.9913123690503,0.0285956114530563,0.0560216642916202,0.0774089470505714,0.0589880160987377,0.0323998667299747,0.0221095979213714,-0.7463361024856567,-0.7204083204269409,-0.2097918093204498,1.3692326545715332,1.1817657947540283,191.66744995117188
CRR_1473,CRR,662.5947881360357,0.0114662265405058,0.0167335271835327,0.0218291189521551,0.0132646635174751,0.0080760903656482,0.0062385560013353,-0.2717879116535187,-0.2447060346603393,-0.0701997801661491,,0.4125440120697021,189.9976348876953
CMR_2131,CMR,20099.31600468638,0.3852367699146271,0.3492857217788696,0.2489268183708191,0.1108309626579284,0.0780502185225486,0.0540482401847839,-0.6903033256530762,-0.950532615184784,-0.9963405728340148,-0.6065893769264221,1.5061655044555664,5.966352939605713
CRR_1474,CRR,7582.393425023091,0.0638597160577774,0.0385787449777126,0.0435516871511936,0.0383005365729332,0.0322460457682609,0.0286874249577522,-0.5004652738571167,-0.9397666454315186,-1.509744644165039,-1.3391904830932615,2.4729719161987305,194.7100830078125
