cubeta_id,cuenca,S_ha,P_m,a_m,b_m,feret_max_m,Dm_m,IC,E,theta_mom_geo,theta_feret_geo,theta_mbr_geo,theta_mom_grid,theta_feret_grid,theta_mbr_grid
CRR_0001,CRR,0.2039392813982081,177.17329199813022,58.378862856118126,48.848223051548615,67.42715134602338,50.957193584524525,1.1067330526589199,1.1951071954963848,34.568998275393646,43.87475614870478,1.265297881066692,35.01830992242181,44.324067795732944,1.7146095280948543
CRR_0002,CRR,3.614208367639059,708.6377927539268,218.58205316035378,211.3277098900026,245.80799252033256,214.51696941246328,1.0515084926606735,1.034327458874783,35.33835351101107,22.822562451954308,74.83232694656827,35.78413450965488,23.26834345059812,75.27810794521208
CRR_0003,CRR,1.2643825691603436,423.6064242528146,139.72570115544784,109.7838185073854,157.11932912548042,126.88033286245711,1.062718781143216,1.2727349353953121,21.92634792739559,36.31461447980487,1.2611601598488713,22.37966587891021,36.76793243131949,1.7144781113634906
CRR_0004,CRR,2.0941872878373218,598.3123652631896,192.87967445509523,167.07724715204938,219.7406116315493,163.291214367343,1.1663134579968484,1.1544341180074882,4.24689081353691,18.998549298926456,152.20931099870236,4.697366794405926,19.44902527979547,152.65978697957138
CRR_0005,CRR,0.454298759540933,252.1445560417136,90.53317402213483,63.636580937044855,90.69469279521455,76.05466098613857,1.0552950193299553,1.4226593052146934,43.659697415085176,42.85115145795224,46.27112434037019,44.102982133294276,43.29443617616134,46.71440905857929
CRR_0006,CRR,1.3343217417228932,435.92532341976766,149.15563965226647,119.99464744885363,156.8647751109834,130.34228810948065,1.0645765245875374,1.2430191081301556,162.93785365575587,163.23081854791192,1.2681863282810266,163.38404281119182,163.67700770334787,1.7143754837169671
CRR_0007,CRR,2.329204437587098,574.1415668507611,188.06694526085133,153.67182126800594,193.40637046449663,172.21019707637865,1.0612317963761086,1.2238219324078927,158.99578120151943,169.21024286185934,152.66657945799105,159.4330184170553,169.64748007739522,153.10381667352692
CRR_0008,CRR,4.064392493959537,845.4684543471257,317.59000739292554,197.7657308006032,335.4336998712985,227.48505991897696,1.1830269977776624,1.6058899896723506,26.871958930255197,24.563685639686746,46.284427534448525,27.32396524306874,25.01569195250029,46.73643384726207
CRR_0009,CRR,0.45428071185057595,253.13603447656527,79.681888658384,69.74335079176593,90.394385143098,76.05315027916943,1.0594656766679773,1.1425015826425051,171.81058545720322,140.7569204101657,1.264349080696549,172.26029629941615,141.20663125237863,1.714059922909481
CRR_0010,CRR,0.25423810398235264,191.41785324233473,57.904691187291284,52.76953930317632,65.3764727674327,56.89516743703472,1.0709203931343363,1.0973128049235379,20.843406272814473,154.84746046391857,15.302448327585257,21.291269913519265,155.29532410462335,15.75031196829005
CRR_0011,CRR,1.7742093037275204,496.02395556528484,149.83366591692058,149.50792241631444,178.91410447622707,150.2994825720607,1.0504981530107387,1.002178770832619,48.402417302291866,35.4684287397217,91.27056198054069,48.84588496319259,35.911896400622425,91.71402964144141
CRR_0012,CRR,0.9393820519160632,358.86018005063175,119.99468305388508,99.6806872852438,128.9256167329129,109.36445382819737,1.044477790263144,1.2037906872623305,18.563448585999954,22.719217663193408,1.2678023471836253,19.009719810506365,23.16548888769982,1.7140735716900355
CRR_0013,CRR,0.6242505580031951,299.7889997046755,97.70193167226017,77.69801037894062,105.96100689564496,89.15270586317946,1.070363501042755,1.2574573170633137,89.27038815363473,112.25611728943872,84.13880771317116,89.7205097987767,112.7062389345807,84.58892935831314
CRR_0014,CRR,0.6841897722509321,316.8703013689191,99.69366209183286,89.54022059751534,124.97028581626266,93.33474562740456,1.0806581073934929,1.1133953147151312,39.84724107991521,46.17142871726421,1.2725457374183597,40.28864645354928,46.61283409089829,1.7139511110524377
CRR_0015,CRR,1.669034831205586,470.3728519585602,158.26223864853932,133.2444120981085,161.8501679143324,145.77658071965226,1.0270808125127733,1.187758917289605,40.91324651861113,29.19118082291891,52.088955365595865,41.34837135362086,29.62630565792864,52.524080200605596
CRR_0016,CRR,1.6543155596014727,477.08118769926637,149.59805537760002,139.99336669819544,170.8323858402893,145.1323530421551,1.0463529004650811,1.0686081698435814,49.62371764059077,37.786145334726584,91.27021429716625,50.067269617971675,38.22969731210748,91.71376627454715
CRR_0017,CRR,0.7372643652547012,316.02706687679716,103.4383142266785,92.17065250590295,104.88115104237934,96.88726153454614,1.0382638346392163,1.1222478241656575,58.249710438909524,43.114703221789846,102.57589341300262,58.69753899813503,43.56253178101535,103.02372197222812
CRR_0018,CRR,3.0042129699975675,651.2125638222715,210.68414947984166,169.9740263102757,235.91218386867334,195.57818779728925,1.0598697094308327,1.2395079063153596,75.3663315125704,63.43789374867254,97.97379360796911,75.81592689573438,63.887489131836524,98.4233889911331
CRR_0019,CRR,2.2693153396338555,554.3896425021018,188.82065419128836,148.38955118326518,198.26255911785194,169.9818234369761,1.0381563183533273,1.2724659700472416,5.944241651635021,18.757993896085516,176.07423486575127,6.389067833693798,19.202820078144292,176.51906104781006
CRR_0020,CRR,0.12879949945042735,141.1844619569248,42.73451804468518,37.25879980140368,54.21191741309866,40.496001783185825,1.109749309500672,1.1469644291407155,143.07836274507554,151.30732473021308,109.71224578596004,143.51456705421285,151.7435290393504,110.14845009509733
CRR_0021,CRR,15.483147722200865,1605.0062118551018,671.1672266652149,320.8629246239509,680.317819603079,444.0017562677236,1.15064712562042,2.091756869235728,15.452975610785955,18.343834247193566,27.751769537866174,15.892724393355913,18.783583029763523,28.19151832043613
CRR_0022,CRR,0.5542497436317241,280.99760146848877,90.0459082615539,73.9755704162728,106.30980911643219,84.00551715519862,1.064743335560998,1.217238444460119,68.40439919476565,57.70072982770032,100.7380469882062,68.84201358835506,58.13834422128973,101.1756613817956
CRR_0023,CRR,3.1991748216675853,663.5867932595462,220.39332489980643,178.2952510713535,237.11643380304207,201.82457465502637,1.0465833360310877,1.2361143865329611,11.750246171448396,24.123632075597474,176.08807839030732,12.181075078159113,24.55446098230819,176.51890729701805
CRR_0024,CRR,0.699247094429909,316.34155868537334,99.6492558171331,79.9964468479396,118.37747822017992,94.35618963106356,1.0671758358838375,1.245671023446208,159.12944574235325,139.7390182079876,1.2669107974013276,159.5757194666424,140.18529193227675,1.7131845216904584
CRR_0025,CRR,1.0444313634721876,475.6752292373062,191.6731094519623,83.50941168558583,191.67680181309882,115.3174450694453,1.3130027983866068,2.295227634624159,9.492495753048964,10.089556621165823,9.733921012788096,9.943740270203355,10.540801138320214,10.185165529942488
CRR_0026,CRR,3.9691035493444544,730.4992324413806,233.48993619578246,201.87630114646825,262.65865721657735,224.8025710745776,1.0343526162724481,1.156599040450902,71.70741801253801,66.62357126820615,96.47339525001135,72.14156441239679,67.05771766806492,96.90754164987013
CRR_0027,CRR,0.7592691540995823,331.11455787578416,113.32377903415644,87.09841396914275,123.51843288625587,98.32250566870253,1.0719523115732232,1.3011003745063006,11.44518093515326,28.968562313739504,167.2521842454773,11.86984996725499,29.393231345841233,167.67685327757903
CRR_0028,CRR,3.0043583772643663,632.7728441874497,197.94557488417053,188.91202123559327,214.84880210349428,195.58292084150278,1.0298335414303705,1.0478188396349402,98.83299104520808,112.93799557264893,142.60782796122444,99.2783835735061,113.38338810094696,143.0532204895225
CRR_0029,CRR,6.857493467713952,1084.8895789766855,409.8805992095989,238.74355884304003,445.45941937639236,295.4865794051646,1.1686861687634857,1.716823696504715,15.878917131994422,25.319791233540514,179.0806753431145,16.320245984791104,25.761120086337197,179.5220041959112
CRR_0030,CRR,0.4389412258136528,281.5998708217285,108.99320649114321,60.563490335863115,111.58829575487405,74.7580983252296,1.199014218375107,1.7996519996900193,130.40370948834982,127.80405147366196,141.50134268534325,130.8244844953378,128.22482648064994,141.92211769233123
CRR_0031,CRR,0.8143906729763134,329.1731530885474,105.61924068653003,98.77612157318217,112.82218640777745,101.82899438258849,1.0289708695413666,1.0692790828831833,12.068747835500782,167.52055093219167,46.28838389031061,12.493379336967388,167.9451824336583,46.71301539177722
CRR_0032,CRR,0.4791451355885875,267.27636963583694,81.63114128253925,71.64708457350983,97.303140638105,78.10675606494492,1.08923625925086,1.1393504951172966,123.03626417907432,137.1936019752677,99.40028613764322,123.47905382679784,137.63639162299123,99.84307578536674
CRR_0033,CRR,1.2294581059658125,415.5392314996786,129.8299277222899,119.6283693468987,138.57823336293598,125.11573358738167,1.0571831510797491,1.0852770829451726,110.12821916676724,112.30271060263831,91.28231665825469,110.55883725789856,112.73332869376964,91.71293474938601
CRR_0034,CRR,0.12913243220879952,136.4432752265889,39.99851670932431,39.309522002513624,47.9618092470939,40.548306893885986,1.0710988136095974,1.0175274252067128,63.08422550045762,52.61860244857805,91.2598830388104,63.53726457677793,53.07164152489836,91.71292211513071
CRR_0035,CRR,0.2488714022216162,196.08762562464867,58.24271043184904,50.26925140637317,69.50848259191376,56.29146568195326,1.1088115940573584,1.1586150340895067,93.26013055601257,57.80761897498425,102.59552854344071,93.68747365402675,58.23496207299843,103.02287164145488
CRR_0036,CRR,1.629229643572061,477.8385899598525,159.95507897294286,127.23389914658314,162.37985199432123,144.02776154792946,1.0560515941485886,1.2571734423438712,77.3210477323819,39.239949445440416,85.56738531532135,77.75588399678931,39.67478570984783,86.00222157972875
CRR_0037,CRR,0.5342506819189721,276.79088054771137,89.49770368497492,69.99590707488623,104.37568361614198,82.47600226859703,1.06825344658345,1.2786133850544201,156.90639049880383,140.2253524908032,1.2795051114391964,157.3396937310617,140.65865572306106,1.7128083436970658
CRR_0038,CRR,0.128921250571322,139.9957667181773,43.15749416408516,31.52818932760241,51.04066123743875,40.51513721859003,1.0998861075022748,1.3688541931680638,99.59639596127877,69.85159983622869,105.30406067361622,100.04136718161138,70.29657105656129,105.74903189394882
CRR_0039,CRR,0.14384351877557083,147.93342543006096,40.98037255226937,40.29697277430447,55.031784621716035,42.795707303292886,1.1003129701234726,1.0169590847876462,163.78978739795244,150.49361560045583,15.31168669339386,164.22710771180436,150.93093591430775,15.74900700724578
CRR_0040,CRR,7.748540655418309,1136.6827213969946,411.9764444417008,278.31499434819756,444.96338463650756,314.0978888255492,1.1519254364549807,1.480252421924061,45.475281768196865,48.638681578162796,23.126995224638172,45.90030139898218,49.06370120894811,23.55201485542349
CRR_0041,CRR,2.3192581703890736,595.9049441053135,235.3660741986092,138.7133235982742,242.62083556632672,171.84211407537708,1.1038180946221243,1.696780583819401,38.83918857883385,36.62665554673011,50.67332319590608,39.27729991045374,37.06476687835001,51.11143452752597
CRR_0042,CRR,0.3192976503588566,210.7590598949635,69.40885176262316,59.583886600882686,76.61553577515245,63.760677143355196,1.052164051152333,1.1648929890651833,26.149341108415122,40.9844874283733,1.2896447157004107,26.572403281163787,41.407549601121964,1.7127068884490768
CRR_0043,CRR,0.12892243308080373,139.9964087586179,43.1576937976742,31.52833137610297,51.04089531044517,40.51532302746111,1.0998861074831123,1.3688543577788501,9.592020263790042,159.8472241146041,15.299681069439147,10.041216125770866,160.29641997658493,15.748876931419971
CRR_0044,CRR,0.3242177307079529,215.89262228640877,64.15550785066407,60.368018953692584,76.18592974369996,64.2500455907746,1.0695829924480897,1.0627399898591472,73.77049316653496,51.510753248768346,102.59514853393433,74.19788298779557,51.93814307002896,103.02253835519494
CRR_0045,CRR,1.5442766541387432,454.2768449143191,139.9900300125617,129.99076588216352,155.47033732412027,140.2224698135343,1.0312242466767017,1.0769228803487665,72.34193005679472,63.797114414184485,91.29102959740862,72.76349976225548,64.21868411964525,91.71259930286938
CRR_0046,CRR,0.19385427319643944,176.36182845719216,58.887506108064606,39.41628118885118,64.28972745637013,49.68127681024315,1.1299571417576717,1.4939893955475643,5.014904582446106,155.15876894834636,1.2608285786240692,5.466592617916309,155.61045698381656,1.7125166140942722
CRR_0047,CRR,6.768461510040925,1217.484774370662,532.4642854476584,213.26668057537535,547.1687988441583,293.5621374019814,1.3201206510830095,2.4967063960067044,21.60226562825526,20.453280036878546,33.79488253365805,22.046473197923888,20.897487606547173,34.239090103326674
CRR_0048,CRR,0.45905020832078824,263.6682095374016,79.99567086087812,59.99674936558193,97.53504003940688,76.4513491217089,1.0977987796464166,1.333333417339588,172.50022183039212,144.61182143671374,1.2752618538076856,172.93745595835375,145.04905556467537,1.7124959817693262
CRR_0049,CRR,0.2092985550725434,186.27913455599196,59.99700295778004,49.58555629939693,70.08581947416177,51.6223979464624,1.1486194457767567,1.2099693425948261,29.58886951173163,34.71282085047603,1.271282054662955,30.030013972348634,35.15396531109303,1.712426515279958
CRR_0050,CRR,2.569275804702443,586.3059617914197,187.6602482438352,160.9861515052935,201.05616223761848,180.86745301127033,1.0318439324463506,1.1656918715624096,73.57941467659477,35.052790985453925,64.72193009672743,74.00483867362513,35.47821498248429,65.1473540937578
CRR_0051,CRR,1.9693351663505705,520.6742023442496,164.61286677839567,150.27030243707097,187.96461885954892,158.3488367698085,1.0466495963463496,1.0954451019843456,140.01665051278937,149.15028189083495,105.29769088660012,140.46754284646664,149.60117422451222,105.7485832202774
CRR_0052,CRR,1.6241712369975085,473.3692365658715,139.9892912565045,139.8300842416434,164.77038484815535,143.80400016573438,1.0478019223424497,1.0011385748333381,111.05712859726009,124.48618024745228,91.29567455639665,111.47385731104079,124.90290896123298,91.71240327017735
CRR_0053,CRR,1.3643001500851397,437.2436222494087,137.88413325008872,126.34398670016974,151.0744318847825,131.79836501172983,1.0559991971100016,1.0913391040707399,58.53727722299097,33.338070247179566,81.80785194203091,58.979463833723514,33.78025685791211,82.25003855276344
CRR_0054,CRR,0.12384587352341019,136.7030805048691,39.06601203316581,38.973455210506145,47.425137810987444,39.709629011396636,1.0958032870060304,1.0023748682830338,39.325412974383575,54.432381121018956,91.27433448851679,39.763423751221076,54.87039189785646,91.71234526535429
CRR_0055,CRR,0.20891135912228864,178.77022277802803,52.64834328854719,41.18148981933207,64.39710606618786,51.57462591031242,1.1033396415609658,1.278446785668064,7.735491248120619,154.96566371683699,12.599977114472955,8.157806019546488,155.38797848826286,13.022291885898824
CRR_0056,CRR,5.983756302066814,935.6795567833601,269.9836449200049,269.75384224583325,328.48215416938734,276.0209258344322,1.0790343243862042,1.0008518976866407,132.41962524698292,145.8670082844355,1.2807061653355922,132.851269198617,146.2986522360696,1.7123501169696516
CRR_0057,CRR,2.699217842535872,670.4828391682481,249.25416061544408,149.93018428064292,275.5805012643124,185.3847592703187,1.1512344222031201,1.662468180182345,24.615830675277238,27.225415045522897,1.2664631923881262,25.061654157278145,27.671238527523805,1.7122866743890353
CRR_0058,CRR,0.2589047295175067,198.31393904898096,50.98618010910572,50.98617409296985,69.62025135314516,57.41495797617993,1.0994571727027909,1.0000001179954365,90.97772964370532,57.607639985315146,12.607637980266928,91.39223658412779,58.022146925737616,13.022144920689396
CRR_0059,CRR,0.9694091151251055,357.83343867307786,109.99278344586192,109.72975898244894,116.39981586942086,111.09860577000984,1.025232678190177,1.0023970203329713,74.47844440399017,71.44278462179204,91.28543446600229,74.90520454068977,71.86954475849164,91.71219460270189
CRR_0060,CRR,0.8993489368846349,350.2452167397161,109.72944706489676,99.81121129903073,116.22482246892858,107.00872071738102,1.0418451349519573,1.0993699569094635,79.92682710122499,71.24778132231,91.28790699802498,80.3511061219571,71.67206034304212,91.7121860187571
CRR_0061,CRR,5.654026444437202,880.808497988974,276.13120529250546,243.62439216089408,313.291480402543,268.3082193306011,1.0449551394440235,1.1334300430399566,60.064717233258726,39.0392854479674,87.19307385974028,60.498135312204326,39.472703526913,87.62649193868589
CRR_0062,CRR,0.39930903593958944,235.64277660994597,74.0336839635067,62.75458673599807,84.26521917906824,71.30329972226808,1.0519488676527466,1.1797334316766137,174.45478810968768,145.8045123870626,12.572724783249722,174.90412363306976,146.25384791044468,13.022060306631786
CRR_0063,CRR,1.0442057530946012,388.7464069379715,147.46948548215946,91.79028304618083,149.00757650216323,115.304989383808,1.0731697319262756,1.606591466854566,40.98833774592138,38.05398101785399,46.293441152269516,41.40705093288247,38.472694204815085,46.71215433923061
CRR_0064,CRR,0.4742134104093906,268.050456408491,99.02642665994958,59.745829746362126,102.72801913490703,77.70374938038456,1.0980565410456087,1.6574617354942538,178.25600475234575,165.84282301609878,1.270515062747285,178.69759243337995,166.28441069713298,1.712102743781486
CRR_0065,CRR,0.4040964032553977,245.75692021552132,79.38859834733486,59.743364647145526,91.81390104215443,71.7294584191195,1.090582015071093,1.3288270390564279,174.46437680307974,149.47475404992568,1.2685098756663666,174.9079629007415,149.91834014758743,1.7120959733281202
CRR_0066,CRR,0.41889162115271156,250.96971332448578,75.86462501367514,71.83850959927004,96.74561326002237,73.0307727612034,1.0938695821432425,1.0560439719151133,141.17758366694906,144.3000088782892,10.736498509676034,141.6154622650607,144.73788747640083,11.174377107787663
CRR_0067,CRR,2.784089634487275,624.0922242416689,206.04928574505038,173.7735299570629,232.49843636427832,188.27673830604948,1.055120917506204,1.185734592581289,73.86458117417361,71.68223635916318,99.42648394727651,74.28025405175171,72.09790923674129,99.84215682485461
CRR_0068,CRR,5.458838984473184,877.4455964214499,266.523939462986,263.7684639936931,340.68522609554583,263.6362961235269,1.059412577236763,1.0104465690385138,20.521079498104733,21.372579172275252,62.68220193943428,20.94050037734726,21.79200005151778,63.10162281867681
CRR_0069,CRR,2.294251904564328,597.6624725623061,190.6344153217795,164.91720888066985,231.51481786187188,170.91320166901284,1.113090573225872,1.1559401024044618,32.29704341768067,31.774704362341698,167.22787121120325,32.744944901273726,32.22260584593475,167.6757726947963
CRR_0070,CRR,3.5238383858900773,721.8137216137544,229.06321926813854,189.9894693442543,287.8628227731157,211.81809134658383,1.0847064200801946,1.2056627141427716,37.7741534526324,42.0789191433377,1.276088519843962,38.20998140007082,42.51474709077612,1.7119164672823786
CRR_0071,CRR,5.228792742832217,1174.5710908719661,477.93163143837245,192.55535222887502,492.05095829086997,258.0214272380923,1.4490176038954568,2.482048023626441,14.047531177090248,18.51376191254565,4.754865713367373,14.475477610026479,18.94170834548188,5.182812146303604
CRR_0072,CRR,1.1594069148061252,392.98542560589675,129.67920769450896,109.99497949411418,134.8335076728725,121.4990836331925,1.0295645230885322,1.1789556968047628,7.219909392821549,165.37329477360433,1.2666959336917212,7.66503502889286,165.81842040967564,1.711821569763032
CRR_0073,CRR,0.3292373245305207,225.6354965468738,87.70393048244061,53.174757515417504,87.72405645794521,64.74550032203497,1.1092973081932485,1.6493527113313438,17.316511015328174,26.608446188684486,27.83578603210605,17.757587948507272,27.049523121863583,28.276862965285147
CRR_0074,CRR,1.049215915502193,383.0756261258808,119.72793439991604,99.99246743817548,133.00284904188138,115.58127852653729,1.0549871095595897,1.1973695365997727,170.6176960533438,133.88708347123566,1.2940432145572092,171.03549050919943,134.3048779270913,1.711837670412848
CRR_0075,CRR,3.1692576477970578,674.7994051933296,236.40751220457602,170.68808096394486,257.22247938346686,200.8786739459806,1.0692788718913,1.385026481459554,50.394453348483985,37.53185211378805,72.82712196474446,50.84418669296474,37.9815854582688,73.27685530922521
CRR_0076,CRR,0.15886209921896283,156.4352478088685,47.77672773173137,40.29680671852276,55.6464251885213,44.97438236209859,1.1071833188116849,1.1856206886430631,93.78565229029385,60.65188639966462,105.31463670188363,94.21905196331544,61.0852860726862,105.74803637490521
CRR_0077,CRR,0.7994376374955031,351.8031647500678,130.47891499365585,87.18267045528954,132.91867098450197,100.88982176656515,1.1099476971006246,1.4966152598017768,64.86155790864122,64.14003893694982,75.74801724650506,65.29988447572326,64.57836550403186,76.1863438135871
CRR_0078,CRR,0.518887959690131,281.6293409974366,85.17742720130884,82.30580332229974,110.88201541010302,81.28152739487736,1.1029000850759083,1.034889688978117,117.62499227152531,128.96479002588245,81.8255775933753,118.04883224684687,129.388630001204,82.24941756869686
CRR_0079,CRR,0.14384098876283458,147.93212444878293,40.98001215908612,40.29661838588053,55.03130064977308,42.79533094236416,1.100312970114331,1.0169590849202634,163.79686012491425,150.5006883214072,15.318759411102182,164.22606128876984,150.9298894852628,15.747960574957773
CRR_0080,CRR,1.2742715073724635,415.24477779153153,139.62859057860555,109.99128942055842,146.44773054585727,127.37554215452451,1.0376915043618584,1.269451347594691,6.358452173120208,28.436401977857226,1.2975066639307546,6.772675220279737,28.850625025016758,1.7117297110902845
CRR_0081,CRR,1.4242389148317038,515.1211013707162,200.8367327461701,106.78544563240916,204.3809848819696,134.66244121931032,1.2176233971664319,1.8807500549982867,22.602578242643748,30.689005742065053,19.762005660936484,23.024168384461678,31.110595883882983,20.183595802754414
CRR_0082,CRR,3.569181985300576,734.7868294117475,235.4882102463787,198.36356905383832,272.0774430720678,213.17653825036774,1.0971653539317114,1.18715453331284,43.15091767519584,30.327120700589884,73.74012137988382,43.59685199652489,30.773055021918932,74.18605570121287
CRR_0083,CRR,0.4442403277860392,250.4265888225457,72.19600511778282,70.45008329690494,87.74824444468584,75.20800174870331,1.0599039614408294,1.0247823954092412,168.25127288531948,153.76711244078942,10.739136710147022,168.68608311841774,154.20192267388768,11.173946943245284
CRR_0084,CRR,9.828527821059277,1267.3804289523719,468.9942364361541,279.82667110509203,512.6303127291889,353.75231855497987,1.1404016282898064,1.6760169235620077,14.660670798153532,25.45346166522364,1.270934475702171,15.101265202377837,25.894056069447945,1.711528879926476
CRR_0085,CRR,1.4843573919249808,457.3065228430463,159.42047146661298,119.99484185488315,173.38602640277665,137.4751806661419,1.0588470335658609,1.3285610364769644,23.92436012765441,32.70837550273557,1.2639290720329184,24.37195945579204,33.155974830873205,1.7115284001705504
CRR_0086,CRR,0.46402531718986084,284.3461514519831,112.96850962188803,55.359779252463504,118.03721988976002,76.86451610492372,1.177528926116297,2.0406242789861007,12.833835574795083,24.14275318731308,6.992543934403013,13.26343178036653,24.572349392884526,7.422140139974459
CRR_0087,CRR,0.16380557824420472,165.2995532236572,58.679079707135465,29.99760559864622,63.79905728641627,45.668779255497,1.152132437753315,1.9561254485519213,87.64405719134446,65.39238697909532,91.29805741449921,88.05756826844761,65.80589805619847,91.71156849160236
CRR_0088,CRR,3.1592596080673987,649.637204545108,199.9883188306405,199.76803709095094,218.84342351980746,200.56156822970652,1.0310347414250065,1.0011026876115785,129.60399023421974,151.17937702522323,91.2781560210571,130.03733787569183,151.61272466669533,91.7115036625292
CRR_0089,CRR,1.4736598949612154,547.6572029284457,164.11056459874538,154.7119689915252,193.97403521111158,136.97890544733104,1.2726390341826412,1.0607489883845704,30.905045046945666,17.105828893780927,69.02234093375593,31.327945108648475,17.528728955483736,69.44524099545873
CRR_0090,CRR,0.4792059551960484,261.9010870778486,76.28498425415658,74.28096990327107,90.89463323946495,78.11171309273632,1.0672625387204995,1.026978839310999,60.899520856162134,51.52092447616289,102.58481175499455,61.336100146458364,51.95750376645912,103.02139104529077
CRR_0091,CRR,1.1242214517879447,403.6938019278099,133.11179560097477,114.21234331985788,138.16322518743686,119.64126417988011,1.074041878657719,1.1654764426659905,8.312178429714127,160.76162426847193,30.349973089762564,8.728173810848428,161.17761964960624,30.765968470896865
CRR_0092,CRR,3.3191559386659972,680.3588250400467,202.3765236780469,201.7555062467772,227.56177604996802,205.5743319641853,1.053462940112408,1.0030780693068675,79.92649638110723,67.80787260367563,6.043991955419143,80.3574691113477,68.2388453339161,6.474964685659614
CRR_0093,CRR,4.169261960578576,772.0892218530807,259.83672089247824,208.14685326779218,289.6983234498478,230.40115452333782,1.066677086927929,1.2483336491192796,35.71484861015545,27.8332480128947,61.40464113247903,36.15832398330159,28.276723386040842,61.84811650562517
CRR_0094,CRR,1.2144145278097869,418.1996015086829,158.104029603909,93.26079312903468,160.41590595268318,124.34792320373914,1.070521035885967,1.6952893525702475,42.64934055437418,32.12438020942113,41.863488064637956,43.09843369662941,32.57347335167636,42.312581206893185
CRR_0095,CRR,2.804307024904037,643.9007613645782,225.9941190894378,164.22074678072462,244.71535535246858,188.95911197098792,1.0846789865052069,1.376160585794899,27.6635668586505,28.134387690378066,5.100963244921611,28.087972925919097,28.55879375764666,5.525369312190207
CRR_0096,CRR,4.218861260017206,751.912397619662,228.63719895641154,225.53304781306173,249.482338741858,231.76757732705244,1.0326774455115268,1.0137636198927384,168.69734678178844,120.4964047452178,175.58797107028732,169.11004444752527,120.90910241095463,176.00066873602415
CRR_0097,CRR,0.3090549867942012,226.83625434370404,65.26267287892504,60.24200156122872,83.454516322403,62.7296605031448,1.151037989419408,1.0833417082364605,63.30883723136526,55.884656291947174,100.73896417172318,63.743469234779724,56.31928829536164,101.17359617513765
CRR_0098,CRR,1.0791584018646287,410.38637103009256,156.29827709950104,97.18246433317834,156.41896377507555,117.218904289677,1.1144110230816389,1.6082971158629118,150.06843081468253,146.66318949129084,144.41231906675344,150.498276832898,147.0930355095063,144.8421650849689
CRR_0099,CRR,0.8642453527690104,351.69858760019974,119.52592720869895,89.7929854438913,127.03738321054742,104.89954048989418,1.0672033153548892,1.331127666797389,13.591080988971312,39.069323406025106,1.2793383647080452,14.022983825627755,39.50122624268155,1.711241201364488
CRR_0100,CRR,0.389222634346616,252.43669950184898,79.99553747276124,69.40981015710899,92.4278984439238,70.3969921059207,1.1414279883740552,1.1525105354947878,154.78762893458145,149.47175823257135,1.2754514385594713,155.22342077656484,149.90755007455473,1.711243280542853
CRR_0101,CRR,1.0493683053207927,380.8130249806345,125.83440713383293,109.08948713931305,137.97801885083035,115.5896718278132,1.0486797714890965,1.1534971007163664,63.851650716424025,61.14860715872498,31.016233566938773,64.2915029986343,61.58845944093525,31.456085849149048
CRR_0102,CRR,0.3640959045692184,235.6955124809421,79.40865036887165,49.99684576720757,84.18692741182616,68.08680516617365,1.1018906169665874,1.5882732030458406,93.91056691978572,125.27437000890455,91.28233951506904,94.33941523947763,125.70321832859646,91.71118783476095
CRR_0103,CRR,2.164011039476232,571.5990870216528,177.2689235309806,147.4422690739721,192.68015023290036,165.99109707163765,1.0961168613404473,1.202293783487857,165.2218062108091,22.54732260481814,160.25528593034943,165.6401924219318,22.965708815940843,160.67367214147214
CRR_0104,CRR,0.5142419213495341,273.24570275904705,89.59834268850513,69.67217733028055,101.14660554946848,80.91681838918385,1.0748916019795998,1.28599888968253,167.70887548706284,152.4019091436694,1.3026314519902666,168.1174479175116,152.81048157411817,1.7112038824390368
CRR_0105,CRR,0.34935472506380694,224.45771655511703,70.17374680941468,68.01563327785155,83.28406065773326,66.69424646034464,1.0712634747618623,1.0317296690122253,43.888610686315744,46.25927168060977,79.9666570580335,44.323184289510614,46.69384528380464,80.40123066122837
CRR_0106,CRR,1.0140758323109904,424.3713250462247,159.13572896941974,89.21548313528307,164.28952520230683,113.62928544431566,1.1887920235257075,1.7837232213170016,12.490971285693819,26.116323996507063,1.285094857237277,12.917022199382096,26.542374910195342,1.7111457709255546
CRR_0107,CRR,2.0092665077585714,543.3488498156089,210.74399084408998,129.81907916979173,213.26258770307138,159.94616511783374,1.081322021165583,1.6233668594156003,25.744545252070118,28.90629873483348,38.130488548536725,26.195061267064702,29.356814749828064,38.58100456353131
CRR_0108,CRR,0.9142191099771823,476.2921374611151,203.81234517690268,70.23178243023892,203.81249502224293,107.88975499905138,1.4052167980807346,2.901995907327983,22.086101046567507,29.648782955216966,29.579321678653923,22.518635671550943,30.081317580200402,30.01185630363736
CRR_0109,CRR,0.24389972137560695,192.6289068446003,71.35365611387661,45.99916595262403,74.9130599056348,55.72636451495026,1.100299399523236,1.5511945626876356,128.17395132389035,141.1219733124586,122.26917587950267,128.57967815038603,141.5277001389543,122.67490270599836
CRR_0110,CRR,0.7392048694901658,321.5795448909953,99.71718217295071,99.15365452194811,112.3600675714895,97.01468298642604,1.055118103592732,1.0056833775186558,36.741364198255575,39.93260268021048,1.303905121521847,37.14855803854631,40.33979652050122,1.7110989618125814
CRR_0111,CRR,0.9388280237035395,392.4186795353072,138.9329599107732,101.18731319524142,159.63493972589254,109.3321986189296,1.1424881855220481,1.3730274628668258,51.996373580348006,48.81617998207665,78.74855470213096,52.43004778848943,49.24985419021807,79.18222891027239
CRR_0112,CRR,0.2639515577162172,196.9092190381921,61.48867828826695,55.47740923302763,75.16780039125055,57.9718518919944,1.081182488656043,1.1083552591648531,144.12271747571253,141.5942073319074,105.33311976045762,144.53685951723966,142.00834937343453,105.74726180198475
CRR_0113,CRR,1.204332790937622,405.53063904049486,131.28043791520318,116.95383221701833,143.01900336850832,123.83069629308582,1.042426598744946,1.1224979586098602,115.70814973655095,125.46723977817469,99.40027524760862,116.14892974639123,125.90801978801497,99.8410552574489
CRR_0114,CRR,2.434077534302671,586.6668667582252,199.4700097623227,159.47175368298858,210.81646339843564,176.0444197248416,1.0607655947146197,1.2508171833291934,11.259240068386935,21.28169058621802,1.2937986012167377,11.676420687271108,21.69887120510219,1.71097922010091
CRR_0115,CRR,1.6940747715649402,502.1900599258713,154.1405378664682,143.4231243242314,176.37982042587896,146.86602707551768,1.088420950717487,1.0747258407089804,64.36070909954898,52.763542052835724,83.1459410075752,64.7956347516535,53.19846770494024,83.58086665967971
CRR_0116,CRR,3.8592900534702674,719.5357935301004,227.22716290472945,215.02494279205726,255.386120640848,221.67094330744897,1.0332222758941692,1.0567479286552934,28.172769527091486,21.873623690083313,162.83143305913396,28.61727665199255,22.31813081498438,163.27594018403502
CRR_0117,CRR,0.8093803248200427,369.4184417930509,140.13376515111878,85.85783462513669,140.1763068802114,101.51527157484578,1.1583433737321207,1.6321604867273425,38.403691840442484,40.41237126071413,41.823994729078336,38.85517503215687,40.86385445242852,42.275477920792724
CRR_0118,CRR,1.099328048825981,384.4462028952699,125.20749754150269,107.48304782274252,134.89876036784776,118.30925341670391,1.03434873903199,1.1649046066128563,71.3542811796086,75.30447468885498,51.49741017450426,71.76223398284257,75.71242749208895,51.905362977738235
CRR_0119,CRR,0.8043457864412833,331.6145054463106,101.6577842950353,96.78559594649727,119.08861803124519,101.19905448857445,1.0430549575680734,1.050340014967014,43.68877755067401,43.59228967669095,10.736962294421378,44.12501063984157,44.02852276585851,11.173195383588933
CRR_0120,CRR,0.5241584006297185,272.80067645531847,79.6706048457695,79.50327527071039,97.89163960068798,81.69328022468518,1.0629411872619927,1.00210468781933,132.82920620350046,143.62042275130213,91.31093486756576,133.22921952765142,144.0204360754531,91.71094819171674
CRR_0121,CRR,16.96743987586126,1673.9408678058053,639.5033852167943,390.9871301370899,641.6234806970936,464.79689567447457,1.1463758301063098,1.635612366556844,19.687341072205047,22.17936978361826,26.83839302915852,20.114712481761124,22.606741193174337,27.265764438714598
CRR_0122,CRR,0.4342829525481868,244.99685823640888,73.76991517564197,72.47703733624206,84.13479676839542,74.36035427488868,1.0487432829102716,1.0178384476920859,175.78097801849233,159.69395944991348,102.59887387781927,176.20294981547238,160.11593124689352,103.02084567479933
CRR_0123,CRR,2.3240174955336457,561.1949728105267,169.98192167999673,159.8785292631406,190.95016573826743,172.01834140491565,1.0384584949679647,1.0631941791272497,179.34043674514265,152.5937833953968,1.3218550334507644,179.72951593541606,152.9828625856702,1.7109342237241663
CRR_0124,CRR,1.5241446537392302,476.4673504446231,160.15255899731923,136.3918398074631,163.68654277429368,139.30546453881377,1.0887172918336097,1.1742092431878464,179.71059891646917,167.7311120347389,30.36376217971932,0.11234888646336652,168.1328620047331,30.765512149713516
CRR_0125,CRR,0.5292286756321994,271.84862367186145,97.52337049431434,70.70323653786369,98.29537705243763,82.08744593558352,1.0541454113228799,1.3793338928987737,48.17263042307181,39.13498738851865,46.320640233430964,48.56286465008125,39.525221615528096,46.71087446044041
CRR_0126,CRR,0.34930252857287175,224.38957603262466,81.02493916001616,57.290604872067675,81.20744353908174,66.68926393768074,1.0710182747633694,1.4142796945668186,167.86219904406127,167.95851841911318,171.8005216342953,168.3101197873484,168.40643916240032,172.24844237758245
CRR_0127,CRR,0.504221750149721,270.98567093797624,89.40892102358974,69.99627067423883,104.37622686633992,80.12459495100101,1.0765410811306415,1.2773383519201613,29.72668399982401,42.32686771890725,1.272716742929759,30.1647477782786,42.764931497361836,1.7107805213843452
CRR_0128,CRR,12.918832149357067,1735.9290195003716,640.4988090340424,337.89584451425077,651.5511058980295,405.5708071885522,1.3624337817869934,1.8955510090833017,178.6256815993276,177.02822881312332,166.3224408176706,179.05871999616195,177.46126720995767,166.75547921450496
CRR_0129,CRR,1.5594074810215535,468.75478789759666,141.21303224002799,139.66198896821447,164.1127515010633,140.90774539366137,1.0589147017215919,1.0111056937057263,150.74882554008633,156.30511671569417,100.76265468685531,151.15924606103422,156.71553723664206,101.17307520780322
CRR_0130,CRR,0.23912735893983336,192.21338474017003,69.29001996200832,47.71953176707562,75.8405573156129,55.17847493636221,1.1088276848935754,1.4520264008502988,48.646000736551116,41.28932418093778,69.50267694025366,49.052694673683334,41.69601811807,69.90937087738588
CRR_0131,CRR,8.823058630200284,1128.8299368370735,346.44727066584545,324.9448071780857,409.4201579227489,335.1696160675645,1.072047439535904,1.0661726638271076,161.5950031966399,168.9759202666742,136.31696305202394,161.98877414548096,169.36969121551525,136.710734000865
CRR_0132,CRR,0.2189194151943725,182.46477645892605,63.76358999648345,47.36609011588926,68.80171717549882,52.795535468046054,1.1000995010713375,1.3461864772978918,47.50555547240455,58.66330544116053,19.742935726218008,47.90829123005858,59.06604119881456,20.145671483872036
CRR_0133,CRR,1.5891940428955673,490.37142637063374,151.25174118653538,145.5434337363397,169.3715162611289,142.247133527259,1.0973161219161425,1.0392206457114144,165.69062488519168,160.79382942968886,8.394945903362721,166.13134953053608,161.23455407503326,8.835670548707135
CRR_0134,CRR,0.1588495053879867,156.51094298970435,48.922604612630444,39.28012012371156,55.568651368122474,44.97259964929824,1.1077629676306235,1.245480015299092,86.48755079428079,121.95123540498285,91.27514118021061,86.92300130048181,122.38668591118387,91.71059168641163
CRR_0135,CRR,0.17890087454295817,166.5507875066718,62.22700420573387,38.5304783338988,67.15376056220637,47.72668729922479,1.1107991192158544,1.615007311004158,56.415301059724406,46.69926255805956,69.51854728451782,56.80599755529643,47.08995905363158,69.90924378008985
CRR_0136,CRR,1.514271482935143,452.23648119881517,149.59977473902578,129.98869075673755,156.97060544322542,138.85353195139766,1.0367135847069382,1.1508676167758982,179.31262666554406,163.28582738737921,1.3036474474165534,179.71958135331042,163.69278207514557,1.7106021351829153
CRR_0137,CRR,1.8976567719134585,514.3567600458408,172.90022271980254,137.040109158051,187.62756449793773,155.44039514665067,1.0532966131074761,1.261676043474202,111.34888761600446,123.59719781146822,96.99562317168258,111.77435354696077,124.02266374242453,97.42108910263889
CRR_0138,CRR,1.649164926176966,474.89818462908033,149.98550835745084,139.6401227210431,169.005727191256,144.90624554513718,1.0431902816161551,1.0740860537416925,57.43414900152238,62.37638502227336,91.31248164897623,57.83218034789867,62.77441636864965,91.71051299535253
CRR_0139,CRR,11.869792607960902,1506.7418714918906,584.1227087290812,282.86185971767986,587.5032003554994,388.75557020139195,1.2337079398617405,2.065045847156931,4.982727036842022,15.00525602639393,3.061860634123684,5.401581746640779,15.424110736192686,3.4807153439224408
CRR_0140,CRR,1.789218519201219,507.84867587245606,183.76336138419063,129.0576162917418,183.8315273378814,150.93388528821094,1.0710202941299134,1.4238862196926334,34.993260400660375,41.72623732060152,43.28659718182735,35.40436324601484,42.13734016595598,43.69770002718181
CRR_0141,CRR,1.304091281204714,421.0723717843099,135.2528269655723,126.64803261098508,143.4476560441492,128.8573082589492,1.0401544200229245,1.0679425821087793,119.14796133441013,124.71633037533255,102.63215320015192,119.53626282437898,125.1046318653014,103.02045469012077
CRR_0142,CRR,4.5590838631403425,946.4235993597898,379.73274638609934,167.86559732596123,382.22334870544574,240.93164720132216,1.2503794818708025,2.2621237015511566,169.94778258610467,166.54814331792352,173.09250553184376,170.38139061892483,166.98175135074368,173.52611356466392
CRR_0143,CRR,0.4943564612436229,267.96666097399697,84.66892066936708,75.58659041344531,101.3941726630434,79.33688900194642,1.0751169907051785,1.1201579566725133,157.1095634037498,152.34050269952823,19.695098662296452,157.55983009837368,152.7907693941521,20.145365356920337
CRR_0144,CRR,2.3690619996546416,579.7101686664654,194.71308546522422,154.96510302788664,198.44233513874656,173.67738545618568,1.062472683608887,1.256496344407197,86.84635945863195,108.41553583809787,97.02160340109289,87.24579888091719,108.81497526038311,97.42104282337813
CRR_0145,CRR,2.904036625098917,635.2131829471377,219.4322636632307,159.8799286202119,230.25500279100982,192.28973634687796,1.0515102875881064,1.3724816214077935,76.12818769935292,73.6081110269525,91.305618304379,76.53299650266084,74.01291983026042,91.71042710768691
CRR_0146,CRR,0.8092800475694906,333.19055247021805,115.80435317601527,90.28815383988372,116.13231956621117,101.50898282076463,1.0448124282909699,1.2826084956990236,14.398152891112128,19.982232768789817,24.469407106418963,14.837675809105768,20.421755686783456,24.9089300244126
CRR_0147,CRR,0.23914292298518935,192.21963992174898,69.29227484786921,47.72108470399129,75.84302538912377,55.180270603567955,1.1088276849049177,1.4520264004408465,48.61563989807735,41.25896334265558,69.4723161197249,49.05226604063145,41.69558948520969,69.908942262279
CRR_0148,CRR,0.7143936574272755,312.5589754803735,109.57918989391361,79.99354011983775,112.8822642644034,95.37265096160387,1.0431775871568663,1.3698504870487518,174.3137483239844,167.40278224003333,1.2974663215443925,174.7265609523601,167.81559486840902,1.710278949920081
CRR_0149,CRR,1.9039697500098853,533.2348239201193,169.98538691682538,129.85609754327695,190.90461830420227,155.6987340247861,1.0901431997785316,1.3090289184162076,8.744113419336061,29.468895757504335,1.3023358963448584,9.151972877743304,29.87675521591158,1.710195354752102
CRR_0150,CRR,13.54827073455758,1629.935513832921,555.4753524112816,357.2781966098714,565.162742935459,415.33352937147777,1.2491757857358883,1.5547418165509577,165.6630494629039,163.7994409178032,174.55312857672467,166.0961250020361,164.2325164569354,174.98620411585688
CRR_0151,CRR,5.178948040295204,851.4568833229554,261.4706696458006,249.68653290386086,284.9472537748185,256.78865716835173,1.0554482686641744,1.0471957241942125,74.6493769385817,156.5190401969178,33.27973892651736,75.08520599362228,156.9548692519584,33.71556798155794
CRR_0152,CRR,2.03914362283921,543.6512849942073,176.25157929763049,154.89594527393334,208.68717580576646,161.13094978908944,1.073968588137096,1.1378708395880197,25.672364111576567,26.606101977652273,168.76723060299463,26.0864409091713,27.020178775247008,169.18130740058936
CRR_0153,CRR,0.27907568964368873,202.00765092174254,66.95265088388459,50.57982123180968,70.78712800770711,59.60958010492792,1.0787029913642863,1.3237027979406544,113.02736384473073,124.25086001900523,105.30589661976093,113.467804472809,124.6913006470835,105.7463372478392
CRR_0154,CRR,0.15387123394757127,152.90847937665401,43.452274300394066,40.41550781662608,55.432540218851905,44.262279636191735,1.0996333913882195,1.075138644738709,33.662838889406096,60.110693897717695,15.356245820300543,34.05299526926167,60.50085027757327,15.746402200156117
CRR_0155,CRR,1.333967423520104,453.53494812087115,129.85984982077605,129.29817124130224,160.4723501357172,130.32498129730445,1.1077282059023925,1.0043440566411845,4.897968234757975,43.771868674336254,1.3143542059883262,5.29377702196743,44.16767746154571,1.7101629931977809
CRR_0156,CRR,5.838505789704516,908.5226115538991,306.53863916088824,257.62584519869824,327.9069110227639,272.65026047332117,1.0606691832132664,1.1898598097736086,10.194297224988814,20.310537629834265,172.55728510254613,10.60099810350966,20.717238508355113,172.96398598106697
CRR_0157,CRR,2.1441749137086252,588.2898235918872,222.69161140017368,133.8638574746224,223.72877726690996,165.22857776313776,1.1333297745808772,1.6635678636587254,19.107277355866778,21.942384145316012,16.015162465869683,19.542260471742186,22.37736726119142,16.45014558174509
CRR_0158,CRR,0.29883393789010637,218.81568247185308,71.79059427899888,48.16829238007687,81.82518385944407,61.68364345842542,1.1291679783764512,1.4904118608259518,19.857111164652274,45.946220727794454,15.329314600214751,20.27407068911816,46.36318025226034,15.746274124680639
CRR_0159,CRR,1.9890940462125728,530.0106608365245,179.8823270385522,137.09524924203984,195.41320369395044,159.14123280391914,1.0601126443134796,1.3120974507364025,170.78477902861064,151.38756850730556,5.681891990030695,171.21162366423252,151.81441314292744,6.108736625652568
CRR_0160,CRR,0.23416167580570177,189.42736956611074,68.37146906751788,43.871653610054835,71.17738118378215,54.60255538866972,1.104281732191519,1.5584429453064426,85.77361221814877,105.19738309001369,81.84618368171702,86.17516904523933,105.59893991710425,82.24774050880758
CRR_0161,CRR,0.9391455173579607,382.6368710952114,122.70039760322034,102.43640884047203,147.8499464722106,109.35068408386473,1.1138210968541196,1.1978201792909995,31.949145566142906,38.06504912150875,174.93870314160054,32.38023308429685,38.49613663966269,175.36979065975447
CRR_0162,CRR,2.0686677611859956,737.0454931880074,198.8125223824262,189.7480561768861,228.13955658335885,162.293240723721,1.4455861870941107,1.0477710622610545,120.80854525864446,125.61581283545327,1.2876330341864772,121.2308967780518,126.03816435486061,1.709984553593813
CRR_0163,CRR,1.2992637611735374,454.55860360585984,160.9268347982782,113.55316731763067,160.99254268295923,128.61858340720013,1.124957945770255,1.4171937128634555,152.38547558600516,159.48856118028036,157.19555820802765,152.8224436401577,159.9255292344329,157.6325262621802
CRR_0164,CRR,1.3542575155407275,440.3414197661525,153.45603330949726,110.7399925616012,164.30053734221585,131.31238412812587,1.0674166655218835,1.3857327399054542,106.75535632448069,124.40055349850748,101.58176771208768,107.18837793753522,124.83357511156201,102.01478932514222
CRR_0165,CRR,2.0092728146613683,536.0118151053398,162.91210001631333,157.65612669936783,190.60487724449567,159.94641614578865,1.0667188672976098,1.03333821163175,25.62310016514208,11.054059817089426,57.56914631857782,26.07378090823195,11.504740560179295,58.01982706166769
CRR_0166,CRR,2.2441013145315893,571.8334014015728,192.09345952180956,147.68478747715199,201.61634173746114,169.03486433436686,1.0768206052224314,1.3006990279992647,7.100727538846752,21.284478003757734,177.48890424221702,7.507615662920442,21.691366127831422,177.89579236629072
CRR_0167,CRR,0.949280369033305,359.75290878426676,119.88851782540192,98.3792382106956,128.60918391069134,109.93913338270374,1.0416027844314752,1.2186363709042003,0.4808292456786958,22.39015519724566,154.73024809064722,0.8953904879103154,22.804716439477282,155.14480933287885
CRR_0168,CRR,1.2841380459978826,438.1337870471692,171.0653154095148,98.64690201926277,173.26642289370884,127.8677184070884,1.090676502448068,1.7341174624633513,149.72349607546434,149.83501373276536,140.69257866414443,150.13942025781293,150.25093791511395,141.10850284649302
CRR_0169,CRR,0.27421762861602095,199.45762980213613,68.12171002089137,48.781279823267916,71.17862687789122,59.08846999351214,1.0744792587754883,1.3964723817762232,10.28720910512575,166.62136787566044,12.60904104576254,10.697884363830182,167.03204313436487,13.019716304466971
CRR_0170,CRR,7.030667884674274,1132.0894004470981,484.0330388954545,216.72077699848703,485.2845700043933,299.1943244225532,1.204418729872899,2.2334408615507764,26.792856551401485,29.277558272043123,33.393351679759306,27.24373417647534,29.728435897116977,33.84422930483316
CRR_0171,CRR,1.2093139917839826,412.66459513514724,127.64015854372099,121.32923367364602,146.7938960381284,124.08651805659228,1.0585776953596318,1.052014874560654,127.53576291670241,120.71086504870678,174.93060798797455,127.97467840223331,121.14978053423768,175.36952347350544
CRR_0172,CRR,0.7742296388880939,347.4849212094492,134.02286773102253,78.39747122442574,134.6809410850978,99.28644383491364,1.114028073204778,1.7095304942599472,122.42738544739933,127.51809228539382,114.47929176595403,122.85640989510296,127.94711673309745,114.90831621365766
CRR_0173,CRR,2.984155803938254,641.3680932518517,211.28029267922574,183.54258326920126,222.6674720179607,194.92422058905703,1.0473496015424002,1.1511241092719158,77.18650954589904,101.41262564921803,54.40533549476196,77.62091525193823,101.84703135525722,54.839741200801136
CRR_0174,CRR,0.9392616535851119,357.54454568065745,115.82169598244926,102.57162117472663,125.13957530878866,109.35744511453731,1.040715275691056,1.1291787597385408,1.6683152218352415,162.94012867227238,27.830393988799145,2.1126026004681906,163.38441605090532,28.274681367432095
CRR_0175,CRR,0.11325277589386055,138.4820988503695,47.07256552530406,36.91757316164425,57.49988058021832,37.97340027164968,1.1608183836110968,1.2750720454780706,140.52911223262956,142.4894382523071,105.32782048911106,140.94714723545576,142.9074732551333,105.74585549193726
CRR_0176,CRR,0.12916660298741134,136.0134520173313,41.734573750590094,41.7345706173631,49.37996658179807,40.55367144694536,1.0675833996372304,1.0000000750750984,1.2845210886661687,172.1523741703063,46.28451292119638,1.7095518745659726,172.5774049562061,46.70954370709619
CRR_0177,CRR,0.12384371865156231,136.70189250074372,39.06567627963014,38.97311717679374,47.4247263592454,39.70928354355248,1.0958032973648484,1.0023749473878756,129.33074517134102,144.43762102905876,1.2795685286302758,129.76070685989637,144.8675827176141,1.7095302171856304
CRR_0178,CRR,0.37401311199255866,249.3762672873587,93.31260589527777,52.40147678657061,96.57452497376715,69.00784625232023,1.1502884899049979,1.7807247355897384,103.60804202587103,112.56303982304992,97.6291489977032,104.02862440135127,112.98362219853016,98.04973137318343
CRR_0179,CRR,0.3993135722913453,239.09393250825107,90.43021142050658,56.56568789381956,90.69006892044997,71.30370474181576,1.067349343480947,1.5986760664920174,50.024004719164175,41.93054258975904,46.26893795567245,50.46457303172767,42.371110902322535,46.70950626823594
CRR_0180,CRR,0.12384797984675697,136.7042442878281,39.06634835972197,38.97378766236492,47.42554224266746,39.70996669306768,1.0958032973544682,1.00237494744311,129.31488996161812,144.4217658262439,1.2637133059365964,129.76065606413513,144.8675319287609,1.7094794084536034
CRR_0181,CRR,0.6039951881195078,305.9219599794471,99.5048441327811,69.99580116869683,119.26501050991153,87.69438741125404,1.1104243627988808,1.4215830445738389,161.74116926314676,146.46780036806877,1.277560714559179,162.17302531495295,146.89965641987496,1.709416766365365
CRR_0182,CRR,0.4641264211689175,263.69623066643265,84.22655595769416,68.39252885848786,93.37273248131676,76.8728894467141,1.091894916070631,1.2315169122049683,128.28574767137854,109.01883542718596,141.47351723884736,128.71606578913497,109.44915354494239,141.9038353566038
CRR_0183,CRR,0.544377020264557,273.6190699694656,89.67890461758579,69.99514435547233,93.75119637911212,83.25396984203991,1.0461441680792434,1.2812160821063374,2.9116051666233553,162.69399065966496,1.286100987292475,3.3348819734802113,163.1172674665218,1.7093777941493309
CRR_0184,CRR,0.26888699442039576,205.01186055055916,59.99672499111552,49.41508823659599,75.24517819228352,58.51132833571897,1.1152934628957745,1.2141377690930226,80.66732538737472,51.768111396492145,91.27260314807675,81.10406948438592,52.204855493503345,91.70934724508795
CRR_0185,CRR,0.9443507337098057,361.8638971568674,119.67936385707459,99.99518095420117,129.27631426135375,109.6533035644157,1.0504458340405605,1.196851315383778,28.132157046422225,34.153784300292365,1.2665919372925634,28.574876208440056,34.596503462310196,1.7093110993103957
CRR_0186,CRR,5.054652719882006,1159.509111520772,372.5917823049322,254.38479524649688,377.11871367675167,253.68846500889467,1.454867935380131,1.4646778788169854,35.81591768372223,12.770762380987854,47.82916601589964,36.24240668744353,13.19725138470915,48.25565501962093
CRR_0187,CRR,0.19413648829149877,167.02111324773838,52.48521071157399,45.77792869450732,61.72036932907042,49.71742692142777,1.0693327237589643,1.1465178134604297,132.9564333887354,142.56541225498677,105.30775197540535,133.39416206730803,143.0031409335594,105.74548065397796
CRR_0188,CRR,0.2140294687644347,191.94467426880584,74.03500838395155,35.22456746415362,77.93339584488146,52.20256539381351,1.1704000935427024,2.1018003545194266,77.4482723996662,62.16201070122322,83.15244134928002,77.8749296790172,62.588667980574215,83.57909862863103
CRR_0189,CRR,0.5192808179287512,274.81351759344045,101.06217039519838,69.01586621527272,101.70134162312593,81.31229133466269,1.0758011866484571,1.4643324200259626,113.15530243554215,120.89002828212082,114.46299402740154,113.60005783901174,121.33478368559041,114.90774943087112
CRR_0190,CRR,0.9594198781103671,373.91385028232634,139.6727349776007,79.99691313899307,140.72924538236265,110.52471799625228,1.0768674852438533,1.7459765570569212,3.6696458048968723,174.2324120732928,1.257542890721804,4.121156563088067,174.683922831484,1.7090536489129988
CRR_0191,CRR,0.52414393381793,274.6957394572477,84.56829551054636,78.54456962465022,93.45416593141711,81.69215284652734,1.0703398859628128,1.076691818602895,172.8431853247341,161.8452885502986,19.711415149436217,173.2757577548707,162.2778609804352,20.143987579572837
CRR_0192,CRR,2.0143637957991074,605.1475258468749,184.4561047811011,171.5823206996332,229.2789863513177,160.14891951849847,1.2027832635765716,1.075029781792055,39.19155040686231,35.961849038842125,176.08614250150987,39.62001801904322,36.390316651023035,176.51461011369076
CRR_0193,CRR,1.0593933067541854,381.6885790971108,128.74196535044788,107.23165095888506,129.56647730262137,116.14049472889194,1.0461058259968827,1.2005966913613066,57.03759163679143,58.824466087369295,51.46261018649784,57.47840066806353,59.26527511864139,51.90341921776994
CRR_0194,CRR,0.34877052834421923,237.05233958640449,71.68289052316055,59.65991422519414,90.82585526191674,66.6384595204628,1.132320641508516,1.201525202543606,102.72560568898702,122.97314965208275,83.14882159953298,103.1556166162606,123.40316057935634,83.57883252680656
CRR_0195,CRR,0.8293706951826005,349.2424873664342,129.58247776399983,79.9965696736153,130.60615913737362,102.76125565362558,1.0818020439421465,1.6198504297458534,7.933377995868077,174.08294801725518,1.2613118461356065,8.380927284230102,174.5304973056172,1.7088611344976319
CRR_0196,CRR,0.3542635595718352,224.31339493577764,69.99659049805688,59.68221046856812,83.91651138746082,67.16117727567777,1.0631316201981587,1.1728216825166162,165.26818713138775,145.9083314243353,1.266675123453154,165.7103397146878,146.35048400763534,1.7088277067531976
CRR_0197,CRR,0.8292837794319132,336.611407998708,111.52369326127723,94.93131009854862,118.87267027589493,102.75587096512511,1.0427310669635548,1.1747830420280094,66.01852846184393,42.99373500469926,81.79593760777306,66.46908899111838,43.44429553397371,82.24649813704751
CRR_0198,CRR,0.389043284677308,255.2073086913254,92.86037339802559,47.61955794418562,99.53495002039053,70.38077114274948,1.1542216441198516,1.9500469430410556,11.408936004589693,170.4088964108813,13.79358232787029,11.85278452536816,170.85274493165977,14.237430848648756
CRR_0199,CRR,0.29911471305287207,209.72077548939058,63.056668853354054,55.231054575913774,75.90509826673292,61.71261468055196,1.0817269130786271,1.1416886629728238,23.10347433353021,51.22997374822564,15.295759112071288,23.55251443647493,51.67901385117035,15.744799215016005
CRR_0200,CRR,0.13886809673584838,147.831626136749,49.84840639105049,31.24480398381935,53.798985652456,42.049060901070085,1.1190801193078668,1.5954142780625327,15.787540940964895,45.76366772237052,12.579520047411915,16.226426808261277,46.2025535896669,13.018405914708296
CRR_0201,CRR,5.049235859462372,862.9171295844845,329.9846695872931,209.92070915211664,336.8686559106971,253.5524948992285,1.0833064506553054,1.5719490988770122,10.635012993086356,12.867350350069641,1.2643423418925261,11.079120899149279,13.311458256132564,1.7084502479554495
CRR_0202,CRR,0.11880615851069569,136.05237169088488,46.64144528476988,29.103104561938714,52.84693303522047,38.89327694780832,1.1134781727462733,1.602627829120607,27.113503658774015,45.761705860695365,15.294636424451307,27.563517240333645,46.211719442254996,15.74465000601094
CRR_0203,CRR,0.1538887840028805,152.91719938223247,43.45475829750582,40.41780991939496,55.435702353685556,44.26480377045349,1.099633392329478,1.0751388653706726,123.60856435667108,150.05641591685568,105.30196766406172,124.05110181249012,150.49895337267472,105.74450511988076
CRR_0204,CRR,3.3341927523944666,693.9630904297431,227.06985474747677,198.1035789358914,240.6855336221215,206.03946374706982,1.0721019571357948,1.1462178319401246,6.964864304912601,8.098484294495538,168.73421077482323,7.410087502670882,8.543707492253818,169.1794339725815
CRR_0205,CRR,0.38255202768095325,238.29210073668122,78.78887105360782,56.437125584523045,84.61012457014297,69.79114338954552,1.0868245995143213,1.3960468439451206,13.552129776751457,37.66819960179519,9.399358148351258,13.990970909271947,38.107040734315675,9.838199280871748
CRR_0206,CRR,2.364316955959374,567.2992954511135,178.08295305743513,162.616656322089,198.19770042872236,173.50336724730556,1.040769277461921,1.0951089333967892,176.30807817055714,163.4859280865311,12.572075287166104,176.75397181356107,163.93182172953502,13.017968930170042
CRR_0207,CRR,0.6945189845334568,314.2036129648078,99.99562446939828,89.67419377981143,110.39987015530481,94.03664369155814,1.0635653544740693,1.1150992303865077,156.96999545206435,156.18661373820953,1.2609890038934115,157.41661594301388,156.63323422915906,1.7076094948429417
CRR_0208,CRR,2.2893903525751984,637.5524917423282,209.35456346283345,163.41387134315565,223.29729253080936,170.73202190081153,1.188642053337787,1.2811309207846018,157.99094354956603,160.02736140129517,139.67307390333931,158.4389356983854,160.47535355011453,140.12106605215868
CRR_0209,CRR,1.6044650991580947,467.33847222545467,159.79099515264684,119.99463459575915,164.33038083754602,142.9289478165816,1.0407860561199291,1.3316511666621982,9.46060455182422,167.38239439386828,1.2616085287939203,9.9064207335098,167.82821057555387,1.7074247104795002
CRR_0210,CRR,0.12384898588501385,136.7047999131289,39.066503878951444,38.97395062555556,47.42573479332531,39.71012797815523,1.0958033004845393,1.0023747465142832,39.308810312394606,54.41585927715205,91.25780667561843,39.75823247331598,54.865281438073424,91.7072288365398
CRR_0211,CRR,0.23924897685824462,185.10889011748705,53.27236900057457,53.15720841687844,65.06134998071836,55.192504778578844,1.0675723086185018,1.0021664151885668,76.18221667494866,64.65419262247929,117.79853230609467,76.66436047560038,65.136336423131,118.28067610674638
CRR_0212,CRR,0.3293396683358742,215.65174405414865,72.07532625674021,52.95118288214162,78.88895508768925,64.75556264717325,1.0600491957613853,1.3611655553977893,178.60831345177303,151.6992086175636,12.541019470807596,179.09269593249917,152.18359109828975,13.025401951533743
CRR_0213,CRR,0.7495041234990019,316.21015197177417,99.65342710174473,89.9997633718693,107.45850288886591,97.68819217187901,1.0303478367907497,1.1072632123485429,26.171974146137618,34.87702474385315,1.2300976514178663,26.656974530395715,35.36202512811125,1.7150980356759646
CRR_0214,CRR,0.5292958172799566,273.60058631155704,79.67789497724795,79.58781868668362,93.16911370775533,82.09265286392916,1.0608716913193659,1.00113178488933,134.12609642923553,148.25853362711118,91.23015308282444,134.61083052842383,148.74326772629948,91.71488718201273
CRR_0215,CRR,4.909058618928028,874.2682914127671,252.16385359867317,243.71597383040722,336.85570567585637,250.00815108796252,1.1131166688872578,1.034662807018733,54.195048144072054,43.85760891811131,85.79410507822767,54.67550070137899,44.33806147541825,86.27455763553462
CRR_0216,CRR,1.6545389414329332,481.709008690845,169.08560027083212,126.48845233112584,182.56174571684934,145.14215130473525,1.0564314938956472,1.3367670894430268,33.463529493467746,31.011139236354193,8.357264323763482,33.94602014957112,31.493629892457566,8.839754979866854
CRR_0217,CRR,3.8395208821094187,722.931839689972,216.37605318019718,210.08951575992305,257.2718253267487,221.10246086233747,1.0407679349784722,1.029923137275722,41.46089710982093,37.37846945620489,177.14488580405816,41.94500190045583,37.86257424683979,177.62899059469305
CRR_0218,CRR,3.359327991432177,725.0604114009964,248.88621336542636,189.91742576116388,286.92795042108054,206.81463300325714,1.1159456837166295,1.3104969824012904,38.32393577438515,34.908872491601784,1.2382245149157427,38.800127420896956,35.38506413811359,1.7144161614275504
CRR_0219,CRR,0.9691866010385438,372.54333161764174,119.68436969566216,99.51627444436056,134.00631288368584,111.08585448515645,1.0675006825606876,1.20266127690077,84.65867324429226,56.025719211641174,91.23283932205193,85.14019996921567,56.507245936564594,91.71436604697534
CRR_0220,CRR,1.6728034139668289,498.0975822548509,159.56072017830178,139.99581586645317,182.6034758590388,145.94106540760046,1.0863932250538844,1.1397534932794866,58.188091746983716,50.746815664506855,91.25448182579801,58.64796898412624,51.206692901649376,91.71435906294053
CRR_0221,CRR,1.4492732379488866,451.660176381492,129.99536695498296,119.99570823552645,154.6220849933795,135.84078907614222,1.0583558908595414,1.0833334697256778,179.16786423226222,50.955381287033674,1.2601178553563366,179.62214286599672,51.40965992076818,1.7143964890908392
CRR_0222,CRR,0.22888540673165975,187.2667285414767,50.83968152056097,50.27165904509087,69.03956091974047,53.98388195225877,1.1041971953918395,1.0112990596741718,72.61476363092417,57.667720874186585,102.55268055436623,73.0863474687651,58.1393047120275,103.02426439220716
CRR_0223,CRR,0.13887771302053056,145.2117886444981,39.99958089401074,39.06768446355931,53.465091568179474,42.050516774484585,1.0992099850725654,1.0238533827445204,26.31147289499453,45.99121883395356,1.236696290086394,26.789074837895967,46.468820776855,1.7142982329878294
CRR_0224,CRR,2.114474745545158,555.6144674467021,169.7719604929596,159.2647864533863,184.01111646383816,164.08025055965498,1.0778724270092868,1.0659729892184833,174.75494281766285,140.76434082757285,1.2300243571638485,175.2392394580305,141.2486374679405,1.7143209975315106
CRR_0225,CRR,0.34925239248982,223.62080718019237,79.57494601104356,54.144357290691914,81.46943565124779,66.68447774492986,1.0674255252342653,1.4696812372122012,179.74099035447372,167.7546623837555,10.714524836100171,0.20308202209702594,168.21675405137879,11.176616503723473
CRR_0226,CRR,0.9843282463646825,399.1147199615589,147.64778404654936,93.17665188734642,149.0183078721872,111.95024110163092,1.1348091780339051,1.584600659670196,39.21424431264137,53.920728812690506,30.59088970264837,39.67091944379577,54.377403943844904,31.047564833802767
CRR_0227,CRR,2.354320754092839,671.1643931171831,266.7163153316512,140.14608026718787,269.8204454663657,173.1361974025568,1.2339318108449375,1.9031307534478148,9.737574776018135,5.7117750518006165,177.0124130519476,10.209332470264497,6.183532746046978,177.48417074619394
CRR_0228,CRR,3.7193955436216473,725.7222350691385,219.99572511853304,219.4953266066958,249.6263125518284,217.61621007293596,1.061522769689264,1.0022797684104403,98.15126766225862,120.11525879588724,91.24485330747581,98.62061523790324,120.58460637153186,91.71420088312043
CRR_0229,CRR,0.3192936092955206,220.39183186139826,84.40847017449467,51.059026862468016,84.5348591538851,63.760273661291286,1.1002603170793552,1.6531546988127352,24.958858268379984,35.344728288732476,32.21123693510678,25.425556193706594,35.81142621405909,32.677934860433396
CRR_0230,CRR,0.10376837026608705,127.05050883507522,38.92366082669732,35.81139369330287,46.48935156639155,36.34858903939773,1.1125998030639257,1.0869071770858358,29.392071495170473,36.37821648615714,77.21249427122426,29.85749209566524,36.84363708665191,77.67791487171903
CRR_0231,CRR,0.4942454765802399,268.9050034146239,101.20993458696455,66.76961828577488,104.37646356303709,79.32798280483615,1.0790028689087319,1.515808195185191,38.45952879798899,42.441461226242915,27.806939609279166,38.93176145433803,42.91369388259196,28.279172265628205
CRR_0232,CRR,1.039330479616343,382.66421932783857,115.57995706312181,112.77515038619306,146.54498662957133,115.03550176776258,1.0588540253143672,1.0248707864039535,51.79103789828642,48.978536597968315,9.384411064954138,52.25082339053414,49.43832209021603,9.844196557201855
CRR_0233,CRR,2.734437141264946,638.963185375119,217.5568181642894,158.5854259259339,235.55601924625648,186.59028647952442,1.0900261886607125,1.3718588381879282,78.98443621441737,63.293605987234635,94.40956553562691,79.46877968250202,63.77794945531929,94.89390900371156
CRR_0234,CRR,5.982919052439284,990.7537492298602,402.30702336194634,207.44629242856732,416.10764905608175,276.00161467852183,1.142626333983046,1.9393309885279244,25.803275954457735,22.526994357620787,7.584810254493162,26.28431771786218,23.00803612102523,8.065852017897608
CRR_0235,CRR,0.9294165784541092,361.7808075136004,119.68323558262946,99.9984198324905,134.97175026464268,108.78280844049866,1.0586085183314848,1.1968512680811698,33.847175363710654,37.69538998567495,1.2412336091543632,34.31991381783892,38.16812843980322,1.7139720632826299
CRR_0236,CRR,3.193907643206154,706.6971871858581,237.1522377607335,173.4746828399362,275.1435585459491,201.6583624242238,1.1154940391032053,1.3670711707226586,72.88749325886143,61.04987111135266,95.0644683116842,73.35102079619266,61.51339864868389,95.52799584901543
CRR_0237,CRR,2.8293813763440805,616.5099384043392,201.67632948373767,171.14494280735585,211.0310666086123,189.80200882758027,1.0339258764269994,1.1783949100427031,42.914466906778976,71.28411256267857,50.65918055546198,43.36791390623175,71.73755956213135,51.11262755491475
CRR_0238,CRR,0.24424783230826816,186.0436714820206,62.39047852988454,52.40210521225431,68.97423034451923,55.766118639432825,1.0619268713598753,1.1906101534885365,52.289461494764396,46.41833677909304,77.22212820417161,52.744975989569525,46.87385127389817,77.67764269897674
CRR_0239,CRR,0.2842820809888644,199.65224691316115,58.53726383272707,58.47012623045653,69.26827297999046,60.163044086434525,1.0563176274784916,1.0011482376830507,52.070696662347466,47.62706279452292,102.55360729021739,52.540833934369644,48.0972000665451,103.02374456223957
CRR_0240,CRR,1.9791842126199723,563.0159446727021,203.26958735149813,134.83298452656373,231.7810391347188,158.74431031767014,1.1289446589285321,1.5075657344917077,58.67817006766082,51.55238603776699,80.94377547761219,59.14338664459805,52.017602614704224,81.40899205454943
CRR_0241,CRR,1.1392938841475149,414.06685814977334,125.45967624944107,121.77423282334458,160.803975242294,120.44060886476525,1.094328364265622,1.030264558771172,38.0155437722348,43.648149191486674,174.89967950827256,38.48945524350503,44.1220606627569,175.37359097954277
CRR_0242,CRR,0.5343345683662629,268.36255003164547,88.90578362640252,79.73278219565908,89.67609444859399,82.48247708228216,1.0356436394526547,1.1150467997997797,12.888972691335331,7.777424963604994,15.29267881083557,13.34631404291564,8.234766315185302,15.750020162415879
CRR_0243,CRR,0.3489335607465305,234.36476687655755,69.99880439386042,49.999138658015724,83.5713451215791,66.65403273829212,1.1192214365014752,1.4000002054563077,1.2422347975706243,145.98467059718072,1.2422348702858865,1.7136538711528475,146.45608967076294,1.7136539438681098
CRR_0244,CRR,4.4038256732166365,880.3955109894193,351.8597059314164,193.27093152600756,373.20016814142724,236.79368647114245,1.183471565800866,1.820551611943094,44.51094973243419,40.83868048828096,60.308421212974295,44.979711602416515,41.30744235826328,60.77718308295662
CRR_0245,CRR,1.8592632342314799,516.5322952455126,189.4202862390461,128.51303113767867,189.99360729364878,153.85991920886076,1.06861707035384,1.4739383591078499,41.506855790007755,47.50829645745491,51.96051405074378,41.97053448777881,47.97197515522596,52.424192748514834
CRR_0246,CRR,4.634660327765992,827.202096549104,269.9987714670842,229.99902319201226,302.7568293284921,242.92041506894583,1.0839212716181408,1.1739126876277148,20.89856716770458,28.352464073106848,1.2302367128106673,21.381864444116324,28.83576134951859,1.7135339892224124
CRR_0247,CRR,0.21863384307447553,188.4705843440056,67.14355967704529,39.99899831438835,75.93640015678974,52.7610893386257,1.1370510162612117,1.6786310284398436,163.83560256614157,152.53434520655196,1.249362981665874,164.2997596051893,152.9985022455997,1.7135200207136165
CRR_0248,CRR,0.8694097624126463,345.7261204928759,109.68444993632406,99.58517744950528,123.94067352030697,105.21249403386386,1.0459598270660764,1.1014134105644349,161.06419176690707,151.99649879835823,1.2319661395269892,161.5456928153547,152.47799984680586,1.7134671879746293
CRR_0249,CRR,1.4594380104150382,444.1563556966291,135.15224754100527,133.09771676077474,151.5543698308843,136.3163302011184,1.0371417629935678,1.015436258639382,53.32433856387251,33.3854195492848,79.94806532653428,53.77988606339942,33.840967048811706,80.40361282606119
CRR_0250,CRR,0.23924889042899208,185.10885778926848,53.272359777618554,53.1571943700069,65.06133798237104,55.19249480936722,1.0675723150045642,1.0021665065091667,166.18030337767973,154.65227080484883,27.79661651458677,166.66212785343725,155.13409528060635,28.27844099034428
CRR_0251,CRR,0.194148405835008,173.54197885305052,59.998502631780234,39.535020766118,65.21446823555327,49.71895291097985,1.1110476850896267,1.5176039235370704,174.7957778617032,155.1276479045418,1.2492278425750318,175.25994656718353,155.59181661002214,1.7133965480553854
CRR_0252,CRR,0.8044400571567533,329.01408555816585,99.99782748737834,99.58586288562317,115.36184175635385,101.20498466681336,1.0348149991986093,1.0041367779503836,38.56399401443799,32.01909544277869,1.2462240740677277,39.03114265726795,32.486244085608654,1.7133727168976876
CRR_0253,CRR,0.6743528113609476,308.11647938128544,99.9966501289768,79.99732990225436,115.11180689234943,92.66135475634327,1.0584404009751787,1.2499998468843752,114.49801449783989,122.6707729660251,91.25699525097312,114.9543826875208,123.12714115570601,91.71336344065404
CRR_0254,CRR,0.12892457138874505,139.99756974366406,43.15805169896198,31.528592842432342,51.04131859180096,40.51565901971505,1.0998861074783135,1.3688543575239513,9.585039313635301,159.84024316600954,15.292700109880675,10.041909634025576,160.2971134863998,15.74957043027095
CRR_0255,CRR,4.228828949570795,820.1751201210002,242.43716083552968,219.58898747767196,311.5120481622307,232.04120854956767,1.1251012299426277,1.104049723168294,64.04855595615442,54.073930425564384,93.8576114975649,64.50677195841165,54.53214642782161,94.31582749982213
CRR_0256,CRR,0.15890126959644002,159.39339147966672,54.06755500103264,31.37745963453052,60.244078419600235,44.97992665165325,1.1279807700281403,1.7231336007052636,8.53717203743803,163.41502805618745,12.568943539130135,8.991426561187637,163.86928257993705,13.023198062879743
CRR_0257,CRR,0.19386913786496596,172.13158296687055,50.07936039447811,43.46866267694674,63.899425518029226,49.68318154399814,1.1028115124692373,1.1520796203614816,168.14473804041884,154.75077255648165,15.281891464703383,168.61231765257077,155.21835216863357,15.749471076855315
CRR_0258,CRR,2.2044908555597296,594.646312285256,188.88312262501302,159.99545179167404,213.34226981664452,167.53641196186874,1.1297949966017609,1.180553075164617,57.33793297599859,63.169700645462264,91.25216042592334,57.79895040743523,63.6307180768989,91.71317785735998
CRR_0259,CRR,5.76414972162709,918.0379451712328,285.9331291807172,270.8382064308217,303.6455789810775,270.9085337775426,1.078668692215558,1.0557340965620043,150.30239476494938,149.0688665169182,129.4023454502043,150.76653982190925,149.53301157387807,129.86649050716417
CRR_0260,CRR,1.154239823595985,409.11321268946705,129.7566023507212,109.63871900250909,145.79124906853528,121.22804079545898,1.0742133528924211,1.1834925063996025,103.56781151628678,120.01342378507182,91.23327897502813,104.0474756607757,120.49308792956074,91.71294311951705
CRR_0261,CRR,1.3044078724053205,424.8603743385767,129.854768667727,123.92011825528571,147.35040327869817,128.87294850395534,1.0493843663052715,1.0478909356769286,42.387762214136295,43.9973673420976,8.365111667499171,42.86052952511665,44.47013465307795,8.837878978479523
CRR_0262,CRR,3.6043806312710607,708.1860226193528,218.7624075752385,214.03444949927658,251.64091834046855,214.2251141675925,1.0522697730041357,1.0220897060591076,6.211201191059018,18.96023228909,154.69203209002222,6.6669540245,19.415985122530984,155.1477849234632
CRR_0263,CRR,1.5892894153653716,475.7399152007779,173.56093600858352,115.90072815573586,173.58419146040092,142.2514018093396,1.0645428891000457,1.497496510767125,24.98601385756913,24.806601121590077,23.868716634415748,25.450012069189434,25.27059933321038,24.33271484603605
CRR_0264,CRR,4.824399875063744,810.7174898758977,259.9949872398435,229.99559647130485,298.3250787051363,247.84302896282028,1.0412211027662908,1.1304346310486058,65.42889300268801,61.878617324248964,91.24337434257,65.89834566358546,62.34806998514641,91.71282700346744
CRR_0265,CRR,2.334215512414861,616.4146607661536,210.23811721574876,137.71609109097514,223.9195524001539,172.39534495864012,1.1381448875987215,1.5266053193222398,107.08087771797378,79.27278552303464,103.7725614031686,107.54980722944178,79.74171503450265,104.2414909146366
CRR_0267,CRR,1.174082659828668,429.29038783414285,147.23118861318088,110.003432648438,151.0674199698097,122.26563177286175,1.1176270265804311,1.3384235843232253,89.31148776952114,79.88496861967064,104.23634962392967,89.78240494185192,80.35588579200143,104.70726679626046
CRR_0268,CRR,1.3541741042542954,445.3302098297493,163.88867945082688,102.85612135308786,168.97236246213012,131.30834017658154,1.0795430679763658,1.59337798562542,129.14351652802645,132.01669122291526,117.81760173149827,129.60359505598524,132.47676975087404,118.27768025945704
CRR_0269,CRR,9.810115310876775,1289.7165654422474,437.1366802580453,337.5454553260588,499.0009145471446,353.42080799268444,1.1615884630193276,1.2950453734765421,53.33053373889397,54.24625587740938,83.3940844733386,53.80464497676992,54.720367115285335,83.86819571121455
CRR_0270,CRR,2.859293312720046,625.795885926356,199.28759531094664,179.9956705214388,215.1829036761521,190.80265500647434,1.0439949969078977,1.1071799379041734,38.95417940265819,56.80429453467786,1.247454013544987,39.419285559993355,57.26940069201302,1.7125601708801526
CRR_0271,CRR,2.2293388756332178,556.2151919147869,171.8957411789448,167.89340583707008,183.73945783300644,168.47796339793635,1.050872119185765,1.0238385499532885,169.06058349350525,168.68728642873864,147.5666400307892,169.51636156496994,169.14306450020334,148.02241810225388
CRR_0272,CRR,1.919404874861591,513.4544502731683,161.5223887756226,151.7776246300383,186.8211876119421,156.32857029446743,1.0454750997796158,1.064204220940586,144.4815386803858,155.12859865386622,103.7792170574736,144.94354814416243,155.59060811764286,104.24122652125024
CRR_0273,CRR,1.2039459927247795,437.4542080641648,161.0271708975726,101.61087987158825,173.6840981370623,123.8108092075414,1.1246675477753278,1.5847433965838331,52.913652620835514,44.42868194852857,66.47910174132204,53.37186970049743,44.886899028190484,66.93731882098396
CRR_0274,CRR,0.32174952580144894,289.8854948854162,122.39718611635422,45.879853046167995,122.77502311888126,64.00501697134307,1.441659158134779,2.6677763329622772,63.36927808798151,61.922817528914656,57.42661068476165,63.850703920114015,62.40424336104716,57.90803651689415
CRR_0275,CRR,2.574565597084604,806.7486749486371,242.81409921258663,166.6141521073679,252.01862115543688,181.0535481210687,1.4183432557207198,1.457343785875492,105.51654976394913,73.46301614683884,101.7484000555285,105.99884717282379,73.9453135557135,102.23069746440316
CRR_0276,CRR,0.5594222885610863,276.7699631232731,82.12045997729734,80.16100330524294,93.99716853322191,84.39659827281076,1.0438645308438088,1.0244440138129638,157.20557122813725,161.13538099311444,12.568729770531656,157.6591672797341,161.5889770447113,13.022325822128522
CRR_0277,CRR,2.6994073354779373,602.3830407411773,199.34947943833484,171.16379015559758,204.7999540735235,185.3912664307218,1.0342692017211188,1.1646708644224042,12.258810813610365,29.597733688143705,8.372430404881378,12.723689346537517,30.062612221070857,8.83730893780853
CRR_0278,CRR,0.86440242273144,347.24062274178686,119.33174109806527,89.81611316233595,125.07205999189216,104.90907240017663,1.053580215462287,1.3286228594905016,101.86603992501664,111.00792772808565,91.24435521916,102.33397857714205,111.47586638021106,91.71229387128541
CRR_0279,CRR,0.1289235544688131,139.9970176158717,43.157879785957604,31.528471035574185,51.041117298208206,40.51549923146826,1.0998861075064021,1.3688541933182148,99.58762908700795,69.8428329631091,105.29529382678,100.04082075629937,70.29602463240052,105.74848549607141
CRR_0280,CRR,0.19901714565155199,169.89600215832226,56.49615190188295,44.50451819795737,61.91545943274655,50.33850414184689,1.0743183181945157,1.2694475570005377,52.31693437108985,53.861041983732164,27.80875176202785,52.785434512959995,54.32954212560231,28.277251903897994
CRR_0281,CRR,0.9192285942435489,385.9808929674558,149.40915741434117,79.68269683651276,152.25472674493568,108.18494335360165,1.1356620459467892,1.875051464697388,6.200151088603022,12.347703476679055,1.2529618514043532,6.659382293426515,12.806934681502549,1.7121930562278465
CRR_0282,CRR,2.259330759591563,627.5707390455647,249.99708059813273,129.9984566453773,261.0721685256201,169.607466455593,1.1777899563765561,1.9230772968336045,168.34754096522025,164.48729433498391,1.2359099064027192,168.82380881405788,164.96356218382155,1.7121777552403614
CRR_0283,CRR,0.1588125383025612,156.05628280863903,49.06818260929245,38.80531748870039,60.28135511586112,44.967366385701155,1.104673491282756,1.2644705876605822,139.65449634808738,142.532138303458,105.27034888314613,140.13248254669162,143.01012450206224,105.74833508175035
CRR_0284,CRR,0.15886137431685257,156.5167899786063,48.924432277468895,39.281587564471025,55.57072732026608,44.97427975089669,1.1077629676314966,1.2454800152150551,86.4545692910654,121.91825390159951,91.2421596800184,86.92446799785965,122.38815260839377,91.71205838681266
CRR_0285,CRR,0.6339787790038999,311.6920852833366,89.99673573720034,79.50791589664532,117.60599980061843,89.8446911036306,1.1042908709707615,1.1319217051820318,158.89860645219892,139.75996738421202,1.258480530395197,159.35217444594127,140.21353537795437,1.7120485241375434
CRR_0286,CRR,0.5440878023790789,285.6119513753286,88.43186988261759,70.42450513007792,100.97283820080817,83.23185122277971,1.0922874644668388,1.255697426901035,98.81774243511265,62.34929755872262,100.71090207794164,99.28116538967882,62.81272051328878,101.17432503250781
CRR_0287,CRR,2.369455297380533,571.6688692023424,181.06525886865134,163.30936467087602,191.97796746852177,173.69180130642636,1.0476479103903529,1.1087255114460797,28.166681577947735,10.336666191372805,36.79029138182183,28.626099731611124,10.796084345036192,37.249709535485216
CRR_0288,CRR,0.874312609431254,353.2289276193053,109.99805494502165,99.32289632621237,124.25915673698992,105.50873844324279,1.0656582706446376,1.1074793326983559,78.25387031428295,62.1210718672754,91.2410443629296,78.72478997429121,62.59199152728366,91.71196402293786
CRR_0289,CRR,3.8693407592391895,718.437147683093,229.86101257314564,199.99320770153992,239.59389956902382,221.95940319614562,1.0303039358378656,1.1493440963064054,10.041203354425807,164.38288808383894,1.25602717650934,10.497074198725606,164.83875892813873,1.7118980208091388
CRR_0290,CRR,1.5193779243295267,468.2342757274777,157.2039561783482,118.76437796109589,165.95881359832666,139.08745653918555,1.0715818861219348,1.3236625230323196,150.28039634454424,147.7262113179164,167.19945451524026,150.75656183679808,148.20237681017025,167.6756200074941
CRR_0291,CRR,0.16372930678113937,160.34480209977764,50.12245492350139,40.20003957740599,60.55890894587467,45.65814582588978,1.1178582656679314,1.2468260093871197,30.267954218244725,52.18240043127488,12.54212352679161,30.747533650984774,52.661979864014924,13.021702959531657
CRR_0292,CRR,0.9243666955738987,360.1334434912078,122.26055723448162,97.78801545307063,124.54897257310444,108.48687619435162,1.0566626990282113,1.2502611559098016,126.73969663626178,121.07945436831177,109.6934931850876,127.1929717928713,121.5327295249213,110.14676834169713
CRR_0293,CRR,0.29909206865714544,209.63331689251532,65.777336183098,52.94997323567932,78.06288966245867,61.71027866821879,1.0813167381587703,1.2422543801924948,76.15279171879801,61.583374531714234,102.55874686275773,76.61577450766751,62.04635732058372,103.02172965162723
CRR_0294,CRR,2.9944748759035495,633.2675614942954,196.29736714603413,189.09845668771464,220.12231529965734,195.26094918637259,1.0323381416667,1.0380696415212318,164.1064730319923,162.77765790300847,15.273932874952077,164.58044470226798,163.25162957328416,15.747904545227751
CRR_0295,CRR,6.372884643284796,933.6282313868776,327.4481776028356,251.1080530310624,336.8070590440118,284.8545021913054,1.043280319547646,1.30401304796995,98.23657800529497,79.68906765525472,116.24632070603208,98.7187442025688,80.17123385252854,116.7284869033059
CRR_0296,CRR,0.47392580751887525,272.4527546730252,98.77325585956304,66.4833570385231,104.84476921364129,77.6801827626311,1.116428955830812,1.4856839404533964,66.42104768538567,57.48855880232125,78.70787645058026,66.89594363272651,57.9634547496621,79.1827723979211
CRR_0297,CRR,3.1092252153110724,658.7930272816734,214.37700910424536,194.9613208389928,222.9391431042174,198.9670449502067,1.053945057007726,1.0995873857527199,124.34591782550719,117.7287997381556,143.37305394161993,124.80947972612816,118.19236163877657,143.8366158422409
CRR_0298,CRR,0.4838427708448673,298.79388567549404,113.91136138715771,57.90602274503502,114.39552786182003,78.48870933286638,1.2117545128488065,1.9671764004362517,55.82671071229571,59.39690675639197,64.6702221336617,56.3028981173521,59.873094161448364,65.14640953871809
CRR_0299,CRR,2.7545308010164384,623.2956807088595,194.1537849009453,182.45506269827015,211.47637143255912,187.27459899957478,1.059413173196734,1.0641183753942831,118.56699669188157,140.5343461053083,111.23662913919573,119.02494697056741,140.99229638399413,111.69457941788157
CRR_0300,CRR,1.7942762200685,522.1984995472633,178.72789634569799,127.5790312368917,190.4051551762266,151.1470620809133,1.0997299098493418,1.4009190586643654,100.43002460148873,117.7386175594518,97.5682566194677,100.91341824196404,118.22201119992711,98.05165025994302
CRR_0301,CRR,3.134166000989337,663.3337621912129,208.41066795445266,176.31888189931132,233.0160288718925,199.76346243054783,1.0569785474075877,1.182009922643836,73.35148927530197,41.44051262006314,86.85879528482565,73.80547513397632,41.89449847873749,87.31278114349999
CRR_0302,CRR,4.819152099807147,896.2964753737857,277.92397271049003,256.660613282572,328.9606940809344,247.7081957781768,1.151758536559078,1.082846211407233,162.3710154285199,156.2798809910489,24.26179421114464,162.84439287825003,156.75325844077904,24.735171660874755
CRR_0303,CRR,1.2443798082137778,424.3636249925533,135.15428627878262,123.594752195431,143.94921609092702,125.8726968205472,1.0731408842737244,1.0935277095347333,9.878953341176029,165.39652344148587,15.283551759005254,10.343018097050356,165.8605881973602,15.747616514879581
CRR_0304,CRR,3.2293336600165703,676.1781923366221,225.75505721555047,188.39698739005067,244.55888988188738,202.77365013919916,1.0614505548175441,1.198294411938525,25.23158291713085,27.608074186096406,50.64537071121174,25.69619960880311,28.072690877768665,51.109987402884
CRR_0305,CRR,0.6441036308558651,310.31617783269235,101.92058642408438,76.74669840750671,117.76694928426362,90.55927416411788,1.0907409335890121,1.3280126512141317,24.39539424606754,42.75924622752027,8.357510575345222,24.87410634253001,43.23795832398274,8.83622267180769
CRR_0306,CRR,1.0744149843073472,386.6038506861263,124.21419454646183,111.57807117265592,142.84974598054418,116.96100399176316,1.0521440780277709,1.1132491648314369,42.775555234496224,57.08569083870389,9.382012203313606,43.234824870941026,57.54496047514869,9.841281839758409
CRR_0307,CRR,0.6343859462387639,294.15653881981774,89.99821912615631,89.53423125988539,101.31927236170179,89.87353744987615,1.0418298539119426,1.0051822399069261,18.87211420488581,28.58647269072914,1.2423134803392952,19.340924316937492,29.05528280278082,1.711123592390976
CRR_0309,CRR,0.4172753552083932,318.9411608606714,81.78904070400586,65.21284062969573,87.72643346279565,72.88974436055719,1.3928176796820135,1.2541861374884178,176.51001202826646,155.90731158457427,10.707345235488754,176.9760802384632,156.373379794771,11.173413445685494
CRR_0310,CRR,0.5444149478826523,274.8737948186515,86.04703899873121,80.14835301439678,94.215994366386,83.25687001017548,1.0509048242257744,1.0735970954172305,73.31891721301693,73.09946056550126,102.5377283661984,73.80218450205771,73.58272785454204,103.02099565523918
CRR_0311,CRR,0.11870698646991089,137.6291903670661,39.99953939706483,38.076699666336005,52.77960532679348,38.877040706544584,1.1268535651154457,1.050499117506994,120.48205533065817,134.4625365682807,91.23464840186392,120.95848781688164,134.93896905450418,91.7110808880874
CRR_0313,CRR,0.20893620519739498,178.78085314168436,52.65147395967195,41.183938636839684,64.4009353655069,51.577692734768945,1.1033396415774255,1.2784467853828427,7.679366848486573,154.90953932425316,12.54385272505913,8.156401763924181,155.38657423969076,13.020887640496738
CRR_0314,CRR,3.0594058626530765,646.4809911206643,209.83121341293617,189.99339785417075,215.467622041075,197.36657588671116,1.0426349536596398,1.1044131837359523,16.894146653848132,34.35937643047535,1.2557993423173999,17.34931842806175,34.81454820468897,1.7109711165310193
CRR_0315,CRR,3.9392596584407684,780.7653900352088,255.47121193784173,207.60969671162312,304.5064665504976,223.95582542337937,1.1097069789031977,1.230536029791999,49.52740458387135,39.601472278933336,72.81384940836959,49.98954175683181,40.0636094518938,73.27598658133006
CRR_0316,CRR,2.1444522865307984,543.1400239715366,179.6827497264142,139.99810661861005,191.86726425930962,165.23926449269715,1.0462818249828387,1.283465570115995,177.98150769569918,160.0194797265394,1.2360913813828345,178.4562173612406,160.4941893920808,1.7108010469242458
CRR_0317,CRR,0.15887236159479087,156.44029919809682,47.77827374353057,40.29809839695632,55.64822158901386,44.97583499480045,1.1071833093940604,1.1856210502265094,93.75496514196395,60.621188873986846,105.28392956978098,94.21807211774798,61.08429584977087,105.74703654556501
CRR_0318,CRR,0.27427473930103463,202.01513389442374,69.99968938990119,49.68490098966489,78.55784691959857,59.09462278414211,1.0881432395671864,1.40887247424448,14.830194033381396,30.627230079497963,1.2277594539688998,15.313166426275338,31.110202472391904,1.710731846862842
CRR_0319,CRR,4.6994202265003215,869.0879718952705,319.99221218972946,199.9950961443166,356.9839600147778,244.61168552848173,1.1309324524705673,1.6000002918012692,27.357535437701994,28.189618319164907,1.2461795484426759,27.82198446784361,28.654067349306523,1.710628578584291
CRR_0320,CRR,4.729374683888316,969.7105409490559,378.376338238599,181.23863289317225,393.10748623711606,245.39003381139918,1.257868737073288,2.087724522075963,28.160962332940073,24.87065032662366,40.64956739868918,28.63375297562919,25.343440969312777,41.12235804137829
CRR_0321,CRR,0.7460369967556518,333.0337104413847,109.23237613543897,89.57578779647257,111.33008812342914,97.46198264476023,1.0876848550511393,1.2194408647974009,100.03291658948991,136.24678835905112,91.25181103693932,100.4916113506025,136.7054831201637,91.7105057980519
CRR_0322,CRR,0.7142060122642053,321.3882769484864,100.42647622282583,83.32063930036702,112.10740534822074,95.36012468020336,1.0727866201869058,1.2053013162896298,13.753409511212574,52.53552017432949,13.758220073293199,14.234430557498381,53.0165412206153,14.239241119579006
CRR_0323,CRR,0.594000759760952,321.3666708122156,108.89873394595453,80.0311596855763,111.88742220504936,86.96581264671626,1.1762574889635393,1.360704185392192,115.27905907144493,142.42801011230483,103.4920835362123,115.73599902690884,142.88495006776876,103.94902349167621
CRR_0324,CRR,0.2238712516587737,184.92606870083404,59.06658075790969,49.281049471769364,74.5262310376698,53.38929954038618,1.1025392051838214,1.1985658055384143,122.39519578994532,130.84794228913927,91.24713622185944,122.85851343918952,131.31125993838347,91.71045387110364
CRR_0325,CRR,0.3089972034516065,219.0701088410155,69.28165260460045,59.4171974522019,88.84283610203487,62.72379601452402,1.1117340760962144,1.1660202024899273,125.872646047903,131.69028032737944,91.23245881565073,126.35062132355358,132.16825560303002,91.71043409130131
CRR_0326,CRR,0.1139042796577661,134.08159599382668,44.2314083455539,30.60163956119907,48.40959395965377,38.08246751128933,1.120712504973158,1.4453934161631166,111.27999742366576,80.61433997169786,117.80443523937008,111.75103236498174,81.08537491301384,118.27547018068606
CRR_0327,CRR,1.9044783413926314,574.7442327533876,178.91605634921265,149.6153199185673,217.5298638287473,155.719527881147,1.1748479705907862,1.1958404824224762,26.062322687182185,30.85985246486774,168.7154316199725,26.528443876898887,31.32597365458444,169.1815528096892
CRR_0328,CRR,0.1481960435303002,160.60856480136383,59.002129495237384,31.622356492885885,64.56690709840937,43.43835436524636,1.1769159934605211,1.86583594769451,123.55083077013703,137.22184835846718,109.67048061352457,124.02559929771544,137.6966168860456,110.145249141103
CRR_0329,CRR,0.5293264379910474,272.7858180283333,89.29100584508896,69.9991041801155,93.47176656411001,82.09502743309162,1.0576818767728509,1.2756021222119251,102.51701378949545,122.9110219102864,91.23508522854998,102.99217504325334,123.38618316404428,91.71024648230787
CRR_0330,CRR,0.15413335290671643,155.30746862535483,56.95729236822723,35.38313786683914,61.6291410822324,44.29996389202274,1.115935506903008,1.6097298261838797,50.2893616278326,40.18060625358302,64.68395530417648,50.750613958410185,40.64185858416061,65.14520763475406
CRR_0331,CRR,0.6603226922230889,306.970610686397,108.29515617978186,80.19103083976434,111.54052526464082,91.69236413270316,1.0656479530611829,1.350464697182587,42.871644752456966,45.358192396882316,60.274935635333144,43.34319927391158,45.82974691833693,60.74649015678776
CRR_0332,CRR,2.448494913131398,701.9416881372415,179.74379323989987,177.02281875488868,206.4671359502481,176.56501772666587,1.265454401644357,1.0153707556130305,144.1856126127931,126.86579829981393,86.84462930477025,144.65247941970568,127.33266510672651,87.31149611168283
CRR_0333,CRR,0.25395247135042626,194.54316039074257,64.37042729391763,49.01426022024246,70.56435935688398,56.86319802882935,1.0890173853819571,1.3132999866706792,174.14128303109413,164.61648231338017,10.697186741018601,174.61663424835342,165.09183353063946,11.1725379582779
CRR_0334,CRR,0.11893938701549814,134.36530421863625,39.99895796011381,29.9992218954062,47.53975767873552,38.915078179889626,1.0990548315276654,1.3333331810929028,91.24712173746241,54.80081719378587,91.24712165421819,91.71023073159739,55.26392618792086,91.71023064835317
CRR_0335,CRR,0.12385208758277247,136.70651042529204,39.06698895447717,38.974437861310285,47.42632750211893,39.710625229072974,1.0958032900020833,1.0023746613997673,53.19827378922605,38.09113158025006,1.2491765938233779,53.65931334221621,38.552171133240215,1.7102161468135364
CRR_0336,CRR,1.0495174397327975,376.6329167523422,119.68434034646076,109.99926166532201,133.2899011392896,115.59788523831224,1.037094931428501,1.0880467608101412,142.00264551492685,153.5026488254573,1.2292651301343533,142.48353111614045,153.9835344266709,1.7101507313479658
CRR_0337,CRR,0.5645074646451423,282.5862967996837,89.58551472083757,79.99774920256627,93.63213859397071,84.77931512370114,1.0609900757060908,1.1198504409667032,33.74179381033393,33.19210969276424,1.2489475217683212,34.20298091929306,33.65329680172337,1.7101346307274508
CRR_0338,CRR,0.5742279622807801,306.7888500730857,99.17603502192068,79.99904461123052,118.4929824251031,85.50612546879789,1.142069336130251,1.239715242899264,34.83031695509245,42.75871371543353,1.2340028239141632,35.30642882284707,43.23482558318815,1.7101146916687813
CRR_0339,CRR,0.1386382322795635,148.47178676431346,48.82213215094589,37.751796047169094,59.43530767720324,42.01424517357407,1.1248574703938288,1.293239984925351,132.99697171069283,141.2734810639803,105.2811200440207,133.46220661072866,141.73871596401614,105.74635494405653
CRR_0340,CRR,2.389306077136254,572.1504671246615,184.3972222433777,162.9629486161878,189.87183659903084,174.41785980472076,1.044165719464495,1.1315285088371356,66.7600237016694,44.36507706833067,59.63305136625652,67.21412938189401,44.81918274855528,60.087157046481124
CRR_0341,CRR,1.2094843290512791,406.2508096901172,129.52160665599436,119.63288871628635,143.25628538465503,124.09525681852487,1.0420515038994635,1.0826588578259568,126.86855568212998,147.03370026612018,91.24514675886326,127.33345244143993,147.49859702543012,91.71004351817321
CRR_0342,CRR,0.18379114911592231,168.95884745767555,49.10447894329402,48.353332662536296,60.98955074993519,48.374596538545866,1.1117668229262263,1.0155345296672738,59.75739497658715,40.110205374101405,91.24185326358496,60.225575209112236,40.57838560662649,91.71003349611004
CRR_0343,CRR,0.24905799765889133,194.33177569316987,59.99846160071951,49.41652471242345,75.24735412070271,56.31256445517803,1.0984711138847616,1.214137617929974,159.21071785579622,141.7421835279314,1.2466731944652119,159.67407959548925,142.20554526762442,1.7100349341582444
CRR_0344,CRR,0.3691153696222356,232.368835493801,69.72377470947508,64.83531010067836,86.95662679978207,68.55452466267757,1.0789265616330639,1.0753981835084272,65.73970449346587,64.71511325881832,23.043498988613248,66.20757257361576,65.18298133896822,23.51136706876315
CRR_0345,CRR,0.15887427291187542,156.44123991591437,47.77855603168649,40.29834626983368,55.64855586487212,44.976105535322446,1.1071833072113675,1.1856207624939763,3.7486298541314365,150.6148537762405,15.27759419213759,4.217221750354776,151.08344567246382,15.746186088360929
CRR_0346,CRR,0.7988702732584699,355.40888421492355,109.1540791781563,79.99790119087548,125.54133573509114,100.85401444791721,1.1217219473358968,1.3644617865375492,91.24728108175857,52.70001074560302,91.2472767252095,91.70994593942756,53.16267560327199,91.70994158287849
CRR_0347,CRR,2.709442892191103,612.8464771702369,197.99393388214457,174.56359641025563,209.33601212985405,185.7355602607999,1.0502840281219237,1.1342223576605484,34.34681814115492,25.96297631779202,52.808605439657995,34.801636671621885,26.41779484825899,53.26342397012496
CRR_0348,CRR,5.78907513287974,1038.224253714448,310.8285081270554,287.5523863794588,350.5015568787714,271.4936350381985,1.2172552184753784,1.080945674075822,177.00721215823475,166.81616915521138,130.367196553538,177.46584320494293,167.27480020191956,130.82582760024619
CRR_0349,CRR,0.8492296887059688,355.7162835948575,123.72571973076442,89.05071280254458,137.12137002738646,103.98426910949424,1.0888955677091148,1.3893849452402027,16.629294872961697,30.66723518026306,173.09840542064848,17.110619297267196,31.148559604568558,173.57972984495396
CRR_0350,CRR,9.26637746342326,1335.324378733187,467.9432508943635,310.3788841648041,525.4164935318896,343.4868006615859,1.2374476987014458,1.5076516952934733,14.590199735712027,22.95946355356357,172.630790671722,15.069054710723004,23.438318528574545,173.109645646733
CRR_0351,CRR,0.7043862423883213,310.976305378266,89.9975262240023,89.78538575577701,106.9621287056638,94.70229239972062,1.045242199132907,1.0023627505349515,165.86816360143473,146.97099517713013,1.2481840409658314,166.32977325273856,147.43260482843397,1.709793692269656
CRR_0352,CRR,1.1794172896037365,399.9445350906882,119.99607804182936,119.67713829566374,143.25918009663008,122.54308356116395,1.0388697243855844,1.0026650014422778,52.125703822693396,36.14655367609947,91.25295824295254,52.58250200588304,36.60335185928912,91.70975642614219
CRR_0353,CRR,2.0044440512749717,532.8926279831327,179.99582724682463,139.99673365957676,192.2407449822963,159.75410577798775,1.061787995591312,1.2857144773428195,9.647060920051354,21.804325584999397,1.2441882335704446,10.112652463579622,22.269917128527666,1.7097797770987122
CRR_0354,CRR,3.344586122262771,680.0209157676608,205.68767231298304,203.57525693865148,223.83754781892372,206.36034773273167,1.048929131389848,1.0103765821352648,123.29283237928955,112.70528970271434,167.19113988100892,123.77514826296321,113.187605586388,167.6734557646826
CRR_0355,CRR,0.5392882663770423,279.54911469613813,94.31337659754685,72.87205095836593,97.28992211540643,82.86393345496704,1.073847730509507,1.2942324987042153,14.240065748321495,24.880057948387005,9.362442135462807,14.71742453046608,25.35741673053159,9.839800917607391
CRR_0356,CRR,1.589268940887223,481.0543045145209,154.61054876612963,122.15699940418509,186.40838928471626,142.25048550908295,1.0764416048932393,1.265670813135843,20.527906760857164,33.6822083209232,176.04426920231077,20.998907593097922,34.15320915316396,176.51527003455152
CRR_0357,CRR,1.4592708369781504,458.20211045541424,149.76529943121753,119.77086044076552,164.82157370523169,136.30852270197047,1.0700010442276415,1.2504318569647932,83.63165470266543,58.143253946702885,91.2516797577202,84.08965886489895,58.601258108936406,91.70968391995372
CRR_0358,CRR,0.46408800522917343,264.9315687750276,84.30396847961845,73.77300100402152,103.66188417074137,76.86970798012977,1.0970555205578625,1.1427482592855733,50.147898210098234,50.10172692527213,10.712989751424619,50.60687198233106,50.56070069750495,11.171963523657439
CRR_0359,CRR,1.3743145157243455,452.31831179922654,147.65499634924282,126.10408880173375,170.26480088843272,132.2812000370344,1.088419142760628,1.1708977698684484,34.22455539809417,36.165328785569244,175.51890962034133,34.70465738498571,36.645430772460784,175.99901160723286
CRR_0360,CRR,0.20388349107337675,176.27552336702638,49.28115253673674,49.235739941035334,61.49189578386803,50.95022309600635,1.101275683802539,1.0009223502227405,40.47665202059908,52.59514528808118,91.24454945599739,40.9417195229691,53.060212790451196,91.7096169583674
CRR_0361,CRR,1.4194530847193545,451.6856907032,140.0733545524048,128.20847913740985,151.52242189212757,134.43599961918656,1.069475595866086,1.0925436093994887,112.76464604899648,115.34518680466637,85.52655067836335,113.23706274506324,115.81760350073313,85.99896737443011
CRR_0362,CRR,0.128923658602752,139.9970741520125,43.157898924927814,31.5284812287161,51.04113790394393,40.51551559402392,1.099886107483322,1.368854357805845,9.584635779357317,159.83983963251492,15.292296593752683,10.038096878423334,160.29330073158093,15.7457576928187
CRR_0363,CRR,0.3994458030871117,231.70766836792967,69.99872297535114,69.67686054480788,79.50374847687988,71.31550970644503,1.034204787285447,1.0046193589669024,67.23639666044625,60.713581476038414,91.23921669211529,67.70662691092372,61.18381172651589,91.70944694259276
CRR_0364,CRR,1.9492295292566122,528.8566341367443,168.8768345314851,145.1343673849443,203.2510919805415,157.5384435118941,1.0685664480803385,1.1635895589331224,53.072843498821896,44.318635450614586,85.53562840452828,53.536061451107514,44.781853402900204,85.9988463568139
CRR_0365,CRR,2.5893547526699243,657.3349687897345,260.10715496756484,143.6835091036291,261.4426547310963,181.57281917862278,1.1523543008617896,1.8102784139268713,19.021941371196547,18.517966131437152,24.311671014842364,19.494267051836825,18.99029181207743,24.783996695482642
CRR_0366,CRR,0.8894509607434206,359.4852334877434,111.09121056807855,104.77157863677333,134.45904183498226,106.41823792570547,1.0752640335590151,1.0603181894702036,144.6551469971601,145.18191478337584,97.57250197336242,145.13214746870864,145.65891525492438,98.04950244491094
CRR_0367,CRR,0.1388784119106274,147.8371165266236,49.850257739194895,31.24596440007854,53.800983719212255,42.050622582148485,1.119080119287143,1.5954142781737788,15.754185304265356,45.730312084748206,12.546164411184932,16.22720005130349,46.20332683178634,13.019179158223068
CRR_0368,CRR,1.4392868811221393,452.2158658275965,139.6266261163051,129.99704855789304,170.35235043886115,135.37196804594535,1.0633278282046665,1.0740753552887288,48.616032753480404,55.34868914460462,91.24340123061009,49.08186846368554,55.814524854809754,91.70923694081523
CRR_0369,CRR,0.5841240079435485,317.2206733485987,120.66663426971081,75.16824244251589,122.38421619806255,86.23976959285793,1.17085744669128,1.6052874239009822,25.77830033966282,29.01462988684353,19.404198398396932,26.26062428048051,29.49695382766122,19.886522339214622
CRR_0370,CRR,2.9693366561488763,656.8219118259965,222.5019734214366,177.11201327167674,231.34998444443798,194.43962693444013,1.0752587386255712,1.2562782688271688,12.501599808837636,26.294346286635854,5.63430092320968,12.9751305234047,26.767877001202915,6.1078316377767425
CRR_0371,CRR,1.184355860527475,422.6221975466547,160.76239471768133,101.2809219911867,162.09446813353352,122.79937771269137,1.095484570895476,1.5872919752021077,154.81555181470293,144.3002242257837,151.65070049984678,155.29298851751415,144.7776609285949,152.128137202658
CRR_0372,CRR,2.3944563880875043,567.6931997089999,189.50099496812012,159.87013406537912,201.30194834287508,174.60574336077082,1.034916459840133,1.1853433167862575,90.99184592416954,71.44362436154779,91.23968996588285,91.46119702551108,71.91297546288934,91.70904106722439
CRR_0373,CRR,1.4593766660944476,445.65971056391305,146.45001257220156,129.91384129396127,156.8879873095627,136.31346528994172,1.040674092207732,1.1272856772884055,98.0528030547528,109.85840083427438,75.30297329307993,98.5135133306057,110.31911111012728,75.76368356893283
CRR_0374,CRR,1.4693395332718522,451.5692445325842,139.84812183486844,137.5509327678571,147.42523283240791,136.77796600346232,1.0508926183887592,1.0167006433237955,42.90116058863351,71.54472570584731,98.37118478799744,43.36406687368735,72.00763199090115,98.83409107305127
CRR_0375,CRR,0.1938734592132231,172.1335016327137,50.07992502378544,43.46913778661973,63.900136723563406,49.68373526063387,1.1028115141846,1.1520800175429424,78.130479346502,64.73650319566258,105.26761067777826,78.60806232390011,65.21408617306069,105.74519365517638
CRR_0376,CRR,0.4241782473053674,256.9657675259482,90.01636460955514,57.90045111899081,93.2745692982498,73.49017066830402,1.1130025072807825,1.5546746678115364,90.11965788656934,109.06600259370262,84.11611714859563,90.58748517697093,109.53382988410421,84.58394443899722
CRR_0377,CRR,1.8095657515519863,505.3387327791151,162.14540661194206,129.18927687657302,179.094747064804,151.78967928269674,1.0597183897832883,1.2550995758483516,161.7479479231166,147.25177090150208,174.90909087791843,162.2076143213647,147.71143729975017,175.36875727616652
CRR_0378,CRR,0.19387125638093222,172.1325237224164,50.079640512587886,43.468890825482745,63.89977369848459,49.68345300114437,1.1028115141946555,1.152080017722231,78.13564965248624,64.74167349498838,105.27278100816986,78.60801311519998,65.21403695770212,105.7451444708836
CRR_0379,CRR,1.0994517450286543,389.4171619756307,119.99721840028033,119.5123200650369,133.18704936551518,118.31590929788622,1.0476641158577673,1.0040573083593354,122.70156898654473,118.87850451360504,91.24308325776765,123.16731961982512,119.34425514688543,91.70883389104804
CRR_0380,CRR,0.11879211783563913,135.55491274778356,38.78687918986785,38.78687497655083,52.32888719362321,38.89097864944709,1.1094724367141657,1.0000001086273906,136.2324153547114,135.12622855201116,1.232409751140996,136.70879620483987,135.60260940213962,1.708790601269473
CRR_0381,CRR,0.3441250444151553,232.77555835332072,79.99783142390847,49.754944768771445,87.40596466222837,66.19317297751483,1.1193716534933762,1.607836804878113,88.82150871666283,65.06679791004602,91.2467778859387,89.28354712866334,65.52883632204653,91.70881629793921
CRR_0382,CRR,1.754571665666334,544.7988947346375,159.49558126845415,151.94035342587358,182.646800440433,149.4653815703897,1.1602343790516392,1.0497249589870574,66.62948217231043,69.43767273988931,118.54688607279611,67.10645633899719,69.91464690657607,119.02386023948287
CRR_0383,CRR,1.239465657859729,409.96278293117524,130.9573232752775,117.67727067574835,138.08394259200819,125.6239105396815,1.0387768237257051,1.1128514667553893,4.147777783670208,159.97492841626254,8.359228783237553,4.622306670608398,160.44945730320075,8.833757670175743
CRR_0384,CRR,1.4594721500616072,443.8557244355564,139.64055793509274,129.99876666865364,151.30813692347982,136.31792456966508,1.0364276420222573,1.0741683287735684,62.056888418075246,67.08418352948921,91.23066801547353,62.53486833667104,67.562163448085,91.70864793406932
CRR_0385,CRR,1.519409948042939,470.35136225326823,169.29000396602268,119.81649518697485,170.42133420370317,139.08892229477763,1.0764156204181772,1.41291066561281,17.0845987033313,7.838782708053404,1.2332036619050364,17.559893698134665,8.31407770285677,1.7084986567084022
CRR_0386,CRR,1.9145898909775052,516.4900905042772,156.06893905613234,151.1592330528801,183.3663239249396,156.13236567549802,1.0529777167737633,1.0324803579913286,32.087955471950615,24.397199496272485,171.78465386309585,32.54951799468535,24.85876201900722,172.2462163858306
CRR_0387,CRR,1.1143690687693668,402.1172776500885,142.76790061850525,97.68148278463613,147.3041752788187,119.11585812925397,1.0745664506101569,1.461565657569651,1.7145372804337795,163.11688804154534,6.433293597371999,2.1841723889777778,163.58652315008933,6.902928705915997
CRR_0388,CRR,0.3342694546287246,271.23602003599586,112.01816501379976,41.508704919649105,112.08619618461758,65.23841569430917,1.32340900292791,2.698666827371272,51.6246050066882,53.41899081564198,51.42263645576235,52.104821376937764,53.89920718589155,51.902852826011916
CRR_0389,CRR,0.3793309643103718,230.79040468397,76.9113432207025,62.94803176865823,81.564914359214,69.49670382849017,1.057069809074159,1.2218228443323083,176.19648325003314,167.32651249343715,23.051426921109776,176.65490989205523,167.78493913545924,23.509853563131855
CRR_0390,CRR,0.46435921124162616,252.75510673773385,79.58584402852398,69.79622065339585,88.05708501331404,76.8921654471291,1.0463283065344318,1.1402600783177481,179.38103531838527,153.7596371190397,1.2466509297636386,179.84275818479406,154.2213599854485,1.708373796172444
CRR_0391,CRR,0.6792662563474998,321.98532789783275,126.19049746541012,66.22260997406578,126.37924406205289,92.99831498397425,1.1020749472038418,1.9055500457446344,54.12832718620088,52.568030531816696,55.69982638229977,54.599113962702134,53.03881730831795,56.170613158801025
CRR_0392,CRR,2.699313315576322,609.6786127224661,189.82771271428905,168.65245736297467,207.33113303000306,185.38803782935832,1.0468136568930604,1.12555556961581,107.24450317746386,145.20549998266898,97.58127242152129,107.71170045662696,145.6726972618321,98.0484697006844
CRR_0393,CRR,0.6043203142848541,289.1118407580763,104.61888734109411,76.38612378179629,104.76596651255538,87.71798685755721,1.0491252754754827,1.3696059200483481,48.929152284229424,48.29675275415786,52.582990517645186,49.394554480482924,48.76215495041136,53.048392713898686
CRR_0394,CRR,0.1941542869011155,167.02876778273537,52.48762049952865,45.78002771040557,61.72319605753465,49.71970593862724,1.0693327134309523,1.1465178839898011,132.91329325458958,142.52227834241458,105.26463356505376,133.39305126468582,143.00203635251083,105.74439157515
CRR_0395,CRR,0.6936123033842737,351.17578344884396,109.28091541430527,97.22285370953992,124.53565663363356,93.97524213236697,1.189491201338494,1.1240249719555615,159.95778012354253,130.8407476751442,1.2329829712775568,160.43291573748067,131.31588328908234,1.7081185852156981
CRR_0396,CRR,8.048964961375365,1163.0797356343162,433.6034354378362,267.79626623287237,462.8334109475503,320.12904402773023,1.1564704458379707,1.6191541485525416,15.59097884556744,8.828367582921938,29.86709343073173,16.0425144171746,9.2799031545291,30.318629002338895
CRR_0397,CRR,0.32413671869202176,217.13470709816917,63.878832700778,57.33408103169555,76.1457879765439,64.24201803643619,1.0758709955806232,1.114151156717143,12.562546482496774,51.33771629702465,10.703944898715193,13.029005007784878,51.80417482231275,11.170403424003297
CRR_0398,CRR,1.5143656035447084,465.9303804181264,138.5647681126918,133.10242656063573,160.5331515160658,138.85784715383767,1.068072488522412,1.0410386323766057,49.501211241098886,31.93323230226801,78.70002606362746,49.980420745557836,32.41244180672696,79.17923556808641
CRR_0399,CRR,1.5991998995304102,488.5507536757864,168.32946445957504,130.9600587217382,171.61857314529286,142.69423786609667,1.0898164994123645,1.2853496409713647,106.85293925764599,82.43119721459966,120.00764802809246,107.30743995200541,82.88569790895909,120.46214872245189
CRR_0400,CRR,1.4792310516238811,505.38610123496784,159.32708176633534,145.0699587976166,174.14580007815195,137.23758489304984,1.1721963228101027,1.0982775695732325,126.20414731366824,122.07501204495864,72.79799623996426,126.67906266584214,122.54992739713254,73.27291159213816
CRR_0401,CRR,1.319528327575367,433.5370641659377,139.40828697573457,119.78322491773685,155.56720295824564,129.61773208427968,1.06466246039072,1.1638381507216522,152.06600434139872,153.60947251261766,1.2565550295038053,152.5173482455957,154.06081641681465,1.707898933700783
CRR_0402,CRR,0.409183064242021,260.46522243783704,79.99706410370783,69.99741916952888,103.81798555365634,72.1795025217582,1.1486454244268474,1.1428573374964082,38.175271899629614,42.349471606832225,1.2547876003789495,38.62834900604125,42.80254871324386,1.707864706790583
CRR_0403,CRR,0.4642013403264859,283.00817891307287,110.09536180024112,59.60650693011109,110.20788250997293,76.87909359655245,1.1717659119610355,1.847035960844484,163.8874425834947,154.84347791327107,157.43279056291973,164.35958240955372,155.3156177393301,157.90493038897876
CRR_0404,CRR,1.7294348532773474,484.4977666789253,159.99521444930323,129.8368651878537,170.0182412824637,148.3908637765807,1.0392852028954145,1.2322787847489625,172.35855920451877,161.47655657507613,1.248361909293123,172.8178751914732,161.93587256203057,1.70767789624756
CRR_0405,CRR,1.0092821202602975,385.9343093379682,119.99578258930744,109.74229461605208,142.75812549180026,113.36039464070161,1.083682766535473,1.0934324182770967,51.90662974073092,57.17196599249811,91.25324461702442,52.36107240305958,57.62640865482677,91.70768727935308
CRR_0406,CRR,2.974427369853909,638.670996465559,205.7228616065965,189.7734471884803,215.04722817275206,194.60623192078404,1.0446494451246204,1.0840444996621443,34.62610543123163,15.275345705671795,32.20945020723083,35.088073350184786,15.737313624624953,32.67141812618399
CRR_0407,CRR,0.8093648173804516,333.3195251083742,106.76490030755934,97.99758302415985,120.29964203599766,101.51429907191125,1.0451621207069837,1.089464627726972,11.663484483178566,11.45249419085433,154.68701187832636,12.119039004416228,11.908048712091992,155.14256639956403
CRR_0408,CRR,0.3142925853747457,213.30710997561349,82.92064841701695,49.49717471166925,82.92072376448455,63.25897156263122,1.0733301573091,1.675260232529351,53.22045778489188,46.30352041492641,46.22626758265825,53.70169493316851,46.784757563203044,46.707504730934886
CRR_0409,CRR,0.8243864822562514,335.60106629959205,99.76085192414611,99.72874838890459,115.19540878723436,102.452011661742,1.042684623603862,1.0003219085345012,98.0107305481954,123.0529110369611,1.2562303071477705,98.46201510483101,123.50419559359672,1.7075148637833877
CRR_0410,CRR,2.699760867670401,709.5279281260367,217.8333760424623,189.7934384322532,219.53579044549835,185.40340606489593,1.2181532089381701,1.1477392360970264,48.61254930879208,41.46370690658044,60.87117991341525,49.089537183901456,41.940694781689814,61.34816778852462
CRR_0411,CRR,4.0643093314763545,751.2688249249937,259.8184979115446,199.9934592914348,277.3137973611821,227.48273259462633,1.0512283346861548,1.2991349758740434,19.42830451428668,21.711299253984503,1.2504947486816935,19.88517636441915,22.168171104116972,1.7073665988141613
CRR_0412,CRR,0.5192616719531695,272.8778516306171,89.58472640636636,69.99741667013194,96.72214426283296,81.31079232156534,1.0682434079735565,1.2798290375277859,99.870379242755,115.89176072919533,91.25441314143147,100.32332656885923,116.34470805529955,91.7073604675357
CRR_0413,CRR,0.2239161231200646,188.1008540067569,65.22012596566265,49.01738890911857,77.2845600984872,53.394649793799914,1.1213550732365156,1.330550798749909,150.7005211908142,151.46796911945856,117.79243130997081,151.18043338141115,151.94788131005552,118.27234350056776
CRR_0414,CRR,0.1986959422200314,177.6246199888472,58.07512742312919,39.9986163845789,68.05439286340201,50.29786586058667,1.124096849930037,1.4519284083416326,73.93391138835584,56.844318321056676,91.25218795784303,74.38890631097966,57.2993132436805,91.70718288046686
CRR_0415,CRR,2.59449848414691,605.6957194721102,199.99429322366422,159.89646428994138,226.74173268710425,181.75307614374182,1.0607739886322423,1.250773706046515,160.61043022771383,152.83329446678533,1.2466011133939339,161.07090947300242,153.29377371207391,1.707080358682519
CRR_0416,CRR,0.12866425739251822,147.97521895844545,53.362488388566,30.562116587102995,59.292912711058165,40.47473539211068,1.1637376908921158,1.7460337943702697,1.4885445573209266,163.6535610073171,12.535356898027928,1.9701322232070182,164.1351486732032,13.01694456391402
CRR_0417,CRR,1.8693124470450864,537.3692290420174,174.6958740353062,144.01604484577217,188.3212049352238,154.27516096389135,1.1087328450434788,1.213030632957524,48.27541087515892,72.35430643004513,42.61936654553953,48.74404998594059,72.82294554082681,43.0880056563212
CRR_0418,CRR,3.1742578977846128,679.7220558003696,209.9949696216847,198.5267490131887,240.4290045957341,201.03707818826047,1.076230574818722,1.0577666267417403,121.47892963274363,142.5609912731238,91.2419993791537,121.94375929239055,143.02582093277073,91.70682903880062
CRR_0419,CRR,0.36917727533483474,232.1682261764234,73.60339941038214,62.33238222108387,84.16880136844621,68.56027318891698,1.0779047137994244,1.1808212166401986,78.46161806624004,57.07194468553769,102.53987258724726,78.93786790488463,57.548194524182286,103.01612242589185
CRR_0420,CRR,3.685004075449579,713.0672335325519,219.8477986010754,210.00465739621202,247.69716499084132,216.6077771312157,1.0478679618675018,1.0468710614655203,37.9315799795213,50.86183675331919,1.2098947930932131,38.43976304392521,51.3700198177231,1.7180778574971214
CRR_0421,CRR,0.4343578485186507,245.04241134326708,79.26752249671917,69.60719121093757,83.09533584109538,74.36676605178093,1.0488478416631248,1.1387835239107256,96.2492262907411,47.40495419047365,91.21442494938373,96.75280669349588,47.908534593228424,91.7180053521385
CRR_0422,CRR,3.044598492188624,652.7272192401767,198.6345336806134,192.04631544668814,218.09321336540992,196.88837441798353,1.0552655913767628,1.0343053612801758,68.11639917204337,47.9633445144834,100.66943873026887,68.62714491111088,48.474090253550905,101.18018446933637
CRR_0423,CRR,0.16399944851585183,155.17445962046855,49.72380077127136,40.58113277596051,54.3117132202188,45.695796651895776,1.080921401955105,1.225293563040379,27.074973253278383,47.41968310382934,19.655701463524174,27.57212794547803,47.916837796028986,20.15285615572382
CRR_0424,CRR,0.7295278306886747,315.4911009905278,100.00140763542316,80.0011161266131,110.5838411921047,96.37757431154195,1.0419844778793856,1.250000155962284,5.0177285559279845,27.533936182510136,1.217321045418455,5.5183067163952195,28.03451434297737,1.7178992058856906
CRR_0425,CRR,0.5550997872711569,283.01103162426733,89.46542782028078,80.00052276587485,104.6828033117565,84.06991140876227,1.0715511382790457,1.118310540071162,139.5434221927329,133.3575746096808,1.2241857317501308,140.03710890423912,133.85126132118702,1.7178724432563497
CRR_0426,CRR,0.8644804130118208,356.0960174703777,109.57720467461182,100.0012355247401,126.13189066975399,104.913804977974,1.08040007523599,1.0957585083786554,42.45315746016152,52.605309223237455,1.218703357941781,42.95223799216599,53.104389755241925,1.7177838899462543
CRR_0427,CRR,0.21915706985745442,177.98787602190876,54.53359489857891,46.82477068554922,62.23555541779469,52.82418459860952,1.0725257945603905,1.1646313286785352,17.095246591699823,52.41274560808338,12.528095490231893,17.594786835683454,52.91228585206701,13.027635734215522
CRR_0428,CRR,1.7795726232516467,494.8315549131631,164.78549464735076,142.08217560536283,169.95311238637694,150.52648393728214,1.046392447392743,1.1597900577272058,126.0403156809371,112.59661666121421,126.76188745168342,126.53374428074187,113.09004526101899,127.2553160514882
CRR_0429,CRR,3.164618059901271,654.5791485239953,197.61129171510063,196.27272217576493,227.10947598142315,200.73158341051786,1.0379981601541934,1.00681994688053,55.486196551115135,39.70497451723709,5.624772808526143,55.977634552441444,40.1964125185634,6.1162108098524515
CRR_0430,CRR,0.6791447116647249,339.02768207701433,118.80030908081837,82.30096238029138,138.6797305926973,92.98999427300163,1.1605104800659256,1.4434862685064724,39.034875571321955,46.0641125574672,12.527154593366106,39.53510103394934,46.56433802009458,13.02738005599349
CRR_0431,CRR,0.4191797525482307,254.721695614763,102.12163046500632,56.086051553592775,103.78988902502759,73.05588527262587,1.1098412350641698,1.8208026351690036,42.40820929706933,42.27126757189564,52.55794758726509,42.90785285100418,42.770911125830494,53.05759114119994
CRR_0432,CRR,0.11774374509586183,146.36281704978893,53.98711247356321,30.000293781576094,59.42610205066565,38.7189866088032,1.2032528668006206,1.7995527932702446,163.47095954518701,152.95690777894822,1.2208094470200395,163.96754912215926,153.45349735592046,1.7173990239922778
CRR_0433,CRR,6.0999516262887,1100.9953689024655,422.93911771361024,222.00507632955265,433.13238685904986,278.6879909784837,1.2575271339599337,1.9050875984735753,138.95854514045578,142.61120747259358,128.07858925068527,139.4671416187806,143.1198039509184,128.5871857290101
CRR_0434,CRR,0.20914952633158673,192.68250324313516,68.88828910726895,42.39357196722659,75.2118534262016,51.60401609254888,1.1885265977542023,1.624970152562864,49.574704966803615,41.34492751524983,69.42558996196837,50.06492600179391,41.83514855024012,69.91581099695865
CRR_0435,CRR,0.17402162124836035,159.9905951218118,56.47053995290426,39.856849771979086,61.281480932166055,47.07135113976837,1.0819019826408887,1.4168340015824643,52.967561407681266,40.15832496543289,64.65095380213131,53.468716677909214,40.65948023566084,65.15210907235927
CRR_0436,CRR,0.4193116340969278,242.39982802059453,70.00048094272506,69.67859661724646,84.23866005903744,73.06737672174425,1.0559878447811335,1.0046195581011306,159.34019634005796,144.80349637997247,1.223316603866166,159.83403405437417,145.2973340942887,1.7171543181823665
CRR_0437,CRR,0.8492963302661299,348.84903715291546,105.51273489836962,101.40444003523318,128.64234063931184,103.98834900570792,1.0678321020884214,1.0405139544354172,123.18033441293879,124.21449745433819,83.08955052666794,123.67775683791602,124.71191987931542,83.58697295164517
CRR_0438,CRR,0.17888730701481037,165.21639742638976,49.069010381480524,40.00074554275694,60.92279402483092,47.72487751083668,1.1019412810132132,1.2267023955598648,161.84855031568176,142.66060750618237,1.2122199819552626,162.35336874856472,143.16542593906533,1.717038414838214
CRR_0439,CRR,0.24426590828781108,186.05055559647911,62.39278714125273,52.40404422964775,68.97678257302688,55.76818213486016,1.0619268713678824,1.1906101534421998,52.25817769523014,46.3870529853435,77.1908443790742,52.748099062879206,46.87697435299257,77.68076574672327
CRR_0440,CRR,0.15888686135051572,156.44743792956245,47.780453964455425,40.29993730374817,55.65076094693435,44.97788734593139,1.107183309391462,1.1856210495893629,93.7185232404686,60.584746969673105,105.24748766777282,94.22420380967343,61.09042753887793,105.75316823697764
CRR_0441,CRR,0.10886444851037372,128.33630947677614,39.89553594998161,31.375080021190428,46.904495872262366,37.23043390281569,1.0972398594503316,1.2715676238287374,28.4177002699602,54.10957498829893,19.641513548414665,28.92803186063494,54.61990657897367,20.151845139089403
CRR_0442,CRR,0.11881674086564926,136.058430815649,46.64352042823656,29.10440452858801,52.84928658418057,38.8950090688632,1.113478172754677,1.6026275467144717,65.3701923505426,46.721990142268645,77.18906497595466,65.86174689679255,47.2135446885186,77.68061952220462
CRR_0443,CRR,0.10383441320305349,125.31436073872581,38.68426176252474,30.000380864714,46.640273192171804,36.360154151832,1.0970470514886008,1.28945902176944,19.527056781730252,37.921164900652315,1.217479584062777,20.02634776948143,38.42045588840349,1.716770571813953
CRR_0444,CRR,0.8044842331587888,333.66239462784904,109.73878144904738,90.00150916479474,113.19838022188503,101.20776347562042,1.049406045647731,1.2192993480599672,174.57441333489527,165.93419930076905,1.2136945013329603,175.07746178851957,166.43724775439335,1.7167429549572624
CRR_0445,CRR,0.45931805324463604,255.07984644064825,78.93227112015667,67.70745545981443,88.0048315855375,76.47364964494905,1.0617309003201771,1.1657840423054204,92.31449153609607,63.8163686972719,99.3462977412149,92.81501685288026,64.31689401405609,99.84682305799909
CRR_0446,CRR,0.3092649552812904,211.13853549401716,62.189628493283294,58.592464354880086,74.26021230475777,62.75096579853498,1.0710191045965052,1.06139294835964,162.8864067547249,158.05412808237952,12.518200576353907,163.39485971669913,158.56258104435375,13.026653538328128
CRR_0447,CRR,1.8545454450989305,515.4301957401447,193.25490157991183,128.6320742118597,199.8010383074375,153.66458922628962,1.0676924837909578,1.5023850214964036,30.437714382957996,27.39706579614175,42.86243109438329,30.925521085468503,27.884872498652257,43.3502377968938
CRR_0448,CRR,1.5793216267721246,477.0850025349317,139.8614934243413,129.8754739253146,174.81715686756692,141.80461025868433,1.0709163304342384,1.076889186212088,62.78970348756692,48.52921106542393,91.20973553661231,63.29667465317702,49.03618223103403,91.71670670222241
CRR_0449,CRR,0.1539048942830564,152.92520429005083,43.45702774347494,40.419934275906414,55.43860348158801,44.26712070255666,1.0996333983246311,1.075138505838167,123.56828309380931,150.01612854755436,105.26167468689802,124.05950760708633,150.50735306083138,105.75289920017504
CRR_0450,CRR,0.8394044391583002,341.5815063433574,100.00078554201203,99.5169882154941,120.86026439624754,103.38099080404429,1.0517288484179277,1.0048614546641053,157.67209963568428,145.70304194630938,1.2219142802796845,158.16680430474145,146.19774661536655,1.7166189493368642
CRR_0451,CRR,2.3446673900375603,561.3857318872012,172.39087835359607,170.56087815299995,196.01275846715683,172.78087973635294,1.034226869864825,1.0107293080360114,38.412565049271244,25.923582734280867,169.90286417608675,38.916283838469504,26.42730152347913,170.40658296528503
CRR_0452,CRR,0.3788043931699781,246.01678111383717,78.60929812550303,59.42095487644569,96.2097407439848,69.44845089009708,1.1275928057714897,1.3229221625427556,159.82716617488862,144.55576403808539,1.2202751030519587,160.323416083699,145.05201394689576,1.7165250118623256
CRR_0453,CRR,2.124571310884759,531.5047429677537,171.82975660355376,151.27570763333708,174.42540844386653,164.4715236333724,1.0286474552114027,1.1358714448722707,17.140199264506933,32.28136634461139,7.562298700964197,17.634530740917874,32.775697821022334,8.056630177375137
CRR_0454,CRR,0.949530436104567,359.7879469725252,109.80541033471606,109.73128945297469,133.10739988845341,109.95361295464372,1.0415670515380504,1.0006754762667136,45.54744527725963,48.67305212649841,1.2251286393953835,46.03877500806621,49.164381857304996,1.7164583702019693
CRR_0455,CRR,1.8146796926135267,519.1872844645411,160.00203762950375,150.00193685752626,178.11739089998002,152.00401131757647,1.0872242383176494,1.0666664776567232,117.88117298334248,118.54055280597018,91.21704817214727,118.38045608375597,119.03983590638367,91.71633127256077
CRR_0456,CRR,3.734848342826849,767.2146899853435,259.4889264222708,209.84368636409178,276.37114467325176,218.067801467244,1.1198903231225086,1.2365820050074867,6.442744934093729,26.106996395417426,1.2108812663734285,6.948201764173615,26.612453225497312,1.7163380964533148
CRR_0457,CRR,1.1193373528386419,405.56230110025547,139.31140443271102,99.81829275260786,148.68242070911973,119.38109488245343,1.08136459990394,1.3956500416009305,15.34493648417915,37.3622199738174,1.2260478256573886,15.835160913314063,37.852444402952315,1.716272254792301
CRR_0458,CRR,0.8793223692687455,404.23668521458296,138.6372666220894,97.04134162467821,156.43804907510764,105.81058610191998,1.2160648381441288,1.428641281138606,128.39890673198417,126.23737708145012,97.56248632361226,128.89281052228353,126.73128087174948,98.05639011391162
CRR_0459,CRR,0.8995872051551216,346.18988638426555,110.00246532799996,99.7391563557475,119.77627387047286,107.02289491231699,1.0296456979904856,1.102901501749679,77.32068624520295,66.86073950165553,91.20803324822337,77.82883003450839,67.36888329096097,91.71617703752881
CRR_0460,CRR,0.7942974176293399,356.18711363870585,146.4134300009735,72.67238118262293,147.77816446794603,100.56494828749709,1.127409515275068,2.014705278929035,34.41377392185432,38.056537889296656,30.263776734108355,34.920736932549715,38.56350089999205,30.77073974480375
CRR_0461,CRR,1.5645327050655284,473.1509905436227,159.8688554085493,110.00099365200006,173.707976295298,141.139112549318,1.0670935591653337,1.4533401026749957,82.01814737554935,59.95869600097878,91.22056267136036,82.51369526062186,60.4542438860513,91.71611055643287
CRR_0462,CRR,2.5145417274449637,594.3126721993202,179.8268208028067,175.5632105151792,196.19484599050728,178.93054418599402,1.057257160346568,1.0242853287719915,114.93265849807156,115.1674112721919,144.34547417254456,115.4334017144445,115.66815448856484,144.8462173889175
CRR_0463,CRR,1.32449055459438,420.07579092460793,139.47201864486985,119.99999729404526,143.0629165788796,129.8612240331105,1.0296705440238643,1.162266848249261,9.579714094533164,33.81733933407692,1.2286403374055626,10.067183673840496,34.30480891338425,1.7161099167128953
CRR_0464,CRR,2.4195502543207645,601.236425255215,197.93926338172378,167.44157063433045,223.64058062513425,175.5182914762794,1.090367827095678,1.1821393136235931,17.401083954711883,21.332370415405677,51.413735023005266,17.89774522466118,21.829031685354973,51.910396292954566
CRR_0465,CRR,0.4593403523659228,252.78940869939322,79.29218305981459,70.00001360842077,85.12973787069767,76.4755059561476,1.0521717627826073,1.1327452520705796,35.94660581149606,54.86762336163811,1.2282920180394843,36.43430183712141,55.35531938726346,1.715988043664828
CRR_0466,CRR,2.9397140180917805,740.2832583636214,280.00655288612757,145.70048976273037,292.78608673975214,193.46731346785054,1.217980833504712,1.9217955501873143,47.06518658058943,37.346218311568016,54.336962074969286,47.5741987979884,37.855230528966985,54.845974292368254
CRR_0467,CRR,0.4893499334157453,261.75522660351294,79.65494796074493,79.63047294104958,97.321436286053,78.93412990832583,1.0555545045589738,1.000307357457408,47.202707849579376,46.20674474745401,1.2137175014300037,47.70489730227226,46.70893420014689,1.715906954122886
CRR_0468,CRR,0.4293497054656931,243.5956903789532,79.31186461983033,69.68589918007679,83.40920403484238,73.93679892444055,1.0487188735155701,1.138133618895824,12.427659396119305,45.06923773395999,1.2180771915848119,12.92544410892439,45.56702244676507,1.7158619043898966
CRR_0469,CRR,6.02966028781442,929.7639944503775,283.8562986929127,278.24790879539273,329.56649271859584,277.0776411001891,1.0681232526599715,1.0201560900198678,9.010206250081541,177.82603802942216,51.080680205110596,9.497987677718136,178.31381945705877,51.56846163274719
CRR_0470,CRR,1.6946333529550701,484.80287233180314,151.1895856713636,139.41909452935136,169.33597867485716,146.8902378924323,1.0505636679989434,1.0844252444885463,170.57856744555303,160.76977535915648,10.678149291986683,171.07856865275866,161.2697765663621,11.178150499192299
CRR_0471,CRR,0.10876415234500247,135.49407427233317,48.365710099931235,28.986441481335266,54.218792763435005,37.2132798628738,1.1589707631020354,1.6685632188095432,77.85660948017632,62.24519396533133,91.21949903198657,78.35290555180448,62.74149003695949,91.71579510361474
CRR_0472,CRR,2.374632095823616,561.4694247646717,176.32131760932464,171.75100371230346,192.3044053755669,173.88143916473564,1.0278340779270878,1.026610114632441,68.73427714510602,70.11697228101771,36.76336790955712,69.22436154591432,70.60705668182601,37.25345231036542
CRR_0473,CRR,0.9394410188554236,425.80609850352806,152.17978440772393,81.52793488068218,154.1156322784681,109.36788628994424,1.2392878325516654,1.866596825130456,85.12041214801778,77.35688775830367,86.44775978433618,85.62475004778031,77.8612256580662,86.95209768409872
CRR_0474,CRR,0.799449805141937,330.0696392075205,99.78839041481638,99.70070367100301,110.631112276757,100.89058954816025,1.0413699608596108,1.0008794997485948,58.33967238451908,63.20279832731293,1.2233574818129136,58.83203222249756,63.6951581652914,1.715717319791391
CRR_0475,CRR,0.5542060157114761,291.6483071915346,90.0005999159554,80.00053938348248,117.93582356750004,84.00220325288905,1.1051441018559212,1.124999913869801,53.8656002646571,49.65935618020463,91.2219903574614,54.35926842284111,50.15302433838865,91.71565851564542
CRR_0476,CRR,1.274317002780626,426.61694111912107,135.35993523999272,120.97530084101646,160.70526410185303,127.37781598334466,1.066091367035689,1.118905547652907,43.7185428725521,43.30372995489974,77.19416203820506,44.203833617855345,43.78902070020298,77.67945278350831
CRR_0477,CRR,0.5793762203428183,286.92781638387845,89.39741959684115,86.23300464632722,104.51523534586977,85.88857403750916,1.0633773071634598,1.036696099869097,43.32943235322308,41.477056221308416,169.90724797700193,43.8278022948339,41.975426162919234,170.40561791861276
CRR_0478,CRR,3.6945913429175343,713.7751750516528,222.89015278183734,202.6223791616477,240.8164069416015,216.88936809901023,1.0475464829045427,1.1000273202992077,178.9589544579537,52.636312474329806,176.4554696660421,179.45537043444057,53.13272845081668,176.95188564252896
CRR_0479,CRR,7.989783080361878,1552.873593466625,677.6099803817743,179.53345960879673,679.5091124090994,318.9499611502197,1.5497572566292661,3.774282419880316,13.201881734346449,11.60229063819455,15.886974430398379,13.690670429815894,12.091079333663995,16.375763125867824
CRR_0480,CRR,0.32912389357695604,221.13089944962675,69.06894508290745,60.00074899036842,89.08474262845175,64.73434609381543,1.0873385719154531,1.1511347149015538,38.66611697822665,41.8117304390431,1.2166197108143095,39.1649747846825,42.310588245498955,1.715477517270159
CRR_0481,CRR,0.749556547482412,330.323834042436,109.46969228820826,86.26294385849631,115.24312059715714,97.69160850706506,1.0762986056293367,1.2690233765703585,5.468256741681288,160.52060669000775,17.16789066856337,5.961216639215569,161.01356658754204,17.66085056609765
CRR_0482,CRR,2.9203708113586146,632.9915060608082,214.09526086680972,167.6709147528517,226.97108897412872,192.8297591740471,1.0448981273044096,1.2768777529626285,0.9583772525201095,166.0983151083921,5.979995783621758,1.45741724938303,166.59735510525502,6.479035780484679
CRR_0483,CRR,0.7693108879319142,345.4012389567029,109.74638275289536,89.68526959911577,123.6772543596186,98.9705534343541,1.110882229561071,1.2236834793879838,156.56768536200445,152.09217113328373,1.2263606999967784,157.05668611736175,152.58117188864102,1.7153614553540706
CRR_0484,CRR,2.069604366954356,555.296296576248,199.07700496832157,139.8426813149583,204.93580528070487,162.32997634333802,1.0888703672796414,1.4235782888055026,14.495335899946717,23.96810614298469,1.207714080271272,15.00296941353811,24.475739656576085,1.7153475938626648
CRR_0485,CRR,0.6394023260388332,296.027190872804,99.22220020580194,79.74681813886464,101.28046011497979,90.22817334448747,1.0443343574547321,1.2442151614503847,10.57573492112604,12.791413661660886,1.2206199484076057,11.070428819659536,13.286107560194383,1.7153138469411018
CRR_0486,CRR,0.14386296151795538,147.9434221257027,40.983142729692794,40.29969127365518,55.035504824144326,42.79859946626452,1.100312964577089,1.0169592231215032,73.72977923213192,60.43360488812309,105.25166640843226,74.22964405031273,60.933469706303896,105.75153122661307
CRR_0487,CRR,0.5493903272944922,300.2233280027177,100.00162827053319,70.00114765532848,119.62081426822859,83.63644481960847,1.142612572454288,1.4285712680443614,114.74118862309494,125.99790551773772,91.21276629425188,115.24368430181474,126.50040119645752,91.71526197297167
CRR_0488,CRR,0.2338606925876528,191.5802477726519,61.539991948263776,43.0154395016635,72.78463049517786,54.567451998581795,1.1175505659520286,1.4306489172540917,89.83385702940565,68.28557866698308,102.5192444384796,90.3397431073311,68.79146474490854,103.02513051640506
CRR_0489,CRR,0.9145001006481042,353.66491747357543,120.00023723484667,90.00017210136774,125.72753330342974,107.90633400359093,1.0432662796649843,1.3333334196260167,8.100195184599611,18.586443063647394,1.2260198813708625,8.589377778999111,19.075625658046896,1.7152024757703623
CRR_0490,CRR,4.439619214122905,849.5974588611007,332.485767355199,198.82195347833374,339.6208612722752,237.75404827231287,1.1374581101658898,1.6722789487702676,43.65773923330132,41.36343773026446,29.43768063968751,44.150687331936076,41.856385828899214,29.93062873832227
CRR_0491,CRR,1.2195681792303563,402.6778525967645,128.06836349765854,118.16439308474692,134.0605351201824,124.61149358292558,1.0286076969578368,1.0838151845438628,117.54696374787741,139.14996885669078,100.67881582786522,118.04553645617965,139.64854156499302,101.17738853616746
CRR_0492,CRR,0.5141179485786196,285.3507945532363,96.7315955728983,60.587009927301146,105.6435048620103,80.90706414080401,1.1226458394117707,1.596573187700917,7.075554496538765,159.73281333402778,10.688522267169441,7.56432262493179,160.2215814624208,11.177290395562466
CRR_0493,CRR,3.904659880083128,835.2195636192114,290.01480685301374,189.9648154483542,303.86580055947195,222.97011835810414,1.1923510028690063,1.5266764330464142,10.288238155115625,32.80545595589147,1.1241466086011975,10.783248715537669,33.30046651631351,1.619157169023241
CRR_0494,CRR,3.2846829458912827,686.5862562295184,209.8917223923603,199.5671502947688,253.85732340011262,204.50399063651471,1.068669576547377,1.0517348275121516,59.61577123548406,43.08735537961687,91.21177107720436,60.11893137708323,43.590515521216034,91.71493121880353
CRR_0495,CRR,0.6045081461970713,284.234532392126,89.68553084121075,80.00036423615252,97.50282443765295,87.73161783830595,1.0312663083677567,1.1210640313645155,160.22465737160448,155.69846538180812,1.2232870010966743,160.71626459067565,156.1900726008793,1.7148942201678494
CRR_0496,CRR,1.0193161183603294,376.11532653771667,126.0125890314099,106.06848170034415,126.78544064457785,113.92249955484294,1.0509006320087402,1.1880304781528803,28.48706602128449,39.87654473092521,46.2060804806228,28.995819020035082,40.385297729675806,46.7148334793734
CRR_0497,CRR,0.2191556493822709,177.98729860466457,54.533419806353685,46.82461914467701,62.23535326796139,52.82401340731519,1.072525790953351,1.1646313585137404,107.0955838399683,142.4130854019825,102.52842559611206,107.59188472146937,142.90938628348357,103.02472647761313
CRR_0498,CRR,0.1938777834792094,172.13542288984775,50.08048517448995,43.469625439119945,63.90085013435863,49.68428934495602,1.1028115243401115,1.1520799792634202,168.12559828599532,154.73161945813314,15.26272513968574,168.61387155791738,155.2198927300552,15.750998411607782
CRR_0499,CRR,0.2739032668899229,205.10999379615984,59.282279654340485,49.99996481129573,75.13307178915156,59.05459091691341,1.1055624595261537,1.1856464275140397,111.22820660393805,130.95852709604654,91.22813390301131,111.71480730200464,131.44512779411312,91.71473460107791
CRR_0500,CRR,0.1036853914914218,128.33783214973613,42.525800810028045,30.520058993578097,49.99545445276244,36.334052988653085,1.1243227051332405,1.3933721693977115,93.65221264026255,112.33682336112732,77.19312186191208,94.13754653568553,112.8221572565503,77.67845575733506
CRR_0501,CRR,1.3143474383228169,422.7037247616115,137.811994158235,120.50912911420257,144.02546464902687,129.36302153219717,1.0401022867639544,1.14358136326448,36.30470913514836,75.21975879069431,27.7888793783861,36.79553437930917,75.71058403485512,28.27970462254691
CRR_0502,CRR,0.11894577849111354,134.36891437465155,40.000035872244915,30.000024506817912,47.541034985298126,38.91612376049225,1.0990548314746609,1.3333334398828363,1.2264991589015226,144.78019460784782,1.2264992201757843,1.7146522234930777,145.26834767243938,1.7146522847673396
CRR_0503,CRR,0.23914848179410964,186.52211602494177,55.482137284406775,52.630541629626194,69.65193431055972,55.18091192465358,1.0759487556807308,1.0541813853037643,162.44568541475573,147.68359194019783,15.258057109306094,162.9385146614917,148.1764211869338,15.75088635604206
CRR_0504,CRR,0.41440424942590764,237.50325176635397,70.00063055915479,69.68575331457154,83.40902830139791,72.63854884807098,1.0407646385688494,1.0045185311144136,64.31870489420251,47.36769926141482,91.21885465506885,64.81442314078005,47.86341750799236,91.71457290164639
CRR_0505,CRR,2.084652410069412,531.438714138997,182.48385346672546,141.63890902783012,183.25640219079747,162.9190561453091,1.0383205047564652,1.2883737577424426,70.03448415983281,68.87636535494559,74.51494951687323,70.53478830866221,69.37666950377499,75.01525366570263
CRR_0506,CRR,0.7543578649795567,337.4409642317502,109.31109222806347,89.74628008069745,123.50953436744928,98.00399300916061,1.0959838637219312,1.2180013715306515,150.47205424707764,151.8160178651845,1.2261688847566294,150.96035942165977,152.30432303976664,1.7144740593387553
CRR_0507,CRR,2.6046987863470115,588.4807138150616,196.44512869275374,169.82966261909635,198.57574546154308,182.1100078771263,1.028604804422482,1.15671859475663,151.7569043374892,163.05623224447896,154.65551670932734,152.25068588405352,163.55001379104328,155.14929825589167
CRR_0508,CRR,0.37431873912568014,229.64189264605892,70.35251065014263,65.55594698654744,79.22354617895124,69.03603558940948,1.0588279597331172,1.0731674834104599,37.82809935995829,60.65390937923863,10.680282696419322,38.32446988660957,61.15027990588991,11.176653223070607
CRR_0509,CRR,3.4343907995223084,766.1966749390691,289.20487936923297,174.20553749701386,309.39484007846596,209.1124620396024,1.1663005352022764,1.6601359722803894,52.75035347868172,43.946575780805546,64.75979757027376,53.23867393248251,44.43489623460634,65.24811802407456
CRR_0510,CRR,0.19871455700685844,177.6329401570224,58.07784773745877,40.00048995923272,68.05758062311962,50.30022187780706,1.1240968499349884,1.4519284087932407,73.89742334897596,56.80783029319579,91.21569992419596,74.39597053083621,57.30637747505604,91.7142471060562
CRR_0511,CRR,0.2983976770129257,229.73530241969715,94.06348885707571,42.426501001213474,94.73432311265135,61.63860173868058,1.1863834659267187,2.21709277544206,36.68516518366487,39.402422865434055,46.22499547017425,37.174415018095495,39.89167269986468,46.71424530460487
CRR_0512,CRR,0.49930465472785646,268.326774094296,80.00152277466776,79.41520685336893,98.07394295632092,79.73295625209462,1.071214074290332,1.0073829175107658,119.89201144109211,127.98422826786833,91.20926025644229,120.39696278388212,128.48917961065834,91.7142115992323
CRR_0513,CRR,0.223652107658748,216.6257427436831,89.80566433128622,39.370070152665306,90.19243227523657,53.3631621752763,1.2921669688676742,2.28106437156568,140.9986765992907,147.87645178390633,142.56842462711904,141.48455049594094,148.36232568055658,143.0542985237693
CRR_0514,CRR,8.207749300959318,1119.5197354932836,333.3781233079221,317.12851278321574,390.47847545166496,323.2712635427682,1.1023380045601534,1.0512398282390154,33.051908439671,61.39264943274745,22.10320635490286,33.54380449927254,61.884545492348984,22.595102414504396
CRR_0515,CRR,0.674285600017968,310.9907148937318,91.46794337142784,90.33486406327849,115.02813802999427,92.6567369589688,1.068367204706074,1.0125431008271142,148.11141442985752,149.4968747636374,99.35721606772152,148.59834607024712,149.983806404027,99.84414770811111
CRR_0516,CRR,0.6443810770627165,306.2129236042837,109.18244955845134,70.0008985373355,109.65821965346584,90.57877616722843,1.0760865291504165,1.5597292583354208,97.02014734193635,96.55412384875825,91.21496609457888,97.51919617431815,97.05317268114005,91.71401492696069
CRR_0517,CRR,1.9999563011383759,574.2234368165286,176.69178533476605,154.5413650543132,190.44980383746844,159.57516881869952,1.1454225502014037,1.1433300415889827,63.308059631801704,85.34256046895011,43.2050363818952,63.80410162664083,85.83860246378923,43.70107837673432
CRR_0518,CRR,1.11410109696578,448.95183892066444,159.13614652541065,106.76849715674005,170.03581095470636,119.10153540108772,1.1998653776174166,1.4904784722388007,6.094301141652409,7.161398235592584,27.78774442229561,6.5854791715297045,7.65257626546988,28.278922452172907
CRR_0519,CRR,0.9294759832230055,370.5142180469827,136.6986409271725,84.35967152148073,140.35770712015338,108.78628487640927,1.0841287457329711,1.620426424874883,3.133105666531437,173.19751577661634,6.917798177973235,3.639725566965982,173.70413567705089,7.424418078407779
CRR_0520,CRR,0.3392978757051614,218.12319069405143,69.3111295123093,60.00013470889402,78.87457868186183,65.72727537274366,1.0563463586482533,1.155182898314978,125.58893718841865,122.24739065708063,91.22453399244148,126.07823088715193,122.7366843558139,91.71382769117476
CRR_0521,CRR,0.7344497863933553,316.54102890065695,99.75610575265846,89.68495692766636,107.08595990078118,96.70214639077632,1.0419431485491688,1.1122947389394944,170.0728593371228,147.0234629985424,1.2282063850208504,170.55845547918753,147.50905914060715,1.7138025270855906
CRR_0522,CRR,0.45414978801939987,305.9597874263979,128.282150493937,49.29961883547987,128.79491921939302,76.04219021960056,1.280736717751856,2.6020921362908207,33.12450660352256,32.90271062397723,38.017093215494164,33.62699293360436,33.40519695405903,38.519579545575965
CRR_0523,CRR,6.629732784788574,964.2809204160457,306.70128898045925,280.047103683828,324.9261067645861,290.5380861887127,1.0564540919687413,1.095177507447903,67.4542081177852,72.93615980597285,53.11407362723015,67.96146026653254,73.44341195472019,53.62132577597748
CRR_0524,CRR,0.45438863534491863,251.46053473257365,74.46116900384416,74.03127144128477,90.51132548314249,76.06218371828382,1.0523281120470918,1.0058069725696979,34.62517513311277,50.58762193542103,12.534359426679126,35.114446076625555,51.07689287893382,13.02363037019191
CRR_0525,CRR,0.13872012565495273,149.28009028019537,49.068221976415614,38.369839110449476,53.64669151990023,42.026652214340906,1.130647483036502,1.2788227189374006,105.51236480211533,135.55905754925337,91.22399658346029,106.00202562756125,136.0487183746993,91.71365740890622
CRR_0526,CRR,2.23960122011392,546.9884711350251,183.23428534342742,155.4583181266556,192.30766662263667,168.8652965498288,1.0310693881348116,1.1786714763898454,161.8570302568552,160.19086927546746,136.22223703466727,162.34845913264388,160.68229815125613,136.71366591045594
CRR_0527,CRR,1.2394384629149344,414.4156737175295,147.7748384292924,106.06618017831595,151.56103718143618,125.62253238368748,1.0500712207496867,1.3932323968003453,34.48404181344598,33.39128646000533,46.22504374106451,34.97259507229469,33.87983971885404,46.71359699991322
CRR_0528,CRR,1.0694386342430227,382.9639628368893,119.35288246713246,109.82001377416903,127.41514817392031,116.68982645397071,1.044660182704005,1.0868044754808224,82.25190560963787,52.75603538280128,91.20960016017797,82.75585244745419,53.259982220617594,91.71354699799429
CRR_0529,CRR,0.7043354576457931,310.05095748465084,99.68223183604596,89.69961329842734,106.74349711007997,94.69887842175123,1.0421695233662456,1.1112894266824407,168.53241925023596,147.693047388568,1.215831085337018,169.03002906966105,148.1906572079931,1.713440904762109
CRR_0530,CRR,7.899630460787421,1141.0497378335583,439.3352825775184,253.03867292867758,440.0920149623195,317.1454223454754,1.1452393337217779,1.7362376963672705,176.77708152492337,168.40045516259286,171.76091962532868,177.26731092458138,168.89068456225087,172.2511490249867
CRR_0531,CRR,1.1743197027593895,405.5973979728594,137.53701518283683,102.86072448079781,137.9389097223211,122.27797363854607,1.0558374312516752,1.3371188651166115,67.11164914496229,111.49716607956786,64.646860752019,67.61304061623872,111.9985575508443,65.14825222329543
CRR_0532,CRR,3.664556033634206,713.6826368740741,216.23189320094022,210.05514591111955,239.19832172803507,216.00596417508729,1.0516942890085934,1.0294053604972584,107.60485423737725,43.18080161330425,95.61573556675985,108.10109611329669,43.67704348922369,96.11197744267929
CRR_0533,CRR,1.654734881953089,505.6950931904905,182.18077844343296,116.2768692067686,196.7858226611139,145.15074535652045,1.1089694865968216,1.56678434572805,45.83764547072326,41.7697631650589,64.65040568387992,46.33535066868609,42.26746836302173,65.14811088184275
CRR_0534,CRR,1.7294889971908263,487.7826290181864,150.65563441596214,141.7605333146581,179.92739734161046,148.3931866160883,1.0463151083000983,1.0627473732873174,176.19135417020925,175.8050809989688,140.62612130138623,176.6771227138916,176.29084954265116,141.1118898450686
CRR_0535,CRR,3.0495286708623452,676.8506489497803,233.54314620849266,173.1208838178292,256.2172332706324,197.04772255840965,1.0933810867403728,1.3490177560221117,7.96401918371384,13.870456747266456,38.79195307898013,8.453782674163739,14.360220237716355,39.281716569430024
CRR_0536,CRR,0.7095021463619666,320.57344973109406,105.69873465305743,89.82622006661808,106.89181209381795,95.0455780045832,1.0736080566791768,1.1767024658798708,138.9198383822257,112.91994297568176,130.04378076531324,139.4196441917936,113.41974878524967,130.54358657488115
CRR_0537,CRR,0.11901113907621405,131.3263480761426,44.700325111889306,33.62969751259058,47.3757454608924,38.92681447740258,1.0738735103360846,1.329192006414985,21.35264131300566,39.50594418365559,15.259033893248095,21.8428463255669,39.996149196216834,15.749238905809335
CRR_0538,CRR,1.4145002483575244,443.71943650932144,140.7488720785162,123.17828781588737,149.326126862072,134.20125380362543,1.0524512948254008,1.1426435175726042,166.56517981905995,144.2735215270801,175.50753946639458,167.0600290964001,144.76837080442024,176.0023887437347
CRR_0539,CRR,0.1388803143050817,145.2131482443403,39.99995613080218,39.06804683180866,53.46559332805694,42.05091059162435,1.0992099823696202,1.0238534908849033,66.1520535628069,46.472308087841014,91.22682309986318,66.63821569943403,46.95847022446815,91.71298523649031
CRR_0540,CRR,1.5544540245439395,468.1909751700331,137.97654865893156,130.33231967139207,165.43253714352394,140.68377072434714,1.059324862074227,1.0586518294680318,147.34453038289678,147.4115543360722,96.91818998830298,147.84989990669717,147.91692385987258,97.4235595121034
CRR_0541,CRR,2.379667256194478,633.5323904265816,244.10172213452825,132.72684181619243,246.9408547586032,174.06569029818112,1.1585259722635715,1.8391285349241866,39.257713056270426,40.7996277928111,49.69207778747896,39.74897869355242,41.29089343009309,50.18334342476095
CRR_0542,CRR,0.5591382520397372,292.1912394957973,96.46430587896879,63.05920188593305,105.52484609946133,84.3751701314486,1.102307231415489,1.529741940810824,12.495691994718147,159.64026408177133,15.262792251146362,12.98198882842474,160.12656091547794,15.749089084852955
CRR_0543,CRR,0.5392585859028596,293.04245960587673,118.77923606018427,62.26131852037243,120.03769446493361,82.86165315810955,1.1257114528740932,1.9077533030611729,31.46732817232075,36.089681348324156,27.785852239651295,31.959294624519426,36.58164780052283,28.27781869184997
CRR_0544,CRR,0.13888686055811544,147.84161328470873,49.85177403083826,31.24691480483348,53.802620184521,42.05190163437451,1.1190801193022815,1.5954142782482594,15.729420098982628,45.705546877527915,12.521399224628803,16.23069672235238,46.20682350089767,13.022675847998556
CRR_0545,CRR,5.189738434902618,860.925784195188,279.55686775754407,239.86637390501804,312.62037127101297,257.0560289538058,1.0660757092342212,1.1654691868908753,64.28686670679613,60.36352381828629,91.20693090370746,64.7925787160065,60.86923582749665,91.71264291291783
CRR_0546,CRR,1.3194924557941534,440.57987634121696,150.82488823766985,114.87688548809615,163.17364519302822,129.6159702234578,1.0819726153441287,1.312926334978839,171.95751000609152,167.14209169125974,10.672664467684866,172.4598089861136,167.6443906712818,11.174963447706915
CRR_0547,CRR,1.4495758908832874,443.51355324874345,138.17731389920652,125.87237641291598,154.01951220447273,135.85497220813468,1.0391577603747277,1.097757250931094,11.631896769536551,165.85518228897422,15.249771543244258,12.13098475944767,166.35427027888534,15.748859533155377
CRR_0548,CRR,0.9638400891961811,484.41278781554195,193.95047242424718,85.95088672982922,198.2762761115082,110.77902853724817,1.391900447147288,2.2565267189609663,71.99511341080213,65.12858382956543,77.11883878762475,72.4885018567846,65.62197227554789,77.61222723360721
CRR_0549,CRR,1.6094219396270124,521.6692453189735,159.75162084967346,140.00249812259486,169.49433413444007,143.14956017038543,1.1599929326043372,1.1410626452521229,39.24740419460061,20.729850490773963,1.2088270035909021,39.7510605909077,21.233506887081052,1.712483399897991
CRR_0550,CRR,0.23906384446276557,189.19267947097322,68.92071738545803,46.45035817783467,69.92737859307921,55.17114648857765,1.0915470150992768,1.4837499663962943,100.46247893688646,122.89930669507265,102.53502002706021,100.94987544817336,123.38670320635956,103.02241653834712
CRR_0551,CRR,0.12385960190266647,136.71065747601722,39.06817406760885,38.97562016526872,47.42776620129832,39.711829866883434,1.0958032900315045,1.0023746614408615,53.172443450567535,38.065301376276395,1.2233463867808136,53.66155290064256,38.55441082635142,1.7124558368558382
CRR_0552,CRR,0.3193556848954963,209.73463770106093,64.88323219093282,62.59152361774984,71.30170382139455,63.76647135014826,1.0469547278041138,1.0366137208478672,151.82934819735692,164.00116144242227,105.24180739883074,152.3361894643233,164.50800270938865,105.7486486657971
CRR_0553,CRR,1.1702847345340461,563.1048236322864,142.87868240181365,113.11700793229181,147.47082183605383,122.06771901729957,1.4683802872939262,1.2631052130315912,129.69874902376787,138.62751493907376,121.22917594047553,130.20390075888864,139.13266667419452,121.73432767559629
CRR_0554,CRR,0.5813707070335457,371.44192322940467,152.44890339324604,66.03675233514124,153.77055388249252,86.03628155294436,1.37422996639252,2.308546347336358,118.46082889744038,125.11698560880168,117.59952937758128,118.95125864068781,125.60741535204912,118.08995912082871
CRR_0555,CRR,0.18390093583475212,167.51430022241811,50.045991890373216,41.08225931202578,61.069428785151935,48.38904254256434,1.1019324838066846,1.2181898641519826,117.34508041653743,142.4091620854919,105.24190523648943,117.85159893866873,142.9156806076232,105.74842375862073
CRR_0556,CRR,1.3292006914178427,455.15076139095646,149.63312022310373,100.0017842279703,170.05128370604504,130.09192454578098,1.1136662599209706,1.4963045047475427,102.8258665423008,126.60063954040056,91.20884765203444,103.32914914337545,127.10392214147521,91.71213025310908
CRR_0559,CRR,1.8595710938411136,525.2205810021918,167.28702535443412,151.0852654078641,190.9699320330406,153.87265686030537,1.0865017006365891,1.1072358704393332,148.23990009628992,142.38342609678728,6.400462259989157,148.7458063798789,142.88933238037626,6.90636854357815
CRR_0560,CRR,0.7843744952062439,327.26181731310515,109.14123675146038,89.99971655666309,113.50094818459569,99.93481001023973,1.042386249701793,1.212684227541383,28.435883826263787,38.80716754934686,1.2275211346365666,28.920154992262272,39.29143871534534,1.7117923006350528
CRR_0561,CRR,2.2590785657933736,635.5921746447566,182.46620725084006,180.05073625835374,194.59220741395117,169.59800012475733,1.1929107219522406,1.013415501889536,61.82460700741244,166.09536615145635,109.64551455640282,62.325819499666466,166.59657864371036,110.14672704865684
CRR_0562,CRR,1.6595663403494425,494.52549746471936,180.49887040586134,117.80190978978422,180.59489395081198,145.36249487554636,1.0828952471388686,1.5322236348116844,0.137443600095433,7.0526744792681155,176.44587740030124,0.6395072948711568,7.554738174043839,176.94794109507697
CRR_0563,CRR,0.11847884783587617,140.89571366182187,54.29318944638581,26.833379350240012,58.62270765918271,38.839664555618604,1.1547087003095817,2.023345205153975,130.34266907981151,139.92821360948813,117.77002332900695,130.8489953883208,140.4345399179974,118.27634963751622
CRR_0564,CRR,1.9922665385312575,626.4831759536991,186.83075095840778,158.1403750305151,207.574168884168,159.26809286579146,1.2520761996059122,1.1814234721674115,74.38333529403494,107.49999114084333,67.03492963763043,74.88983354150363,108.00648938831203,67.54142788509913
CRR_0565,CRR,2.1696053224963223,593.1193535423446,209.4907855282578,139.76973438932254,212.8452636068827,166.20551414048222,1.1359175108949213,1.4988279575943837,0.19619593476777675,11.563682882682631,1.20844026438458,0.6988812886870214,12.066368236601877,1.7111256183038246
CRR_0566,CRR,3.7645698081257133,758.5078913154221,274.34331943172,187.4544217187273,274.38916686512596,218.93376049896284,1.1028018703185014,1.4635201288736108,25.547277952015516,20.254603074161725,21.302015800617756,26.033441750097218,20.740766872243427,21.788179598699458
CRR_0567,CRR,0.5595826081742448,271.62833792525987,80.00139417091587,80.00138411933344,88.68968393376936,84.40869062326998,1.0243256315297666,1.0000001256426065,91.3586222964466,63.11946740047277,1.2078871636948814,91.86166311894364,63.62250822296981,1.7109279861919213
CRR_0568,CRR,0.8792354447987675,409.4079416049882,150.2269636137423,91.99620707200908,150.22697890204847,105.80535607664676,1.2316824036830363,1.6329691016082184,56.69817383450309,59.83470925085067,59.80888748837847,57.18627911541131,60.322814531758894,60.29699276928669
CRR_0569,CRR,2.9354906059820514,697.3574700501605,229.75761446524584,163.60759678358917,244.87621293308146,193.32828874054965,1.1481805294360137,1.404321186681546,130.10710904147578,153.996471056901,128.5371237326906,130.59785819342503,154.48722020885023,129.02787288463983
CRR_0570,CRR,0.2593308235110885,204.5312502697688,69.14580575725402,53.18608549849479,76.31454056096901,57.46218405726093,1.132994160638277,1.3000732260923942,49.03055381662834,42.46179030609752,72.78926233184143,49.5170853312444,42.94832182071358,73.27579384645749
CRR_0571,CRR,0.8343614829799162,343.7370514722993,111.59960128235369,95.0483579821756,126.4476163201081,103.06997791471112,1.0615593788313278,1.1741349735182374,107.76771960845723,129.0753509375847,81.74409028094634,108.27201695731321,129.57964828644066,82.24838762980232
CRR_0572,CRR,0.12385902016139207,136.71033604716172,39.06808546858609,38.97552373354876,47.42765490597809,39.71173660791406,1.095803286997214,1.0023748682806706,39.27497930451795,54.38194755934475,91.2239009432655,39.76178845554416,54.86875671037097,91.71071009429173
CRR_0573,CRR,0.20389479249521147,176.28040929490265,49.28251276724074,49.23711268464662,61.49359997165021,50.95163518185393,1.1012756866157718,1.000922070367629,130.45177162116562,142.57058384306075,1.2199896651934778,130.94238931591156,143.06120153780668,1.7106073599394207
CRR_0574,CRR,0.2489035761101948,196.14982397897802,59.21249368679815,49.41831837255307,69.47104197271298,56.29510422137065,1.1090916165675568,1.1981891662198842,95.03918653457495,57.71558751628734,91.21366592655939,95.53606537799178,58.212466359704166,91.71054476997621
CRR_0575,CRR,0.3841854137810689,237.377572973129,76.49086456517664,60.44294771510713,83.93850578441177,69.93997864858827,1.0803496039841345,1.2655051988150883,1.773992233147504,145.82133359720498,10.67967900104497,2.267162929756849,146.31450429381434,11.172849697654316
CRR_0576,CRR,1.869407537237664,518.7764465384857,169.6074688026487,140.00042952971307,182.98122618225176,154.27908483125523,1.0703438630914337,1.2114782031197409,153.89539288677517,158.0271850646786,1.220620758497623,154.38519523735414,158.51698741525757,1.7104231090766007
CRR_0577,CRR,0.2088213362975769,180.41198893275225,59.050780620248105,42.551750241147104,64.24241588317187,51.5635125993677,1.1137123281256032,1.3877403464158005,97.54143173625333,64.81561722801356,100.68724610114548,98.02690118736611,65.30108667912634,101.17271555225825
CRR_0578,CRR,0.49931232707271445,278.12923424915687,80.00024958569773,79.48747683248757,104.25703699357268,79.73356884040233,1.1103389223106455,1.0064509879246863,140.91290624067798,140.05512065608505,1.2203838372944267,141.40276467384086,140.54497908924793,1.7102422704573144
CRR_0579,CRR,2.759299164667422,650.6522011044696,197.97375545957124,182.97558493719518,221.62116884969637,187.4366242816292,1.10495496209753,1.0819681518030073,150.94599786042318,172.1494433286122,144.2896068400637,151.43295324183856,172.63639871002758,144.77656222147908
CRR_0583,CRR,0.4591509561701353,314.2936255386872,126.11169047581872,55.29595503173952,126.46121834887728,76.45973805858726,1.3084372339446506,2.280667553412025,119.73917330447793,128.61099259883798,123.64409017573833,120.23156788761273,129.10338718197278,124.13648475887312
CRR_0584,CRR,0.41432234271333984,243.05242599398008,81.53460065339735,63.37694396504274,84.72194649718001,72.63137001392298,1.0651869851829512,1.28650255995887,16.927317239740145,36.15996529622063,9.355522370532814,17.41140934988063,36.64405740636112,9.839614480673298
CRR_0586,CRR,0.2138131426208592,223.86784612723537,92.3549272376992,40.18290175833378,95.19552850271172,52.17617735796455,1.3657449094455962,2.2983638113826648,22.92741504713641,23.387212982702444,9.35518691756861,23.4117997169915,23.871597652557533,9.8395715874237
CRR_0588,CRR,1.2743573253415774,433.7391608139625,168.4920292266532,99.09534358442696,168.5797215193838,127.3798312429338,1.0838722391524924,1.700302185067877,44.32329495471815,40.94353763450048,39.09539875398869,44.81224321256258,41.43248589234491,39.58434701183312
CRR_0590,CRR,0.21888350016282293,185.2145318314944,59.06848955118669,40.000260543533656,69.02450942565673,52.79120457967895,1.1167696781361378,1.4767026201466968,173.93789185525662,147.84500058316277,1.2163095794952923,174.43086645211673,148.33797518002288,1.7092841763554087
CRR_0591,CRR,0.6644643520227443,316.5624046987481,119.31292099597985,69.91073787591834,120.81995818942615,91.97946994097019,1.095515587058652,1.7066465699123843,5.929912284852655,11.06840910006946,1.20728575530305,6.431816607899198,11.570313423116003,1.709190078349593
CRR_0592,CRR,0.6142985653021306,356.36756398713777,134.91625857592786,64.5365470774104,137.3009509330468,88.43920090190483,1.2826361791549994,2.0905403943303362,75.34243441024738,61.98291496608484,77.18791705974469,75.82715214340924,62.4676326992467,77.67263479290655
CRR_0593,CRR,0.1587158865140971,162.35529010382416,52.48777763017725,42.799328178297884,60.18508682729809,44.953680949111025,1.1496120634211726,1.2263691946639492,86.91647260997757,106.40886860511804,64.63898863598695,87.42118191214384,106.9135779072843,65.14369793815321
CRR_0594,CRR,0.12864940315523116,141.3209845628168,40.299941915802926,39.800036236062724,54.274539101263606,40.47239892862998,1.1114702291528877,1.0125604327788837,37.426563346751706,32.323686339984995,77.16769055059869,37.931326181627725,32.828449174861014,77.67245338547471
CRR_0595,CRR,1.0591165621120966,423.8862083475826,167.95760442071406,90.93751268575699,172.01316624002138,116.12532408415817,1.161909960623347,1.8469562170796023,156.45578505898737,150.2576464247002,162.791131379742,156.93831969394597,150.7401810596588,163.2736660147006
CRR_0596,CRR,0.10886173417082096,128.3347095470647,39.89503858416707,31.374688878084108,46.9039111281193,37.2299697629123,1.0972398594330879,1.2715676237999163,28.421645357884337,54.113520072903974,19.64545863351873,28.919689116639297,54.611563831658934,20.14350239227369
CRR_0597,CRR,0.40439401425804306,250.5963559983867,97.50115980649532,56.56857838094681,98.82212925061484,71.75586739825083,1.1116484330571081,1.7235921884035759,29.70559455034726,36.8178383358265,46.22103325981411,30.193093731689157,37.3053375171684,46.708532441156
CRR_0598,CRR,0.10885934815550984,128.33330312913048,39.894601368219064,31.374345044467578,46.90339710967134,37.229561760204476,1.0972398594358066,1.271567623536859,28.43162750713192,54.12350222438755,19.65544077719004,28.91960617987146,54.611480897127095,20.14341944992958
CRR_0599,CRR,0.14886228464664986,155.8517393951428,55.43841099546337,29.417458338403943,60.647338575633604,43.53588721178617,1.1395001366822581,1.884541157761735,17.69556535342347,39.20001834783516,12.5302718994803,18.183673029114388,39.68812602352608,13.01837957517122
CRR_0600,CRR,0.6893826130973625,306.616181483299,99.41402578768006,89.65397568520338,106.41665578475485,93.6882705811364,1.0417415245757393,1.108863550421306,19.521269099963042,23.187445977102673,1.2183332384297316,20.011233099964894,23.677409977104524,1.7082972384315838
CRR_0601,CRR,0.2541259871102842,192.72835510076064,54.7592403840789,50.84132177575644,69.76547821570749,56.88262090776691,1.0784900519261373,1.077061698466516,53.968018236070215,34.974662485633765,79.89721044867574,54.46913558330748,35.47577983287103,80.39832779591299
CRR_0602,CRR,2.9192539451863957,660.447883486249,199.8332803126467,199.53231824023345,217.9156570776803,192.79288275596312,1.0904297275794068,1.0015083374716818,159.21363073784482,25.38988843277411,1.2248826267567667,159.6968921266959,25.8731498216252,1.7081440156078567
CRR_0603,CRR,2.1995540009681065,547.0837375227864,195.98534182842994,143.10821459016486,197.88333422149464,167.34871182094702,1.0405945784046577,1.369490510308547,35.47182368598138,42.07641860120296,27.787030318928526,35.95778844996712,42.5623833651887,28.272995082914264
CRR_0604,CRR,0.13888240165258212,145.21423950423278,40.00025674080668,39.06834042616099,53.46599512597027,42.051226599453635,1.0992099823660941,1.023853491202346,116.29002169553617,135.96976708992344,91.21525209059426,116.78269359674113,136.4624389911284,91.70792399179922
CRR_0605,CRR,1.3381061647323322,544.880798742925,149.81776736195408,109.8842831231798,170.00216159900683,130.52699659423368,1.3287745030307052,1.3634139760825397,166.37667081679731,145.80541615744025,1.222287878868892,166.86218068244966,146.2909260230926,1.7077977445212298
CRR_0606,CRR,2.0679745080276177,540.4112900496912,163.86283200875363,156.8756629255578,187.1603199660779,162.26604454182663,1.0601001381025978,1.0445395350234246,133.61021467994462,123.3037907066919,172.47226149325718,134.0994159242463,123.79299195099357,172.96146273755886
CRR_0607,CRR,0.1539076903004403,152.92659339727442,43.45742248415338,40.420301444905206,55.439107062516086,44.267522805028634,1.0996333983529705,1.0751385054212899,123.55147895009203,149.9993243937842,105.24487053155887,124.05029395477982,150.49813939847198,105.74368553624666
CRR_0608,CRR,0.20928836142132515,172.77578079882892,57.24569818243507,48.5045100249593,58.5952321325693,51.62114082567879,1.0653820942684993,1.180213925529353,107.34116821319819,91.91353164268058,117.78488264496544,107.82871466104837,92.40107809053076,118.27242909281561
CRR_0609,CRR,1.074543346479584,384.47847279177785,134.13063670655472,101.72264388242739,140.31427350567054,116.96799054740846,1.0462973531623176,1.3185917273403254,2.4563896181337825,173.5782425751779,10.68675582620005,2.9392926233774284,174.06114558042157,11.169658831443696
CRR_0610,CRR,0.969242255408293,446.564248670713,129.81459568921417,119.0318070673057,168.43515662081955,111.08904392486855,1.2795664643964382,1.0905874563074676,151.97374191338528,140.97813617981674,1.2208480512207618,152.46013138885098,141.46452565528244,1.7072375266864583
CRR_0611,CRR,0.15870632243169733,156.73837296114093,44.23218133789298,43.40513886616475,59.56799795808895,44.95232649368954,1.1098730043459955,1.0190540220197966,120.13760799691121,109.87590070595662,154.65526193752856,120.6245249826047,110.36281769165011,155.14217892322205
CRR_0612,CRR,0.27442010664965866,194.49711913660886,59.5361610030737,59.48738522154658,69.22175586925808,59.110280971823016,1.0473703531363838,1.0008199348709892,135.6162758929977,136.22911655886222,1.21809619865139,136.10533128020006,136.7181719460646,1.707151585853751
CRR_0613,CRR,0.2943512928063716,203.13312220290695,71.1265305040317,51.911060646539305,71.17992815576645,61.219254001089496,1.0561919132078064,1.37016138021779,45.86529299276812,56.567639237327036,54.34818101311829,46.35434260087936,57.05668884543828,54.83723062122954
CRR_0614,CRR,0.2038924273377477,176.2793864215762,49.282232527678936,49.23681893322453,61.493243370127516,50.95133966427783,1.1012756837822721,1.0009223502947255,40.45407109146141,52.57256424944747,91.22196838228737,40.93907558837303,53.05756874635909,91.706972879199
CRR_0615,CRR,0.13887955854842596,145.21275387485238,39.999846618109,39.06794533755135,53.46544837764625,42.05079617548498,1.0992099879736932,1.0238533476103213,26.298527470123727,45.97826286506533,1.2237400833109262,26.781736008182413,46.461471403124015,1.7069486213696121
CRR_0616,CRR,0.12787849044829344,150.3084429672236,59.88654578220203,33.045847710318654,64.38140400585085,40.35095425882825,1.1857133059719887,1.8122260414430917,148.06929370074002,146.4183673773876,169.9023478910668,148.56386402889365,146.91293770554122,170.39691821922042
CRR_0617,CRR,0.17390996117084684,165.1131238496419,50.0008987430567,39.283033296351775,61.10519070618988,47.05624717145204,1.1169003653974956,1.2728370125048438,12.097900273606788,39.397018405847504,1.2034036427268955,12.601050145812708,39.90016827805342,1.7065535149328157
CRR_0618,CRR,0.26414090937801504,216.10185236172086,86.4662054713783,37.0980255359589,88.09877437995209,57.99264187829312,1.186139375642293,2.330749527021785,84.2630831869449,95.29473262428886,84.08766610899747,84.7565492925171,95.78819872986105,84.58113221456965
CRR_0619,CRR,0.39888577350023874,248.51819098536888,87.98093070433667,59.798188344021,99.56283390096476,71.26549941260338,1.1100153333544784,1.4712975951408327,161.4909732572077,152.2453045409263,1.2184265972343,161.97859678830838,152.73292807202697,1.7060501283349652
CRR_0620,CRR,0.16411929165190667,171.3516106276199,68.82112784489749,29.79812971823178,70.79647813822439,45.71248977961395,1.1931730680005748,2.3095787720794356,86.26487373732076,77.65274409806644,91.21927692872754,86.75160780495638,78.13947816570206,91.70601099636316
CRR_0621,CRR,0.8244095852319815,336.94717489637526,109.74565722685392,89.9995571056215,115.17548681794139,102.45344723219773,1.0468522025241211,1.2194021921469995,179.6963128383083,32.72933645636482,1.2236469653455022,0.17857386678037318,33.21159748483688,1.7059079938175614
CRR_0622,CRR,0.11371835972783906,136.66823550158978,48.25524688678119,29.28240789654883,50.885002122018065,38.0513748198279,1.1432661945444866,1.64792619026622,6.0141315292444775,162.71598772196404,1.216712733379592,6.503291230005436,163.205147422725,1.7058724341405502
CRR_0623,CRR,0.5193028411558219,272.7136539906253,86.86849836509394,70.48806887164295,96.8305013267926,81.31401558482493,1.067558298999095,1.2323858456567927,179.9314178929354,156.70759145615472,10.671160011749162,0.42842931260253425,157.20460287582185,11.168171431416283
CRR_0624,CRR,0.45914496124266607,305.50873836839776,127.26828412880681,55.68619507232426,127.29779762231487,76.45923890675711,1.2718731330400934,2.2854548414290647,161.11604911905482,159.84178559091782,158.2938098735907,161.60525255718107,160.33098902904408,158.78301331171696
CRR_0625,CRR,1.7744437065640675,560.9600259490998,230.3941732195624,114.29501419921083,231.69476993217103,150.30941078667723,1.1879437293978197,2.0157849826939627,155.28144727147682,150.6843773497511,156.75808949827396,155.78505231486014,151.1879823931344,157.26169454165728
CRR_0626,CRR,0.7695355013834692,334.7621986084872,100.00177116178818,99.40779522996515,110.44808462820033,98.98500045153475,1.076507721893443,1.0059751444084335,89.71238186456864,118.24587656895295,91.20263764009876,90.21527827695054,118.74877298133485,91.70553405248066
CRR_0627,CRR,0.5790357710409778,344.0327853322653,147.0431000068604,59.33588453134909,147.0511049064598,85.86333568558751,1.275387636273574,2.4781479397879833,144.70686967586778,143.6818448704303,144.27968304049352,145.19874042687604,144.17371562143856,144.7715537915018
CRR_0628,CRR,0.5890928450315384,370.3376548941597,138.47088141316266,69.1179604171905,138.99695845048768,86.6057911351601,1.3611345758040687,2.0033994142385487,100.91196864542323,96.18939963122737,91.20288928844316,101.41452784141396,96.6919588272181,91.70544848443389
CRR_0629,CRR,0.10886164009850777,128.33465504442725,39.89502421330742,31.374677459209366,46.90389006599785,37.22995367686443,1.0972398675320658,1.2715676285493445,118.41920265432648,144.11108422840624,109.64303238204003,118.91657467909153,144.60845625317128,110.14040440680508
CRR_0630,CRR,1.0095143300188127,373.1070995606419,119.36383194820613,109.73114027563382,129.3444062085109,113.37343454075896,1.0475441524426552,1.0877844853190801,122.90166980952019,124.33634944733505,91.18659468322353,123.4343035820587,124.86898321987357,91.71922845576205
CRR_0631,CRR,1.775143968385895,579.428773641074,245.0541103039701,106.02384116713445,245.1464156716789,150.339066717438,1.226812903767418,2.3113113768220335,133.9560720963515,134.6078772714389,136.18023723265273,134.48517256330427,135.13697773839166,136.7093376996055
CRR_0632,CRR,0.5044132506371966,266.2218461692675,89.18535083866537,70.00336292802605,91.083690752227,80.13980893411761,1.05741511841441,1.2740152345303937,17.048132140962917,49.576020080630606,1.186546416889589,17.580487211933068,50.108375151600754,1.718901487859739
CRR_0633,CRR,0.9545611773396969,361.4403750107849,109.74235506014483,109.62427673365626,121.00257136886881,110.24450275899731,1.0435898548467086,1.0010771184085023,3.5134496382830096,36.730216017566185,1.1854039594996535,4.046879992323172,37.26364637160635,1.7188343135398156
CRR_0634,CRR,0.2991679856056315,208.8180839539993,60.00261392343037,59.31355191117317,70.65860863413657,61.718109967160366,1.0769749846824899,1.0116172778404693,18.52346908303134,35.67140413231995,1.1908235740369735,19.05149624355669,36.1994312928453,1.7188507345623236
CRR_0636,CRR,0.39884195363850206,290.6548182834921,122.87490534120936,40.15092218200947,124.87816141896805,71.26158484569153,1.2982913911741663,3.0603258571297833,116.54368004799841,128.09590474114287,117.75289675074612,117.07443339849996,128.62665809164443,118.28365010124767
CRR_0637,CRR,5.019931626124754,846.562807447526,264.1350682139191,241.16728036715088,298.5831839651537,252.8156533573174,1.0658727310100433,1.0952359201123896,42.87361220726494,60.877577511425464,8.787044682450674,43.39977675414947,61.403742058309994,9.3132092293352
CRR_0638,CRR,1.094608529181472,382.6612111887342,123.18233085096276,112.69134764795903,133.01704372049295,118.05502383881185,1.0317633474602954,1.0930948419906816,130.53253811317674,117.61367394374177,150.23146745121994,131.05587374900227,118.1370095795673,150.75480308704547
CRR_0639,CRR,0.14887477661017567,155.85827850135684,55.44073703409233,29.418692615271603,60.64988317075257,43.53771385749246,1.1395001366621087,1.884541157526231,17.66586244193651,39.170315433099255,12.500569005662609,18.19368346380377,39.698136454966516,13.028390027529866
CRR_0640,CRR,0.6695778497735341,301.00049424859407,100.00346045164055,80.00278377287664,103.80902841034144,92.33271341244141,1.037675917066947,1.2499997592026884,81.39995988938153,75.63661969402074,91.198625317763,81.919757096749,76.1564169013882,91.71842252513046
CRR_0641,CRR,1.364497186039879,438.57379400276795,140.77249982749777,121.54240377077018,147.94165381298973,131.8078820080888,1.059135252955868,1.1582171773811194,128.92598450415522,138.80534144446187,98.31919403878669,129.45019292965344,139.3295498699601,98.8434024642849
CRR_0642,CRR,0.7844015216553752,332.3736284738101,99.59286479308183,99.52963447088993,115.35280659633293,99.93653167496151,1.0586500259394034,1.0006352914137386,127.19027117452336,122.90431521185441,91.18566415609527,127.72300011461326,123.4370441519443,91.71839309618517
CRR_0643,CRR,0.8246314126525937,342.0047619787908,109.68975678694578,90.0038096946865,115.73965362996081,102.46723009919329,1.0624225594309333,1.2187234869172596,176.37274033648475,161.35069413960977,1.1914494527514816,176.8996550849502,161.87760888807523,1.7183642012169287
CRR_0644,CRR,0.9344039223218057,372.596987271935,129.5488717765899,97.87615690806425,137.39847652817747,109.07428774260991,1.087344295942822,1.3235999028678256,37.10643996958214,31.947053202094633,51.40783036423079,37.6354816161018,32.47609484861429,51.93687201075045
CRR_0645,CRR,0.28409069410336363,205.30181347391505,60.148246819723006,55.69389260961197,75.58546698837867,60.142788929651665,1.0865741021196473,1.0799792221623647,43.806590819850115,51.387719770400984,10.650908787610888,44.33631400565012,51.917442956200986,11.180631973410891
CRR_0646,CRR,5.495299505182448,1309.5707984536546,392.21568423781497,292.8679678140964,426.4461816809096,264.515266859247,1.5758989519013704,1.3392235660500142,7.740029502543593,170.4577761914106,21.449241162496993,8.255254156378436,170.97300084524545,21.964465816331835
CRR_0647,CRR,3.401104700325037,973.0070983383716,311.076470619525,209.25678616595485,330.633893013111,208.0966362111236,1.4883363055128125,1.4865776939382995,106.01736203599458,116.06288590110655,82.54872678890048,106.53032823376363,116.5758520988756,83.06169298666953
CRR_0648,CRR,2.149666040506165,554.5510171966004,169.82422315859571,159.3838676455,192.74435759420197,165.4400136226635,1.066967218520429,1.065504468346301,74.49954472177626,56.38802436997601,91.19661666844054,75.02120876615759,56.90968841435734,91.71828071282187
CRR_0649,CRR,0.7243998123386994,326.227871308811,126.48433568725723,72.96259762894657,126.5061844025912,96.03824692633466,1.0812521043406669,1.733550336714943,47.57094240163546,39.92760380290223,40.992484217850226,48.10225092263423,40.458912323901,41.52379273884899
CRR_0650,CRR,3.699751351184127,838.5529073911714,333.443514919156,181.14805234897412,345.1499840419262,217.04077326656807,1.2298135345423853,1.8407237096692104,45.09293445671676,47.33843221043672,32.17458934911198,45.610747606683645,47.856245360403605,32.69240249907887
CRR_0651,CRR,1.7546321576953299,488.31144522495265,155.16965044649083,145.0646417569916,175.76931798952444,149.46795809275238,1.0399176019742116,1.069658660905301,51.01646640972614,48.60663306033973,77.15867743807118,51.53973598454263,49.12990263515622,77.68194701288768
CRR_0652,CRR,1.0095931423913445,370.25838222807096,119.64467858154612,100.00420941751334,129.30434487761994,113.3778599633146,1.0395054514501016,1.1963964244948395,16.08388933950075,33.733371797501384,1.191465645857956,16.610590636850425,34.26007309485106,1.7181669432076323
CRR_0653,CRR,0.3893756152735227,234.79956447348343,78.33946187931814,59.97926995608594,81.61722481909608,70.41082524170797,1.061470624538091,1.3061089595901163,7.148031495820103,167.61080029258656,19.6373020527893,7.663852947543083,168.12662174430955,20.15312350451228
CRR_0654,CRR,2.184576824526307,598.2351144686443,191.70851954777507,164.91957629929703,225.20412605262973,166.77798420351718,1.1417823048232123,1.162436405971971,50.57153410347789,43.024185018755624,83.16057152078835,51.104562922385526,43.55721383766326,83.69360033969599
CRR_0655,CRR,1.8897604934505703,505.3635412439296,175.7651963303622,135.10619181701307,177.74446633353864,155.11665901312796,1.0370402013440634,1.3009410891280053,126.26742605686441,129.49679832301965,120.93833210667229,126.79207714075315,130.02144940690837,121.46298319056103
CRR_0656,CRR,0.33405318854033744,251.90284723670075,102.2718122921937,47.023907461068326,103.91278803226818,65.21730826202725,1.2294767872223522,2.17488970640872,13.46935708042454,20.854368979212207,10.658425949794953,13.991322764867864,21.37633466365553,11.180391634238276
CRR_0657,CRR,0.349225037539923,225.30490383882884,70.30448061517015,54.914071321564194,86.76461924386028,66.68186618620176,1.0755064667405425,1.2802634902716146,172.74420101691985,154.81785374694573,12.51419746884277,173.25799494176155,155.33164767178744,13.027991393684488
CRR_0658,CRR,3.269915444505164,682.4343089175162,212.06002793367028,205.71137346956215,233.05474603870877,204.0437612838048,1.0646029353345874,1.0308619516608668,166.84514869857085,171.91840418930903,31.751543195596728,167.37292054417293,172.4461760349111,32.2793150411988
CRR_0659,CRR,0.38432208902663745,233.53907382038867,79.12748344472314,60.00187153869931,83.83145725830128,69.95241823296337,1.0626908673788482,1.318750255876409,21.014297190287525,21.47455264999987,1.201405543894456,21.530852215344908,21.99110767505725,1.7179605689518382
CRR_0660,CRR,1.2494450442840854,420.7044725814576,127.09080988956308,120.02846243105535,142.81485729671948,126.12861845576025,1.06172884809157,1.058838939660369,13.525728597110401,125.50819610416518,174.06428152893486,14.054333672759293,126.03680117981408,174.59288660458375
CRR_0661,CRR,0.3243828257664196,213.36939556556013,69.67145994969442,58.59299544461792,74.72962597992307,64.26640190634153,1.056813295951393,1.1890748957449677,175.79400330321693,157.04667352376444,12.510745228087359,176.31105429141604,157.56372451196356,13.027796216286475
CRR_0662,CRR,4.234893309800533,779.6812265849039,233.02548760314534,227.44349622808892,281.4798041580727,232.20752851215693,1.0687863743439563,1.0245423213572948,27.336939871540473,24.027841138742538,162.76153781968375,27.858279014437635,24.5491802816397,163.2828769625809
CRR_0663,CRR,1.8546919533317556,501.16545749287934,157.66945464116455,148.97941072375724,177.73867624873807,153.6706588221738,1.0381026603029513,1.0583305026861778,146.25162997048233,153.69622149811084,7.525043358594875,146.78458476208687,154.22917628971538,8.057998150199417
CRR_0664,CRR,0.279175031142823,202.82714062116997,68.48696223875572,50.00185384715868,75.44366948978792,59.620188657342645,1.0828862756065278,1.3696884609138837,18.118074462608185,40.917118992826545,1.1957462433583514,18.640058476790472,41.43910300700883,1.717730257540637
CRR_0665,CRR,0.23410838503018436,193.28905745531384,67.46333774281462,40.83477815338853,70.96030826904908,54.596341779877164,1.1269219854918922,1.6521049162897536,13.510227489560423,167.22881587304224,15.224450023837738,14.039740619334747,167.75832900281657,15.753963153612062
CRR_0666,CRR,1.1746153967003738,396.9111702914726,129.59233367729266,110.00364696657518,138.15308824392366,122.29336747893143,1.0330956784088856,1.178073066219973,166.45453975243998,159.999092253916,1.1993370587345615,166.972891153442,160.517443654918,1.7176884597365643
CRR_0667,CRR,0.28937402116758315,203.74333057568342,76.25926647746614,51.755488860350674,76.36126765554751,60.699460209263556,1.0684364596104714,1.4734527323900433,36.233954309051754,41.02016633000969,38.0583912998404,36.7630853514024,41.549297372360336,38.58752234219105
CRR_0668,CRR,2.254678182622918,563.9335336778126,172.96568249982494,165.3732144469574,189.17075039819645,169.43274248996585,1.0594505895508248,1.0459111112900499,84.17758051104892,109.41089831169981,54.32474442409904,84.70054053595932,109.93385833661021,54.84770444900944
CRR_0669,CRR,2.3497355619894997,569.2877199688853,196.10702585158978,152.05957599935982,205.43550305328895,172.9675182569124,1.047652826237413,1.2896723179894662,174.8029020091788,14.386044552531665,154.62269793357189,175.33268913179978,14.915831675152624,155.15248505619286
CRR_0670,CRR,3.529744678467425,825.5851227929134,300.1151151848176,159.81023963648042,312.34677738849956,211.99553078881704,1.2396105969471014,1.877946718980511,173.44076683292374,164.9623298921045,1.049861324366249,173.95426558358596,165.47582864276671,1.563360075028462
CRR_0671,CRR,0.20882029801924032,187.59776677361506,66.13991194290524,38.80824129529195,74.42969371839699,51.563384410013136,1.1580741736271052,1.7042749100544543,21.06968154102849,40.370113213098676,10.652923591956215,21.596544623735646,40.89697629580583,11.179786674663369
CRR_0672,CRR,0.1388940523697855,147.8454394985963,49.85306000393465,31.24772136880029,53.804013887887564,42.052990381865534,1.1190801080316186,1.595414251667999,105.70971859141827,135.68584312298748,102.50169940059578,106.23541765766736,136.21154218923655,103.02739846684487
CRR_0673,CRR,0.6744144209293399,319.10718072172466,118.79946470738906,79.39197372668274,120.48188199802547,92.66558747814105,1.0961455394638606,1.496366183266482,7.981024358116064,11.390516034874103,1.1873681249966848,8.511096094898164,11.920587771656205,1.7174398617787858
CRR_0674,CRR,0.21890148821929106,185.22213901581648,59.07090889530178,40.001905474522864,69.02734540767409,52.79337375108544,1.1167696587610223,1.4767023769136178,173.90726174227535,147.81437162115589,1.1856841036132204,174.4389966551684,148.34610653404894,1.717419016506284
CRR_0675,CRR,0.15892320335208984,159.4043919447298,54.07128643714365,31.379625144056625,60.248236139651645,44.983030920989364,1.1279807700429476,1.7231335998730015,8.477195633228403,163.35505165340084,12.508967129704082,8.99558799599989,163.87344401617233,13.027359492475568
CRR_0676,CRR,3.6448766847578207,701.7438003551603,219.52371060026934,209.90032128572952,227.85108284467873,215.42518726269813,1.0368889174915419,1.0458474253664427,21.552973156103292,29.95370793170326,1.193394570711011,22.07698198108451,30.47771675668448,1.71740339569223
CRR_0677,CRR,0.16896015082842034,159.2998967171255,41.23283842571774,41.232834916020494,55.82664409658678,46.381757784625016,1.0932473113368397,1.0000000851189896,89.90468216053686,60.22606295873355,15.226064963453162,90.43225232539656,60.75363312359324,15.753635128312851
CRR_0678,CRR,0.30927824827565426,211.1430705168291,62.190974157739355,58.59372338056337,74.26180518988616,62.7523143820993,1.0710190915903486,1.0613931078216692,72.86709894307263,68.03481885768889,102.49888753532947,73.39553400241763,68.56325391703389,103.02732259467447
CRR_0679,CRR,0.25916970312417964,195.29902261918974,60.002790341878224,49.59033257350882,70.09257303973405,57.44433086171148,1.0821887683116047,1.209969508733074,177.658116255456,147.7452288189305,1.1867621764754448,178.18870874689904,148.27582131037354,1.717354667918471
CRR_0680,CRR,15.908304363054167,1512.2323157481346,526.2788395163078,411.04014765351525,579.1618354604673,450.05646539877074,1.0695513414805256,1.2803587253475117,64.66341060487545,56.82050284559471,95.33345952556591,65.17494599602381,57.332038236743074,95.84499491671427
CRR_0681,CRR,0.24885442610952274,207.30115953666467,73.9173788529638,40.47014175992417,82.00860377310909,56.289545761626016,1.1722604544957596,1.8264670109498105,91.06994801948576,111.13513864509947,83.06876719292131,91.58834305927508,111.65353368488879,83.58716223271063
CRR_0682,CRR,0.7845787328357277,323.84798780368567,99.65778131040459,99.59213493656922,107.66711180529452,99.94781981637482,1.0313783364962623,1.000659152189851,45.982691173811176,57.34366558675222,1.191513117298065,46.50843313575612,57.86940754869717,1.7172550792430088
CRR_0683,CRR,3.229837937075171,666.7542155595216,210.93104622785035,199.01375402410585,229.9881221401072,202.7894815953221,1.0465752799291623,1.05988175170195,161.29798552785536,163.30728003022577,13.59528858407611,161.8290708328351,163.8383653352055,14.12637388905586
CRR_0684,CRR,0.734390358777786,326.6334315742534,100.98931219770391,97.09128873372698,125.25411748229408,96.69823401014732,1.0752073343688067,1.040148024759124,45.254835276338696,46.13220330557976,83.07149138491097,45.77016745201243,46.64753548125349,83.5868235605847
CRR_0685,CRR,2.364626180644419,561.3547593545136,172.12265509160844,166.2107918738458,187.22934503817308,173.51471297018435,1.0297960703169216,1.0355684679142239,92.58446955226147,33.2639589979719,151.4607883702452,93.09556534562758,33.775054791338015,151.97188416361132
CRR_0686,CRR,0.9143633434110172,365.9848105065938,119.16950188864998,99.68973777091047,142.30157862688995,107.89826537471141,1.0796891217182987,1.1954039056909198,149.127648728482,146.96232018539226,1.1862547307999907,149.6580456809751,147.49271713788536,1.7166516832930938
CRR_0687,CRR,0.2991772193588316,215.1057861320228,65.86283619805857,62.51506240014472,83.80247591646564,61.71906241766564,1.109386559338934,1.0535514749467179,145.49208116081408,145.74280822794825,102.51530535374674,146.00330310083382,146.25403016796798,103.02652729376646
CRR_0688,CRR,1.9846937462238885,519.0052668164019,164.02369849940902,149.35676486631445,176.08390613145573,158.96510818040633,1.0392501178411397,1.0982006650065204,25.24336448502368,48.10970264216417,170.8925532209939,25.762537314174914,48.6288754713154,171.41172605014515
CRR_0689,CRR,0.1590729848940272,152.02307610946875,52.48981531397236,39.664706177710734,54.42565556088975,45.00422367579899,1.0752423684121164,1.3233380597552136,62.40204275565007,46.70528226718786,64.62189450788215,62.931645874910444,47.234885386448234,65.15149762714252
CRR_0690,CRR,0.5444052498785265,272.9714228269893,80.00216935870544,79.75844998678704,92.76467467087382,83.2561284535119,1.0436409204399077,1.0030557185095594,21.722657199671108,35.0907033748252,1.2039975164959849,22.235206819508626,35.60325299466272,1.716547136333503
CRR_0691,CRR,0.22891483867724674,187.2787689409618,50.84294491860442,50.27489758712831,69.04400049010435,53.98735268380372,1.10419719921036,1.0112988262281721,162.55717095775375,147.61014129364233,12.495108645018098,163.08841101574916,148.14138135163773,13.0263487030135
CRR_0692,CRR,1.7845654233446413,508.1784651291132,159.66800053575594,139.79139363352456,169.61883561413822,150.73749590494876,1.073112090825113,1.1421876296214604,176.48132277977254,160.31184401117275,1.2057574548357444,176.9920225224921,160.82254375389232,1.7164571975553042
CRR_0693,CRR,0.31416764296731664,233.21864307295164,89.70423716062263,41.99443373986977,90.38147342941642,63.24639647459967,1.173755405374014,2.1360982676010436,10.704261461211097,170.52825215255663,8.319255573867341,11.226307574888114,171.05029826623365,8.841301687544359
CRR_0694,CRR,0.15882941252000435,156.0645732693134,49.07078934892558,38.80737900482402,60.28455755155137,44.96975526812701,1.1046734912939642,1.2644705879988893,139.60920872958513,142.48685068017224,105.22506128349197,140.13665413946518,143.01429609005228,105.752506693372
CRR_0695,CRR,0.7145943536532077,316.8266199053277,100.0030427613946,90.00274583471338,106.11755305991353,95.38604664811977,1.0572725138100465,1.111111020379827,72.47357897222786,110.74541178812119,91.20054941568159,72.98926124031637,111.2610940562097,91.7162316837701
CRR_0696,CRR,1.6644985267787575,475.59223895220117,151.8362590952069,142.8242014206576,160.2930812910503,145.57834133030002,1.0398917178709508,1.0630989537130773,113.0793729846068,112.99405160694471,59.198008962047375,113.59218154033677,113.50686016267467,59.71081751777733
CRR_0697,CRR,0.38294240013454717,268.61937560043316,98.87111959255209,59.51100273324878,113.05642097857329,69.8267432440538,1.2245194162254736,1.6613922644814187,138.25357709833554,132.0550460194429,162.75994819218428,138.7747082553926,132.57617717649995,163.28107934924134
CRR_0698,CRR,0.8395512767048716,338.45985747251785,104.15229455213434,99.8146625639187,116.04388480888157,103.3900326595139,1.0420261599554241,1.0434568617154611,91.23967559280251,109.77353946980516,52.544873908819916,91.75091284352018,110.28477672052283,53.05611115953759
CRR_0699,CRR,0.24918581332425455,195.21835832517874,66.90346582311254,44.28392591307129,74.04050309058738,56.327012304172065,1.1031995285656486,1.5107844312277796,178.61166125937007,158.32889058720957,10.648208885361834,179.14165407493863,158.85888340277813,11.178201700930401
CRR_0700,CRR,2.4706032907596076,661.7225321232064,182.1298697083707,172.61854626953001,200.978564763231,177.3603622331652,1.1875980700156727,1.05510024064268,17.133416352460998,161.02224523994977,36.53980433908107,17.647562188303283,161.53639107579207,37.05395017492336
CRR_0701,CRR,0.21359521685533728,206.37440848877043,83.8407584800154,30.739706551374187,87.50561210994323,52.14958069500636,1.2596652475788355,2.727441732076892,126.06011130772109,139.08450638556417,120.93548498871692,126.58534198958537,139.60973706742845,121.46071567058121
CRR_0702,CRR,0.39408697817087335,245.94632950692298,70.0017131328876,69.51252409128202,96.1799535839083,70.83552249206177,1.1051961699222737,1.0070374230831152,42.52703361217233,46.13900747801467,1.205673422293374,43.037155347359885,46.64912921320222,1.715795157480926
CRR_0703,CRR,0.8244526881935815,341.2326558409632,118.11907009633362,85.64127433207875,120.80111027055054,102.45612550605634,1.060138935631614,1.3792306457085217,24.009342844410096,11.494739142076982,32.16537455271231,24.523516006960786,12.008912304627673,32.679547715263
CRR_0704,CRR,1.9596249078192933,524.5188670646248,170.0082468848252,140.00681139564165,182.90200477134823,157.95796673430317,1.056987148723114,1.214285542182682,78.69453693272763,69.03691108870426,91.18326431482105,79.226909595199,69.56928375117563,91.71563697729242
CRR_0705,CRR,2.2947421079325023,551.442171110581,178.23260112886098,160.51991452233827,183.56575654818232,170.9314598541938,1.0268998747970666,1.1103457266298118,68.33063724585033,103.84866790068888,75.25550272148733,68.84538314411027,104.36341379894883,75.77024861974728
CRR_0706,CRR,2.184656635952256,549.1796594192986,176.78272170016493,162.32388421907552,192.0081917087451,166.78103071280327,1.0481366743993283,1.0890739988797673,157.9537557489169,160.24824378138234,136.19654289922624,158.47280935636192,160.76729738882736,136.71559650667126
CRR_0707,CRR,0.12386861332634833,136.71563058640814,39.06959524917841,38.97703797287142,47.42949147523629,39.71327446064044,1.095803290021705,1.0023746616244007,53.14167034562752,38.034528352830584,1.1925733775205773,53.66467812676174,38.55753613396481,1.7155811586547998
CRR_0708,CRR,0.1839029278803406,167.51520880118434,50.04626869385181,41.08248596883751,61.06975852102791,48.38930462094163,1.101932492422771,1.2181898810070462,27.343108754516678,52.407200141067115,15.239950657269771,27.854972499225692,52.91906388577613,15.751814401978786
CRR_0709,CRR,0.8144244530856264,334.2034372647966,117.9208426570573,88.70028914573393,119.50608483749646,101.83110624303002,1.0446734991182558,1.3294301945658171,72.6048632500562,68.1875720304004,57.499128072946654,73.13117327001177,68.71388205035598,58.02543809290222
CRR_0710,CRR,1.889616901562802,526.8914040351978,159.31624455229752,149.7511969313989,193.58024334795883,155.11076569566958,1.0812579133206082,1.0638729293448008,48.75544695727978,55.69787210175548,91.19742071952014,49.27347267417335,56.21589781864905,91.7154464364137
CRR_0711,CRR,0.36910458989910483,243.25434325292167,88.50819886734755,52.890740148264655,92.30401684559185,68.55352361496783,1.1294862500349185,1.673415774088983,23.988756744625537,33.55219191247812,15.22970971940405,24.510712648578554,34.07414781643114,15.75166562335707
CRR_0712,CRR,0.274176819117955,200.96361027405212,63.901730855375924,54.67029966166855,75.87957798755167,59.084073010472125,1.0826725486931024,1.1688564220579878,48.3526104361759,41.05065239521449,79.89295066514285,48.86513808405928,41.56318004309787,80.40547831302624
CRR_0713,CRR,0.5143737464652184,269.5492380585221,97.19823643166326,68.58157302411436,97.62600773352248,80.92718917478196,1.0602145973713393,1.41726461126062,35.78898009427914,45.221756874149555,39.85614343813093,36.30798186275794,45.74075864262836,40.37514520660973
CRR_0714,CRR,0.2691700555533896,197.32356352844343,56.63169107005407,52.8721671596609,70.09330350976362,58.5421180851134,1.072903459980733,1.071105916635502,76.19549799748869,57.55841769414793,102.50986164234045,76.71091527731713,58.07383497397637,103.0252789221689
CRR_0715,CRR,0.16374105885692872,160.3505578888387,50.12426361760618,40.20147845607191,60.561080766992575,45.65978440963661,1.1178582748702428,1.2468263741189738,30.238016822203562,52.15247219578145,12.512199354990319,30.75103335520434,52.66548872878223,13.025215887991095
CRR_0716,CRR,0.5444098194762895,282.3649385629693,87.28651033421384,79.94351132981959,104.79686065054642,83.25647786805199,1.0795502495159155,1.0918523452653905,155.2193481057293,141.17683632104197,9.322888235752297,155.74182759314053,141.6993158084532,9.84536772316352
CRR_0717,CRR,1.8896007618211788,526.4403027575878,204.88822444620615,125.68644142521181,205.09818030354518,155.11010327223738,1.0803368015249144,1.6301537550342882,44.16125920403394,40.65111474467949,38.05838196150067,44.68793228940696,41.17778783005251,38.58505504687369
CRR_0718,CRR,0.7194061890216873,316.8810804807532,100.41169380915004,88.54796287634612,115.23339258029009,95.70665643463006,1.0539118638056206,1.133980845492416,66.53538819889336,60.278704333159055,109.61911124685099,67.06636601314304,60.809682147408736,110.15008906110067
CRR_0719,CRR,4.2147326199460435,789.8047963353372,253.98113506081577,231.67833772305295,256.26902647542505,231.65414397762325,1.0852500650849464,1.0962662178818956,28.01574141236715,168.50642165897304,27.999620786457513,28.533585312764544,169.02426555937043,28.517464686854908
CRR_0720,CRR,0.864618690741416,347.453942164895,124.57749452597173,93.69797008858046,133.1650997101732,104.92219537205239,1.0540956028649453,1.3295644975894172,47.43220617212012,48.634753746126904,27.757047495930404,47.9552138134641,49.157761387470885,28.28005513727438
CRR_0721,CRR,0.6242360780164514,302.3459017105225,99.17358561297982,79.48772630479706,104.81754033395859,89.15167187332665,1.0795051572151841,1.2476591069254765,97.18594630872387,131.26725481279215,91.20177152393092,97.69917754993934,131.7804860540076,91.71500276514638
CRR_0722,CRR,0.829600203429521,332.68075949251244,100.00480472266473,100.00479260725943,115.66639397444821,102.77547301408063,1.0303584268115271,1.0000001211482468,49.33413027066976,33.4630672622422,1.1832051791230942,49.86586260136741,33.99479959293985,1.714937509820743
CRR_0723,CRR,4.2446921819977055,832.4734604220017,310.0076672699119,180.00441147470522,327.9202318929759,232.47601900728736,1.1398359863932779,1.722222609602405,17.134055211690853,20.230054339847573,1.2047977114376458,17.64417709712611,20.74017622528283,1.7149195968729032
CRR_0724,CRR,2.50972109499771,594.2590034487844,182.82478134981318,177.57160622288262,201.07109120746344,178.75894787134763,1.0581764885280727,1.0295834184229709,63.57530178969904,99.33850448657878,68.56639697445878,64.10390786604347,99.86711056292322,69.09500305080321
CRR_0725,CRR,0.5294108955323985,312.3099893266067,120.41027790391094,67.54407841158522,120.51260670501995,82.10157657472273,1.2108337172567725,1.7826918470954822,88.96268169920748,82.62327521796372,84.98457464782113,89.48232968543199,83.14292320418824,85.50422263404565
CRR_0726,CRR,1.8694432293854646,561.233224660199,179.55672910532428,149.01241449547626,195.10461485128454,154.2805576309271,1.1579299855235834,1.2049783215261927,125.61216378109799,151.287628534229,111.17532959565062,126.1347122223601,151.8101769754911,111.69787803691273
CRR_0727,CRR,1.4094582270205724,598.2489933457222,256.32526432465863,91.17499011624004,262.4228010071292,133.9618584260051,1.4215133413263963,2.8113549998510186,17.94032887902005,24.66478871271471,7.268722139467776,18.46984813978085,25.19430797347551,7.7982414002285765
CRR_0728,CRR,0.14873112662576954,156.26364935882773,57.37007976896239,30.00132946138831,57.37007976929433,43.516703913892954,1.143015439324033,1.9122512501586852,91.18636338277271,91.18636343378195,91.18636494590805,91.7146026869469,91.71460273795614,91.71460425008225
CRR_0729,CRR,1.254321030933437,435.3022900184006,133.88774410649103,130.18392323961277,156.45415831447855,126.37448865880445,1.0964319132906504,1.0284506778925468,39.093273470837524,36.50594730161701,67.99613773887785,39.613111948832824,37.02578577961231,68.51597621687316
CRR_0730,CRR,5.881264684334288,946.2772952723461,353.58166613284897,233.14788182993752,382.0178407375861,273.64683022371696,1.1007232128733058,1.516555344005905,25.324876356119407,20.970154879200823,50.60222356471734,25.83596458836726,21.481243111448677,51.11331179696519
CRR_0731,CRR,3.0098266157805615,634.601485948631,197.3352587851582,195.40984493206827,220.82820211241534,195.76083035194293,1.0318710152649713,1.0098532080293052,12.54334701545563,8.824218136074228,70.63147501805469,13.070366418862237,9.351237539480834,71.1584944214613
CRR_0732,CRR,5.440267233188962,861.3298772568108,298.42410381583966,235.72013709001092,303.82793084501367,263.18744983800303,1.0417283018816843,1.2660102250911422,165.53149473431867,172.09649190926956,159.38323661361989,166.06131858620515,172.62631576115604,159.91306046550636
CRR_0733,CRR,1.9195804713092264,529.4121855588712,185.13494210712238,130.33617233440523,196.07272522276753,156.33572097803716,1.077918286846487,1.420441760650445,112.43421119328029,115.46858337827793,95.95489608696538,112.95742848641594,115.99180067141357,96.47811338010102
CRR_0734,CRR,1.1993345275339422,418.5183314943266,138.37574067116017,107.5527430885208,148.6910586012736,123.57346591491549,1.0780511938988144,1.286584950764767,167.53913490339366,143.80821756004786,169.88484465908093,168.05869763416288,144.3277802908171,170.40440738985015
CRR_0735,CRR,1.5546021879313063,470.4075736938673,145.5087886500734,140.87929451496092,157.27562413969414,140.69047522863602,1.0642893984056359,1.0328614233273354,174.52206731121333,163.6958864626983,41.95158471656513,175.05351768385898,164.22733683534395,42.48303508921078
CRR_0736,CRR,2.388253257419405,614.2673106138205,214.11371251190616,162.80052719799374,227.42719517561494,174.37942797787107,1.121275370582825,1.3151905352954212,33.94895128200283,29.786742669285456,5.27584493455339,34.47297313783917,30.310764525121794,5.7998667903897285
CRR_0737,CRR,1.7848944016138169,544.4943258944706,198.59357799549565,125.58563029181485,200.62578338865916,150.75138922448167,1.149693729489309,1.5813399792160707,8.46409929823538,6.907425886275336,15.06940220648104,8.980414872443339,7.423741460483293,15.585717780688999
CRR_0738,CRR,0.499522657128443,261.86176279096316,89.33757062057893,70.00301284754778,93.05854020531389,79.75036053505448,1.0451763145727744,1.2761960805192465,14.49561371509828,31.325684106390746,1.1865137520714228,15.022663434550411,31.852733825842876,1.7135634715235541
CRR_0739,CRR,0.1289418346136402,140.00694239043963,43.16094107044896,31.530703642068428,51.044735737114195,40.51837148760892,1.0998861074875668,1.3688543573402343,9.523306302836726,159.77851015437255,15.230967111427466,10.041965080701962,160.29716893223778,15.749625889292702
CRR_0740,CRR,0.409067381542467,268.193461002256,80.00193364475784,69.58016741733037,97.7740112259841,72.16929864153703,1.1828939958373257,1.1497807006545333,159.93995311827328,144.48354697155696,1.2037281950492424,160.44949000056425,144.99308385384793,1.7132650773402132
CRR_0741,CRR,1.5646083372398865,516.4543154063617,152.00714329105392,131.05524015115046,177.5326198035699,141.14252396057515,1.1647270414552438,1.159870777511368,171.7545244057517,153.6767201112791,6.3962951288257655,172.26587578906774,154.18807149459514,6.9076465121417945
CRR_0742,CRR,0.4344184705002167,245.08892357959797,79.2661287394193,70.00231596026596,85.53475858079092,74.37195544049125,1.0489737281676386,1.1323358042098433,143.32744886459335,146.06337755340144,1.1953220972626126,143.8452124993375,146.58114118814558,1.7130857320067605
CRR_0743,CRR,0.2891659174166887,206.12083620572557,60.636110800367135,55.200660904278536,73.91443788205818,60.67763023096324,1.0812930508823981,1.0984671162817057,10.150771296281425,158.20342112634813,15.228576899869392,10.67148636488414,158.72413619495086,15.749291968472107
CRR_0744,CRR,0.4042632843913018,242.16392387491607,75.91259686094425,66.25779972379705,83.5163571422966,71.74426807568133,1.0744157423856004,1.1457156316296992,27.314498735288012,47.011323134218735,9.3294738742725,27.82809810802606,47.524922506956784,9.843073247010548
CRR_0745,CRR,0.20892715741063153,178.68429115365217,52.9223998233186,44.45256001930491,64.29297400736709,51.57657596082976,1.1027675901390974,1.190536603523743,33.79866300447892,64.47576411958862,27.74993431115122,34.326570808535436,65.00367192364513,28.277842115207733
CRR_0746,CRR,2.81428581210936,938.1911184778241,403.0444153941265,129.16369255088262,404.5943316901962,189.29500749266342,1.577619569036409,3.1204157099747794,39.05574217863254,37.67513961406776,42.691868203422125,39.57312006723236,38.19251750266758,43.20924609202194
CRR_0747,CRR,0.384221627608426,247.38570677580591,89.17051243687843,62.15361551626135,90.02286496772172,69.94327488855205,1.1258454267801525,1.4346794099781468,97.516936200967,97.34442738333324,105.23510142506674,98.03079544237676,97.858286624743,105.7489606664765
CRR_0748,CRR,2.739710998881835,606.6472844365709,199.9806191061398,167.67766582069189,208.10756789603116,186.77013639557654,1.033900985400169,1.1926491111821147,90.67097745271255,107.77049117829924,86.43056082121103,91.18933768841163,108.28885141399832,86.94892105691011
CRR_0749,CRR,5.054585366128674,855.9042244605001,279.32412619130946,240.00591213221867,319.7718883623735,253.68677479117216,1.0739336983432215,1.1638218563442324,61.78401661105118,55.05714341823523,91.20261344014719,62.29386257980954,55.56698938699359,91.71245940890554
CRR_0750,CRR,1.8544027657838726,545.429883790454,194.33932327573044,142.91268654308345,197.35805626110752,153.65867802575568,1.1298790700351906,1.3598465467034906,35.85907130084619,42.20698926607217,52.435361090769355,36.38158737650808,42.72950534173406,52.957877166431246
CRR_0751,CRR,0.9444923433786416,362.96704244568065,109.8428895052226,109.82123236969477,129.15101419245312,109.66152476093285,1.0535691366796651,1.0001972035376085,135.5715178904006,147.38575217961977,91.19787475935205,136.08598477100296,147.90021906022213,91.7123416399544
CRR_0752,CRR,0.9193704617175101,371.9906036507004,146.72762677288011,84.66584131468704,146.88996163622105,108.19329129480066,1.094414314348382,1.7330203597401348,48.546716442085845,43.506371698960585,46.200308913164825,49.0587111059904,44.01836636286514,46.71230357706938
CRR_0753,CRR,0.3694308949693879,225.05787133588734,70.00323756656995,69.1019964913747,79.43930264887429,68.58381912097978,1.0445342112448561,1.013042185768218,156.28878136136456,150.67862523375172,1.1824922223161756,156.81855400790556,151.20839788029272,1.712264868857191
CRR_0754,CRR,0.22890865512862033,187.2762399310715,50.8422625428594,50.274219915895564,69.04306571861561,53.986623513783755,1.1041972017784676,1.0112988849536426,162.56598365150873,147.61894379743484,12.503915071477097,163.0842614412156,148.1372215871417,13.022192861183981
CRR_0755,CRR,1.2696349408499419,415.5683369639245,129.50828287373224,120.0047956992075,138.31833228150896,127.14359653823055,1.040394590385833,1.0791925615901656,51.04090035616961,32.44048898393019,91.18840030133236,51.56474221246805,32.96433084022863,91.71224215763081
CRR_0756,CRR,0.7242401709002153,326.8826444149685,94.6389013890351,91.704571523827,114.48874952724887,96.02766400761328,1.0835416899335992,1.0319976399916517,1.6557752343013252,150.34487048876247,98.32807618716416,2.16491639050812,150.85401164496926,98.83721734337095
CRR_0757,CRR,2.5798120773207396,604.2867494680123,179.77877901647264,179.70493049453825,204.44257156177798,181.23793076588942,1.0613145142006768,1.000410943215254,64.87434815220229,44.85262191154987,91.19286077172946,65.39362445790806,45.37189821725565,91.71213707743523
CRR_0758,CRR,0.14886870380016812,155.85509964061978,55.43960415466154,29.418097337766362,60.648646165695354,43.53682586636741,1.139500136735815,1.8845407817550894,74.72857515142263,53.22412215894924,79.89387409414064,75.23683344961476,53.73238045714138,80.40213239233277
CRR_0759,CRR,1.3743882011282815,454.7125876099778,168.40021772667362,112.98154077915167,169.11747554219767,132.28474619146203,1.0941511865546507,1.4905108973141945,30.885438422564263,40.88486411250541,46.194610288878195,31.402803201962197,41.40222889190335,46.71197506827613
CRR_0760,CRR,0.729519768476245,394.1526178717444,129.54084118702417,90.00333851814086,130.6513984341964,96.37704176254817,1.3017900595342045,1.4392892899291088,91.6198754302281,99.76536722620976,91.19040882367788,92.14137395729671,100.28686575327836,91.71190735074649
CRR_0761,CRR,0.8593547074790998,350.21153054099665,109.74024538831682,90.00273028827615,132.4302329235619,104.60231338343851,1.0657105834564222,1.2192990705595483,116.69329924237239,133.09858016965657,91.1969630386731,117.208239875565,133.6135208028492,91.71190367186571
CRR_0762,CRR,0.9195883011790321,353.8916667799586,120.0012612286504,98.99928837217072,128.7821142218519,108.20610841985643,1.041043041091839,1.2121426648798361,70.12603177970416,68.48175014543061,46.18436695803707,70.65351154461203,69.00922991033848,46.71184672294494
CRR_0763,CRR,2.71954922367492,642.9243590398664,220.005549373272,160.00402934042916,236.5657378697173,186.08163841273324,1.0997816941876337,1.3750000564372158,17.41225561598898,23.615101464289538,1.2015142977603874,17.922610016799858,24.125455865100417,1.7118686985712657
CRR_0764,CRR,0.8034660135256851,385.4902866215491,130.26682945847315,87.515458296791,133.83277187875038,101.14369487375966,1.2131786307847883,1.4885007973871258,179.82754158156047,166.5932278206901,3.046753449318855,0.3391204335536403,167.10480667268328,3.55833230131204
CRR_0765,CRR,0.6944972772050341,310.9773152483093,106.1170057601762,82.22274242256569,106.80934169621297,94.035174113113,1.0526609298703535,1.2906040668749676,17.18041607399725,21.752448819540025,15.225257825611571,17.703123790351633,22.275156535894407,15.747965541965954
CRR_0766,CRR,0.7444467229365811,336.9335458341506,129.24341380398425,70.00238783319836,130.84811733957116,97.35805085309363,1.101596403031949,1.8462715030799433,6.539723580071409,10.175554254515587,1.1930766607305252,7.0583434161275145,10.694174090571693,1.7116964967866306
CRR_0767,CRR,0.1289411630346317,140.00657778819533,43.16082697216059,31.530624064781808,51.04460281528949,40.518265969786626,1.0998861075144173,1.368854193417921,99.52415920310207,69.77936307624184,105.23182392964937,100.04022538592997,70.29542925906973,105.74789011247726
CRR_0768,CRR,1.0594314575195736,391.6963094302034,125.4752325272378,111.40216900699286,150.92962376510843,116.14258592998227,1.0735149960282784,1.1263266563450982,32.924054166385986,33.21791794627406,174.85482172079998,33.4405630336082,33.73442681349628,175.3713305880222
CRR_0769,CRR,3.50458760208373,766.5993821122835,281.063463872788,184.96114225332923,315.4018636047832,211.23871621844287,1.155167795170593,1.5195811425506538,33.17892166990374,29.566536912390774,59.30448124156996,33.69893831383997,30.086553556327008,59.82449788550619
CRR_0770,CRR,3.2248620134366464,687.7789689644165,240.00674376425843,179.89240388669,246.85889408061166,202.6332115380348,1.0804094929402783,1.3341683060471694,165.30508559342823,167.66721113358759,1.1984482233263165,165.81812519881774,168.1802507389771,1.7114878287158382
CRR_0771,CRR,1.924646372292269,514.7328913603983,159.84706783403362,150.00592641102915,173.56071751943415,156.54187525494868,1.0466500915307155,1.0656050174713692,157.1334327337412,157.5402256389581,1.18789940881077,157.6569227373629,158.0637156425798,1.7113894124324815
CRR_0772,CRR,0.13888915658537185,145.21777165363497,40.00122879232839,39.069295319024675,53.46729586111668,42.0522492263386,1.0992099879875297,1.02385334738428,26.27076500821152,45.9505004037438,1.195977592078778,26.78610986843355,46.46584526396583,1.7113224523008066
CRR_0773,CRR,0.22391881137113046,185.11639967875092,50.0016898330808,49.283981612817904,67.74701698188645,53.394970310677856,1.1035567539347935,1.0145627077353716,115.83368758240665,136.0488462036621,91.19319470961537,116.35182081512852,136.56697943638395,91.71132794233723
CRR_0774,CRR,1.6446736948231817,469.27362049975017,149.79399825609605,139.82369862349952,160.5092568275575,144.70879677595852,1.0322415503294924,1.0713062215543543,154.77554847621516,159.30487739175783,1.1865616528893517,155.30021373697394,159.8295426525166,1.7112269136481189
CRR_0775,CRR,0.7193645042876186,342.55086792562173,133.43699162106287,76.85597689744407,134.95704574778858,95.70388361700917,1.1393197816079481,1.7361953748778707,130.08437589473135,126.95791422470846,136.19045396111906,130.60512713173503,127.47866546171214,136.71120519812274
CRR_0776,CRR,0.3842431991566858,240.6819442820403,85.5091464839472,56.87579895771635,96.12100457905196,69.94523829124046,1.0953060445932326,1.503436400911361,169.65046174813904,157.4644518128182,12.499689201536802,170.17187039285514,157.9858604575343,13.02109784625292
CRR_0777,CRR,0.3491754995394924,226.01111461995248,66.43880533500302,62.17164103463201,83.55949052901848,66.67713656616759,1.0789541344439253,1.0686352206465652,164.6801454064793,145.75699886201764,12.49198541957637,165.20916873624876,146.28602219178708,13.02100874934581
CRR_0778,CRR,1.164612831912297,394.36953164619234,121.77267941331714,113.84011549699638,132.91984775866493,121.77155299562955,1.030878868212839,1.0696816221741277,146.35875907296133,118.90142014167583,142.533824030683,146.87624513700916,119.41890620572364,143.05131009473084
CRR_0779,CRR,0.48424372550968153,263.3707474403484,96.84259953971905,62.48540504528029,97.13776377759733,78.52122392123076,1.067654176225978,1.5498435109693485,21.591161390147732,23.294565250840463,27.762280337672028,22.105036900149255,23.808440760841986,28.27615584767355
CRR_0780,CRR,0.29864213720206706,220.14756130197514,76.71120322139221,50.00166218256499,89.64381952790568,61.663845064178076,1.1364057027053447,1.534173062913507,154.7976544837201,149.2978092820068,1.1933805551401995,155.31529883861378,149.8154536369005,1.711024910033899
CRR_0781,CRR,0.22408881316064802,198.7695282876813,73.70803398433624,43.57297889533745,77.66949260585042,53.41523550906674,1.184499241144749,1.6915996072103165,160.8461393519547,151.84402281445705,171.730606889583,161.36420834247457,152.36209180497693,172.24867588010287
CRR_0782,CRR,1.0044507695259894,371.9918977189098,124.96179342900842,103.0716988886334,129.75589126061263,113.08874570443137,1.0470422842399483,1.2123773526235049,41.27101723998768,33.55275124152032,55.65080129865786,41.793486496747576,34.07522049828022,56.17327055541776
CRR_0783,CRR,2.289610055087821,556.9189798080841,176.50637634881028,162.7225636295354,192.59452771713285,170.74021389705086,1.0382604837498453,1.0847074456782528,114.5153377803582,145.74632303742956,122.16113657933745,115.02889339045565,146.25987864752702,122.67469218943491
CRR_0784,CRR,2.459362295531025,599.432203316036,180.00404104853556,169.84347169791192,220.10023825036689,176.9564163713977,1.078260965750813,1.0598231374397216,118.89975433506531,127.46364269380364,91.20313564570591,119.40752966855491,127.97141802729324,91.71091097919552
CRR_0785,CRR,0.794369117621289,334.5167947575121,99.59235691290435,99.5383953026152,115.30233468448968,100.56948710577194,1.0587704673669256,1.0005421185475725,145.56493528617264,149.47585750925694,1.1836723871800408,146.09208799027002,150.00301021335432,1.710825091277424
CRR_0786,CRR,2.119681614114916,534.2446238534645,179.69194451607243,150.00566988257867,183.3946872898512,164.2821491623229,1.0351419571768026,1.197901017053099,21.959185364022122,23.536421007257417,1.188862810873288,22.481073272720426,24.05830891595572,1.7107507195715925
CRR_0787,CRR,1.7695601175289586,500.2922880404999,165.31203778402596,138.37065220350857,186.9397283810052,150.10242897515258,1.0609287428064278,1.1947044778028029,144.26578980822686,149.46244992853227,117.7462839708163,144.7952614189211,149.9919215392265,118.27575558151051
CRR_0788,CRR,0.3391996140737839,219.7406134247509,70.00214294702633,59.22322699713919,78.71591807102679,65.71775728048299,1.0643334852505901,1.1820048737028095,102.1025614384411,121.7477092558998,91.19548472529468,102.61778654137102,122.26293435882972,91.7107098282246
CRR_0789,CRR,1.8445653908299366,506.4860730968571,168.99433586772656,148.12615519634272,169.6838033091406,153.2505660170476,1.0519995356049885,1.140881133677728,138.87234085283797,160.8746468573372,123.19257805077531,139.3958624775909,161.39816848209014,123.71609967552824
CRR_0790,CRR,4.655105458761697,821.0868601032512,249.8159817038964,220.00967208504775,293.1904551134035,243.45562953047346,1.07354291001826,1.1354772694144402,22.959616294358305,37.010795056738,1.1830525808883734,23.48720668656858,37.53838544894827,1.7106429730986465
CRR_0791,CRR,0.699352064728568,326.4474597586431,120.00563343829445,70.00329504948095,128.21736780169064,94.36327169532636,1.1011853647493637,1.7142854968965384,83.23803854891747,70.56319682203186,91.18028055845647,83.76822812188006,71.09338639499444,91.71047013141906
CRR_0792,CRR,0.12894286350922257,140.0075009841994,43.16111327226846,31.53082944212544,51.044939395112316,40.51853314612102,1.09988610748669,1.3688543573358989,9.516962988382963,159.77216683820382,15.224623811216532,10.038954993450565,160.29415884327142,15.746615816284134
CRR_0793,CRR,1.1290058216287295,419.5708982829086,119.76671624955497,114.99352273412948,146.21742832166356,119.89557366032793,1.1139157251695506,1.041508368488383,126.71190352179075,139.5862997336046,95.94817346618585,127.2376706484875,140.11206686030133,96.4739405928826
CRR_0794,CRR,0.29392807340753874,215.97290677805998,69.28463550059178,49.52411244910911,78.00276231452581,61.175227532907314,1.1237606159834348,1.399008120979221,93.40663439345339,61.78491857353272,91.1926211224002,93.92429014183128,62.30257432191061,91.71027687077809
CRR_0795,CRR,2.264663140712268,564.0813208140124,181.20645012357897,156.26079058510243,201.41088053977847,169.80749884086367,1.057389468971448,1.1596411962659994,177.35972505645347,161.8156629403169,25.15081057806475,177.88156830517832,162.33750618904176,25.67265382678959
CRR_0796,CRR,0.18426577597055696,162.11680971315027,49.277374323138446,49.126985032575256,56.348443453079085,48.437018148005706,1.06537076850171,1.003061235906569,55.01153596894331,60.364671622539674,91.18616020278584,55.535449085984055,60.888584739580416,91.71007331982659
CRR_0797,CRR,0.7493578999190988,331.627324783927,110.00389660681827,89.5459197529943,128.62584722756057,97.67866252855283,1.080688998751903,1.228463529217811,22.584452329507393,33.563594535100805,1.1905364683947146,23.10396503033022,34.083107235923634,1.710049169217541
CRR_0798,CRR,0.4142533377439379,241.59307070148034,70.52420042090229,69.98744087533353,87.6885950917054,72.62532142125866,1.0588794835305246,1.0076693695162375,159.17441752077292,153.66424447601,12.491493951958422,159.70285418444553,154.1926811396826,13.019930615631019
CRR_0799,CRR,0.5643890224644051,276.4845293324432,89.59187142839632,79.68453031811234,93.4599177066195,84.77042066759506,1.038189481310801,1.1243320512868988,100.26737634755465,122.78408318088981,91.18344865064745,100.79377710176966,123.31048393510483,91.70984940486247
CRR_0800,CRR,0.8595640873161232,341.9650141865507,119.27767092677028,90.00343558662075,125.05312525528035,104.61505566624129,1.0404892876206242,1.3252568654668246,75.43339499015465,71.39878890751335,91.1879673782871,75.95528021524028,71.92067413259898,91.70985260337272
CRR_0801,CRR,0.47932809034547524,265.81683703972453,89.94395992653428,66.95322310564701,97.92173395289993,78.12166661882272,1.0830814395793167,1.3433850642949579,172.7895238585898,144.5703966974479,171.7191873091981,173.3178393126991,145.0987121515572,172.2475027633074
CRR_0802,CRR,0.1791582021276588,163.57995733452958,58.759414650861466,39.589417491494046,61.1693457495151,47.7609995406912,1.0902015892012862,1.4842202379837028,101.4890511486573,107.32705219684341,91.19055422494105,102.00820451499706,107.84620556318318,91.70970759128082
CRR_0803,CRR,1.5541186196650907,502.41232248662493,155.8952409826432,139.94464168783963,164.62644390631468,140.6685922218183,1.1368764459935132,1.1139779208580416,117.57082539076286,115.36762916966478,135.5182193497486,118.09117579376074,115.88797957266266,136.03856975274647
CRR_0804,CRR,0.3089703798334569,218.00089000750097,62.2745459090066,50.96591485509195,78.01030985353572,62.7210734726217,1.106356040231723,1.2218861583485303,6.438620302219454,151.60127671382924,10.644804136604085,6.96579622666522,152.128452638275,11.171980061049851
CRR_0805,CRR,0.23873810084329397,216.2658566767302,87.37122607090743,30.001270876221135,87.3712260699364,55.13354612471911,1.2485966360387215,2.9122508320191676,91.18371147147278,91.18371369867047,91.18371521456496,91.7094282179297,91.7094304451274,91.70943196102188
CRR_0806,CRR,0.2142063284935878,184.47536770008796,70.72748749958502,35.652033096765194,71.78854865797587,52.22412930538588,1.1243908529897135,1.9838276069030778,26.249670806676797,17.891790342198753,27.754987682919385,26.7689918607863,18.411111396308257,28.27430873702889
CRR_0807,CRR,0.3292163523184068,217.61719193677263,65.95505359270486,60.339097405182926,76.08218384980545,64.7434381652117,1.0699107980683453,1.0930732548054247,94.09490860943643,130.96146570229394,79.87469902303994,94.61950876814704,131.48606586100453,80.39929918175055
CRR_0808,CRR,0.289022423441503,211.5029417599995,61.998951551822266,61.94260833126112,83.01756702731072,60.662573209592146,1.1098025315635136,1.0009096036166225,130.26998966573686,126.68737414244039,79.88635632632554,130.78281730378927,127.2002017804928,80.39918396437795
CRR_0809,CRR,0.15888196195431933,156.52693307646692,48.92760385955427,39.28413839216011,55.574326020271016,44.97719387704695,1.1077629784657272,1.245479877174007,5.967416910736148,150.503722378314,1.1798090448163456,6.496646267100553,151.0329517346784,1.7090384011807511
CRR_0810,CRR,0.1589196609227901,159.4026153582013,54.07068380034544,31.379275414031966,60.24756466554934,44.98252957791499,1.1279807700494258,1.723133599705954,8.47993645308366,163.357792475308,12.511707954423002,8.98716556156571,163.86502158379005,13.018937062905053
CRR_0811,CRR,0.34929486003698945,223.02521457464,70.0359017978253,57.96169506394297,78.78027234959619,66.68853189056038,1.0645178212030455,1.2083135546771389,27.135708112773077,60.24182375932548,15.232514138082225,27.64826662099911,60.754382267551506,15.745072646308257
CRR_0812,CRR,1.7496258416450938,487.60351357670606,149.87458076383658,143.86193815221006,170.0038344151772,149.25457480670653,1.0398945500358872,1.041794533626156,73.87786676978509,69.79229022956304,99.32836675947958,74.3883413878209,70.30276484759885,99.8388413775154
CRR_0813,CRR,1.504590496841085,451.66482507653393,144.62218523257172,126.39006111638159,162.48472024613625,138.40896355405582,1.0387288176403684,1.1442528309200022,73.60359199101296,54.190954336417164,81.73790184693394,74.11210723424668,54.699469579650874,82.24641709016765
CRR_0814,CRR,0.4391776973030302,294.83225650039066,124.04597572611904,48.802519702779286,126.2413347933544,74.7782328871141,1.2550179161310666,2.541794490972864,122.57556136796799,128.4503523764734,117.74943065459223,123.0998506279492,128.9746416364546,118.27371991457343
CRR_0815,CRR,0.6191830743429068,345.4549172861345,140.00454616249405,50.00163272840028,142.24496277082838,88.79011069280638,1.2384455267031131,2.7999994904761034,91.19166279010709,101.37418640159723,91.19166683220708,91.70836373015118,101.89088734164132,91.70836777225117
CRR_0816,CRR,0.2489178862817584,196.15546247368113,59.2141956816733,49.4197389299085,69.47303900743344,56.296722480604956,1.1090916164051494,1.1981891641648732,87.35952851877136,124.68312742539516,91.18504895990142,87.88255981220786,125.20615871883166,91.70808025333793
CRR_0817,CRR,0.24918033434791323,195.2162068043513,66.90273743139409,44.28344489919474,74.03968779739473,56.32639305530691,1.1031994984679714,1.5107843932126126,3.7633753571573267,24.046137775854252,171.72682333252914,4.282288365143883,24.565050783840807,172.2457363405157
CRR_0818,CRR,0.5144609412871859,264.4406943340397,80.00171430800938,79.73254173869694,93.26745456199556,80.93404812985199,1.0400330795363206,1.0033759436666974,146.33710105364125,148.50379616394497,1.20147774809351,146.8435800312427,149.01027514154643,1.7079567256949701
CRR_0819,CRR,0.26422860434598194,229.87924997440868,97.47478760449607,39.85599068023453,97.54455016934186,58.00226787837571,1.2615513250068855,2.445674688820017,38.015104100926024,37.84461912092047,40.01168996658143,38.54160026883663,38.37111528883108,40.53818613449204
CRR_0820,CRR,0.1989626802378765,174.3762965411028,50.00214831568198,40.00172456256315,61.56441844039497,50.33161555179424,1.102799870352476,1.2499998153199134,91.18137868518176,52.777006133243,91.18137876038136,91.70763580958895,53.3032632576502,91.70763588478856
CRR_0821,CRR,0.9345988309673147,356.52816202809134,119.68236212481565,99.7916436797185,124.40555552927901,109.08566312998418,1.0403423824930118,1.1993224854471427,83.14627691374545,62.98835089299301,91.18825015878426,83.66547620300616,63.50755018225372,91.70744944804497
CRR_0822,CRR,1.9103668600257966,532.141069082092,181.62504629415594,134.61930176314877,204.10561695534636,155.9600792233829,1.0860841054756631,1.3491753702133278,17.676604881103305,29.785650046753947,174.8580121338534,18.18579626960749,30.29484143525813,175.36720352235758
CRR_0823,CRR,0.17393424634853497,184.95726306650948,70.00203886312511,29.511685281541038,73.85455322973372,47.059532576797054,1.2510478139469252,2.372010889764739,95.84687679586625,109.78156029706038,91.19378762351897,96.36041120073045,110.29509470192458,91.70732202838317
CRR_0824,CRR,0.4795965922003064,251.63238665978642,80.00278871543142,70.00243369540173,84.60234861711847,78.14354398858896,1.024999280420767,1.1428572478428929,1.18852503194893,20.168359760507357,1.1885249254716967,1.707216254532353,20.68705098309078,1.70721614805512
CRR_0825,CRR,1.6946800271122433,474.86199150251593,154.86207774141707,141.23859841917874,157.48767311207902,146.89226072847288,1.0290076939286645,1.0964571970744534,126.27988206486052,126.22699376835128,99.31240595050448,126.804738070121,126.75184977361177,99.83726195576497
CRR_0826,CRR,0.8088785627658913,498.20994762387477,176.30617761481645,84.38175098339113,182.28614912949988,101.4838003329633,1.5626646933153656,2.0893875223034755,21.625385178450365,29.802475200924487,13.943833194247048,22.15311890350122,30.33020892597534,14.471566919297903
CRR_0827,CRR,0.19389768762394582,176.25482129083179,59.06945744068524,39.43990430662823,64.39083604406028,49.68683965755053,1.1291451114843323,1.4977079300559584,93.92897915123062,65.13716187836908,91.19891887598823,94.43686297762042,65.64504570475889,91.70680270237803
CRR_0828,CRR,0.23890562101477122,195.68487400632625,66.24172790426594,39.45728191322338,74.87410592344042,55.152886065510536,1.1293775252097777,1.6788213655960484,107.07106101238995,130.55705554528683,100.64679205442518,107.59303096524344,131.0790254981403,101.16876200727867
CRR_0829,CRR,0.11385373009634986,136.63640119203356,48.685197433097045,29.32706865757053,51.01669144922154,38.074016267564495,1.1423201851455502,1.6600771799444531,4.7610495663858465,160.22199025796772,1.1929108391524188,5.274565835223494,160.73550652680535,1.7064271079900664
CRR_0830,CRR,0.25427965200957703,191.43349551908528,57.909420189611545,52.7738420806941,65.38181712658245,56.899816200062496,1.0709204043154414,1.0973129472185266,110.76093970406484,64.76499374976999,105.21997389371404,111.28334064052588,65.28739468623102,105.74237483017508
CRR_0831,CRR,0.17375355449048083,168.0014297596783,57.25004042388219,38.41764217634602,66.68348438878358,47.03508229136802,1.1369495572314847,1.490201823451086,63.76304937464892,46.717557719805086,79.87894813124909,64.27986009371246,47.23436843886862,80.39575885031263
CRR_0832,CRR,0.9834352358950459,394.5711248707592,139.0533979008277,89.90622109019694,143.91587375327825,111.89944736358288,1.12239955431537,1.5466493443354121,175.3794422523179,165.8948253487094,1.196444005058944,175.88852041095043,166.40390350734194,1.7055221636914837
CRR_0833,CRR,0.4542620637593868,256.23925943052296,79.65968050093986,72.54277279019027,97.88555941098582,76.05158928329224,1.0724758058812487,1.0981063645214286,42.84868584983514,38.11891142775567,77.15246282756368,43.36544166986119,38.63566724778172,77.66921864758973
CRR_0834,CRR,0.10879878265549307,128.81241643749794,42.31049509491935,30.509524644386463,49.97374976097635,37.21920371206508,1.1016427415395673,1.3867962738876751,148.81040571322404,159.16449091813303,124.87850835822127,149.32737889445627,159.68146409936526,125.3954815394535
CRR_0835,CRR,0.2642018925533937,198.50247054266956,69.17952452880637,49.223056362481074,74.05831317015448,57.999335978341286,1.089414175866319,1.4054292772753658,177.60447606277694,160.11411806193902,1.1880018989722785,178.12169382602485,160.63133582518694,1.7052196622202018
CRR_0836,CRR,0.44815820628068587,335.83486802874523,99.85636830934426,77.04855284176615,106.73586904690899,75.53891384803912,1.4151587992624177,1.2960187391762996,64.75211044956183,57.60363399862987,100.65025956244361,65.26935973443022,58.12088328349827,101.167508847312
CRR_0837,CRR,0.20915720361779128,176.45474387780425,59.31313644073538,40.00145681308364,62.44044325958727,51.604963202428145,1.0884086714684644,1.482774407889447,84.56791194742858,54.31499918105133,91.18495986073057,85.08774987874754,54.83483711237029,91.70479779204953
CRR_0838,CRR,0.128749741116325,141.80506082600496,48.56900918186662,33.05697003729048,50.785649579634104,40.48817873944439,1.1148427560125558,1.4692516926710921,99.23242100807528,69.60005391789045,102.48823217417377,99.75888214983567,70.12651505965084,103.01469331593417
CRR_0839,CRR,3.750695499404241,792.241302785872,297.6346041769015,161.11140323091954,313.776310313928,218.52994829317285,1.1539756490563693,1.8473838487416343,4.197429672372985,170.57487455161927,9.310492872747666,4.721395035533024,171.09883991477932,9.834458235907704
CMR_0001,CMR,2.715050395213889,607.9299770024601,193.16614139536443,185.7607536126658,201.32518918029044,185.92766144754137,1.040781776529608,1.0398651902443279,9.681902902652334,20.631984629212987,147.47197355608418,10.239916825503604,21.189998552064257,148.02998747893545
CMR_0002,CMR,3.114980480074358,683.7032654505444,235.8250378472428,168.19285278859434,263.2179604826143,199.15110665795444,1.0927858361481835,1.4021109335939321,62.44855804001057,53.682569434496976,83.03926251576836,62.99922100150893,54.23323239599534,83.58992547726672
CMR_0003,CMR,1.0795249730753165,386.6565303519292,138.640922930161,100.00665185032163,141.69745444791204,117.23881120382681,1.0497939624666257,1.386317013568884,176.52941009079092,168.44825313905466,1.1701895496179495,177.07903469121587,168.9978777394796,1.7198141500429045
CMR_0004,CMR,0.43410738451226455,256.8145292814422,81.6212860495582,64.29660622264615,96.26686814765453,74.34532188527855,1.0995527561513814,1.2694493666885027,23.602337489452616,45.97526433691753,12.473128157700662,24.158865628766197,46.53179247623112,13.029656297014245
CMR_0005,CMR,0.33933901225592517,227.4648244753638,89.99787261881926,49.50058154320455,90.28409182913433,65.73125964680838,1.1015200800747869,1.8181174809081448,58.27342862808866,50.73711578782815,46.17363529357308,58.81951696255972,51.28320412229921,46.719723628044136
CMR_0006,CMR,0.17418917280653964,159.56339819154726,54.8427886828476,40.78406407247953,58.88155516875301,47.094006315240705,1.0784940821867024,1.344711223123413,94.2892384758872,102.18881368685247,77.13419588541515,94.83848014354837,102.73805535451363,77.68343755307632
CMR_0007,CMR,0.6493895537519078,304.1486780716531,89.75273987073224,80.00583032840731,106.66057943611457,90.9301083126403,1.0647026919518154,1.1218274906005712,160.40457212617767,146.79170120699837,1.1641413862475039,160.96003595690993,147.34716503773063,1.7196052169797647
CMR_0008,CMR,0.36936144229169987,230.96429581306623,70.00457712973902,69.50747392953556,90.26680367037714,68.57737196963785,1.072047770295516,1.0071517949380149,41.81109526264129,41.749123610379634,1.1710999645604168,42.35960467296278,42.29763302070113,1.7196093748819123
CMR_0009,CMR,2.5648157289902227,597.1396329774099,195.9094946336124,170.97214475664993,204.55396832770253,180.71039845866912,1.0518235266485934,1.1458562148381342,177.22477567243098,29.08830123613598,8.300059061401212,177.76934372708948,29.63286929079448,8.844627116059712
CMR_0010,CMR,1.8296254088094255,518.8427361846313,159.89517077092933,140.00932833448744,184.10337217094553,152.62868087448044,1.0820559501397757,1.142032267942418,119.84657141186567,131.7066948637488,91.16972109136756,120.39640584991187,132.25652930179498,91.71955552941377
CMR_0011,CMR,1.184518424798082,416.91277711361005,140.00978647788082,100.00699444833658,150.71230608086734,122.80780512330323,1.0806109473120091,1.3999999425061174,84.70649393454305,67.70503691090083,91.16680804129182,85.25913479717867,68.25767777353646,91.71944890392744
CMR_0012,CMR,2.8899603685088673,720.4816482022203,274.69742597456235,148.50175123698682,278.82411712919753,191.82314312675865,1.1955618477443613,1.8497925020169352,47.86599491072056,56.04302944686293,46.1731796925651,48.412210129861336,56.58924466600371,46.719394911705876
CMR_0013,CMR,4.4202589489552215,768.7594249253717,235.26427955462887,222.62145012550286,263.28584246755815,237.2350836571032,1.0314820273564735,1.0567907064750437,117.42670044115928,116.31951417583579,85.96995158392123,117.9816252470122,116.87443898168871,86.52487638977415
CMR_0014,CMR,1.3197183417020508,419.94742433461903,130.00895354359704,119.82624302227659,142.3479211529869,129.6270643256015,1.0312153371564705,1.0849789684170221,15.735465271594748,26.881566703311243,1.1676585100665777,16.28702855269894,27.433129984415434,1.7192217911707686
CMR_0015,CMR,0.5544559209103801,273.26864965869123,91.34347987728594,77.5746286563716,93.14148414681306,84.02114045379578,1.0352646048441794,1.1774916807131044,37.678242933484576,57.447525685021226,46.17132935233429,38.22611802264586,57.995400774182514,46.71920444149558
CMR_0016,CMR,0.11881061647005285,140.90415741611358,51.93918170436715,27.539926422969017,53.572403177589415,38.89400663650302,1.1531644638496064,1.885959348861895,69.77206879803153,49.079228816832405,69.35911751040703,70.3307080889444,49.637868107745284,69.91775680131991
CMR_0017,CMR,0.24912614537311437,224.53309024271792,95.88103442462025,33.50973445047548,96.70582545403488,56.32026810274345,1.2690121124649418,2.861288995480529,129.85362399048472,134.19640504938718,126.70794651783332,130.402486962193,134.74526802109546,127.25680948954161
CRR_0840,CRR,2.0794552050268287,547.3428858586241,159.6150718434146,149.89118251863647,189.373221021302,162.71584429752144,1.070729482143123,1.064872990935068,107.78683308757276,137.80799191751342,91.18469437099174,108.32125217615918,138.34241100609984,91.71911345957815
CMR_0018,CMR,0.2940802976332078,217.38472681720162,86.05414892723836,47.044207004255675,86.64255784303026,61.19106669066055,1.130813881723671,1.8292188221910892,27.899313147774485,27.15734704487834,19.60711546345019,28.44623157680895,27.704265473912805,20.154033892484655
CMR_0019,CMR,0.1088050575167003,140.16200491026652,54.81015477690713,21.5741127654345,57.11907707945002,37.22027698680474,1.1986732889197909,2.540551974156851,9.559881734242717,172.82489152628324,12.48372628151821,10.10515508981048,173.370164881851,13.028999637085974
CMR_0020,CMR,1.0595564484904845,387.6651134345832,146.25500495770243,93.84726512912216,146.36131171411634,116.1494369378186,1.062404101027629,1.5584365165726857,116.53034305053671,119.91261815890253,117.7287258399218,117.08567589852274,120.46795100688855,118.28405868790782
CRR_0841,CRR,7.13535943445139,1185.3786013852327,410.06540292852,293.6180080469963,452.0661984042299,301.4136990556772,1.251826738047285,1.3965948671066701,47.180988811866364,42.62306220530586,67.76342206411678,47.71796172214806,43.160035115587554,68.30039497439849
CMR_0021,CMR,0.8895948422492669,350.1314569142417,119.54121673584808,90.00611007747716,124.22237034306647,106.42684491913708,1.0472010542492058,1.328145574038775,11.188917395517187,28.51238715438964,1.1681676743688416,11.739650089338447,29.0631198482109,1.7189003681901014
CMR_0022,CMR,0.4543303482503282,251.848680728587,85.4545525164328,71.92961007431838,88.45550450113733,76.05730509067592,1.0540200550450758,1.1880302482960816,35.00711075968886,28.521163117142173,12.474325828642563,35.56155806667307,29.07561042412639,13.028773135626778
CMR_0024,CMR,0.32421755905743227,220.98840247114632,80.71163378047193,53.6860067693524,84.06934059858375,64.25002858282872,1.0948289796921262,1.5034016988305337,70.1322739662274,57.2323336265401,81.70508254276673,70.6837158634982,57.78377552381089,82.25652444003752
CRR_0842,CRR,1.1340999486818857,518.323500182112,200.99126258774388,95.23064937884067,202.05047426273208,120.1657564509913,1.3729992572105263,2.1105732650018263,81.74239211458064,79.46002778428418,85.46561042807075,82.2849563051512,80.00259197485474,86.0081746186413
CRR_0843,CRR,14.681397106172835,1728.403345825008,695.1923230172588,342.7283189873657,709.2902063228345,432.35327415829335,1.2724961395523366,2.0284064213639907,35.46177882027321,40.640890459005874,28.961476113605677,36.002541712178946,41.18165335091161,29.502239005511413
CRR_0845,CRR,2.454793336567512,582.5782438379366,190.61940722416017,152.83829009261552,204.93809022480582,176.7919667369004,1.0489187824081192,1.2471966750521115,17.87123637649212,39.995197557608535,10.636918450522309,18.41519367949366,40.539154860610076,11.180875753523852
CMR_0027,CMR,1.9598572630700322,512.211764948429,166.1781212732779,149.41025300617625,177.87472967652374,157.96733109656535,1.0321252341920335,1.1122270254532567,129.26779764824423,154.20365317436963,124.8552240352605,129.82111956781472,154.75697509394013,125.408545954831
CRR_0847,CRR,0.19390048593714126,172.14550084158347,50.08341721643488,43.47217043548382,63.90459131403393,49.68719819415586,1.1028115243250132,1.1520799793229253,168.07468949308864,154.68071067218003,15.21181638854221,168.61759076321727,155.22361194230865,15.754717658670842
CRR_0848,CRR,0.29435005666128755,202.87295709979728,60.00382371510492,59.539809088704736,76.17352618568471,61.219125454075794,1.0548413980962252,1.0077933509277612,53.899341333588616,51.41382952436318,91.17161276185467,54.44616010630773,51.960648297082294,91.71843153457378
CRR_0849,CRR,1.9248572935343229,527.7174583127405,180.00994354972778,129.929895535239,189.1153623126222,156.55045270135116,1.0729939210918549,1.3854389923749786,8.583744945780285,19.522885312943004,1.1796161193709715,9.12256366659102,20.06170403375374,1.7184348401817053
CMR_0028,CMR,0.9346153777102533,362.2775883976951,129.69451634768026,90.00652526393728,132.4722440437716,109.08662878732136,1.0571097412372432,1.4409457088512303,2.7146324882984634,169.40954285371603,1.1634383056880986,3.2695708587823824,169.96448122419994,1.7183766761720174
CMR_0029,CMR,1.6698050666738207,484.61503467562505,160.0119250353161,119.84969152070718,173.76519380456864,145.81021373306615,1.0579351924752727,1.3351050220072518,172.8772493811935,156.76900196074715,1.1615884653979576,173.43395916865362,157.32571174820725,1.7182982528580604
CRR_0850,CRR,0.1269261948460415,141.1679592581105,50.03524408013445,35.1374823842057,54.858795873341194,40.20042916944301,1.117778042986742,1.4239848926292253,35.609098729363474,32.01643517255417,57.49142626902428,36.145895426535475,32.55323186972617,58.02822296619628
CRR_0851,CRR,2.949994974691372,631.4741296041841,200.65840320148388,191.61158817008672,210.17828301089267,193.8053213548859,1.0371462296138274,1.0472143418766855,74.00244261457115,85.85936289119195,114.36595880658147,74.55330174921444,86.41022202583524,114.91681794122476
CRR_0852,CRR,0.3741027590662509,254.4630205721063,98.5465919995329,49.74763714205711,105.05343779811713,69.01611599022952,1.1736113218506454,1.980930103637439,170.54323770205596,160.91057301199103,1.1820553011445554,171.07940329640144,161.4467386063365,1.7182208954900446
CRR_0853,CRR,0.7344869467530928,342.62231509552157,110.85006905752606,91.46765687796976,127.82249543409796,96.7045927398398,1.127765156050881,1.2119045446349965,166.8027997842666,158.6194977878155,9.312772084178363,167.33831752806677,159.15501553161567,9.848289827978533
CRR_0854,CRR,0.5592983202945903,278.57213992486476,89.17594368910959,79.70475140828148,97.5001735223906,84.38724658993355,1.0507780468812726,1.1188284526767125,25.441754036513245,45.18855591885136,1.1771437974861212,25.982696520058543,45.72949840239665,1.7180862810314181
CRR_0855,CRR,1.1846728199564527,399.8459693903975,120.00667851610221,119.82466185199686,133.19751949027332,122.81580850775991,1.0363073496329525,1.0015190250595505,0.3714839112291125,153.5434677729135,1.17886227064499,0.9106738013096567,154.08265766299402,1.7180521607255343
CRR_0856,CRR,0.36437846240734445,223.8834833352734,69.59151121616291,69.31443643426398,76.59053602707893,68.11321953826774,1.0462627751554654,1.0039973603790562,57.64116794542213,50.23526396484248,91.18413597924777,58.175119846414304,50.76921586583465,91.71808788023995
CRR_0857,CRR,1.539693488094462,456.73619566336447,151.20501377647437,124.88795466513227,163.656953892564,140.01423626949824,1.0383490302928187,1.2107253592382645,88.52419771500962,78.13829002681399,100.63307140945936,89.07139674250469,78.68548905430906,101.18027043695443
CRR_0858,CRR,6.775405175521804,1215.7388157132234,432.4953113124201,273.75330766923514,460.14468024524115,293.7126793496945,1.3175518500450978,1.5798724588744928,77.82462969568633,67.28622434995728,97.79729484460927,78.36029742412154,67.8218920783925,98.33296257304448
CRR_0859,CRR,0.6144067481188674,310.8234131655317,125.60416343257421,66.32394481955671,126.05043023432084,88.44698797907583,1.118615427485036,1.8937981414449543,60.10095074955288,52.66684238656684,57.48955016420743,60.63924565885688,53.20513729587084,58.02784507351143
CRR_0860,CRR,2.5297613104630194,604.1287891618522,198.50193423405693,169.49739270167942,205.42458796105848,179.47122719875082,1.071481869935076,1.1711208713601065,173.27160829574498,167.85183910769425,152.2875652705574,173.8142121826849,168.39444299463418,152.83016915749732
CRR_0861,CRR,1.9296351405561072,523.2892639134785,196.63615083698107,127.21313485588838,196.63616488438942,156.7446256771386,1.0626721351237571,1.5457220754738696,41.68668342941716,46.20304871320123,46.181373318499936,42.22306842636554,46.73943371014961,46.71775831544832
CRR_0862,CRR,0.8044799436306341,336.7307135577077,115.38190389139437,91.8308657520237,125.05976323029036,101.20749365421703,1.0590590798873565,1.25646102698157,174.3711702086716,163.39386627064982,12.487703162768465,174.91108262149316,163.9337786834714,13.027615575590033
CRR_0863,CRR,2.549850303943571,589.3729069682803,179.76718456239223,179.67836213639717,206.97387131192338,180.182414240012,1.0411849776137767,1.000494341249213,130.2247955098946,145.96636553458129,91.16664731728267,130.77580637103367,146.51737639572036,91.71765817842174
CRR_0864,CRR,0.10887264815003636,128.34114305713376,39.89704125118113,31.376257665642818,46.906262963753484,37.23183596932387,1.0972398641010592,1.2715678739108718,118.38345645179646,144.07532843300993,109.60726892240069,118.928791643535,144.62066362474846,110.15260411413924
CRR_0865,CRR,4.260358840800746,945.3195541968829,395.3090751262618,169.40554333522755,404.0437288801532,232.90464466964946,1.2919646155211837,2.33350731825821,21.54675743977034,21.335491688975118,9.352433440751199,22.0900845592272,21.87881880843198,9.89576056020806
CRR_0866,CRR,0.17890998259868027,166.06511628229018,48.82257067075341,43.69113402836796,60.35701464056058,47.727902194892195,1.1075317755862062,1.11744800762218,100.40405694530978,73.03659330403589,117.72647914514349,100.9602153192706,73.59275167799672,118.28263751910431
CRR_0867,CRR,1.7747142688933484,489.78461892893927,162.10495903368422,140.59915568630862,166.65019161198126,150.32086973407132,1.0371366702550773,1.1529582680806227,162.53109464331106,164.19893978184976,150.21757008360066,163.06736744994765,164.73521258848635,150.75384289023725
CRR_0868,CRR,0.17930822375560979,161.24240088044508,59.31460195354268,39.59045118755685,59.856297814007824,47.780992160257966,1.0741729702914258,1.4982047482243663,4.256634539386042,173.4591693459245,1.1733274750159137,4.800841982522083,174.00337678906052,1.717534918151955
CRR_0869,CRR,0.6743419422831147,347.64691566504183,126.52114149317438,84.64900768065208,134.35108208041453,92.66060800514846,1.1942448095239868,1.4946559322997577,39.12202535118235,36.52370107665478,57.4029193610409,39.66225256353132,37.06392828900375,57.94314657338987
CRR_0870,CRR,0.7193396527972438,327.91812025071727,126.20857525789367,76.36485115483922,126.21989992545906,95.70223048798356,1.0906702905708598,1.652705051463927,31.118287238625147,39.05702573469249,39.82454391700582,31.671040980934745,39.609779477002085,40.37729765931542
CRR_0871,CRR,1.7997825562600829,505.0631721673464,156.14005102143344,147.31912110117563,170.2496745531113,151.3788070555081,1.0620152449032172,1.0598763409279355,149.40358433453358,127.19347672180297,154.61567376074012,149.94029272558615,127.73018511285554,155.1523821517927
CRR_0872,CRR,0.719284490010073,323.79266216505147,107.1275968485646,87.82643158468662,119.89957042337795,95.6985609398328,1.0769901284691588,1.219764880749673,74.60963604629276,56.968264294549016,98.29710444112462,75.15494000455972,57.51356825281598,98.84240839939157
CRR_0873,CRR,5.820098851598652,939.8967456609774,318.90016531789996,259.971865771511,328.1596551242142,272.22013173391696,1.0990312297265896,1.2266718337828948,12.98627981887481,20.20723246663048,173.0326984173353,13.540804707963686,20.761757355719357,173.58722330642416
CRR_0874,CRR,1.314551799574616,433.1982556043464,141.22324630531708,107.80440151781313,156.9638613088783,129.3730781430655,1.0658422093347035,1.3099951793896092,77.52155179133986,56.11754094017478,84.04598277488961,78.06783308852829,56.663822237363206,84.59226407207804
CRR_0875,CRR,0.319375788487601,209.7470904855881,64.88526255617938,62.59348826437159,71.30393643995536,63.768478383397756,1.0469839361453397,1.0366136215660038,61.80469381908478,73.97649254993841,15.217130904679667,62.341044249259,74.51284298011264,15.753481334853888
CRR_0876,CRR,0.9895445738504902,373.06491610729597,129.2737688810921,100.0058870279804,137.8473404418894,112.24648247070145,1.0579418470086575,1.2926615894614575,29.032620374580887,31.179442053836333,1.1750890207573956,29.574756950902927,31.721578630158373,1.7172255970794355
CRR_0877,CRR,0.2841857613251655,213.69683811637944,77.21668421273681,45.144058408352706,83.35304407141062,60.15285108536996,1.1308161623481978,1.7104506536445983,178.38365055828467,162.4327846289729,9.289546503907234,178.94134249805938,162.99047656874762,9.84723844368194
CRR_0878,CRR,0.6193697411142944,301.2768399331729,99.31804711768423,79.75185017929353,114.91126572472001,88.80349357987555,1.0799056744618085,1.24533847044806,152.5356604277127,149.30421959556946,1.1637244505754525,153.0890521231287,149.85761129098546,1.7171161459914401
CRR_0879,CRR,0.2243234619461723,179.9150227501914,68.88586915521547,42.428964652740675,68.90832496711928,53.44319438074038,1.0715813505901846,1.6235576267064493,54.56412975125669,47.63649440033876,46.173717841859414,55.10753988933402,48.179904538416096,46.71712797993675
CRR_0880,CRR,1.1247635163968437,396.04255048756033,130.00853973509305,109.78697507452847,135.1876546605467,119.67010435158139,1.0534315136825367,1.184189104826299,97.03218108856761,75.25781710923896,91.16866177935438,97.58055127410744,75.80618729477878,91.7170319648942
CRR_0881,CRR,2.929879435181859,656.5644189543648,239.8015530367324,160.008384365337,242.7148905723428,193.14342748796463,1.0820505164883922,1.498681172164133,179.11431735171678,172.29455021399048,1.1808342021578282,179.65050823668392,172.83074109895762,1.7170250871249664
CRR_0882,CRR,0.36425036320603166,230.03056651795532,74.44143661116664,57.81103778906205,83.31235162371667,68.101245702121,1.075178621069523,1.2876682283889236,0.10119470272560915,159.78049544638108,9.295072260914585,0.6532182283171686,160.33251897197263,9.847095786506145
CRR_0883,CRR,0.5893505149277087,306.3899463091589,125.11584751283358,63.44919254596925,125.90406189141957,86.62472980136732,1.1258557361293693,1.971906063614388,140.2544272355876,142.5860090939018,136.17145057965894,140.79996058895193,143.13154244726613,136.71698393302327
CRR_0884,CRR,0.2993275783080998,213.55763673699772,78.64134934028505,47.91003745076929,80.94320198244391,61.7345696941093,1.1011254695749417,1.6414378598867554,1.1133974994331715,170.03992449431883,9.310879454965814,1.6495077956199835,170.57603479050564,9.846989751152627
CRR_0885,CRR,0.15883226299670092,156.06597369103466,49.0712336852249,38.80772171689071,60.28509850895169,44.970158797493156,1.1046734912914062,1.2644708711118975,49.60115776111425,52.47879967766748,15.217017600099075,50.13695120783166,53.01459312438489,15.752811046816479
CRR_0886,CRR,0.23897253770098237,194.37976693550462,60.00339081936179,40.00225602419619,69.67964104457224,55.16060959657764,1.12168813836878,1.500000169567124,1.176695640565081,147.88743359193742,1.176695581983418,1.716465679491072,148.4272036308634,1.716465620909409
CRR_0887,CRR,1.8747795300815637,503.3244111447308,159.18336671608418,150.01135800231373,174.0936950368204,154.50059661243552,1.036974222351368,1.0611420950780872,141.47592075902844,149.3412679231062,91.15902274867159,142.0333081858211,149.89865534989886,91.71641017546426
CRR_0888,CRR,0.32389175123938074,233.03762205836983,86.83884777444207,54.796071522551564,98.75914559181723,64.2177378838202,1.1551042032676502,1.5847641146811622,32.409734437010776,29.74213569247056,60.197449572872266,32.96492769582623,30.297328951286012,60.75264283168772
CRR_0889,CRR,0.6343354775125792,299.69978989199353,89.59277093952733,89.41841388252536,106.63003002259353,89.86996242335246,1.0615049059488388,1.001949901026326,130.81963873680255,125.63400785564954,91.17985120260867,131.35614098506838,126.17051010391536,91.7163534508745
CRR_0890,CRR,0.7594077600931297,328.7809022212619,96.60020541013652,90.37169582685843,115.13289350025654,98.33147973712823,1.064300179812491,1.068921021413731,15.381806816242666,32.65603159937041,174.03427866121575,15.938834710793337,33.21305949392108,174.59130655576644
CRR_0891,CRR,17.111426725617783,1587.6426265730258,570.3149992132833,403.00263111620495,592.7893445530243,466.76487843340016,1.0826914515529502,1.41516445595819,0.13271377697873277,168.86398693747225,4.691501110783463,0.6790014747196548,169.41027463521317,5.237788808524385
CRR_0892,CRR,0.46387177684572245,282.59227957695254,114.18925248170473,59.48888270088722,116.5699326849358,76.85179828517603,1.1704594863840496,1.9195057512821923,121.42006240568007,131.81375819701685,120.21432430642635,121.97656453118893,132.37026032252572,120.7708264319352
CRR_0893,CRR,0.35422902529978845,226.6307647151344,69.59193353124483,59.688458673190965,78.9921104750746,67.15790369753087,1.0741671337319025,1.1659194269411082,103.10798630135378,121.873317178881,91.17688135704113,103.64730714563822,122.41263802316544,91.71620220132557
CRR_0894,CRR,0.3943447581244295,235.19236664767058,68.79517638838949,67.20286354543778,79.30024929846522,70.85868615089095,1.0565261582679668,1.023694121930907,171.80871502497868,150.43829597323153,10.641805305644061,172.34534334054894,150.9749242888018,11.178433621214317
CRR_0895,CRR,1.694686527673573,497.5507368403466,182.13269845626124,116.45229379973162,183.24632039470558,146.89254245753642,1.078171265638587,1.5640112574294436,10.152418377369758,22.854163442882278,10.62519393424193,10.705617904991549,23.407362970504067,11.17839346186372
CRR_0896,CRR,1.1994286053342087,416.16021127374484,121.22043858808658,115.8904911033936,148.08453173666368,123.57831247423874,1.071934928002698,1.0459912408166239,37.73688884497546,54.30421917398868,9.30529500731289,38.277711426258136,54.84504175527135,9.846117588595565
CRR_0897,CRR,0.7344965942348166,325.40608835995704,109.59454189727381,90.00533701581189,115.53689727198827,96.70522784488259,1.0710897151859786,1.217644925633916,27.77548581743996,32.202316608739004,1.173604680761677,28.31786059689676,32.744691388195804,1.7159794602184775
CRR_0898,CRR,10.082278271540236,1186.3779008082158,409.47581772754603,319.00253740142387,458.1065382977384,358.2897625714292,1.0539955478129008,1.2836130429027688,23.25982029701875,24.202063976852763,177.5624034728837,23.80909812449273,24.751341804326746,178.11168130035767
CRR_0899,CRR,0.6644760712771389,301.20247936101487,93.5286969622595,93.31741744311901,102.39336268377647,91.98028106503665,1.0423508801401598,1.002264095223909,160.90273085501352,152.1213372802431,117.72613755798693,161.4575340852686,152.6761405104982,118.28094078824203
CRR_0900,CRR,7.595485535656962,1058.8504232937391,339.95516460960266,299.8568712651764,395.69472126541905,310.9802653780845,1.0838069011051816,1.1337247773420727,59.30839528709675,57.35257350400893,91.17672920977115,59.84758102836578,57.89175924527796,91.71591495104019
CRR_0901,CRR,0.2790329447883289,205.8492196472007,72.7974346751804,52.590868588445026,80.11622639381686,59.60501485516162,1.099300819505599,1.3842219501043769,166.05401937924864,165.91677716495144,12.483234140432486,166.59657486691268,166.45933265261547,13.025789628096533
CRR_0902,CRR,1.0496872340530141,373.93750893111695,113.14413522493106,112.98486754008535,125.735118984682,115.60723575970373,1.029589585163342,1.0014096373108479,172.82363754754934,163.81030091300934,136.17074338845714,173.36870489500203,164.35536826046203,136.71581073590983
CRR_0903,CRR,3.3101666789515316,702.1880908318557,212.44161380711893,209.7571906771012,237.20902913591874,205.29576506362116,1.0887385387761626,1.0127977645073925,179.97079122288216,15.621251307920808,141.875912242338,0.5212140016867336,16.171674086725375,142.42633502114256
CRR_0904,CRR,0.15889092574343194,156.53134736319944,48.928978011813015,39.28525073201289,55.57589344832135,44.97846261891527,1.1077629705916578,1.2454795909433158,86.37194376461869,121.83563904009367,91.15954894464573,86.9280998235664,122.39179509904137,91.71570500359344
CRR_0905,CRR,1.379572199360177,441.3520475176249,129.84566335825568,119.84558603179767,149.26754239601232,132.53399107559687,1.0600052022291027,1.0834413486351075,107.81884746865484,143.18464516602265,91.17296365868937,108.36158604231653,143.72738373968434,91.71570223235106
CRR_0906,CRR,2.305028313878648,559.1346280554924,176.7677693431854,165.02478981689293,193.72947154128272,171.31413254499788,1.0388989931756605,1.0711588818826683,8.32634180314413,12.946437716379286,145.63175488944714,8.87256769592957,13.492663609164726,146.17798078223257
CRR_0907,CRR,0.21917460283363316,177.9949920665667,54.53577347813646,46.8266470371564,62.23804340389225,52.826297573216806,1.0725257735026132,1.1646311860608547,17.056397375376253,52.373888864557685,12.489234931004361,17.592786268910217,52.910277758091645,13.025623824538325
CRR_0908,CRR,1.3296078015068449,440.8596151634517,153.5887689874978,117.47232167668571,171.71373365489038,130.11184542027277,1.0785334223216174,1.3074464418113223,78.38296805617182,81.62736807327116,54.305512265042914,78.92315698920896,82.1675570063083,54.845701198080064
CRR_0909,CRR,1.1093969332875004,461.77210938772913,182.45630926435254,98.47869192025895,184.40083493043673,118.84982314961863,1.2367425014761466,1.8527491146215944,51.490825895829204,54.543295207941156,46.21520526084505,52.044364851845955,55.09683416395791,46.768744216861805
CRR_0910,CRR,14.757271845415918,1739.7621409303406,646.4483246887651,320.8526248385797,673.176146826278,433.46905409718005,1.277561763249312,2.0147827215500946,31.5499325848647,39.56901341667248,23.31650712770012,32.08807363826046,40.107154470068245,23.854648181095882
CRR_0911,CRR,0.37940117778552057,236.40409477795413,86.0446452583064,60.74118108942186,87.84073967719134,69.50313538795359,1.08268152338916,1.4165784022479466,161.18117087640036,155.68432926237247,142.5087778379488,161.72803827962332,156.23119666559543,143.05564524117176
CRR_0912,CRR,1.7846295015442655,502.7638299336515,160.43823772909175,135.29611373323198,173.45357515250905,150.7402021382206,1.0616590346400367,1.1858303487226054,6.646068568492096,25.05385064696355,169.8641903502077,7.18738615430741,25.595168232778864,170.405507936023
CRR_0913,CRR,0.2389437964745139,215.43235522642914,80.00521848130215,39.15951811140644,83.5144934044506,55.157292413651106,1.243248997034867,2.0430593209470094,91.16762893474052,107.83618603865247,91.16762878947827,91.7154210977258,108.38397820163775,91.71542095246355
CRR_0914,CRR,0.9396181357376536,486.8390222398223,188.55013879765067,88.14789764318259,196.81179195977734,109.37819560458621,1.416787623003063,2.139020258439859,36.63973246554812,46.64452418079659,29.474644494306304,37.188410693448176,47.19320240869664,30.02332272220636
CRR_0915,CRR,0.5195385414595488,275.14349002442736,80.00537148810928,79.75154680627534,92.21403961571153,81.33246682600537,1.076825730384501,1.0031826929006218,64.8009236225851,122.91423563816085,91.16568789193724,65.35046827482502,123.46378029040076,91.71523254417716
CRR_0916,CRR,0.5694372268780169,288.20288341938067,101.722949178762,71.70753629842608,107.05507078859378,85.14869320814148,1.0773838512684522,1.4185810087718036,34.83176330123069,33.991236546357165,52.505408293328536,35.38172500200557,34.541198247132044,53.055369994103415
CRR_0917,CRR,0.8095502948533182,340.3470184900295,128.64389936687706,80.00547819548586,131.86658701786078,101.52593012916728,1.0670753824242,1.607938634558846,166.41460284211004,166.7787979125094,1.164426374233086,166.96533592015814,167.3295309905575,1.7151594522811773
CRR_0918,CRR,2.254731678357283,560.3423918176018,175.91924773601593,169.45107637991006,191.45002745152323,169.43475250525128,1.0526914952579514,1.038171320562191,18.481906140931876,173.05154566462966,54.30986088418456,19.017290641629014,173.5869301653268,54.84524538488169
CRR_0919,CRR,0.2738478491032296,213.59688873192886,85.97259637758444,47.61018747730956,88.39118158154272,59.04861647142121,1.1514241214166023,1.805760509104442,130.59043180050836,130.77322958929028,144.2966601063735,131.13890413001295,131.32170191879487,144.8451324358781
CRR_0920,CRR,0.2641782284341952,197.79673580034333,65.21540522512339,47.4744130638209,70.55704255893941,57.9967384686843,1.0855896059418686,1.373695871446644,9.515150192239405,164.25119609632094,10.631527103337229,10.06096242633999,164.79700833042153,11.177339337437814
CRR_0921,CRR,0.584402963083737,286.36520471165716,95.67356112630526,81.17525210292915,100.89984711278589,86.26035953197838,1.0567180129242724,1.1786050384542377,157.0292320516915,168.23630161962757,144.30723092920053,157.56713534193653,168.7742049098726,144.84513421944555
CRR_0922,CRR,1.0544017078186014,387.78876298529065,117.47242008948447,101.62577128427525,134.31907954324384,115.86655904232826,1.0653375575269044,1.1559314001256806,168.83998562732486,127.91016183464967,174.05617772732143,169.37381154025547,128.44398774758028,174.59000364025204
CRR_0923,CRR,0.17375934421021094,168.0042284893114,57.251003407068396,38.41826961522498,66.68459652540169,47.03586592332381,1.1369495553883335,1.4902025515584412,118.6075080488012,135.65300183131515,102.491626616916,119.1407715113686,136.18626529388257,103.0248900794834
CRR_0924,CRR,1.4896690375920856,464.67037617495424,154.64935395527135,126.37417031906294,168.87026990832703,137.72093258578434,1.0739774395667736,1.2237417944254012,58.17317114265425,41.45212605854473,72.72369136927337,58.72929459294174,42.00824950883222,73.27981481956085
CRR_0925,CRR,1.09753116160279,411.73470169921274,129.68519003785303,110.0060002661016,137.9653969555901,118.21252372451029,1.1086746302889352,1.178891967021326,118.453514403053,120.99831681987133,91.17686585245102,118.9912169740733,121.53601939089162,91.7145684234713
CRR_0926,CRR,5.130141989708668,845.6334622204143,266.5770785054106,243.14855745370178,289.8732200136499,255.57581363273417,1.053204085654955,1.0963547606329924,39.22356238357503,27.125540230854288,58.697222502281726,39.75876113605201,27.66073898333127,59.232421254758705
CRR_0927,CRR,0.12894754085680987,140.0100403200153,43.161894391356576,31.531403854068383,51.04586520894199,40.519268035743615,1.0998861075066337,1.3688541934610867,99.50372398674281,69.75892786371489,105.21138871646968,100.04293555704177,70.29813943401385,105.75060028676864
CRR_0928,CRR,1.8896770834546903,506.29164266845464,161.18212532564485,141.2766897521465,179.16237660564957,155.11323571617996,1.038967657463352,1.140896814672117,102.43250772665576,110.46999604522718,84.05181033421204,102.9698509364415,111.00733925501292,84.58915354399778
CRR_0929,CRR,1.454684810429563,474.14983044489276,154.16618755476904,133.5173619478916,164.09830719587492,136.0941668758986,1.1089863880838056,1.1546527380831277,166.99934040781537,167.1982841713832,142.51321633719422,167.54028251327844,167.73922627684627,143.0541584426573
CRR_0930,CRR,0.2186160120658882,229.75754045063474,97.28791890017891,36.713828976124496,98.89733902092387,52.75893779015915,1.3861934984663498,2.649898460970839,141.9525829037575,150.32369444129748,139.9356920493389,142.50689261288048,150.87800415042045,140.4900017584619
CRR_0931,CRR,0.28937952654692267,205.66707045089723,76.40029520077434,49.50067588360525,76.57800267691579,60.700037614179514,1.0785143528755565,1.5434192329094705,51.25747847663318,42.262748761457686,46.166862863641015,51.80452202472404,42.80979230954854,46.71390641173187
CRR_0932,CRR,1.2545984954855556,414.087316866477,130.00661978895144,119.70469984438319,150.92230390550833,126.38846534464483,1.0428806643272084,1.08606111504361,29.5666633022938,33.957596641268786,1.1795556352764063,30.100903637051953,34.49183697602694,1.7137959700345577
CRR_0933,CRR,0.9293708063022843,399.34613343670594,145.45200140198142,81.3361815909446,156.25927616894094,108.7801297253534,1.1685573698350522,1.7882816546944345,18.998406575952647,34.940696299953856,10.64089312237442,19.533514351478168,35.475804075479374,11.17600089789994
CRR_0934,CRR,0.7943205718842934,335.3708767182239,105.78915562812739,95.5862237552089,123.15118268445981,100.56641404165367,1.0615061361670934,1.106740610436161,75.14234053824785,63.394577270013144,99.29827515526928,75.68772626416747,63.93996299593275,99.8436608811889
CRR_0935,CRR,1.8396950044665565,504.6696937554326,152.59942261333168,144.18855495779317,187.34646004279202,153.0481110611481,1.0496134298287316,1.0583324221398887,33.68998359583371,33.52881248882632,173.0467877970696,34.226650952722196,34.065479845714805,173.5834551539581
CRR_0936,CRR,0.674497069068902,305.2896049184355,99.75127872843352,80.00407102565568,106.66600162981551,92.67126529547822,1.0486173797761154,1.24682753576934,7.585421828494231,35.52707366529769,1.179178152212626,8.119684900433501,36.061336737236964,1.713441224151897
CRR_0937,CRR,0.2039160399284985,176.2895935036549,49.28508610617175,49.23966989219226,61.49680400464274,50.95428989229059,1.1012756837972402,1.000922350090464,40.40658503487142,52.525078392935676,91.17448255043921,40.945511933433835,53.06400529149809,91.71340944900162
CRR_0938,CRR,0.15893179135109986,159.40869888562915,54.07274739278176,31.380472992899985,60.24986398348749,44.98424631621811,1.1279807700300861,1.7231335998350321,8.44859432666123,163.3264503453689,12.480365816901807,8.991473805254225,163.8693298239619,13.023245295494803
CRR_0939,CRR,0.2191441014700471,202.20428644463937,82.39694712978182,34.36275589607588,83.60314021065304,52.82262166791034,1.2184859700587063,2.397856195788746,99.52733875623808,108.03079248564788,98.28632098649618,100.07858856952755,108.58204229893735,98.83757079978565
CRR_0940,CRR,0.924212570068298,415.0902042597081,149.42097753295968,80.00497328051195,156.00835511438368,108.47783146580109,1.2180121402553001,1.8676461150616555,1.649200119946154,163.8982983539184,1.1677729439762947,2.1938983140153745,164.4429965479876,1.7124711380455153
CRR_0941,CRR,0.1441607091019471,144.00404304586883,48.76052206525442,39.41623667388318,51.639385279965545,42.8428658735222,1.0699076641430982,1.2370669089665445,19.264468967545703,20.387337335429237,1.1654425754842141,19.811489586275542,20.934357954159076,1.7124631942140525
CRR_0942,CRR,5.725046148477769,1212.873079274765,520.424232199157,194.0386114298623,521.6092368347366,269.98805810027284,1.42995025237727,2.6820653289784593,46.52775010276584,47.52895024928121,51.391794968560895,47.07165281390803,48.0728529604234,51.93569767970308
CRR_0943,CRR,0.11882973072457062,136.06586861315472,40.00235772471241,38.13844925654348,47.38988979559194,38.89713514498906,1.1134781775138387,1.048872161939021,91.17078764434035,54.91216835794259,91.17078783143923,91.712368429357,55.45374914295923,91.71236861645588
CRR_0944,CRR,0.3192919972978704,219.7283545560677,80.02012552419271,47.90982034933202,80.94285030752447,63.76011270983774,1.0969508138793174,1.6702238693597684,6.442640391131016,170.04005143275154,9.311010127603144,6.974074069215865,170.5714851108364,9.842443805687992
CRR_0945,CRR,0.10887496578428148,128.3425094924634,39.897465905158796,31.37659766616009,46.90676071918712,37.23223225489374,1.0972398675805557,1.2715676291501972,118.36875292393061,144.06063448922404,109.59258268289082,118.92310958654659,144.61499115184003,110.1469393455068
CRR_0946,CRR,0.29929732168574846,212.3767280536617,86.9636713345109,44.72456823510837,86.96367132978189,61.731449489187916,1.0950919295469832,1.9444272972599705,154.59362587115885,154.59362587485938,154.59362966249125,155.14687070776387,155.1468707114644,155.14687449909627
CRR_0947,CRR,1.3945672053428415,470.3641669059101,190.05406519218752,93.99230070790982,191.18512369462258,133.25232131686516,1.1235944181169335,2.022017375474178,50.05787085611164,52.20212307297269,42.36219320909124,50.59352632315438,52.73777854001543,42.897848676133975
CRR_0948,CRR,0.11882902873262753,136.06546612059338,46.64593226933055,29.105909461553477,52.85201931164485,38.897020251537555,1.113478172731714,1.6026275465106496,117.02806200607856,135.67626421808345,105.20918936250638,117.5668454515689,136.21504766357378,105.74797280799672
CRR_0949,CRR,0.8641718348919923,362.3776205238411,106.34822836100832,90.22030625657871,133.49229386943333,104.8950787039521,1.0996548224159042,1.1787615535083997,82.29530714762853,55.254150025549684,96.8792301267806,82.83831664446609,55.79715952238725,97.42223962361815
CRR_0950,CRR,1.2045024867752425,414.6893742917525,140.27682855125042,118.08523840105954,140.49940550905922,123.83942013325486,1.0658942636391506,1.187928571349624,40.92179165626401,45.002282255217004,41.776775999945464,41.457925698123724,45.538416297076715,42.312910041805175
CRR_0951,CRR,0.35895305912024117,244.45442598888292,97.04034977008706,48.28664764910536,99.70599604794079,67.60423282425072,1.1509968719848072,2.0096725387786365,106.8454520497162,119.78848780473395,105.20696573195322,107.38630337138356,120.32933912640131,105.74781705362058
CRR_0952,CRR,0.45449894067941177,248.9990881921985,80.11499619519438,68.40024276524453,85.05590934967299,76.07141541428476,1.0419008373997347,1.171267717135974,15.111770983871816,37.38928463001555,12.48985901212396,15.643344880070565,37.9208585262143,13.021432908322708
CRR_0953,CRR,0.699336501295037,339.89746646354456,135.50337274498017,68.1528077944836,137.2142775455271,94.36222170580632,1.1465682124514067,1.988228763128788,112.33779371039253,120.20585968403005,111.14846694913493,112.88350569849116,120.75157167212868,111.69417893723356
CRR_0954,CRR,0.28419178974963494,206.67004870880768,71.55681491385502,47.47382316973338,75.97623005066127,60.15348909234578,1.093621013090492,1.5072899154975914,13.142812804106738,40.66401528622033,10.639587762131839,13.676546609901271,41.19774909201486,11.173321567926372
CRR_0955,CRR,0.5793876141442725,298.6035665124883,117.16644328309718,63.89776899976263,118.85003734073868,85.88941856004415,1.1066376844106474,1.8336546818016828,48.934496593793746,42.854325868141515,52.509734667715215,49.47575959784379,43.39558887219156,53.05099767176526
CRR_0956,CRR,0.14383079427232182,149.57835706127358,48.07998856624335,39.17953611249483,54.7643546063773,42.793814391590274,1.1125970070358824,1.2271709503704424,163.93802099911264,151.35032645960467,1.169127700562254,164.4796064856596,151.89191194615162,1.710713187109199
CRR_0957,CRR,0.3192958258338749,213.01003509330093,60.00389947726261,60.00389220505164,82.37287411101715,63.76049497302861,1.063404543130278,1.0000001211956542,46.16391557013005,46.163915553259564,1.1639189637564096,46.710685215448166,46.71068519857768,1.710688609074528
CRR_0958,CRR,0.20927588309944922,173.00509540709925,50.002570132142765,50.00256515106291,68.22889629341508,51.61960190873152,1.0668279140474073,1.0000000996164864,46.17632195029736,46.17632193765455,1.176325384255584,46.71060621875813,46.71060620611532,1.7106096527163572
CRR_0959,CRR,0.3142134123606063,232.65432315267665,86.4208431769792,41.98744711940341,90.39973438713211,63.251003320398034,1.1708299826923492,2.05825429041248,68.48029987672709,52.49396880533648,70.60726955711272,69.02753678380351,53.041205712412896,71.15450646418914
CRR_0960,CRR,0.3593390642417676,224.61585606024292,69.59180961305633,60.003261839359084,78.99197557744206,67.64057262921031,1.0570201404051205,1.1598004421720896,71.37641649653727,60.47703629300224,91.17348038950779,71.9133950427286,61.014014839193564,91.71045893569911
CRR_0961,CRR,0.909368625701332,366.36242960097667,119.38284699983915,104.8427625915035,140.08023153686156,107.6031642185491,1.0837672304082764,1.138684674544373,48.81381781332044,41.191057978585164,81.70348743889144,49.35844337544552,41.73568354071024,82.24811300101652
CRR_0962,CRR,0.1389021779037982,147.84976302828832,49.854514800517606,31.248640240456428,53.805586693177275,42.054220448957864,1.1190801003898079,1.5954138937531386,15.676484737641246,45.652612554728954,12.468461044908047,16.228235099958926,46.20436291704663,13.020211407225727
CRR_0963,CRR,3.2748226501557887,819.536638740432,337.587896605366,152.22059219588323,348.07100421139006,204.19680947979464,1.2775254170987727,2.217754455789694,23.947470704643326,24.97587673398569,10.529611901780443,24.483246752073295,25.51165278141566,11.065387949210415
CRR_0964,CRR,0.39913776778239224,240.89891279795776,70.24621862936921,69.88899296196394,87.53948516709043,71.28800668680968,1.075643843590663,1.005111329442101,63.93551482803525,63.48942098749306,102.47255442502461,64.48304563466492,64.03695179412273,103.02008523165428
CRR_0965,CRR,0.21908314863691458,199.684963543118,68.82592054337474,49.31441592935097,78.21070725440961,52.81527510385713,1.203471872351988,1.3956551901978607,157.30549650816656,151.47509495614827,1.1589819398145644,157.85663016665632,152.02622861463803,1.710115598304327
CRR_0966,CRR,0.5194485664661046,264.66159870074927,79.69020290614658,79.69018292876544,88.58889417143885,81.32542384031183,1.0358925829280077,1.0000002506881074,46.16459944758621,62.851597400738264,91.16458249999324,46.71011585834407,63.39711381149612,91.7100989107511
CRR_0967,CRR,0.22392968884861617,185.1208958948248,50.00290430125174,49.285178650937425,67.74866246153515,53.39626719933695,1.1035567539308209,1.0145627076934753,115.8102773940361,136.02543601790398,91.16978452383744,116.3506080945881,136.56576671845596,91.71011522438943
CRR_0968,CRR,0.2541509005484679,192.73780200632507,54.76192448766629,50.84381384394555,69.76889788692777,56.88540910535521,1.0784900519274243,1.0770616983168604,53.92455684976199,34.93120108903754,79.85374900867926,54.47090680520651,35.47755104448206,80.40009896412379
CRR_0969,CRR,0.5293841120039133,273.0619436774482,78.95628292843524,78.5543780258383,93.30164699629066,82.09949974012576,1.058694833564403,1.0051162635705007,6.361090569553811,162.04932530187966,19.597602589644396,6.908443761027272,162.59667849335312,20.144955781117858
CRR_0970,CRR,0.4094457245615087,242.07468268933053,84.07356913581934,62.21995585714385,85.05592316184408,72.20266532022583,1.067201111663575,1.3512315779980795,115.47882274035506,127.3879117739746,117.74361223394716,116.01029231386654,127.91938134748608,118.27508180745865
CRR_0971,CRR,2.914768642753796,675.0159004260302,213.657956660422,180.40765039809224,253.3740486982786,192.64471702354496,1.1153393550397648,1.1843065201999958,57.362966270104835,42.965082876449415,81.13318680260689,57.9006542804935,43.50277088683808,81.67087481299555
CRR_0972,CRR,1.2667042647696019,460.92134286017904,133.70079109962697,126.55127432604043,149.9503039152533,126.9967700923664,1.1552720599019584,1.0564950199961392,10.25511980160281,174.89166456819743,46.30680903341598,10.79889219376345,175.43543696035806,46.85058142557662
CRR_0973,CRR,0.5745102058323791,288.32498813655377,108.71060506981586,68.59916852603831,109.35516771035138,85.52713679994923,1.0730710461213957,1.5847219056095756,2.3699243108211396,176.0743481556471,169.85042689738773,2.919392399053361,176.62381624387933,170.39989498561997
CRR_0974,CRR,0.22392546758521148,185.11915104426524,50.002433001949676,49.28471411387148,67.74802389857567,53.39576391464056,1.103556753931623,1.0145627077478814,115.81866269256797,136.03382131988715,91.17816985738014,116.35028503426665,136.56544366158582,91.70979219907882
CRR_0975,CRR,0.28917615793465556,212.07354742964992,70.00360019731704,49.50220087038069,78.5317510489274,60.678704639847446,1.1125007883011775,1.4141512693671612,81.00330012702076,62.843908984100636,91.17552250340827,81.53753639521611,63.37814525229598,91.70975877160362
CRR_0976,CRR,1.0846160936255667,385.45286936034216,118.53668104272526,116.0757569770623,128.85068015877548,117.51493952941674,1.044066903039107,1.0212010167303864,160.5427654819279,158.03406930858193,15.192694941496645,161.0960606833078,158.58736450996184,15.745990142876565
CRR_0977,CRR,0.2838597860281057,227.1809586583652,84.40810147474082,40.456875572801756,91.42995728267812,60.11834202063842,1.2028599369697113,2.086372224242805,1.8258553599380534,163.39423060931122,8.302452881866147,2.3581802592559504,163.92655550862912,8.834777781184044
CRR_0978,CRR,2.5445917843308825,686.4987039994782,239.2987133701805,169.42526857531948,267.75116989517875,179.99652455028925,1.2140196866653477,1.4124145434882294,32.81197147329194,32.414504252048246,1.1596715016747419,33.36195190318975,32.964484681946054,1.7096519315725516
CRR_0979,CRR,0.3743825824744286,228.33251433594094,69.52129059266048,69.50733993261294,83.36900614912958,69.0419226895164,1.0527009361714692,1.000200707724696,44.44850255664232,46.1735192404791,1.164376869190829,44.99378609607492,46.718802779911705,1.7096604086234317
CRR_0980,CRR,1.4596500710601275,610.9159458790335,198.54384370395945,119.7407337975353,199.1039490086011,136.32623342369746,1.4264355459469116,1.658114472888308,95.82029905265061,87.52045452100415,92.00048866891933,96.35979996324497,88.05995543159851,92.53998957951369
CRR_0981,CRR,0.23912510263146927,186.46151983140533,58.6990688297619,50.0026077509318,64.82466094293855,55.17821461494029,1.075651787021045,1.1739201507678976,157.37878624096507,153.39343142782732,1.17467903574819,157.9137096093349,153.92835479619714,1.7096024041180158
CRR_0982,CRR,1.0543676349020852,395.42385571938905,129.75520215978995,100.00492587381143,145.7246968765746,115.86468691737882,1.0863303208004031,1.2974881089709331,162.84661328316886,152.38290653975605,1.1771546573211082,163.37895653541256,152.91524979199974,1.7094979095647886
CRR_0985,CRR,0.3240934343425109,235.2472372228784,92.16004818922504,53.113916174317936,92.52523067287908,64.23772853969184,1.1656937909813716,1.7351393914686901,165.7223151303294,163.9358009403658,158.84360092605795,166.2716547927954,164.4851406028318,159.39294058852394
CRR_0986,CRR,1.9848482089719484,519.3793817586507,174.28631185362747,146.4566045903054,179.65129637010784,158.97129394830523,1.0399587736108136,1.1900201588120405,25.17300417454033,21.299152557937887,36.69568013908911,25.72438848229036,21.850536865687918,37.24706444683914
CRR_0987,CRR,4.570128829344893,826.1484051147593,275.6824793091677,218.60488953421847,305.9309747214954,241.22331458746132,1.0901566677032484,1.2610993280917207,22.4275352684796,19.727552126253833,46.16632932036755,22.9704405068059,20.270457364580135,46.70923455869385
CRR_0988,CRR,1.0242818871523498,388.83893973786564,119.15009353149561,110.00784963300067,134.42141106776188,114.19965865440803,1.083814786402677,1.0831053777434478,136.3272545229212,127.69412927281947,1.1565529580840261,136.8797864024481,128.24666115234638,1.7090848376109307
CRR_0989,CRR,1.4545633832887725,535.6307202344503,194.22566574943465,106.53494678119513,195.5150732346375,136.08848665214242,1.2528359877362603,1.823116935969767,18.703860111924797,24.425987380439217,17.84211254474264,19.24650502602251,24.96863229453693,18.384757458840355
CRR_0990,CRR,0.19418309683943505,167.041159875178,52.49151617882779,45.78342517604645,61.72777578267473,49.72339467646053,1.0693327141850961,1.1465178932547615,42.84595681052355,52.45493540118379,15.197282641229998,43.39390455169487,53.0028831423551,15.745230382401312
CRR_0991,CRR,1.8444771824806816,529.4687121272606,167.669470398566,154.70066578051686,183.74243582468193,153.2469017010164,1.0997620416751874,1.0838316018397023,40.01642575071134,36.89424925819753,61.811638094711476,40.559279336868,37.43710284435419,62.354491680868136
CRR_0992,CRR,0.9791598837980093,468.68451409213793,167.28212174237308,85.39289566969063,177.25126606880173,111.65594855044276,1.336130463925758,1.9589700106837837,178.21932209605444,19.105846832625936,175.46600620730078,178.75151096169216,19.638035698263668,175.9981950729385
CRR_0993,CRR,0.3039841579241217,237.90012790375158,81.53613703733346,50.20852241473416,89.57567559630981,62.21291271448481,1.2172065144045476,1.6239501406519368,65.13776907255337,50.89322923775453,77.11882596164173,65.69144564238545,51.44690580758662,77.67250253147381
CRR_0994,CRR,0.3243806426061394,213.82470338702544,70.26354114950212,57.27985510229495,71.6685795326553,64.26618564320901,1.0590719881256716,1.2266710700301156,11.677181855216364,166.046015032347,10.617288805665531,12.230751609717368,166.599584786848,11.170858560166534
CRR_0995,CRR,0.8545105410492719,360.9337681727306,134.62116377291386,74.13088913779434,135.31194625345015,104.30707609059763,1.1014476771178976,1.8159928383251998,12.04826716002387,17.269051888771237,11.47709728548911,12.584521255438787,17.805305984186155,12.013351380904027
CRR_0996,CRR,0.8342654355096258,373.8781777248,149.8026105811974,80.15345877432848,150.37153528282354,103.06404529692003,1.1547103536963599,1.8689475522567982,153.68374613924118,149.62504595669188,154.6106665852388,154.21565983597836,150.15695965342906,155.14258028197597
CRR_0997,CRR,0.5440035615479688,345.97710951466365,145.59328726377743,60.78575038507537,145.74095227679922,83.22540760126338,1.3232489635789744,2.3951877922284353,166.73217986560658,161.7426034732235,159.16318199772238,167.2634032491621,162.27382685677904,159.6944053812779
CRR_0998,CRR,0.2343420498362279,200.44023420301176,70.0033732781003,49.59042242367034,78.63095661999805,54.62358143199543,1.1680323124774334,1.4116309129217361,155.2027399624876,151.7540446804094,1.1765152029890598,155.73372341564735,152.28502813356914,1.7074986561488004
CRR_1000,CRR,0.103841725155388,125.3187744059488,38.68562722171538,30.001436293040534,46.64191519385775,36.361434358583836,1.097047064328276,1.2894591726826534,162.86713079333902,144.47301585340148,1.1766979511857993,163.39786368232495,145.00374874238742,1.7074308401717397
CRR_1003,CRR,1.8822065451511316,530.085337374013,195.5550091179568,116.23883454681405,203.4324430821184,154.8063243102739,1.0899516163760519,1.682355211839284,63.76719589920672,48.21766499986058,64.59916508000802,64.3100761242096,48.76054522486346,65.14204530501091
CRR_1004,CRR,0.6043088591313938,292.4301540872373,89.55760578979142,85.28858228243921,106.69410523651744,87.71715548738919,1.061176785168315,1.0500538687958845,144.58933795830754,146.83912653137807,100.62439024697427,145.1341460106949,147.38393458376544,101.16919829936164
CRR_1005,CRR,2.3147484455629277,561.9662807644723,190.927624731994,155.25578146896925,200.48328964317892,171.6749619777144,1.0419657054736275,1.229761770708387,150.03729842381426,153.93902839060732,136.1779188797526,150.56623296539098,154.46796293218404,136.70685342132933
CRR_1006,CRR,0.4792884238154721,288.82879517762046,96.76487806607238,69.37112443819224,106.94536398674643,78.11843409437016,1.1768932901103235,1.3948869771065513,22.813071979246715,33.793246133793296,174.8266105834669,23.352867236196587,34.33304139074317,175.36640584041677
CRR_1007,CRR,0.7292813692198713,353.971637836847,139.78169443844192,71.49846576418773,140.29114232355315,96.36129298267771,1.1692731413679893,1.9550306841472955,56.97060142467451,52.58148454489389,57.46580194169201,57.5210192271732,53.131902347392575,58.01621974419069
CRR_1008,CRR,0.5888551936688242,311.2895495711312,93.45751066352335,89.9577652891753,116.76078343184373,86.5883201535767,1.1443407253824323,1.0389043165211795,63.90204939929364,50.195491547412374,99.28734350759757,64.45022641999648,50.74366856811522,99.83552052830042
CRR_1009,CRR,0.5343124045291969,290.1881132199381,97.83639020901323,67.16300183132657,105.10500176732027,82.48076640581759,1.1198943622377928,1.4567006765826211,94.46985476909009,70.9997396956039,97.4973735280912,95.01799790551036,71.54788283202417,98.04551666451147
CRR_1010,CRR,0.18427056293178679,167.79180104371278,61.603153519380854,37.02033016576046,62.36474557343836,48.43764730613579,1.1026503569679331,1.6640357674701851,15.297773890360164,37.644757787989334,12.480016103215043,15.832992067653473,38.179975965282644,13.015234280508352
CRR_1011,CRR,0.15872817180009233,157.63993986196635,48.07993568598506,40.00232623110581,60.07624890358748,44.955420718684664,1.1161802183874716,1.2019284930634384,54.18478902781732,51.35997185742349,91.16540399915442,54.724516669574115,51.89969949918029,91.70513164091122
CRR_1012,CRR,0.10384141102102287,125.31858338443767,38.685565251210335,30.001391837275214,46.641844813184996,36.36137935957107,1.0970470514704038,1.2894590178028165,162.86639939025622,144.4722913495696,1.1759767795004787,163.395437281696,145.00132924100936,1.705014670940244
CRR_1013,CRR,0.42926897280791865,247.55859233322525,79.2255841261539,70.00368408558008,90.25614129954027,73.9298472544672,1.0658800237768224,1.1317344959916678,52.3190787234216,42.795956466957,91.17026911040861,52.85377523558665,43.33065297912206,91.70496562257367
CRR_1014,CRR,0.13171563788521568,140.7699508656235,40.00255460216545,39.070591381314415,53.46906839907978,40.95186916557943,1.0941739156511203,1.023853317492828,34.12496012704826,45.91437046086884,1.1598461901684844,34.669912954219555,46.45932328804013,1.7047990173397807
CRR_1015,CRR,0.42890147521915395,299.56718399542945,123.56189444637435,55.759674271736344,124.20931996867287,73.89819477120366,1.290358939581856,2.2159723144043872,139.53793231034302,142.46910462386538,136.61656625019867,140.07359058273386,143.0047628962562,137.1522245225895
CRR_1016,CRR,0.7495434502295296,329.9442058509273,103.41871200392039,93.38420243032017,112.33839589703695,97.69075500422082,1.0750710505499952,1.1074540373259343,10.100496343343545,167.6392905251962,10.62535440538087,10.641685793924111,168.18047997577676,11.166543855961436
CRR_1017,CRR,1.0046409958199323,371.2487452341728,120.2145064588148,105.84412396053546,134.86199126560055,113.09945376260892,1.044851605467548,1.1357692988572272,17.86320351239439,18.40546617819577,46.16953058303962,18.397859594135227,18.940122259936608,46.70418666478045
CRR_1018,CRR,0.33868954333933643,248.49173131537975,97.15167427510391,40.00264024538786,97.16128098127889,65.66832721852575,1.2044980900670392,2.428631552296229,3.040877693045777,1.9629314648325589,1.1572156923214738,3.587795984062598,2.50984975584938,1.704133983338295
CRR_1019,CRR,0.5642235505578208,333.40929634274517,138.55925990485878,66.89454248076751,138.84615856911265,84.75799293524457,1.2521235047715058,2.0713088806115265,42.14847247600996,46.04180085908675,49.72571738831668,42.68930111585459,46.58262949893138,50.266546028161315
CRR_1020,CRR,0.7595117844475577,324.9029791713088,105.10409561331154,91.77012307392106,115.65096925487087,98.33821427354675,1.0516748863581311,1.1452975335845408,68.24384935185114,71.84605964295616,46.16312372707139,68.78474712443841,72.38695741554343,46.704021499658666
CRR_1021,CRR,2.0147997475243287,571.7143888318444,189.36133650923603,149.3797596782943,195.68549916709736,160.16624841927205,1.1362090567440846,1.267650563349723,11.642763241719148,24.349878185076616,8.84149936809229,12.194263435158014,24.90137837851548,9.392999561531155
CRR_1022,CRR,0.6545403562093065,373.26759613942454,144.72987746955494,70.19875725196228,147.18196983466243,91.29001397473486,1.301508904096785,2.0617156647101367,137.1633089243367,133.41101169587859,143.88431164573478,137.7075717827413,133.9552745542832,144.4285745041394
CMR_0030,CMR,0.319402197470905,210.79356170471908,65.34856073334223,62.46237138194151,76.60772109175895,63.771114816605305,1.0521640530742844,1.0462068488202665,127.84674218594343,141.28391859322667,105.1815560687316,128.4221412345493,141.85931764183252,105.75695511733745
CMR_0031,CMR,2.220005647372603,542.7648448860258,169.53295392402228,165.23551425358903,186.9402621369661,168.12492319017377,1.0276133527496607,1.0260079662041535,102.62110574932825,116.38868602177413,64.58192713109963,103.19481706806752,116.9623973405134,65.1556384498389
CMR_0032,CMR,2.910128241429875,648.5046194670878,210.0190040421021,180.0162766576174,221.0670617033531,192.49130778399098,1.0723883274972437,1.1666667478160795,28.162455793024826,37.64470016214657,1.1486868706211473,28.734433784318828,38.21667815344057,1.7206648619151488
CMR_0033,CMR,0.2543082701564513,191.44426601048374,57.91268071302763,52.77682163920279,65.38549454823107,56.903018032120826,1.0709203945902759,1.097312776978785,110.72133672733982,64.72539960745128,105.18037576896755,111.29778524485926,65.30184812497072,105.75682428648699
CMR_0034,CMR,1.8448798676879425,500.56633297600695,150.01257248179547,149.8841046105131,176.20363563863435,153.2636291762029,1.0396152912041972,1.000857114712839,40.667039936149884,43.87869154169561,1.1548565792601342,41.232752309124095,44.44440391466982,1.7205689522343448
CMR_0035,CMR,1.5046939623578939,458.6022582406307,149.60760869164832,130.01149737564455,160.1864339155312,138.41372242658286,1.0546471120421872,1.1507259874054399,156.91051334798186,159.17979001715713,1.1504149000136157,157.4805743693109,159.74985103848616,1.7204759213426262
CMR_0036,CMR,0.444082880164758,256.38061703432857,75.73295666728089,70.15593907296422,89.76196824454416,75.19467296063307,1.0852960963159175,1.0794945897383885,175.9305356228925,141.6830057105038,9.285390330253039,176.49568435543,142.2481544430413,9.850539062790546
CMR_0037,CMR,2.83996136074876,663.1531583703154,240.02231294575674,159.80193081808707,251.83459584882607,190.1565436692938,1.1100759526339803,1.5019988289064525,89.26517666580031,73.52799733753328,91.14610497976135,89.83947670155862,74.10229737329159,91.72040501551966
CMR_0038,CMR,4.520477916965744,827.954347908606,293.51554129815355,199.98105179029906,294.0863001961788,239.90938383028748,1.0985233259345795,1.467716759515472,148.07464444753074,152.9370180713288,149.35278978480795,148.64339594038194,153.50576956417999,149.92154127765914
CMR_0039,CMR,0.46933837041411397,264.4135897708684,104.19049135796432,57.755499689637965,104.29490787556193,77.3033099597171,1.0887691576113807,1.803992553399332,40.19156164211719,42.38416485866644,39.820112774076115,40.7515437876302,42.94414700417944,40.38009491958912
CMR_0040,CMR,0.1839261568728861,167.5257866771741,50.04942353602902,41.08507633726302,61.07361631397904,48.39236057909571,1.1019324838039912,1.2181898635207253,117.28857028927985,142.35265196476732,105.18539513559007,117.85964629204341,142.92372796753088,105.75647113835363
CMR_0041,CMR,0.29925620581494033,209.04973100065283,68.59801102306115,53.74460436315478,74.42878699940142,61.72720917480287,1.078010766583185,1.2763701926158246,6.920599171149799,158.17604171462463,10.60932703303896,7.493689647804478,158.7491321912793,11.18241750969364
CMR_0042,CMR,0.859385612617102,352.0983188648751,99.7960715139783,99.63806675264738,126.44492147592157,104.60419428304718,1.0714329054542153,1.0015857871040712,132.84748140326033,141.97386139755685,91.15581119496186,133.4117485226599,142.53812851695642,91.72007831436144
CMR_0043,CMR,0.9744594855943073,397.36981086444894,139.88251446107589,103.46722101146939,142.16766959484923,111.38762731115861,1.135554660086255,1.3519500484657827,28.05634759804888,25.648111039867633,15.194362987706308,28.618301217425536,26.21006465924429,15.756316607082965
CMR_0044,CMR,0.2841921990031664,213.6992585511396,77.2175588093973,45.14456972658493,83.35398816713278,60.15353240467898,1.1308161623719148,1.7104506539116506,178.37556690927215,162.42470097682926,9.281462844789228,178.94423526097765,162.99336932853475,9.850131196494717
CMR_0045,CMR,0.12906655393038044,139.9829207265332,51.06065215654376,35.44088049767109,55.635638767080316,40.53796250021132,1.099165937703581,1.4407275281972491,35.06409863122208,32.247411108466046,57.466360065550695,35.62762514503124,32.810937622275205,58.029886579359854
CMR_0046,CMR,0.61436777414487,296.04660023427414,98.82678492810393,80.00684846432002,106.31451071702463,88.44418268332686,1.0654692797950938,1.2352290688237382,155.64869362794593,147.18018492367406,1.152560273550474,156.21602054293322,147.74751183866135,1.7198871885377598
CMR_0047,CMR,5.6306333827186394,875.5306147736025,273.83598679521526,266.1396351045529,303.70846406571115,267.75259260711726,1.0408491197989682,1.0289184723937825,156.56607622172086,157.44784818959587,15.180029784699236,157.14215849392713,158.02393046180214,15.756112056905494
CMR_0048,CMR,0.24433889390612784,211.4364496947347,79.05755933090191,41.808357733024465,79.82858086371189,55.77651316083961,1.206642517135481,1.8909510829327376,18.273258215632517,8.44462128417522,23.674065214771375,18.836558041049766,9.007921109592468,24.23736504018862
CMR_0049,CMR,1.3597206525887513,434.8078737315033,139.80012985426924,120.01053621752993,162.56439286165028,131.57697764689308,1.0518834470473868,1.1648988018924347,35.89776781373604,39.186742820792375,1.1504510350790105,36.46716616852167,39.75614117557801,1.7198493898646439
CMR_0050,CMR,1.5646384932698625,478.9690793678104,152.21758997142268,142.80565711240496,169.98391369929237,141.1438841341002,1.080178528984441,1.0659072830119707,30.77151062370817,21.86958494970398,167.12406680995392,31.331055709754875,22.429130035750685,167.68361189600063
CMR_0051,CMR,0.6540184822091616,327.0354460603053,118.36430879917461,70.00588915738551,135.18789465254298,91.25361332771296,1.140761574445043,1.6907764507221799,160.63345640691057,151.50280837480543,1.1539360100843195,161.19930778366466,152.06865975155952,1.7197873868384193
CMR_0052,CMR,0.3193152717300931,213.016521410174,60.0057244134268,60.00572175425367,82.37538242735431,63.762436528461535,1.0634045431289842,1.000000044315326,136.14331126711485,136.14331128526544,1.1433149429767122,136.71967585867094,136.71967587682153,1.719679534532787
CMR_0053,CMR,0.7393139520167707,334.591210468453,113.32045239631313,89.39373744305657,120.17365532187222,97.02184082371284,1.0977290187250268,1.2676553821065797,69.99828906456526,56.660940542139876,79.84665060711718,70.56135057386237,57.22400205143699,80.4097121164143
CMR_0054,CMR,1.1690254812458933,508.077035797084,164.02859954471546,116.02021625158449,182.09917637668192,122.0020275046823,1.3256004571806046,1.4137932581424173,49.58136314346571,46.85404639869176,79.04909947967943,50.156982732710816,47.429665987936865,79.62471906892453
CMR_0055,CMR,1.5545903625535327,493.4156205742629,183.14362864826683,113.05255986290636,186.37052450386474,140.68994013316416,1.1163489719139863,1.6199865697013556,87.22442179277343,66.68105975965295,99.27986639580529,87.79414187227702,67.25077983915655,99.84958647530888
CMR_0056,CMR,6.451024689923648,1116.3861563471519,401.82149740772945,230.95734349698938,401.93213649779284,286.5955292616003,1.2399242628787028,1.73980827508508,27.434197370947654,31.314988633497784,29.692730592021494,28.0009352485666,31.881726511116728,30.25946846964044
CMR_0057,CMR,0.7045652097728172,311.02647459201063,99.68736923851472,89.48710909606393,107.34193880627014,94.7143224083547,1.0452780446518357,1.1139858047207767,168.98925462381737,146.88562261188366,1.145245252441943,169.5631383449071,147.45950633297338,1.7191289735316673
CMR_0058,CMR,0.22939922549385697,199.39977831789977,76.02340988973421,41.74115359059981,76.49023425171914,54.04444147462321,1.174420884176346,1.8213059139519048,142.73854341111047,142.48080336165935,136.14746755761865,143.31007967646724,143.05233962701612,136.71900382297542
CMR_0059,CMR,0.14388522935792247,147.95487214699645,40.986313696970534,40.302814854040555,55.03976287928931,42.80191163041619,1.1003129701333343,1.0169590845057677,163.66125738867188,150.36508560392787,15.18315670785535,164.23333665427066,150.93716486952664,15.75523597345412
CMR_0060,CMR,3.0349993892599234,643.0639665140436,199.09807262852053,180.11863274674488,223.94838028789266,196.57775155527654,1.041285783210434,1.1053718851422862,34.8083562245035,34.09780261395918,5.916988355295702,35.37387791286771,34.663324302323396,6.482510043659916
CMR_0061,CMR,1.1476531516856887,492.07467529544937,159.47886300982404,101.72131969168679,174.84327918738975,120.88165189002676,1.2957486222120618,1.5678017498514376,69.1945814006369,48.54093426872021,77.10766231277383,69.7694936381315,49.115846506214794,77.68257455026841
CMR_0062,CMR,0.9294939877082292,365.07296085622505,116.1203285996327,108.24674013815532,137.4541963049246,108.78733849780942,1.0681972205916632,1.0727374187105156,65.7326242693622,60.92318342799977,107.10513946669985,66.29171058757912,61.48226974621668,107.66422578491677
CMR_0063,CMR,0.1389047862119866,147.85115118581035,49.85498289023102,31.248933634369116,53.806091872978136,42.054615294648094,1.119080100397136,1.5954138939127847,15.675004834662024,45.651132650750846,12.46698112122298,16.2367430850976,46.21287090118642,13.028719371658557
CMR_0064,CMR,2.4096258715486494,609.9562039657661,199.47416514596833,165.13298189975356,205.401672304225,175.157955790557,1.1084571579129334,1.2079607771333174,174.11090333428703,167.3279433671282,27.72225239830674,174.67238671500905,167.88942674785022,28.283735779028774
CMR_0065,CMR,0.2836233828484993,225.17923215742474,93.00233551913243,44.18731165002804,97.57212607043698,60.09330302573407,1.1927581302743289,2.104729435810187,113.93092475998294,120.59839372068554,100.61175478415691,114.50009800802677,121.16756696872936,101.18092803220074
CMR_0066,CMR,0.6594135813460861,307.32069812884595,89.69247472220339,89.49459390312303,106.6462195620624,91.62922285522636,1.067598451619263,1.0022110924297232,130.09245775258148,147.43297360220467,91.15473841336595,130.65625088921885,147.99676673884204,91.71853155000332
CMR_0067,CMR,1.549902519164879,454.75426081962394,140.01093963443452,130.01013187410115,165.5617532732535,140.47765579925417,1.0304327487493345,1.0769232952553107,147.97145625252156,147.49362463195104,1.158440359409566,148.5314728048492,148.05364118427866,1.7184569117371835
CMR_0068,CMR,1.6295497565384873,517.4355282145177,154.23238081379495,138.2569175041579,173.601254165869,144.04191022540485,1.1434508459077874,1.1155491066778382,136.1536523437968,115.10595677049675,77.11692197024536,136.71894554498462,115.67124997168455,77.68221517143316
CMR_0069,CMR,0.47430528450145304,258.6661955957118,88.49329872693944,70.00661822626124,90.82936234869123,77.7112761768916,1.0595117122030844,1.2640704688938023,152.9159631271813,133.90083820755657,1.142977827852246,153.49140350622667,134.47627858660195,1.71841820689761
CMR_0070,CMR,1.81995300692526,523.7490268324317,195.14267064187672,123.82500729573115,199.2689703580154,152.22470686379754,1.0951868231815327,1.575955252526799,134.76838975669682,144.42858510291362,123.16484106872358,135.3273149499464,144.9875102961632,123.72376626197315
CMR_0071,CMR,0.1088787827231335,128.34475823733794,39.898162387913345,31.377145541714018,46.90758373317963,37.2328848930245,1.0972398594465875,1.2715676234752187,28.357875828763643,54.04975055962091,19.581689129143886,28.929456504712476,54.62133123556974,20.15326980509272
CMR_0072,CMR,0.9597116231703796,381.47464784399307,132.48218592061636,92.47677874622262,137.9396129229356,110.54152116569132,1.0984754909896275,1.4325994883988953,136.8986999595755,149.80011217838958,129.8147867304794,137.462039460193,150.36345167900708,130.3781262310969
CMR_0074,CMR,0.7745389425475958,335.53195115005377,108.43577661511888,88.96100445506188,118.96157284535367,99.30627425238323,1.0754923390858728,1.218913582185266,99.52770787879693,116.31069280558516,83.02771972512724,100.08818078969813,116.87116571648636,83.58819263602844
CMR_0075,CMR,2.234886104749385,548.3950542639325,175.36700825679995,162.47697598186537,192.10133924240344,168.68744371013653,1.034810673913939,1.079334516149373,16.024812954168826,21.58724211447667,50.55310530873542,16.58854522411787,22.150974384425712,51.11683757868446
CMR_0076,CMR,1.9754031813629525,663.8301362489533,202.73905371215835,158.05788667443818,207.67448053688298,158.59260535431522,1.3323678909410457,1.2826886274251712,120.46324416168298,106.92217342697232,119.75499401363876,121.03681290617993,107.49574217146927,120.32856275813572
CMR_0077,CMR,0.8146386632795495,335.1836007551429,112.22004923427465,94.96648007485219,115.9830898359967,101.84449718849395,1.0475995930303086,1.1816806218975715,144.37958996667285,159.77527615683033,142.49324282511424,144.94460060669397,160.34028679685144,143.05825346513535
CMR_0078,CMR,0.5391811083755718,308.04485093809063,106.84505184891759,72.53367511942659,125.38702517482751,82.85570040485527,1.1834275850966136,1.4730406486779744,31.550411468130452,39.63849151606773,6.859406238041581,32.11959457128006,40.20767461921734,7.4285893411911905
CMR_0079,CMR,0.42326433102107586,305.59375658994725,121.04676961420043,55.78577734618349,130.57462193887454,73.41095859147379,1.3250544025714555,2.1698500114650043,38.003412188590985,28.766147739903307,51.881493002800696,38.562583607694705,29.325319159007027,52.440664421904415
CMR_0080,CMR,0.44450298276996075,257.6106426910897,79.10819653372383,70.0059724754833,90.51884724032094,75.23023165027784,1.0899875296932051,1.1300206787560618,132.8172369660924,140.5144225343902,91.15125470328721,133.3839268914647,141.08111245976252,91.71794462865954
CMR_0081,CMR,2.3000152695364005,597.4540753202754,218.42582397931,146.92357165843893,221.11732548647623,171.12774160458173,1.1113074766958009,1.4866629058480567,30.362635457919822,36.65632714547634,27.707521591159427,30.938014733194315,37.23170642075083,28.28290086643392
CMR_0082,CMR,2.3501524971228087,613.0436163630103,190.47257829821515,154.43649842327426,205.3619009895762,172.98286318288442,1.1280761582949503,1.2333391409598944,63.24632156241062,78.04792617154015,53.15533945061188,63.81652224282547,78.618126851955,53.72554013102673
CMR_0083,CMR,1.3747731357198814,430.8627120182195,139.54613209387426,120.01044490834063,151.22452757287311,132.30326985521233,1.036617318479341,1.1627832244139602,113.2259540517919,115.41926803592142,91.14972776736987,113.79402467545128,115.9873386595808,91.71779839102925
CMR_0084,CMR,0.9745027465209171,399.3336123668392,129.80870030672943,109.59697488402948,148.65526380742216,111.39009979901527,1.1411412408391997,1.1844186433438249,145.7147531182947,144.00579860422854,1.154560022820384,146.27801377167003,144.56905925760387,1.7178206761957064
CMR_0085,CMR,0.5094109351135633,271.5380219785121,89.42073301596137,79.52132039288908,93.57247596191522,80.5358396682562,1.07322699094699,1.12448752830263,11.634931215236115,19.736211717774626,1.1571699408243434,12.195593892174625,20.296874394713136,1.7178326177628536
CMR_0086,CMR,1.4746681633438563,480.6701110285688,196.10868676675722,105.68172909917374,196.10868692889287,137.02575746666648,1.116593341005057,1.855653654026848,136.0869877066442,136.15188376792693,136.1542315575092,136.6505594355554,136.71545549683813,136.7178032864204
CMR_0087,CMR,0.13918305041316156,142.742454752884,47.83177006726523,33.86281108563079,51.84494754632782,42.09671765623836,1.079332001535567,1.4125162245482323,7.110617503033527,159.7051809165697,15.18050223149145,7.684013452989275,160.27857686652544,15.753898181447198
CMR_0088,CMR,1.2046372849803477,410.16483292920526,130.01166450517619,119.72134584900742,138.40222399426014,123.84634949401539,1.0542056493364615,1.0859522467208722,25.41774866746098,21.979319110458597,1.1469812568193851,25.988403037283362,22.54997348028098,1.7176356266417656
CMR_0089,CMR,5.720590090675022,910.130185193051,268.44178890954487,255.74090417034063,322.43303445141277,269.8829657956861,1.0734409813791335,1.0496630946872096,169.91100095534054,159.22603424630012,19.61973667826159,170.47879581324452,159.7938291042041,20.18753153616556
CMR_0090,CMR,0.9245584510292884,368.6507046517225,140.35607431061376,84.63232914400697,140.96119497396603,108.49812815295839,1.081540906160457,1.658421500745767,45.38184099741954,51.464330538499425,46.153477077192115,45.94591015213993,52.02839969321982,46.71754623191251
CMR_0091,CMR,0.21417658133785175,175.72461362386127,50.004038750811915,49.41767159859268,62.10414408062606,52.220502957702344,1.0711287443479451,1.011865535814438,160.89915312367623,142.58953523595926,1.1550599151313,161.4615998185224,143.15198193080542,1.7175066099774634
CMR_0092,CMR,3.2752313461541425,667.8774614490468,208.62411669499886,207.3991491168904,221.49620021861585,204.20955090493771,1.041048265355275,1.0059063288510313,42.65924889185479,55.15076331292382,7.485576852166231,43.23128344388097,55.72279786495,8.057611404192414
CMR_0093,CMR,0.12387977010824902,136.7217874171878,39.071354711074626,38.978793314545506,47.431627412776486,39.71506289741004,1.0958032901528543,1.0023746603898736,129.2033869729005,144.31052961938246,1.1524846248226468,129.76836993334777,144.87551257982975,1.7174675852699295
CMR_0094,CMR,0.7495252831302216,331.3754664840934,109.66281127991286,79.75538870380045,120.46185431001761,97.68957110460755,1.0797476724276185,1.3749893651347382,86.19035306140756,57.19455599628552,91.14251376890289,86.76523932966215,57.76944226454012,91.71740003715749
CMR_0095,CMR,0.13920853325627208,140.11136716081597,43.58670553091536,40.526857975181606,49.25816486447238,42.100571196417945,1.0593403383042284,1.0755017217867613,16.13002209661296,14.5048828885969,162.71322472363266,16.699227707451648,15.074088499435588,163.28243033447134
CRR_1023,CRR,0.5943459851952948,306.42222467056257,109.47009154264497,62.623237205385514,114.75015250294416,86.99108066952778,1.1212324609416784,1.74807461938794,11.276257801042535,29.91486746150201,12.46626341694721,11.837248626453587,30.475858286913063,13.027254242358262
CMR_0096,CMR,2.799801335640684,629.84205478799,199.71945451311922,170.0143013536705,226.52027514067103,188.8072503358927,1.061849862315469,1.1747214965031376,159.9201314932661,152.12509024897545,1.1516367673357992,160.4857866979281,152.69074545363745,1.7172919719977813
CMR_0097,CMR,0.6841986169336839,319.23643318213965,97.19662604347369,80.57659409333921,112.5753973737943,93.33534890560337,1.0887205533960957,1.206263768494384,29.877398832409753,52.52070336263353,8.267523927956828,30.45213836109733,53.09544289132111,8.842263456644407
CRR_1024,CRR,2.464825236255142,618.8924845113704,210.0167664993591,160.01279446895987,223.96739149968678,177.15284253043293,1.11203181101074,1.312499836005922,25.673154750721782,21.85292761554533,1.1557457280524637,26.234632433981915,22.414405298805463,1.7172234113125966
CRR_1025,CRR,0.41914363766200957,247.7757560984027,76.5965539676887,60.832640195465146,84.58506253339623,73.05273810032155,1.07962377282116,1.259135781737757,105.53696169293562,127.55306690402291,100.61568686743696,106.10076990751288,128.11687511860018,101.17949508201423
CMR_0098,CMR,1.5497975308925334,455.96041351876414,148.50626337580766,127.14833320448982,155.77118311069276,140.47289783674603,1.0332007779902574,1.1679764856765238,47.18531094784789,63.710869634215506,46.143243203185094,47.75913809011061,64.28469677647823,46.717070345447816
CRR_1026,CRR,0.7093931528501303,329.7645186574828,112.15176652090393,85.65581712163879,119.00430127125131,95.03827728726682,1.1044740013966914,1.3093304143212896,83.18496019572483,95.50889433784172,67.195452778281,83.74407615280082,96.06801029491771,67.75456873535698
CRR_1027,CRR,0.9996772515379716,366.63366112150607,110.00890136206264,109.52394370936814,121.66607948885108,112.81970610803353,1.0344214053436807,1.0044278687953512,93.5813684542879,56.20091788305825,91.15444693609774,94.14395406932238,56.76350349809274,91.71703255113222
CMR_0099,CMR,1.2695457753071202,427.04647820032307,145.15045399271844,119.43365841274195,151.50489823416257,127.13913185846783,1.069168193019087,1.2153228488664705,15.94991118689373,24.298738376056676,40.95175154747099,16.520648332256048,24.86947552141899,41.522488692833306
CMR_0100,CMR,0.5547275265013881,348.6922603828563,152.9092319087696,49.64418130329487,153.10746260519807,84.04171721797992,1.320679745604841,3.0801038086334818,40.18495469272789,40.93133777006653,38.01544399841181,40.75622181747131,41.50260489480994,38.586711123155226
CMR_0101,CMR,0.3991774078678231,243.15851206193815,70.06617053802663,69.67055887885766,84.29363492794636,71.29154655793276,1.0856793271578002,1.0056783190135858,111.13728813521902,145.5871360210665,105.17902995762078,111.71130506847271,146.1611529543202,105.75304689087447
CRR_1028,CRR,0.35444271980210207,232.8433254235698,89.7364184185038,49.51976897185826,90.8284064008009,67.1781576999192,1.1032802171399976,1.8121332203609508,35.30477349257021,41.693635486063485,32.12277737834458,35.86248233037032,42.25134432386359,32.680486216144686
CRR_1029,CRR,0.5342847988593622,279.5069992348385,80.29239331259697,80.2200131720179,101.03289083762105,82.47863566152222,1.078701658925723,1.000902270365175,58.85983479775826,61.33405483096382,100.6121245611112,59.426742455191274,61.900962488396836,101.17903221854421
CRR_1030,CRR,2.644680763421305,627.452284751994,209.3060688426655,156.029440977628,220.45480034176097,183.50237413146417,1.088401533170796,1.341452404951425,116.71281208328406,145.00578385597225,117.72067191422478,117.27378188632346,145.56675365901165,118.28164171726418
CRR_1031,CRR,1.6348184920200033,465.58362829503085,150.86641961834562,138.42938165965649,154.2786805650673,144.27458378051813,1.0272070648083167,1.0898439175959547,20.647796298962366,166.10699103529672,9.277492208786978,21.21687177288753,166.67606650922187,9.846567682712141
CRR_1032,CRR,2.1448363378990427,596.279248627985,219.29165127126674,140.01187000047742,224.22614418283032,165.25406023447687,1.1485441234861227,1.5662361431964233,72.94870522308202,79.10824166705144,91.15070837722489,73.51440803439029,79.67394447835972,91.71641118853316
CRR_1033,CRR,0.13866750377526663,148.48745979706587,48.82728591980722,37.75578122378199,59.4415818078957,42.01868029536172,1.124857470427067,1.2932399843722846,132.90514871254354,141.18165805826547,105.18929703942916,133.46845267551265,141.74496202123458,105.75260100239828
CRR_1034,CRR,1.2196511320632082,413.6560824601298,141.78451245085327,105.79879949706522,147.58965271410656,124.61573143563717,1.0566147548965226,1.3401334715030133,125.9794529553647,111.89983203683911,128.02298294512724,126.54263440115778,112.46301348263219,128.58616439092032
CRR_1035,CRR,0.24894775811374378,196.11770399915596,58.251644408195034,50.276962341591776,69.51914467028718,56.30010037323047,1.1088115940247958,1.1586150335102123,93.1213778780191,57.66886628687661,102.45677587550355,93.69076416121075,58.23825257006825,103.0261621586952
CRR_1036,CRR,0.35935022234599684,230.86177134184948,79.42082404965853,60.00539334875265,90.28654201404369,67.64162279989272,1.0863959366765663,1.3235614270214509,62.17305636170194,50.70892643963862,91.1454304413543,62.743808075756604,51.27967815369328,91.71618215540897
CRR_1037,CRR,0.4094187039957752,264.4469133523346,108.0943141860825,46.30707624828029,108.5232491146247,72.20028284443498,1.1658689353365113,2.334293653231817,84.6884020350454,89.90351907301222,84.8076871931186,85.25668243344609,90.47179947141291,85.37596759151928
CRR_1038,CRR,0.2736180765086211,214.36049647448593,81.44241465577548,45.78439514769645,85.76656800187902,59.023838842043105,1.1560255410986855,1.7788247369665884,4.732542495898699,176.91232487871181,15.183687605933908,5.301239891875188,177.4810222746883,15.752385001910397
CRR_1039,CRR,0.1691082991951544,158.93099850645538,56.96362112614103,39.53448099464199,61.635988909813506,46.40208765542517,1.09023775872617,1.4408592118323538,49.45067413603184,40.08330538965874,64.58665442617153,50.015038260232586,40.64766951385948,65.15101855037227
CRR_1040,CRR,0.15884005159889408,156.06980012082167,49.07243281146488,38.80867872428297,60.28657657895596,44.97126137696003,1.1046734912940945,1.2644705881408886,139.5779861940386,142.45562815629685,105.19383874683209,140.13640882937983,143.01405079163808,105.75226138217332
CRR_1041,CRR,0.29420658643518943,206.34592225548818,62.09360063939019,56.63506149067188,75.73630319011929,61.20420411792207,1.0731607080631982,1.0963809167862801,42.32401940024977,51.312151887238315,12.455310340130595,42.89459684762692,51.88272933461547,13.025887787507747
CRR_1042,CRR,0.24433725477731272,185.03960140444968,59.41864540592969,50.00417874369588,68.78485595606043,55.77632607428578,1.056002404749614,1.188273598302436,31.043390551833813,46.057956668979294,1.1511025718722765,31.608226016151125,46.622792133296606,1.7159380361895875
CRR_1043,CRR,0.12388040536544213,136.7221392602676,39.07145899775615,38.978893983560184,47.43175017226336,39.7151647269784,1.0958033004752248,1.0023747470678621,39.19981952479841,54.30686814192537,91.14881551229779,39.766926534647226,54.87397515177419,91.71592252214661
CRR_1044,CRR,0.5990836854996225,343.0152494344675,144.57792572905018,66.68565339181903,144.59400025879754,87.33710774829922,1.2501575541229912,2.1680514229884857,129.70035488394996,132.97371537110743,132.1193656963441,130.25825969170026,133.53162017885774,132.6772705040944
CRR_1045,CRR,0.2942042214673071,206.34509551866543,62.093342418715,56.63483008408565,75.7360017159863,61.20395812365383,1.0731607216714543,1.096380837137237,132.3275379716592,141.31566946992837,102.45881847212333,132.89435352983918,141.88248502810833,103.02563403030328
CRR_1046,CRR,1.7797023183606062,498.6427477910586,166.48660117511483,138.753628869764,168.79376650847368,150.5319690163379,1.054413340454728,1.1998720504195344,101.22502033115471,63.50960885026051,104.14632760568803,101.78889701061046,64.07348552971625,104.71020428514377
CRR_1047,CRR,0.45920572197111786,260.0382586309073,79.10586635547945,70.00623196062686,90.42709962446845,76.46429783776792,1.082501910680613,1.1299832049233907,112.93471132656963,140.52492274994714,91.14599226205095,113.50433519624251,141.09454661962002,91.71561613172383
CRR_1048,CRR,4.090262483481764,744.8301007009059,239.83858875475875,210.01806161831928,258.2559966527068,228.2078864175302,1.038907061023262,1.1419902979136833,86.30710436923322,63.865630924062295,91.14855835035247,86.87398120612637,64.43250776095546,91.71543518724563
CRR_1049,CRR,0.9296539611335911,356.2341954406255,119.61699393727177,99.79618806738242,129.6769101107904,108.79669968500765,1.0422454590422237,1.198612855397907,65.92318636592391,58.93860241150245,91.15098744417756,66.48764173278603,59.503057778364564,91.71544281103968
CRR_1050,CRR,1.0345238853190277,386.1925802153395,145.28816017352344,93.66034105882089,147.1308624635418,114.76919102099006,1.071096826245702,1.5512239068431222,136.10582648049825,138.88069580302158,129.80316693341624,136.67781437520003,139.45268369772336,130.375154828118
CRR_1051,CRR,0.11392836287539579,134.0957699352895,44.236084106914554,30.60487450757857,48.41471139865637,38.08649325940777,1.1207125049583393,1.4453934158743418,111.18680851127179,80.52115105273693,117.7112463192401,111.75589622908028,81.09023877054541,118.28033403704859
CRR_1052,CRR,0.649547439715596,352.92776988060166,125.04808681576466,85.74973936707654,125.05076325785116,90.94116155115769,1.2353085923429499,1.458291159118982,173.4777777843769,17.479508653311967,17.85437316659605,174.037883504675,18.039614373610046,18.41447888689413
CRR_1053,CRR,0.5843869182676612,306.6106017484508,108.06297947611483,72.3279337029365,111.84646961529857,86.25917538235,1.131441209734343,1.4940697728203935,59.275364699902966,46.14764522036475,61.650989220479524,59.84593209545281,46.718212615914595,62.22155661602937
CRR_1054,CRR,0.11364670154861951,134.76502644264093,46.71871351508184,30.820111041262653,53.55375894580639,38.03938413544799,1.127700702928517,1.5158515636927388,136.0516094756736,121.44632958502955,154.5925593943656,136.60912013156477,122.00384024092072,155.15007005025677
CRR_1055,CRR,0.43932210928407756,253.01571575100093,80.00616433310542,60.00463323669958,87.8811746614124,74.79052629958893,1.0768396435773457,1.3333331114200135,91.15632666002259,64.07884299796744,91.15633233696924,91.71499991375075,64.6375162516956,91.7150055906974
CRR_1056,CRR,0.8091825944960168,364.57843359242287,123.32424744454376,99.55617987447421,126.99380288508279,101.50287080786072,1.143306773278787,1.2387402529912017,37.894858393132004,39.286066317843414,56.22947542516306,38.45681431364951,39.84802223836092,56.791431345680564
CRR_1057,CRR,1.0996150329154588,397.92798904472556,128.01241971979047,106.07061676380152,136.81444530711195,118.32469496657153,1.070481634775867,1.2068603315925752,51.15116017443615,30.596133375387577,52.483108031999045,51.72316035423208,31.16813355518351,53.05510821179497
CRR_1058,CRR,0.5744671455575249,356.00891736163095,143.7547182528057,68.93847126015994,146.51787353954845,85.52393155573307,1.3250227849025824,2.0852611847208546,136.8992176170628,138.7725253581621,126.81995492745683,137.46256285135672,139.33587059245605,127.38330016175078
CRR_1059,CRR,0.13890495047608623,145.22602745294796,40.0035037983916,39.07151186383313,53.47033529540165,42.0546401608232,1.0992099823632653,1.0238534904358583,116.22136152580883,135.90110689484172,91.14659184663763,116.78966080677422,136.4694061758071,91.71489112760302
CRR_1060,CRR,0.16897349054492936,159.30618510337808,41.23446610375697,41.234462591048924,55.82884785928172,46.38358871128205,1.0932473113339782,1.0000000851886464,91.03456376669517,60.18734699128189,15.187344986806266,91.5983312233325,60.751114447919214,15.75111244344359
CRR_1061,CRR,6.2454055154703605,975.8491189299425,316.4869166800347,266.06251731318423,356.65874739539464,281.9910862989105,1.1015327684857483,1.1895208685389365,29.042862828663804,36.867912453368206,3.63968527564891,29.607447137511336,37.43249676221574,4.204269584496444
CRR_1062,CRR,0.8146303202103073,342.29584098704623,116.13388315299511,90.75690623195906,122.3368567498301,101.8439756702394,1.0698340227659682,1.2796148301505215,154.57661366581058,165.7778019686581,147.45418186208076,155.1471330130785,166.34832131592603,148.02470120934868
CRR_1063,CRR,0.2691723466679919,205.61284288055853,74.12322678284406,46.138978621833346,78.27593756452413,58.54236723321405,1.1179698346414648,1.6065207552680487,173.6155673518539,151.8860979310972,173.01116688270974,174.18901611455777,152.45954669380106,173.5846156454136
CRR_1064,CRR,0.1188152403041231,135.5681030561185,38.79065380967838,38.7906455423407,52.333978645471056,38.894763461476494,1.1094724228542039,1.0000002131270973,46.14782061656167,45.04163414599551,91.14780920519598,46.71451042126043,45.60832395069427,91.71449900989475
CRR_1065,CRR,0.12895336763687926,140.01320361207178,43.16287126047138,31.53211372166495,51.04701849809791,40.52018350181132,1.0998861074751607,1.368854357226779,9.482963511502799,159.73816736537574,15.19062433668677,10.043073759820492,160.29827761369344,15.750734585004466
CRR_1066,CRR,0.1941932503980474,167.04552699415842,52.4928885076883,45.78462213166509,61.7293895944417,49.724694642345604,1.0693327142071651,1.1465178932072853,42.82645254944319,52.435431146751824,15.177778386826011,43.39935828113183,53.00833687844047,15.750684118514657
CRR_1067,CRR,0.4593793598766307,259.18967433601523,89.42175547476664,60.00541848547919,98.12021189201901,76.47875306449836,1.0787654404921088,1.4902280115987518,16.276747953358868,36.712833282411864,1.1436213558185488,16.84754238559493,37.28362771464793,1.714415788054611
CRR_1068,CRR,6.565761778161716,1263.2287473544588,435.09883322438657,237.86478637581376,441.96649298807,289.13297178402456,1.3907033719241402,1.829185563166771,145.41654206452924,152.4662792765016,142.3525500100412,145.97860382348907,153.02834103546144,142.91461176900103
CRR_1069,CRR,0.8193646168119069,373.70015996949394,134.11059208596825,90.87202970628526,139.3347020809452,102.1394846120585,1.16460794607055,1.4758181645049395,17.40662791785928,8.931218994361492,35.0834060169444,17.974771575423194,9.499362651925406,35.65154967450832
CRR_1070,CRR,1.4397577781147677,444.6635827446321,134.79265645472748,129.3949629232063,152.00166987033157,135.39411131713803,1.0453985999581974,1.0417148659389828,64.04196732119591,33.836374101379405,81.68787403976687,64.60595089265352,34.40035767283702,82.25185761122448
CRR_1071,CRR,0.2543007852523054,191.4414483970186,57.91182881421194,52.77604396033852,65.38453141180858,56.90218062960678,1.070920393135312,1.0973128046075789,20.72960247660014,154.73365668050727,15.188644527643692,21.29132357135512,155.29537777526224,15.750365622398677
CRR_1072,CRR,0.19390464077209216,176.38473657430526,58.89515350093286,39.421394502190516,64.29808120631112,49.68773053166082,1.1299571307196177,1.4939896024647288,87.38821733700827,117.24434750899985,91.14228035538619,87.95992770421887,117.81605787621045,91.71399072259679
CRR_1073,CRR,1.9948157915566131,539.43009491685,170.01450255348624,159.56419184430092,191.3713629159393,159.3699579679952,1.0774046395342343,1.0654928313702268,53.02371203709592,52.60757175359127,91.148000776588,53.589683003713205,53.17354272020856,91.71397174320529
CRR_1074,CRR,0.13391725409820515,142.5246457728632,43.469872746853746,35.63726614155579,51.056262049837215,41.29270439680378,1.0986687463816673,1.219786966098517,126.56205907913922,159.10805959954624,124.83187574732196,127.13413343542027,159.6801339558273,125.40395010360301
CRR_1075,CRR,2.9551473008101583,635.4176786733058,198.23086058906384,186.0683118323487,227.59367121483203,193.97449326931806,1.0427130163801845,1.065366040229751,38.39353563727544,30.557835060737055,174.02111919537478,38.961295029487985,31.1255944529496,174.58887858758732
CRR_1076,CRR,1.8848851414798629,510.80494043943844,174.31960041136483,139.68890073863693,187.06725327978415,154.91643874734189,1.049561065101527,1.247913037396745,63.003256927006056,66.64554133817089,41.75324047069097,63.56518522158096,67.2074696327458,42.315168765265874
CRR_1077,CRR,0.5692762582992492,291.24658531641023,95.46239477945707,71.79973094055784,106.120292822601,85.13665743646933,1.0889159877184957,1.3295647982091923,85.78207909099679,58.67957963215955,99.27794661507059,86.34799149656827,59.24549203773104,99.84385902064207
CRR_1078,CRR,0.23864374788301485,197.55095442432273,67.99628435237078,46.4303050764248,80.0601964498973,55.122650236401256,1.1407728320141584,1.464480671415967,56.730663778671,47.14836951325612,79.8443927436666,57.290064136241526,47.707769870826645,80.40379310123713
CRR_1079,CRR,0.22893189685800672,187.28574702475998,50.844843545623405,50.27677209640368,69.0465706951664,53.98936414988101,1.1041972017636543,1.0112988846644821,162.5203967534133,147.57335689645942,12.458328169862671,163.0857070580228,148.1386672010689,13.023638474472165
CRR_1080,CRR,0.20392792953624705,176.29473520976472,49.286524291323225,49.241116015824794,61.49859834462648,50.95577535093697,1.101275698641486,1.0009221617861757,40.37965506075267,52.49833612757876,91.14773232519128,40.94552640424027,53.06420747106636,91.71360366867889
CRR_1081,CRR,0.15408159607587463,154.4356266846875,55.57188520642262,35.05986848603771,61.10874498718034,44.2925254687192,1.1098573908918896,1.5850568643334657,67.3411767154598,52.96234135304282,79.84602933929385,67.8986952509793,53.51985988856232,80.40354787481336
CRR_1082,CRR,3.8303316930973166,714.6685302346373,243.68988118049734,199.64593924657436,254.37747073198184,220.8377182707676,1.0301050939097516,1.220610256838363,56.3499148742526,65.61499225170805,34.84057492401285,56.91282953059449,66.17790690804993,35.403489580354744
CRR_1083,CRR,0.24894119815641297,196.1646497210669,59.216972059194724,49.422061800572486,69.47628958741048,56.2993585937262,1.1090916288512422,1.1981890253414877,4.972010213712265,147.64839858072378,1.1464674010427136,5.5388777841911905,148.2152661512027,1.7133349715216397
CRR_1084,CRR,0.4291427167390979,254.35809240945073,79.4244514636728,60.00502838077958,97.13998647165555,73.9189743764955,1.095316813141867,1.3236299291396305,162.96483988241667,144.4398593963683,1.1486968895522907,163.52944171164177,145.0044612255934,1.713298718777395
CRR_1085,CRR,0.7440040356044888,349.39867465412095,111.87964100867946,78.95784404929513,131.54729259678587,97.32909942941951,1.1426906548392777,1.4169541019740928,107.17923072025353,132.89646288422696,96.86501006307252,107.73800825645304,133.4552404204265,97.42378759927203
CRR_1086,CRR,1.4146647043640617,441.78798310591924,142.62636983052502,125.21008928994624,151.8278424240759,134.20905499024278,1.0478092005791657,1.13909646290762,59.99839434715919,58.59506633094823,79.83742015528787,60.564176508502854,59.16084849229189,80.40320231663154
CRR_1087,CRR,0.6644242524896399,306.7508112369609,90.00799909457685,89.49599982892428,107.01251285306125,91.97669448022744,1.061593008570371,1.0057209178804782,153.04656672660428,146.85839662530623,1.1437949108112861,153.61581953627922,147.42764943498116,1.7130477204862289
CRR_1088,CRR,1.1796498557441966,402.63778152805645,120.01039059797743,119.7326516729116,137.6771124638802,122.55516493704545,1.0457624244341326,1.0023196590168617,66.7893678022948,59.7138057385101,91.14585116902482,67.35652634072042,60.28096427693572,91.71300970745044
CRR_1089,CRR,1.3346746729635734,426.62479486698163,139.59902145699508,119.82742045427253,147.5276506173495,130.35952489073028,1.041725873204287,1.1650006394844126,16.127980361472034,20.948766734735955,1.1532446166064667,16.68772561979554,21.50851199305946,1.7129898749299741
CRR_1090,CRR,2.983229691175188,654.0376829191963,220.02007051591775,169.85627778350957,237.06837105056061,194.89397152893972,1.068204720631936,1.295330813715019,79.7072143092761,68.95525527830816,91.14147582977266,80.27861463773745,69.52665560676951,91.71287615823401
CRR_1091,CRR,2.0999457151342398,554.1983224511613,186.30240255727958,152.68117373213227,214.08263682927083,163.51556275492786,1.0788380137679618,1.220205464782012,161.1791840270523,159.45638050876758,15.182255427525726,161.74602880581568,160.02322528753098,15.749100206289114
CRR_1092,CRR,1.8198942223298022,492.7267406129835,150.01209781653813,150.01209669007008,174.09459176093708,152.2222484101897,1.0303342275013336,1.0000000075091815,46.66848727510441,32.96899197269813,1.1511989338894488,47.23003729391985,33.530541991513566,1.7127489527048851
CRR_1093,CRR,0.1489432232216548,165.0379282685544,60.00539868884429,29.42045274812375,64.4286713639607,43.547721148887625,1.206336468986829,2.0395810765580773,96.85442009598785,112.4967242197234,91.14236807878812,97.42463138137883,113.06693550511439,91.7125793641791
CRR_1094,CRR,0.669435417769172,319.70176823301085,109.66157848251,79.51720069887227,118.36339947549608,92.32289242381947,1.102264354888766,1.3790925424776082,164.96576758531504,140.68703806181418,1.148756399437918,165.52947427354067,141.25074475003981,1.7124630876635423
CRR_1095,CRR,1.479761521479186,450.9712080601503,159.40397515506766,120.00903286074436,160.645338497486,137.2621902027201,1.0457985093913236,1.328266475907995,16.15316735203816,8.395860449940217,1.155860305306676,16.709779250829644,8.9524723487317,1.712472204098159
CRR_1096,CRR,0.13890476988851916,147.85114249437527,49.85497995502339,31.248931798336578,53.80608870888559,42.05461282361314,1.1190801003666122,1.5954138937215523,15.669639544886026,45.645767361898756,12.461615834558067,16.230302958248757,46.20643077526149,13.022279247920798
CRR_1097,CRR,0.15392804038978328,152.93670324648141,43.4602954145945,40.422973597943134,55.442772095319825,44.270449293841985,1.0996333983554858,1.0751385053178253,123.49498094847395,149.94282640533103,105.18837251208922,124.05518097956131,150.5030264364184,105.74857254317658
CRR_1098,CRR,0.18927913650321287,169.33995897675533,60.42040136690375,38.697035859346016,62.30936154556938,49.0915147035835,1.0980020354581579,1.561370271007751,70.89945401521052,55.201187056391,69.34529942521493,71.46486418059558,55.76659722177605,69.91070959059999
CRR_1099,CRR,0.1789075645178013,165.22575269108918,49.071788680695946,40.00301431757209,60.92624244605894,47.72757965750223,1.101941286592452,1.2267022752617975,71.79190307954346,52.6039501119517,91.15556095003204,72.34843660946406,53.1604836418723,91.71209447995264
CRR_1100,CRR,0.16322031839742654,167.68147968581673,63.560451044046964,37.027112046607265,71.22217932997738,45.58712141470085,1.1708278798386633,1.7165921815355543,144.00195519639135,141.36193081043652,169.84337726915345,144.56059115752748,141.92056677157265,170.40201323028958
CRR_1101,CRR,3.510026945553089,755.2749212241406,299.31377572916324,140.01284631891116,300.7445608349185,211.4025806409224,1.1372210948582426,2.137759381359964,2.513740629468345,6.73107065761434,1.1399576019589444,3.0854996233750818,7.302829651521076,1.7117165958656813
CRR_1102,CRR,0.6244056244547599,298.48651519996537,91.93922274162179,83.89371058093253,106.59292451255908,89.16377812827659,1.0655807848789025,1.0959012553500984,37.88771410168595,56.778676891642405,12.450967826628895,38.458411523984665,57.34937431394112,13.021665248927606
CRR_1103,CRR,0.8044728658434244,337.74644444826515,107.06230277931901,99.00609997679287,119.11306936891508,101.20704844319259,1.0622583500362766,1.0813707721485295,38.35460410785656,48.68509494046716,174.02226405564647,38.91887240023966,49.24936323285026,174.58653234802958
CRR_1104,CRR,0.1889269402519053,178.97419449316777,64.6702490925755,31.238600185358344,69.68821610522882,49.04582055532797,1.1615516844027425,2.0702031687990523,7.604982277901774,165.89013486911952,10.604415766416366,8.174432619050185,166.45958521026793,11.173866107564777
CRR_1105,CRR,14.741099281229651,1690.5150639130948,534.533833293283,389.9981087342605,553.701885600866,433.23146859073705,1.2420788806883687,1.3706062191637634,72.81579120211464,60.326487790327285,77.13604361085446,73.38344737166311,60.894143959875755,77.70369978040293
CRR_1106,CRR,4.490458579175867,898.2118276046913,293.6685417224121,231.38954084927573,326.9124271547944,239.11146850375007,1.1957172376669165,1.269152186587829,47.82604303018459,53.375373320711105,79.84288300056204,48.38453610288178,53.93386639340829,80.40137607325923
CRR_1107,CRR,0.7495787093362118,330.9699820157666,119.42540097412807,79.86763735650446,122.49371790007015,97.69305270173561,1.0783880162628827,1.4952915214087275,84.64818385926834,104.38835801053155,91.15396541800995,85.2051811873867,104.9453553386499,91.7109627461283
CRR_1108,CRR,0.14888613680976795,155.8642249370277,55.4428522598597,29.41981502648132,60.65219713796526,43.53937494372721,1.1395001366912798,1.884541157378269,17.62377491759565,39.12822790738165,12.458481457716731,18.1857395899419,39.6901925797279,13.020446130062982
CRR_1109,CRR,0.1689167047565306,167.48787203300148,59.702727661842836,31.152963050501114,61.57370369004177,46.37579414547733,1.1495877637534582,1.916438175240685,11.708391588321076,37.201401896030525,10.610708564380596,12.270478488769635,37.76348879647908,11.172795464829155
CRR_1110,CRR,0.12883444383392592,141.20361291633805,42.740314758272824,37.26385377297554,54.21927098423014,40.50149486294496,1.1097493094572517,1.1469644288178513,142.95060909955893,151.1795710700235,109.5844921102194,143.5115248620387,151.74048683250328,110.14540787269917
CRR_1111,CRR,0.29894747011844547,223.59048720934075,74.1877733259871,50.05665953299972,82.29743490505784,61.695359692065836,1.1535885825224603,1.4820759918483775,18.30426559472804,45.639665562980824,12.458514427307394,18.866015202825224,46.20141517107801,13.02026403540458
CRR_1112,CRR,0.33922056586409155,248.39582108283244,97.80115096264876,45.361984924083444,98.11943879979765,65.71978688687298,1.2030904128387947,2.1560156841973748,28.627387535366882,36.71660615458967,32.10037433385552,29.190241651026003,37.27946027024879,32.66322844951464
CRR_1113,CRR,0.25924862623409634,193.0027064542997,62.10848023115512,53.9972784674001,69.0596026235653,57.453076753078875,1.0693016457354385,1.1502150107185867,57.42175580423205,46.2644364927843,79.8339553438358,57.98801614889952,46.83069683745177,80.40021568850327
CRR_1114,CRR,1.9394168563975822,571.1155606783364,177.69930728423486,159.4718970003443,212.00182938915927,157.14140877856983,1.1568671207057737,1.1142985731451553,33.75979431740231,38.81320810690499,4.722845381282333,34.323363950461975,39.37677773996465,5.286415014341998
CRR_1116,CRR,2.069839679269429,526.4368775398463,161.99982351774716,154.16543533621925,176.8585457945329,162.33920447346608,1.0322217797984066,1.0508180589536293,75.59669795854118,40.19333218888359,96.86003446760745,76.15717630736171,40.75381053770411,97.42051281642797
CRR_1117,CRR,1.2995004525074265,469.7785962889598,143.37568516734459,131.8799029023043,161.55793994451986,128.63029831784166,1.1625190446719074,1.0871685678564402,143.69202592513776,132.4188682263836,165.66533191213873,144.248855734131,132.97569803537687,166.22216172113198
CRR_1118,CRR,1.5795721135375327,498.92633135573135,175.60269918091691,112.54417889734572,182.39460608957023,141.81585520374253,1.1198549239771323,1.5603001496957778,15.906593289660055,29.355719797110353,13.67072204810947,16.47450212233925,29.923628629789548,14.238630880788664
CRR_1119,CRR,0.2538665750988523,212.14647957159121,88.75500237263493,41.82597075089158,90.52122421577029,56.853580582258644,1.1877584678949407,2.1220069918100584,144.53755214554184,148.73468101685313,136.13892078390552,145.10831250441086,149.30544137572215,136.70968114277454
CRR_1120,CRR,0.4389227928681067,266.38374003504236,88.7069637800011,59.590065142760864,97.1356426613848,74.75652860889639,1.1342498046608882,1.488620016901885,97.17173318153884,127.77254724307082,91.1518744618614,97.72954989049494,128.33036395202691,91.70969117081749
CRR_1121,CRR,0.9197996129580631,367.1148523561698,119.34418230348767,100.007905467968,125.14235772823126,108.21854002204535,1.0798176250212448,1.193347483331835,66.7696214843425,72.87979125306965,91.1500637081378,67.3290947641815,73.43926453290867,91.7095369879768
CRR_1122,CRR,0.1438842017070411,147.95434378925842,40.986167342297584,40.30267092970319,55.03956632617155,42.80175878115937,1.100312970145677,1.0169590847660337,163.65665203460236,150.3604802488173,15.178551371395407,164.22382380348105,150.927652017696,15.745723140274094
CRR_1123,CRR,0.11873044834621481,137.64279056397638,40.00349203982828,38.080462305958775,52.78482086584453,38.88088244864515,1.1268535650215257,1.0504991173273805,61.89492090090888,47.91443956856339,91.14232777249678,62.46204172298212,48.48156039063663,91.70944859457003
CRR_1124,CRR,1.1943327702767417,444.4187610348735,155.64035047867935,109.23766924112236,163.8472945660535,123.31551859719215,1.147162067290474,1.4247864455541566,6.225240183047107,33.04010319393875,172.42992250734136,6.793884897859193,33.608747908750836,172.99856722215344
CRR_1125,CRR,2.209838598026253,562.3955346103539,200.40545885621253,142.42753444232946,207.51276107476193,167.739497152255,1.0672266320770194,1.4070696346804978,158.66642550240715,164.44722291396897,148.68386667721884,159.22068484345593,165.00148225501775,149.23812601826762
CRR_1126,CRR,0.2791022224577913,208.58247968052513,69.28780457387693,50.003950022694944,83.0765698573025,59.612413695196935,1.1137590520410388,1.3856466247652386,154.09549387242137,145.83222479828854,1.1496743526880795,154.65499195081136,146.39172287667853,1.709172431078086
CRR_1127,CRR,0.379502134549162,226.5791585683166,70.00550826649021,69.27076962040958,75.27602231835975,69.51238199194425,1.037547327666863,1.0106067631427635,113.5168289599124,116.10523471629139,91.1498750916968,114.07607794428071,116.6644837006597,91.70912407606511
CRR_1128,CRR,0.3292398208820783,217.62494834524233,65.95740438702225,60.341248032293464,76.08489560669884,64.7457457790536,1.0699107980765306,1.0930732548276616,94.0620408269604,130.9285979245575,79.84183124157354,94.61935713249608,131.4859142300932,80.39914754710922
CRR_1132,CRR,0.2693806866441726,193.7502076052526,60.18882267113509,57.58618057693677,69.34947782451161,58.56501881014569,1.0530621825776607,1.0451956019330213,43.43619490558882,47.52362873636289,15.18776916577015,43.993442627636156,48.08087645841022,15.745016887817485
CRR_1133,CRR,0.2739492323733958,205.12720466946502,59.28726150897975,50.00415183704834,75.13937457083728,59.059545875975864,1.105562465865433,1.1856467779352176,161.14542447649356,141.41509081704396,1.1454820982990133,161.70858743315054,141.97825377370094,1.7086450549559868
CRR_1134,CRR,1.874530107878852,580.1288970084972,161.59286906210485,152.94611637215036,179.17863362873874,154.4903188276866,1.1952901941037957,1.05653463386357,86.19591765850022,57.46144073548055,86.91335677480848,86.76705655750185,58.032579634482175,87.4844956738101
CRR_1135,CRR,0.41445731717833034,237.5184562833511,70.00511276927242,69.69022288701336,83.41436312389574,72.64319967046428,1.0407646294363722,1.004518422659798,64.25444182031664,47.30344135788988,91.15460026319523,64.80840349611708,47.85740303369031,91.70856193899567
CRR_1136,CRR,0.12895575041924193,140.0144971828603,43.163268337451136,31.532407580290105,51.04749012405348,40.52055786323491,1.099886107510735,1.368854193183495,99.46945716110167,69.72466103433841,105.17712189819167,100.03709461205789,70.29229848529462,105.74475934914788
CRR_1137,CRR,2.0048110137374673,555.5510370933293,212.04575887820255,128.8452187432758,215.04363940696805,159.76872855509407,1.1068335398656226,1.6457402218448158,147.81976799133992,147.10788802854267,156.78085492536147,148.3870951578025,147.67521519500525,157.34818209182404
CRR_1138,CRR,1.6747747346406192,473.82022545126284,148.36258623231262,138.30799691119273,160.2726696932276,146.02703245179555,1.0328338493405782,1.0726970930507795,14.93931236405206,160.29156254225134,9.279582241851074,15.497939401005684,160.85018957920497,9.838209278804698
CRR_1139,CRR,1.1496347443207948,449.7021024117979,135.59263016716403,124.29789250129146,156.30157122575523,120.98596689164962,1.183150647244119,1.0908682958221132,116.53929389885404,123.79528332176717,155.0082257589983,117.10291653963105,124.35890596254418,155.5718483997753
CRR_1140,CRR,2.220012157717483,544.163538142898,176.69255338298973,155.3096708999826,188.936682277149,168.12516970991388,1.0302599794575602,1.1376790148295237,57.48624750866528,72.67459575294127,46.1379592294326,58.05625245312832,73.24460069740432,46.70796417389565
CRR_1141,CRR,0.33854701042895397,278.32758873529065,119.18676768510944,47.225777466854225,122.61600790543949,65.65450795109287,1.349403504145286,2.5237650723434166,133.8415282088832,130.69295040342834,144.2754717984304,134.40396652554733,131.25538872009247,144.83791011509453
CRR_1142,CRR,0.16884988035760165,160.98066356378237,49.24316411384102,42.82638784801868,55.68340283967244,46.366619975484454,1.1051428101481593,1.149832301724676,97.69746794688464,60.069474860940936,102.45360597181634,98.26051059458901,60.63251750864531,103.01664861952071
CRR_1143,CRR,0.8261264665580534,425.44946590646674,151.93875042787093,85.80968755508391,163.5308565100625,102.56007440393385,1.3204433777638478,1.7706479857572808,147.67662082458736,148.28955526471066,126.14465595848009,148.23062958214487,148.84356402226817,126.6986647160376
CRR_1144,CRR,0.7694449510974263,339.1463649099182,118.83353122520657,85.29872153753979,119.24148627777032,98.97917655921657,1.0906702254644103,1.3931455135925828,11.988239571410185,25.94613567683966,19.587684826470472,12.541289756694967,26.499185862124442,20.140735011755254
CRR_1145,CRR,0.12387706977497294,136.72029688969627,39.07093206753707,38.978363497566896,47.43111053696014,39.71463004025249,1.0958032870472287,1.002374870611896,143.10148826914383,127.9945224699078,91.1525691085931,143.65455578839226,128.54758998915622,91.70563662784151
CRR_1146,CRR,0.10866120274094804,130.09723960036922,38.87037033155768,38.081033799311896,46.65019465247913,37.19566376720005,1.113335086294016,1.0207278126010342,33.8752648048537,53.75828924352523,105.18393424047275,34.432562695921284,54.31558713459282,105.74123213154034
CRR_1147,CRR,0.6688142680445107,350.1012309921283,99.51917803466368,97.37662735116315,136.78008305048584,92.28005061536183,1.2076356942456845,1.0220027201781592,137.4858391559567,135.3341390560156,91.14176323264094,138.04905850038122,135.8973584004401,91.70498257706545
CRR_1148,CRR,0.1486991839319356,166.19808264853796,61.93453007718646,30.81407246379249,67.04199771893376,43.5120306641724,1.2158130053760055,2.0099430268414373,117.99419888664399,132.98930565336622,109.57654462969451,118.55753516752,133.55264193424225,110.13988091057053
CRR_1149,CRR,1.3147837104922822,553.1543335743053,188.23791172183402,110.33969401173852,190.29257874073383,129.38448952530598,1.3608624465583237,1.7059854425716305,179.05844515257564,175.56374788739524,7.488155669260119,179.61536878921174,176.12067152403134,8.045079305896223
CRR_1150,CRR,0.4743435717071398,291.9769740235423,119.42293039702433,49.86240157864746,119.76494116797942,77.71441264581813,1.1959063216920869,2.3950497091212055,2.8119070796435275,5.478508243784016,1.1473804971239279,3.3693370095437136,6.035938173684202,1.704810427024114
CRR_1151,CRR,0.3292819796463755,217.45168977108185,69.17630744467009,60.00476729362664,83.04907432604502,64.74989095391932,1.068990566652318,1.1528468580865172,52.28153172366621,47.35914065235173,91.14544212617201,52.84066613694637,47.91827506563189,91.70457653945216
CRR_1152,CRR,0.4442191769825259,315.88441489950844,117.86780798062208,58.65800248729614,119.26099982690226,75.20621135676627,1.3369790917522333,2.00940712234702,56.02469572756884,50.34081284275269,59.107137764825175,56.580742930001946,50.8968600451858,59.66318496725828
CRR_1153,CRR,0.7740482170960701,433.1189706889653,163.92915883446292,84.87389634420097,167.09173227759072,99.27481047770702,1.3887314375181214,1.931443775948003,150.07649933792382,140.89725280024894,152.06248720812698,150.64454058744175,141.46529404976687,152.6305284576449
CRR_1155,CRR,0.10887522584337123,128.34266276959508,39.897513557340226,31.376635150481263,46.90681673728842,37.23227672138141,1.0972398675596946,1.2715676287783289,118.36093939670458,144.05282097881724,109.58476914781504,118.9151542939986,144.60703587611124,110.13898404510905
CRR_1156,CRR,2.724732745238831,650.2438930917872,228.9080926137826,159.3237540254438,241.451296214331,186.25889187023742,1.1112439117588524,1.4367480481110573,178.9264162267073,162.39019647881662,1.1441626118111676,179.48620105388468,162.94998130599402,1.703947438988564
CRR_1157,CRR,2.509328079856287,881.0025394983752,383.4721545003845,109.66675050845843,383.9663543437745,178.7449507535074,1.5688936492649743,3.496703902709398,149.94607925241468,149.9076427932878,152.81493672166002,150.51149057039163,150.47305411126476,153.38034803963697
CRR_1158,CRR,0.20883265029730413,187.60331514985955,66.14186808903527,38.80938909182182,74.43189504982661,51.564909443377964,1.1580741736514855,1.7042749096757397,21.030628454580647,40.33106011976956,10.6138704982474,21.58282437316304,40.88325603835195,11.16606641682979
CMR_0102,CMR,1.4448162105411075,438.1690291873184,138.63375825910313,132.8388330839786,144.96373539752608,135.63174901678968,1.028325114296153,1.0436237283977123,165.57244474539374,165.1055824324297,147.44864730557762,166.15561793376938,165.68875562080535,148.03182049395326
CMR_0103,CMR,0.7144762935814984,313.05425050711966,106.33502574432876,84.79975957101912,106.76928031125513,95.37816682888037,1.0447701624110037,1.2539543305576712,63.93438902529475,69.73449538632642,64.56516857965048,64.52599458470037,70.32610094573204,65.1567741390561
CMR_0104,CMR,3.615412769874707,942.3390679343287,360.03893664821845,140.01517501806512,363.2475091555394,214.55270935471697,1.3980519862128742,2.571427965588482,4.798953057249592,8.754293667313789,1.1332186871027234,5.38750733662817,9.342847946692366,1.7217729664813015
CMR_0105,CMR,0.2992677873728557,209.0537761951038,68.5993384252423,53.745644343976025,74.43022722747457,61.72840362009327,1.07801076659132,1.276370192646711,6.903927776677031,158.1593703208068,10.592655615551,7.495328674019468,158.75077121814923,11.184056512893436
CMR_0106,CMR,0.6395774334848202,305.5426706498763,106.31474004707907,72.698429969893,113.20138552252814,90.24052749364314,1.0777558090593466,1.4624076488461688,0.21186527294138813,166.47508214822136,15.17338628344941,0.7963638024697506,167.05958067774972,15.757884812977773
CMR_0107,CMR,2.0498626558005326,530.0736184608852,168.1325752205275,149.70311194248978,186.51933612228342,161.55389796105453,1.0444048412993991,1.123106748008803,98.55255836826936,116.70421990526131,83.00990736624416,99.13411298669698,117.28577452368893,83.59146198467178
CMR_0108,CMR,0.7295838212232909,318.92409706620134,109.28540281890855,80.0089861442124,112.51893554636341,96.3812726820145,1.0532823463883827,1.3659141064720755,90.8165702211528,77.35995955820165,91.12916968528413,91.40888817285523,77.95227750990408,91.72148763698655
CMR_0109,CMR,1.2447644268268878,411.68423385994066,135.75069291926573,119.73101579314907,144.3748321079058,125.89214797260361,1.0409160835998772,1.1337972205446978,72.89922741164143,75.13937301716832,54.26883266108018,73.4819147944303,75.72206039995719,54.851520043869044
CMR_0110,CMR,0.6196280609255563,293.21188433513714,100.01143090200775,70.00799690505809,106.47903877138178,88.82201023383713,1.0507783069167351,1.4285715250164785,1.3212783047330903,21.199539910213673,1.1270610962787782,1.9155436810695277,21.79380528655011,1.7213264726152155
CMR_0111,CMR,1.559846722295942,473.14025978372666,159.55249459963514,130.01413789458337,184.8946614319732,140.92758887289318,1.0686709638987903,1.2271934205263255,34.279828664010076,37.791526370809606,1.1320930914588603,34.86904887674729,38.380746583546824,1.72131330419608
CMR_0112,CMR,1.5648107332976469,469.89602033723855,165.40599906484715,113.13837411797044,173.4160518663239,141.1516526881847,1.059658501357971,1.4619796364792794,97.54599900476255,114.54941753741393,96.33092512034966,98.13074018894538,115.13415872159676,96.9156663045325
CMR_0113,CMR,3.6454951778309694,718.1182947988299,240.0276691366889,199.89804566458892,282.12431875244016,215.44346405857235,1.0609936749892237,1.2007504542562357,34.00507604636921,33.67480588497713,1.1262944656100298,34.600019287867596,34.26974912647552,1.7212377071084175
CMR_0114,CMR,0.8394242304514723,403.65337422174855,154.6329263945154,88.69637904398806,159.5865046052766,103.38220954398763,1.2428333672976737,1.7433961573315953,114.46532839755442,119.77944917932435,105.16499352286019,115.05779161351167,120.3719123952816,105.75745673881744
CMR_0115,CMR,2.455075618434936,574.863582483229,179.85940688477262,169.89139843133202,193.17017533747844,176.80213128541453,1.0349692064291212,1.058672825966934,77.83760996112018,36.43585207389509,91.13099048009428,78.42780803376372,37.026050146538644,91.72118855273783
CMR_0116,CMR,2.34998923559819,665.5460979874667,246.9272116220594,155.5799738874382,258.2200187745804,172.9768546501402,1.2247297658923229,1.5871400762717105,32.530991075317544,28.585778256457477,46.13471597619898,33.11742679606969,29.17221397720962,46.721151696951125
CMR_0117,CMR,1.6949068775929492,485.5606815463954,158.49016255800163,140.02101867770747,169.76053194433953,146.90209192502817,1.0521209279799526,1.1319026532923988,74.03299795336505,70.44247763166574,98.2527854346131,74.6262976815407,71.03577735984139,98.84608516278875
CMR_0118,CMR,0.3489737016378137,235.5589297687423,70.00713140809562,59.027637993921154,83.5312682254299,66.65786652735552,1.1248595256719294,1.1860059759684973,91.13831175449751,126.35999976147833,91.13831155963499,91.72100620489684,126.94269421187767,91.72100601003432
CMR_0119,CMR,0.5494054872810711,281.2303452912962,106.18898372245245,64.03856395486997,106.46622477177235,83.6375987520416,1.0703128800540258,1.6582037004653514,37.34879600455868,35.65084958664868,39.786603861478305,37.94298877126621,36.24504235335621,40.380796628185834
CMR_0120,CMR,0.6695885271236791,304.0362359647612,105.490550734228,77.78975354429143,107.05132134742891,92.33344959627802,1.048133044837441,1.356098276801513,40.84179210765359,55.93322721765965,46.13738475806393,41.42536574764717,56.51680085765323,46.72095839805751
CMR_0121,CMR,1.2642498744800816,470.4455928989472,171.4334862160297,95.38000033906502,181.190407930683,126.87367475621197,1.180288057542827,1.7973735123359533,60.72694999461504,46.78158770740501,66.11512017416297,61.31589409347258,47.37053180626255,66.7040642730205
CMR_0122,CMR,0.4290921670149638,289.170780469803,116.00143905508331,45.493486461145416,118.26544876291307,73.91462070386055,1.245300555458487,2.549847199645966,98.58355944841816,112.67736717506034,101.44831504499517,99.16097386760167,113.25478159424385,102.02572946417868
CMR_0123,CMR,1.3998050249823553,435.632163206983,139.80263181799938,120.01270387748177,155.30722609581926,133.50232629907717,1.0386787116935192,1.1648986090732587,107.80442028882548,117.66421054183228,91.13465900965008,108.39057989496109,118.25037014796789,91.72081861578569
CMR_0124,CMR,2.145061719237792,603.4167787575046,209.58563333209295,145.80358532484553,213.12187217413407,165.2627425293176,1.162231264155725,1.4374518491101789,49.749087506130316,54.126841220430684,43.67490503123693,50.34040154502091,54.71815525932128,44.266219070127526
CMR_0125,CMR,1.374733471630075,440.8978208275731,130.01306809161093,129.52316950823896,151.50340757446793,132.3013612760831,1.060776199221743,1.0037823239288535,3.3310762624993444,33.15937567261958,1.1394587268989644,3.9123134253819134,33.74061283550215,1.7206958897815336
CMR_0126,CMR,0.559072026323511,294.40209820238067,80.0090482761044,70.00793455184338,103.83355524657125,84.37017318165894,1.1107135950675115,1.1428568602728142,91.12750509448404,132.2221965014253,91.12750493635414,91.72058926248785,132.81528066942911,91.72058910435796
CMR_0127,CMR,1.049453595361742,390.70272848633437,145.50313916277233,93.17663239862635,145.9322571013296,115.59436915261333,1.0758702344055309,1.5615840089635757,73.91470123932481,63.54397323744088,67.93895222537127,74.4977026252856,64.12697462340167,68.52195361133205
CMR_0128,CMR,1.1546643477512655,404.2546575277157,131.1377600334777,116.86222788276348,147.48143620555172,121.25033230687431,1.0612610421655648,1.1221569399227564,61.29695953947521,49.303235284241055,97.47459402610671,61.88303774868908,49.88931349345492,98.06067223532058
CMR_0129,CMR,0.5994545171731163,297.30752497659444,109.32226576560919,69.82520507277168,110.73690723448736,87.3641343192351,1.083235416619336,1.5656562075496054,85.99356709396639,81.10568722161926,91.13638007441774,86.57738955297212,81.689509680625,91.72020253342347
CMR_0130,CMR,0.14897526939277367,154.38418689781514,50.00498631660714,30.00298941158335,55.90726203366513,43.55240569457138,1.1283421013444948,1.6666667987857755,1.1396616481874378,150.79371833713276,1.1396616868451237,1.7201444377116555,151.37420112665697,1.7201444763693416
CMR_0131,CMR,1.8447616880675952,505.3334536283965,149.88731665474396,140.0135799403283,176.40333276171418,153.25872020410634,1.0495496366868848,1.0705198504218212,21.433165709676516,52.49491481532134,1.1421133889571342,22.011167794256046,53.07291689990087,1.7201154735366637
CMR_0132,CMR,0.23914705909807513,186.47008167703135,58.701761654717394,50.004903362806054,68.30486534460555,55.18074778858893,1.0756517962152794,1.1739201099702576,39.08073420597024,46.19044120003956,1.1410704886025076,39.659708658337856,46.769415652407176,1.7200449409701264
CMR_0133,CMR,2.3356401892524055,638.3948721963283,188.34981819168408,177.52945744513562,203.609453421773,172.44794725449424,1.178369486818191,1.0609496638037799,112.9378819295943,101.90187976345825,140.9300842837039,113.52756901480525,102.49156684866921,141.51977136891486
CMR_0134,CMR,2.43477281587431,608.6845750446137,189.87580173087798,158.1943346786604,224.086507793039,176.06956101545083,1.1004191564223733,1.2002692897730631,17.56679150269807,46.04125486054102,13.2317975353677,18.149672652854253,46.6241360106972,13.814678685523884
CMR_0135,CMR,0.1188403492595706,136.07194726329038,46.64815617623169,29.107292003999184,52.85453679026001,38.89887301547738,1.1134781727211225,1.6026278284432123,26.990772319977168,45.63897451583917,15.171905064193512,27.574922571580554,46.22312476744256,15.756055315796898
CMR_0136,CMR,2.145002073737804,547.8464222289181,184.38443240164347,141.71046874654468,192.35748134138515,165.26044486875563,1.0552127730527083,1.301134870504331,15.747296437944897,22.340628871222886,5.214006399437564,16.338502701865327,22.931835135143317,5.805212663357994
CMR_0137,CMR,0.313358299398478,275.0420107660751,116.24244131761147,47.18886845728985,117.26227171362524,63.16487777753575,1.386032779973913,2.463344536918093,67.85937630435473,58.05418845184346,65.61620660166997,68.4424968257811,58.63730897326984,66.19932712309635
CMR_0138,CMR,2.0099580588733383,557.0890284362935,219.43730327545177,124.19976852000372,220.08499587306105,159.97368795575917,1.108475696858567,1.766809277427188,83.99198900831793,73.73466561344095,78.13143258475287,84.58531859132302,74.32799519644604,78.72476216775796
CMR_0139,CMR,0.603863544277332,325.3247575905517,119.5038780417786,72.56124835996246,122.06974051744396,87.68483017020858,1.1809806366780295,1.6469380108917469,162.42506260566842,152.85875358722217,164.62706037171142,163.01881087730644,153.4525018588602,165.22080864334944
CMR_0140,CMR,0.5443567422770632,280.07267558947086,87.17309817914393,74.8727228694801,105.82421659913508,83.25241922673264,1.0708385692346087,1.1642837984015373,157.95086880104287,147.48648349906225,9.25657211631128,158.5437349616659,148.07934965968528,9.849438276934308
CMR_0141,CMR,4.2653793734232535,897.5417212743029,275.87868920312803,222.24883098615723,298.1219463563095,233.04183511850778,1.2259447021550571,1.241305468195291,165.58100424476365,26.242438708144487,159.04272988312465,166.16632741408156,26.8277618774624,159.62805305244257
CMR_0142,CMR,0.1786842291188384,168.4938970528026,57.15154776135251,40.0044138835185,67.41461857460787,47.697780507548075,1.1244395991350915,1.4286310487578096,151.08399994733097,146.6263136631225,1.1289925845129816,151.6742253693078,147.21653908509933,1.7192180064898253
CMR_0143,CMR,0.4891466620143992,299.24247197358636,107.9063865813769,66.56065349855841,112.04556612371141,78.9177339545389,1.2069763337368369,1.6211737852560895,24.95701702039009,38.03631806016781,22.31439098232104,25.54782642579597,38.62712746557369,22.90520038772692
CMR_0144,CMR,0.13918775724594878,142.74486833505094,47.83257884256479,33.86338365874072,51.845824173689174,42.09742945460449,1.0793320015429226,1.412516224739945,7.096068041247243,159.6906314472395,15.165952774067385,7.6854123564140915,160.27997576240634,15.755297089234233
CMR_0145,CMR,0.33942080808556724,216.23503249990026,64.8890230199614,63.06623757004088,76.49956001663412,65.73918125140506,1.0470125619722472,1.0289027143548264,115.24215543156436,141.28459847894752,15.164841278329913,115.83259631576117,141.87503936314434,15.755282162526727
CMR_0146,CMR,1.5348161164101668,464.0102462631007,150.5168708682864,134.05730550519112,156.82924446966567,139.79229497044074,1.0565607260926035,1.122780070068303,120.70334570049833,126.16637208592974,142.47765115073156,121.2847470148001,126.74777340023151,143.05905246503332
CMR_0147,CMR,0.33924949050831177,227.05787482776864,74.00046698292347,51.95248829091632,82.79150688720584,65.72258872308963,1.0996944535778594,1.424387347311373,18.0539684305289,45.83789493712293,17.08690090394388,18.631170714437882,46.415097221031914,17.664103187852863
CMR_0148,CMR,1.0246473277961001,440.3239614711698,133.0034216253196,121.17430506394757,174.43968661994882,114.22002876716533,1.2271006370134565,1.0976206676417861,134.58074718569037,133.85134803166576,175.4214327213353,135.1669020377096,134.437502883685,176.00758757335453
CMR_0149,CMR,0.7144354316453152,327.1519742362463,119.59866619931054,79.40456626287735,122.61175380761162,95.37543938198925,1.0918503585274915,1.5061938101061632,92.33786478822256,77.98524452450927,91.12735242763925,92.9285723580882,78.57595209437491,91.7180599975049
CMR_0150,CMR,0.35914698794824135,228.11375876854027,67.82013243476827,60.80186345750189,78.91282291171211,67.6224923696416,1.0737679438619538,1.1154285177817267,135.32025109232217,150.35234130861994,102.45105963582229,135.89719280184124,150.92928301813902,103.02800134534137
CMR_0153,CMR,0.5441692412054417,311.7831229395655,104.16882864645477,81.90599195442583,111.3127945734194,83.23808004340896,1.192286635217487,1.271809621748021,137.68484602534434,135.23818017763918,157.24545954020826,138.27144430215333,135.82477845444816,157.83205781701724
CMR_0154,CMR,0.15894384174066448,159.4147420477009,54.074797285615965,31.381662622118686,60.252148050674414,44.98595166230691,1.1279807700442426,1.7231335999228579,8.417261554165206,163.29511757846927,12.449033068366454,8.99592125086601,163.87377727517008,13.027692765067258
CMR_0155,CMR,3.135009907796541,675.343968025836,219.4590551450725,170.01656894879636,233.54843985241334,199.7903548158192,1.0759711688554068,1.2908098104906862,75.68384036881272,51.25789810376288,91.14010257018843,76.26147626607782,51.83553400102797,91.71773846745353
CMR_0156,CMR,0.504308999033853,270.8710179964115,88.1995674253814,69.12804559857595,96.39057045966086,80.13152690019757,1.0759925118650484,1.2758868945543909,1.3410874137604565,156.61479462809322,9.2619516010359,1.9269097135812654,157.20061692791404,9.847773900856708
CMR_0157,CMR,0.39444662461596514,234.4937632989133,79.13291581975254,60.00673196131116,79.76199050753011,70.86783760976152,1.0532518787648815,1.3187339692281996,84.61120944693953,61.72718584253028,91.12610795657251,85.20277123704236,62.31874763263311,91.71766974667534
CMR_0158,CMR,0.749520460713184,326.0185700544243,96.99600567626398,91.89842120274922,111.4632966163836,97.68925683861782,1.0622962778728235,1.0554697720243562,114.1884771665673,46.164381402520604,172.9945993884936,114.78135465397878,46.757258889932096,173.5874768759051
CMR_0159,CMR,0.4294433758849369,247.51289908408106,81.75751488521881,65.65288134363904,92.62635694318286,73.94486381090091,1.065466871883796,1.2452997219921729,74.8026042319171,59.25826219029541,100.59118710881053,75.39128534968503,59.84694330806335,101.17986822657846
CMR_0160,CMR,1.0844037315919481,414.1125777645797,135.78517860568087,116.87146931693542,153.851246242441,117.50343456772842,1.1218065921259632,1.1618334175080378,36.40103864596653,40.34967638569348,174.79016448416007,36.988211320930915,40.93684906065786,175.37733715912447
CMR_0161,CMR,1.4097476428979634,452.57493269310464,155.21018072979157,115.02228357336628,162.63335514225383,133.97561147592765,1.0752634283819855,1.3493922734614434,132.6636392802588,127.98338675007761,145.5869519582644,133.2564733322984,128.57622080211723,146.179786010304
CMR_0162,CMR,1.1500831283755337,398.22417747309754,119.83621758012524,119.8009073460816,142.9769367487988,121.00955824977035,1.047509754109328,1.000294740956691,41.888650391606014,35.38517540016201,91.1374366528244,42.46867897747423,35.965203986030225,91.71746523869263
CMR_0163,CMR,0.3692184762356171,236.54507252102755,76.97134612448781,52.55264975962638,87.2122760401974,68.56409881199107,1.0981641473618642,1.4646520484990107,3.359880552831805,154.84748440534204,10.595738435419532,3.943858230597736,155.431462083108,11.179716113185464
CMR_0164,CMR,3.700193670033438,729.0835579567541,245.62270415300927,198.77023497105398,271.8705425093103,217.053746889228,1.0692029401829461,1.2357116959125103,66.00248038524735,68.01263527301042,41.374610859034725,66.581501136983,68.59165602474606,41.95363161077037
CMR_0165,CMR,2.0049276877275797,523.8889898005103,159.8483285738764,150.01560291459108,179.85685100531114,159.77337751794528,1.0437223479087538,1.065544686474269,44.92664391463911,35.54607815140054,1.1332281755902311,45.5106509324211,36.130085169182536,1.717235193372221
CMR_0166,CMR,0.6293348675757604,320.61442113728833,133.0862671791048,63.3842346967179,133.57391191717363,89.51502892130043,1.1400849793705188,2.0996745928368235,62.40475456218973,55.2746171651009,60.17196332729049,62.98623192910273,55.8560945320139,60.75344069420349
CMR_0167,CMR,0.9697043487451503,362.10293986496583,120.01285423758704,99.85030419706955,128.76096810211976,111.11552202658198,1.037307330902514,1.2019277778135125,5.6530540375119545,22.372267718339412,1.1303783603684259,6.239856811570295,22.959070492397753,1.7171811344267667
CMR_0168,CMR,2.6949417442296224,651.9952518808867,230.6085991340211,169.10455581496927,256.4061897451755,185.23785788846484,1.1203786136608131,1.36370423624984,141.83667483562695,145.26953539199346,171.6644319997048,142.42707936597955,145.85993992234606,172.2548365300574
CMR_0169,CMR,3.980335964971445,773.491957748185,264.07044350824486,204.53906139021953,306.53619494880803,225.12043780903673,1.0936818506179133,1.2910514095126866,55.87078138598528,55.06978295069989,22.168052410239213,56.45730892489077,55.656310489605374,22.7545799491447
CMR_0170,CMR,1.839881581107302,502.99464362744726,153.7563162390356,153.4617720539265,171.66235854840335,153.0558717166928,1.0460766122091032,1.001919332620541,116.52067317319582,126.77026878829656,85.93784534277006,117.10539251411022,127.35498812921097,86.52256468368446
CMR_0171,CMR,0.4794228014422134,259.66129627726764,79.49198758822143,70.00770656068637,90.44728254639017,78.12938432138962,1.05789592971008,1.1354748140379887,77.54267096958421,140.50180044973914,91.12753439327965,78.13208899790042,141.09121847805534,91.71695242159586
CMR_0172,CMR,0.5194895482830533,264.6720362632959,79.69334394468213,79.69333390051911,88.59238614580539,81.32863185561344,1.0358925733383886,1.0000001260351716,46.133896968549735,62.82089774363887,1.1338983687261508,46.716939399104604,63.403940174193735,1.7169407992810193
CMR_0173,CMR,3.190130439609406,723.7063252918878,273.94215737268405,154.3444038280182,286.7615445816124,201.5390837672451,1.1430183849609703,1.7748758657808574,17.8247414208095,21.069022307313602,3.7429421252923403,18.401298861215736,21.64557974771984,4.319499565698578
CMR_0174,CMR,8.061648337260031,1448.872768195349,594.465000421393,195.7827666146259,598.0596231462358,320.38117077549896,1.4395057138430454,3.0363499847334556,40.483326461159336,34.78335204348764,41.06841761932993,41.07338235457525,35.373407936903554,41.65847351274584
CMR_0175,CMR,0.3040171131289032,216.7214225429125,78.26276356629334,49.76115523347606,86.33078271344577,62.2162849029049,1.108786412606947,1.5727682204942715,13.722445317212218,27.454251342975745,1.1387120824105281,14.300504658925126,28.032310684688653,1.7167714241234364
CMR_0176,CMR,1.2396312911259577,416.8048365704538,139.6991477144531,119.20415772237652,155.20346849237907,125.63230399672995,1.056042879648597,1.1719318384834267,65.21125753244226,64.62122382142144,91.13633828022039,65.79163379177479,65.20160008075396,91.71671453955291
CMR_0177,CMR,1.224675325181827,424.4364943827038,147.73709627811283,112.73699975669567,156.8978073197798,124.87213674326618,1.0819253657601167,1.3104579383605464,25.409184980608668,19.56522458080096,46.13153236087079,25.994300315970563,20.150339916162856,46.71664769623269
CMR_0178,CMR,4.40447257866715,799.7128965310104,269.6818473590539,200.01970586074108,303.5082977712783,236.81107788405234,1.0749350214061004,1.3482763920611573,23.040031224475225,33.01442105957847,1.1379007110562744,23.618799097100055,33.5931889322033,1.7166685836811044
CMR_0179,CMR,0.7744294635911325,363.86210048545996,145.35346451384785,73.8344959337404,146.90806787388334,99.29925566953006,1.1663823964358413,1.9686389495269134,107.2079963005641,110.7823795915452,102.43964679600806,107.79485344871992,111.36923673970101,103.02650394416388
CMR_0180,CMR,0.5693902632468859,280.9550326989061,88.92637723825769,80.00843224503616,98.26414877021931,85.14518186915214,1.0503326496922136,1.1114625639196274,46.00856937466352,53.32655339286894,1.131337144249168,46.59371912291502,53.911703141120434,1.7164868925006624
CMR_0181,CMR,0.28927396679163336,207.83239462048846,83.55570917462461,47.82910365476914,83.57854570227062,60.68896553587924,1.0900681086389838,1.7469637268916933,54.899347278035705,55.604707779320755,54.26529274459118,55.480629989056766,56.185990490341815,54.84657545561224
CMR_0182,CMR,0.5394804986531975,276.5004502809644,98.64718321790153,70.00701964658518,100.42809174140463,82.87870079210313,1.0619474728431881,1.409104168637657,93.28715725543542,79.823832397129,91.13604389101192,93.86740582497583,80.40408096666941,91.71629246055234
CMR_0183,CMR,1.68513573881257,578.4548722838521,203.76541049305888,119.79627027061024,208.4740484875461,146.47803456159113,1.2570342380018074,1.7009328423394905,139.33643491064115,155.72721494260318,135.98042385497072,139.92028226799306,156.3110622999551,136.56427121232264
CMR_0184,CMR,2.3947876820377725,570.4499034872955,179.9823375419983,162.95301327560463,196.22667695845308,174.6178220576339,1.039870052855565,1.1045045066923171,22.077432672465175,31.476425258997736,6.8361278665616165,22.668135383202983,32.067127969735544,7.426830577299427
CMR_0185,CMR,0.4339097279173253,311.0539745836029,129.84525484174424,47.37812160476781,132.48330676879544,74.32839460324793,1.3320825207544016,2.7406163529429053,136.56915714727708,144.22430793944952,132.77123524588583,137.14760587644534,144.80275666861777,133.3496839750541
CMR_0186,CMR,1.8499245802119466,499.6195277199996,156.57305903836584,149.32752065995572,168.87493485925162,153.47303119126323,1.0362331008212056,1.0485211188559773,137.77535003276049,153.14639601903207,123.12983945590267,138.36697679276074,153.73802277903232,123.72146621590291
CMR_0187,CMR,0.11896897229735416,134.3820143610662,40.00393237861037,30.002952698319618,47.54566988997967,38.91991779609682,1.0990548315266309,1.3333331815988525,91.1375037039779,54.6911991606788,91.1375038040059,91.71601070795006,55.26970616465097,91.71601080797807
CMR_0188,CMR,2.0696471652097665,638.5434407786539,214.72036354055484,164.38362319344037,215.26017153422126,162.3316547810101,1.252095225862483,1.3062150557898344,40.4563109787373,15.301638338395684,25.204894188607746,41.045080715881696,15.890408075540076,25.79366392575214
CRR_1160,CRR,1.9798668601341676,517.9823324942029,185.17572948452346,135.21077095966965,188.28633704977617,158.77168449170853,1.0384653776854937,1.3695338630955463,157.508020320374,161.8245726000444,151.39538311626805,158.0837031976946,162.40025547736502,151.97106599358867
CMR_0189,CMR,1.2797911730810048,416.46350033987545,129.87469304848454,119.85174291373097,143.0126392266325,127.65111556777474,1.0384903320528007,1.0836279047019621,85.20974901499332,56.93033431629293,91.1347829649014,85.7908602625697,57.5114455638693,91.71589421247778
CMR_0190,CMR,2.549914258047929,883.7746348034009,373.40562433568317,119.52364704573245,374.94363064337784,180.18467384965473,1.5612548914738384,3.124115048069189,133.54138881479466,130.9357551751985,136.12712855117078,134.13013818669762,131.52450454710146,136.71587792307375
CMR_0191,CMR,1.7445453108274527,508.8017717262837,156.3139470540434,130.9738055673276,175.02564689083945,149.0377159422342,1.086682206744751,1.1934748813089167,1.2967939130130457,43.37267177133518,175.93803084634897,1.8801620662808998,43.95603992460303,176.52139899961682
CMR_0192,CMR,2.3799418306821085,795.5441901721676,337.3326291756864,131.580985557972,344.73225536822565,174.07573216832546,1.4547092663267618,2.56368826958713,43.64023900022012,45.243263305535066,33.35053554378588,44.22972450892624,45.832748814241185,33.940021052492
CRR_1161,CRR,0.13893101774219418,146.81685904504724,48.220058359766156,31.308154522347976,55.19401746890046,42.05858601756176,1.111146667483708,1.5401756857098154,124.79840311807497,149.68745483862222,117.69873908168772,125.38043979227903,150.26949151282628,118.28077575589178
CRR_1162,CRR,0.3893670027070363,235.5290056014962,83.8838658218436,62.07905833246055,84.14816241418309,70.41004653184102,1.0647800230055235,1.351242561905639,31.564969240108674,23.157031308784084,27.699321065899518,32.146252854508646,23.738314923184056,28.28060468029949
CMR_0193,CMR,2.1398009541251963,563.7624898068409,175.73662317197434,161.88483900552615,190.7955483846968,165.05996463874067,1.0871877645064492,1.0855656666278388,95.3208943598325,118.76755677540336,85.41689070590652,95.90892141746059,119.35558383303146,86.00491776353462
CRR_1163,CRR,3.610269830114793,744.128241448113,247.54540337674,199.84409333567254,271.03001501928395,214.4000539847519,1.104772930040115,1.23869261905552,34.69214169540441,18.8734462832868,60.92759960418675,35.26709149505415,19.448396082936544,61.5025494038365
CRR_1164,CRR,0.1088811757908787,128.3461692330019,39.89860371856353,31.37748643702745,46.90809993832587,37.23329406515191,1.0972398641171823,1.2715678739480105,118.34531612799239,144.03718809794248,109.56912860219231,118.92657578299533,144.61844775294543,110.15038825719525
CRR_1165,CRR,3.230209389602063,670.238076253894,209.57827090833578,200.02063649091988,237.91982475359063,202.8011423196669,1.0519832547695198,1.0477832416949127,45.015012797475656,34.779952222360805,1.1324796842052676,45.597885878576676,35.362825303461825,1.7153527653062883
CRR_1166,CRR,1.0597181762576404,377.2765841215281,119.60081147816823,109.81670669337294,128.74955192715535,116.15830096406606,1.0338552264868563,1.089094866158336,3.7640661578959294,158.46964061378122,1.1289542533456096,4.350420846316155,159.05599530220144,1.715308941765835
CRR_1167,CRR,0.10888000378716879,128.34547792129226,39.898386121917916,31.37732148247027,46.90784676296777,37.23309367387265,1.0972398594425348,1.2715676239034028,28.350099754416227,54.04197447847837,19.573913050146228,28.926339464541623,54.61821418860377,20.150152760271624
CRR_1168,CRR,0.10888262542729873,128.3470245752181,39.898872448670595,31.377697463658116,46.90841141608281,37.23354192507384,1.0972398722307384,1.2715678865500493,28.338917964013696,54.03079672135889,19.56274256194952,28.926292257317147,54.61817101466234,20.15011685525297
CRR_1169,CRR,0.19419974436241255,167.04831991212038,52.49376462155304,45.78538665874871,61.73042128007174,49.725526050478656,1.069332713432574,1.1465178838130983,132.81140490370043,142.4203899805684,105.16274515283608,133.3998552095383,143.00884028640624,105.75119545867395
CRR_1170,CRR,2.684812282586254,640.9293467855482,209.38808711245136,169.7236717817906,219.30880729989684,184.8894039251437,1.1034388293542148,1.2336999601426033,86.15715197912752,73.20361784455727,91.13149493099583,86.74058853360252,73.78705439903227,91.71493148547083
CRR_1171,CRR,0.8843877396916386,363.8939414069574,109.61882878811238,109.07975410357129,146.1134290530022,106.11491144294196,1.091562321422678,1.0049420232835256,47.5650498459394,43.48796613247216,91.1282859393872,48.151515353991215,44.074431640523976,91.71475144743901
CRR_1172,CRR,0.6944337653379196,320.5423242799093,118.77042442649844,79.79664272111451,124.52044453399046,94.03087425030023,1.0850881858976216,1.4884138025906108,74.55180224421842,73.64567342907112,91.12553097905483,75.1409778229285,74.23484900778121,91.71470655776491
CRR_1173,CRR,3.73399594214232,837.290672913403,284.3573935526885,187.97727274389405,330.13081024442164,218.04291534962175,1.2223185438997899,1.5127221998805445,7.365538157192777,169.77985382105416,23.528386056920613,7.946076489532012,170.3603921533934,24.108924389259847
CMR_0194,CMR,0.43417287141144945,288.21845436601257,122.15193294639431,49.02015247607072,122.15670294918654,74.35092932386738,1.2339157592192085,2.491871746135898,21.246720923458668,28.193955855348054,27.6876196530409,21.838694282367083,28.78592921425647,28.279593011949316
CMR_0195,CMR,1.1247614380562627,392.73670622984747,129.77924144323518,100.01117827363518,134.6775232063355,119.66999378818497,1.0446392809336138,1.297647359859647,1.723330094771085,145.23380772947283,1.1238208946125146,2.313996161392828,145.82447379609457,1.7144869612342575
CRR_1174,CRR,3.625123782998597,777.62113965418,269.4058321096698,196.79600197640335,294.6540679833235,214.84066084132547,1.1521305859333835,1.3689598843678372,169.76700333820173,169.8192121284971,143.1606215042208,170.34734385078428,170.39955264107965,143.74096201680337
CRR_1175,CRR,0.769489079582904,331.4168357124163,108.56086348989545,95.41738637053194,118.71768156397475,98.98201479899346,1.065782056156772,1.137747192826303,115.86700563759705,131.93330712020528,99.25538918663469,116.45601663792003,132.52231812052827,99.84440018695767
CRR_1176,CRR,1.3696059945835435,574.244785669766,162.28748434665576,152.02519339212265,203.9906159143639,132.05440216100715,1.384185527910798,1.0675038835705561,31.14504691543423,40.11855736561521,177.3108009731258,31.734360638132802,40.70787108831379,177.90011469582436
CRR_1177,CRR,0.4892304948816939,285.01948813308707,100.01090641805975,59.49465993467889,109.47951736837493,78.92449636036497,1.1495102916281148,1.6810064386932364,94.44504857417475,117.27698263114505,91.12604520228098,95.03314353124087,117.86507758821116,91.7141401593471
CMR_0196,CMR,0.22894474372470067,187.2910018667999,50.846270155485286,50.27818275773485,69.04850799472958,53.990878976874086,1.1041972017718913,1.0112988848560371,162.4948267021818,147.54778684300766,12.43275813005433,163.0861260811989,148.13908622202476,13.02405750907144
CRR_1178,CRR,1.064539543194258,423.53041645307775,172.8844547691611,84.5476347454153,173.33430285469572,116.42224200423367,1.1579739089000722,2.0448171647821995,61.02766665155987,59.72168222622301,55.592897102714346,61.6111343971299,60.30514997179304,56.17636484828438
CRR_1179,CRR,0.4192613430254976,249.2181815478908,78.2113641322127,62.38972418221803,87.51236241180646,73.06299484135847,1.0857563555351988,1.2535936832127246,103.35081825107788,64.75846064536165,102.43487596220449,103.93989771133799,65.34754010562176,103.0239554224646
CRR_1180,CRR,0.10385231219818372,125.3251620455123,38.68759679812818,30.002968533107566,46.64429352329234,36.36328790179862,1.097047059506931,1.2894589665498377,109.44488807460156,127.83899578275262,91.13531203519527,110.02353029546374,128.4176380036148,91.71395425605745
CRR_1181,CRR,0.1739385192801752,165.1266795985972,50.005003879334396,39.286252419510724,61.11020715147282,47.06011061400075,1.1169003621784797,1.2728372089392883,80.23975922967573,52.94063750376228,91.13424448066233,80.81944842661726,53.520326700703805,91.71393367760386
CRR_1182,CRR,2.645051575556351,791.5888159040907,294.7696660949802,162.49445080585588,295.83481633066236,183.51523816463836,1.3730224716747532,1.8140291230447205,77.09722210795911,79.4153093002571,74.55181045740483,77.67672189584945,79.99480908814745,75.13131024529517
CRR_1183,CRR,1.2291325985137558,468.6948190940191,146.3798224988131,108.78156672705714,159.13242181066155,125.09916986738169,1.1925754157993769,1.3456307617456311,36.24971655543369,68.65924365383913,31.807780697858878,36.83914867183729,69.24867577024273,32.397212814262474
CRR_1184,CRR,0.4589031715398449,315.0514708972199,131.10949356787629,55.526130566591014,133.30814115652146,76.43910420778846,1.3119462725612614,2.3612215047227205,130.9263625343218,126.338919055057,136.7593533415544,131.51302964254015,126.92558616327534,137.34602044977274
CRR_1185,CRR,0.7415060330486234,351.617224917393,142.48988146808094,69.19204834119496,142.9948646480419,97.16557023643745,1.1518816651965067,2.05933896862606,30.699263552797763,34.18386536688599,39.00050082634771,31.287117684617424,34.77171949870565,39.58835495816737
CRR_1186,CRR,0.2039348015320124,176.2977032081359,49.287353318293206,49.24193503087933,61.499632990089,50.95663390161042,1.1012756837706255,1.0009223497692645,40.364068429312844,52.48256243600506,91.13196658562484,40.94544379945942,53.063937806151635,91.71334195577141
CRR_1187,CRR,2.8551285475246737,703.4569317476521,204.9926783708397,186.8459497766818,231.92907448958246,190.66364551247523,1.174410020735404,1.0971213377429208,98.57501165186459,82.059125913366,118.01324780273204,99.15018618694315,82.63430044844456,118.5884223378106
CRR_1188,CRR,0.3592174377747256,229.87670199834977,69.42097364607903,60.006306537673325,82.92993500581368,67.62912441642456,1.081960286796633,1.1568946274421168,63.814548235635954,46.20611898525958,91.12886029977338,64.3987099054543,46.79028065507792,91.71302196959172
CRR_1189,CRR,0.14388682889069926,147.95569378031664,40.98654224451941,40.303034054503115,55.04006994199499,42.80214953833279,1.100312964545818,1.016959224188729,108.62240239158703,121.91857665381785,77.10051516759107,109.19857370592904,122.49474796815986,77.67668648193307
CRR_1190,CRR,6.630772357710966,1057.2631948816374,301.36217516425285,291.3070708543994,352.5558408111725,290.56086415714026,1.1582335019732037,1.0345171996009639,28.38145381889402,29.71739343326345,68.57132409679579,28.967227286038874,30.303166900408304,69.15709756394065
CRR_1191,CRR,0.2842021251269352,213.7029905017659,77.21890731107102,45.145358119818106,83.3554438301425,60.154582901835894,1.1308161623322759,1.7104506537776945,178.35348079984956,162.4026148777042,9.259376740609108,178.93707111267784,162.98620519053247,9.842967053437377
CRR_1192,CRR,0.5043617234205224,311.215438561771,133.98122956019503,45.34140036886022,133.99197882201696,80.13571557737461,1.2361897577564667,2.9549424691393362,31.3986089510214,35.93955882337775,36.66531546838322,31.983767453493115,36.524717325849466,37.250473970854934
CRR_1193,CRR,3.955255796070266,752.4939626643954,262.28060172736286,196.1592967724295,268.19168156843455,224.4100730604493,1.0673596971075903,1.3370796390631576,72.73910674639046,69.64478686052448,57.44487177701165,73.31690619226679,70.2225863064008,58.02267122288797
CRR_1194,CRR,3.47525580331798,866.7427474297963,237.6363838533718,226.2910888832955,278.52693172722235,210.3528729743147,1.3115712725192616,1.0501358450571927,23.58227327264813,36.26720112183564,3.987411071528098,24.169921517306364,36.85484936649387,4.575059316186333
CRR_1195,CRR,1.1447906394562972,427.2577337222991,153.00054628272366,102.4548036267506,162.3681868518441,120.7308043789327,1.1264760579696858,1.4933467330640193,136.9713929966812,143.65042401483524,122.6937760561411,137.54552017423742,144.22455119239146,123.26790323369733
CRR_1196,CRR,0.30369412376994875,240.2049928147075,93.57872403660737,40.43975891751232,99.92098123537112,62.18322666825787,1.2295859835568406,2.314027742536402,90.4879410163654,75.62924988329034,97.46517938951428,91.07544859045444,76.21675745737939,98.05268696360332
CRR_1197,CRR,2.9000665402689303,647.8137536044813,211.89579882295922,183.6217602498126,233.02337383699333,192.1582525272774,1.0731026092614224,1.1539797817790252,168.90921371562732,160.8613118083797,5.895985142673076,169.48921344851976,161.44131154127214,6.475984875565522
CRR_1198,CRR,0.28423323577227394,202.5789814436276,60.17076485748766,59.69080609144056,74.15746472144018,60.15787527109749,1.0718944483321837,1.0080407486089542,66.01320456942295,67.97050384229995,105.17049420536333,66.59118572834535,68.54848500122235,105.74847536428572
CRR_1199,CRR,1.1712271866672739,410.4891944247538,120.01141655671977,119.58182730890752,137.10643662542807,122.11686083148737,1.0699813921463694,1.0035924291966414,0.3085804266076998,152.2196383549714,1.1373108380424988,0.8833401844631803,152.79439811282688,1.7120705958979792
CRR_1200,CRR,0.25899601912552705,198.3488986358051,50.9951681548803,50.99516216590956,69.63252429474409,57.425079319022764,1.0994571726874158,1.0000001174419393,91.24982287978047,57.44502311654723,12.445025140557474,91.82676155484008,58.02196179160684,13.021963815617084
CRR_1201,CRR,0.12896007203895357,140.01684327129607,43.16399328369909,31.5329334083506,51.048345471726314,40.52123682859286,1.099886107475649,1.3688543569583773,9.456916688483114,159.71212054124055,15.16457749539852,10.040589007413708,160.29579286017113,15.748249814329114
CRR_1202,CRR,3.0801670259571665,721.1286763403266,279.20157430652563,158.37043489212235,279.77105738411984,198.03510955984453,1.1590994516070456,1.7629652560890559,2.776270094026424,4.966864830967089,8.731430546700032,3.356012996001529,5.546607732942194,9.311173448675138
CRR_1203,CRR,0.15872861049886677,157.88522249380637,49.02644449943008,40.78638684963535,60.03290235259015,44.95548284336652,1.1179154137262626,1.2020296056175026,135.18288432950013,143.53572672728328,102.44787423721277,135.756533692554,144.10937609033715,103.02152360026665
CRR_1204,CRR,0.4992294284831006,274.1265075836407,80.00803262407385,79.17446082925765,103.9867665984246,79.72694966196929,1.0944502178857525,1.0105282913970683,57.25080102657536,50.02958709967118,91.1318746263079,57.83041087070629,50.60919694380211,91.71148447043883
CRR_1205,CRR,0.7945107078603005,332.2377098048291,119.20727933488101,84.86074187980297,121.15897941527321,100.5784495785882,1.0514632909637944,1.4047400092698528,33.07831622300703,35.84052788952686,46.13848522509719,33.65133084597758,36.413542512497415,46.711499848067746
CRR_1206,CRR,0.15891370758295614,156.46065409686932,47.78448528692832,40.303347258513746,55.6554617893124,44.98168701761861,1.107183307249212,1.185620761978628,3.635477243408031,150.50170117457012,15.16444160653648,4.218364342795911,151.084588273958,15.74732870592436
CRR_1207,CRR,0.2539354061904833,200.44186186247558,76.82459147678951,45.937857475445114,78.73703420237176,56.86128744322534,1.1220749494920796,1.6723590454311914,0.29909157443130474,167.7274034077672,15.168562016235018,0.8777954131043662,168.30610724644026,15.747265854908079
CRR_1209,CRR,1.914781988312944,671.7557839098155,199.1908369024774,186.78734716844806,229.82794208214295,156.14019812548793,1.3694520033065845,1.06640433585067,72.83348869558323,74.33867465253464,38.006957613987126,73.40702536844412,74.91221132539553,38.58049428684802
CRR_1210,CRR,0.1939167872505549,172.15273502105572,50.08551428079516,43.47400425220468,63.90727767590366,49.68928676439238,1.1028115124817817,1.1520796195868062,168.02889884717612,154.6349333791449,15.166052312248265,168.60931860611876,155.21535313808755,15.746472071190908
CRR_1211,CRR,0.23899157139961286,194.38750776547585,60.00578035894659,40.00384905123447,69.6824159126388,55.16280627056461,1.1216881383606596,1.5000001695360583,1.1345807350368338,147.84531868697894,1.1345806520381547,1.7101131214525618,148.42085107339466,1.7101130384538825
CRR_1212,CRR,0.639085067300018,355.10915979532246,118.09438645387057,88.87974864877673,119.48465798072729,90.20578585302141,1.2530765645282007,1.3286984746158588,166.82243339626424,171.26212589941585,0.42496051301194726,167.3973742889313,171.8370667920829,0.9999014056789974
CRR_1213,CRR,1.7896832101833544,548.1278572410674,190.15474792940373,125.19839026447026,205.35284876895182,150.95348408546317,1.1558164219236535,1.5188274188487492,154.21166457849384,142.17110136016566,167.94008474065672,154.7838731350236,142.74330991669544,168.5122932971865
CRR_1214,CRR,0.24875809228862314,199.45357221462953,65.16551607094486,44.725715467260486,76.57516039696905,56.27864960842203,1.1281017634987514,1.4570033232592208,135.06828397907063,152.0266264963383,117.69854947119715,135.64463553780465,152.60297805507233,118.27490102993117
CRR_1215,CRR,0.10887965299771622,128.34527171632763,39.89832471617975,31.377267008278267,46.90777191207944,37.2330336950583,1.0972398641176038,1.2715678744631702,118.34710764383463,144.0389796121014,109.57092011305323,118.92090135780165,144.6127733260684,110.14471382702025
CRR_1216,CRR,0.12388232065282968,136.72319488354125,39.0717569174108,38.979194585393586,47.432115691496435,39.71547173945493,1.0958032901527746,1.0023746599436383,129.18726723413226,144.29441022490298,1.1363652505880328,129.76040858321102,144.86755157398173,1.7095065996667855
CRR_1217,CRR,1.0447866016087375,421.7647342811433,149.19276603450254,100.0104142433796,163.01902501697631,115.33705462589666,1.1639961242362424,1.4917723035466646,25.306153409457483,37.98489402721861,1.126375932832556,25.88880089691076,38.56754151467188,1.7090234202858305
CRR_1218,CRR,0.2085825805122509,201.72781548086832,82.36384130965394,33.56665630212885,82.45999232834819,51.53402660874694,1.2460108827382244,2.4537398234816226,71.64558642161234,58.398119590019675,70.57857113129819,72.2199477964823,58.97248096488964,71.15293250616816
CRR_1219,CRR,2.820009256178321,641.1529566250583,197.3755622041206,189.1675903492028,220.82988516046245,189.4873953983597,1.0770390517040687,1.0433899477165507,132.10837033739637,126.97819839335565,95.88788521330602,132.6930349482838,127.56286300424308,96.47254982419345
CRR_1220,CRR,0.5844456191751535,293.05847392353843,100.18860604863659,68.2976510085748,103.26312442927973,86.26350758466947,1.0813774224081631,1.466940730305027,5.0241173043519165,165.14585457241645,7.462386962053551,5.610709849997922,165.73244711806245,8.048979507699556
CRR_1222,CRR,0.31924810729338426,215.16828497940378,63.92497509064545,62.10480354654949,74.04959390753419,63.75573031405028,1.0742593954266384,1.0293080637914211,162.3065770662305,67.98243562863796,12.436800259976023,162.88840508870283,68.5642636511103,13.018628282448361
CRR_1225,CRR,0.5541949811664828,296.6635013822975,89.58749707248374,80.00804288259717,110.90583771851364,84.00136698381311,1.1241593887166215,1.119731140079796,54.01976211622987,46.16158003490942,91.1294048778999,54.59897537012601,46.74079328880556,91.70861813179604
CRR_1226,CRR,0.4395577622614789,245.69562523112592,80.00856941164052,69.66113415467879,88.274927570044,74.81058248046277,1.0454048599821997,1.1485395749369485,160.4716153373449,153.8966718897657,1.1234001340894788,161.05678673904816,154.48184329146898,1.7085715357927427
CRR_1227,CRR,1.4247261770332267,476.6672822844586,175.90824801178124,113.2567633683906,190.1185220458387,134.6854746814984,1.1265350530954141,1.5531809560865164,48.38649057919854,39.75748713862341,62.05054175335678,48.96855923723848,40.339555796663355,62.632610411396726
CRR_1228,CRR,0.11884118194426123,136.07242397323176,46.6483196013281,29.10739397841055,52.85472195694649,38.89900929258994,1.1134781727184722,1.6026278283768018,26.978249433917487,45.626451631872946,15.159382186953719,27.563507242250108,46.21170944020557,15.74463999528634
CRR_1229,CRR,0.3543688703560463,241.82621344494268,96.91137634639686,48.805102308244706,98.12052056880864,67.17115892706082,1.145963173889889,1.9856812456681503,29.02982637934704,36.70487161004652,27.700699987404214,29.60250862137256,37.27755385207204,28.273382229429735
CRR_1230,CRR,0.15898044409056425,154.38573177751908,40.00439072708836,40.0043861755461,54.08919152056738,44.991131154446876,1.092270930948713,1.0000001137760803,91.50420548050778,136.12058676383515,1.1205866895653438,92.09169104725137,136.70807233057874,1.708072256308944
CRR_1231,CRR,0.22394812477388568,185.12851721656077,50.00496179379913,49.28721511396407,67.75145199858956,53.39846518687551,1.103556760261735,1.0145625326603553,156.4897426989895,136.2745969476733,1.130257978224725,157.0675489265352,136.85240317521902,1.7080642057704434
CRR_1232,CRR,0.20924559786771837,175.90586550950283,60.116315500707856,42.75560510541274,62.350775244142945,51.61586672399589,1.0847938741162402,1.4060452507336236,108.4194609347728,129.04258377649168,102.42943571037057,109.00792782415058,129.63105066586948,103.01790259974835
CRR_1234,CRR,0.19419983456797146,167.04836032154202,52.49377289791445,45.7853966966522,61.73043811484263,49.725537599202276,1.0693327237550456,1.1465178132169107,132.8053302417073,142.4143091115388,105.15664883070708,133.39259547309993,143.00157434293143,105.74391406209972
CRR_1235,CRR,0.3994845702282526,239.190041041123,75.33390899639056,68.91107484628296,84.72354134951732,71.31897029024904,1.0675498318363372,1.0932046723176898,107.92063349735214,125.26196625620675,72.68927169057288,108.50408693534266,125.84541969419726,73.2727251285634
CRR_1236,CRR,0.9196669657764447,359.8868913536031,110.07315622853984,107.05390379990968,132.86679799553198,108.21073647347424,1.0586339134091811,1.0282031044311408,62.8881900200121,63.92907053975045,99.2498313884596,63.47609707305506,64.51697759279341,99.83773844150257
CRR_1237,CRR,0.5593444789174389,359.8191964834345,162.62755363340267,42.868820212157,162.82893979023652,84.3907287376384,1.3571870890635254,3.793609267261425,170.12476083035614,167.9808080126107,170.83071968613282,170.69658773995747,168.55263492221204,171.40254659573415
CRR_1238,CRR,0.13851896364434083,151.37598740040963,46.991296681825006,40.00401573811575,59.23106956275038,41.996169135732735,1.1473540161401345,1.1746644884216408,139.41562608908146,140.78499182812266,1.1285943501664712,139.9943416122255,141.3637073512667,1.7073098733105212
CRR_1239,CRR,0.8944524925979797,372.16251635952915,124.50967518556237,103.837497704639,125.45194989683135,106.71702228148438,1.1100666575179399,1.1990820073469455,90.00112109885012,108.06888007793523,115.09571738696083,90.57516882489139,108.6429278039765,115.6697651130021
CRR_1240,CRR,0.6642778905559447,370.7339145658069,119.4621098274919,90.55329454091249,120.26142366310081,91.96656343199332,1.2831649432804668,1.319246422045067,67.31498610030859,99.24262460727728,80.8237948295296,67.89361203650563,99.82125054347432,81.40242076572665
CRR_1241,CRR,0.37922412760469876,237.48612151717882,70.00703983778017,69.28929856667976,96.0385949528191,69.4869164364052,1.0878908460349839,1.0103586164955862,141.35878174364154,136.2301019074746,1.128281986728683,141.9377282204356,136.80904838426864,1.707228463522739
CRR_1242,CRR,0.19898911877754952,174.38788187738825,50.00547609232561,40.004376336128985,61.568508698076506,50.33495952114975,1.1027998703147828,1.2500001417885966,1.1200849330604872,39.52445749525891,1.1200848296077504,1.7071697619340649,40.111542324132486,1.707169658481328
CRR_1243,CRR,0.7343607508112999,349.1735052827329,106.25992884873506,101.65831314669046,139.27211667148293,96.69628472875014,1.1494276024846664,1.0452655130663497,146.00255527154002,141.91700070996782,99.25426000229945,146.5855182173693,142.4999636557971,99.83722294812874
CRR_1244,CRR,0.2389637124340336,215.44132993981052,83.50951625217907,29.771517624085288,86.62599542713602,55.15959104523286,1.2432489783361498,2.805013748597737,9.295583132030128,23.662760731424623,8.24730654264526,9.880303772668752,24.247481372063245,8.832027183283884
CRR_1245,CRR,0.5452632751280428,287.23071341068203,111.09571990367185,67.5537836388416,112.47847393860754,83.32171170738351,1.0972935363513578,1.64455214674008,40.881903134249946,40.70922785036857,30.874629888808283,41.45912004006209,41.286444756180714,31.451846794620423
CRR_1246,CRR,1.9148957693703128,544.2916265385765,198.01014382837124,119.90417709472186,205.2647157527441,156.14483717396314,1.1095685827976531,1.6514032173536979,130.85787178937298,120.84798259998196,136.12625783593984,131.43818564583805,121.42829645644703,136.7065716924049
CRR_1247,CRR,0.1389111991468392,147.85456662929525,49.85614186492251,31.249652540156514,53.807334173502404,42.05558606895605,1.119080119305847,1.595414278634178,15.643525483452137,45.619652261412405,12.435504596927462,16.224447768809792,46.20057454677006,13.016426882285117
CRR_1248,CRR,0.19373378684580864,176.49448161361596,66.17061470927736,40.00412557551465,67.80536435634816,49.66583519516978,1.131158635181091,1.6540947654103568,20.039164435419753,34.369738712982546,1.1252573730759163,20.620330544722833,34.95090482228562,1.7064234823789957
CRR_1249,CRR,0.3889876096554992,245.04550096112425,69.4241520546283,60.00549331534102,89.32343782450732,70.37573495356102,1.1083423224248488,1.1569632748420269,160.71101887112903,140.5892251511595,1.1354919613395227,161.28150421135956,141.15971049139003,1.7059773015700443
CRR_1250,CRR,0.7493943996535609,334.8065415284648,110.12987420665975,76.55449379177487,120.14222373769391,97.68104136637675,1.0910226860480414,1.4385814437779256,8.438123605184721,36.74383016496057,6.8449014753900315,9.009614375934033,37.315320935709885,7.416392246139344
CRR_1251,CRR,0.19890020899583052,175.8684755044814,57.40502508774937,39.227011602928705,67.2709920585982,50.32371325226111,1.1124114419087103,1.4634055142621032,116.3577912469857,135.83998993917325,102.44065445257452,116.93257746703999,136.41477615922753,103.01544067262881
CRR_1252,CRR,0.5491481689540358,344.96331863771275,108.87116992610574,80.00760764841971,132.7722670687298,83.61801029869012,1.313176841937761,1.3607602217594383,159.57773055043998,145.21014394618336,1.131876430963794,160.151258673046,145.78367206878937,1.705404553569803
CRR_1253,CRR,0.12388428654788942,136.72427931712474,39.07207006789075,38.97949889840359,47.43249211561809,39.71578686165933,1.0958032869797831,1.002374868125638,39.176782504380974,54.28375092878214,91.12570433840939,39.75644374704583,54.863412171446996,91.70536558107425
CRR_1254,CRR,1.069414119239116,423.20308214146223,174.69116884540193,77.78965271438567,175.86830825710555,116.68848899156109,1.1544388488809765,2.2456864473582647,52.724634000799455,52.758774189582574,46.12592185951344,53.30403470810103,53.33817489688415,46.70532256681501
CRR_1255,CRR,0.21919519646971802,178.00335406646957,54.538335502121434,46.828846907921736,62.240967275100694,52.82877929322599,1.0725257734754476,1.164631185759467,17.004347094186674,52.32183857820488,12.437184627642276,17.582302149737956,52.89979363375617,13.015139683193558
CRR_1256,CRR,0.10385137333290417,125.32459610095368,38.68742436629327,30.002830016678928,46.644081948476064,36.36312353229688,1.0970470643285883,1.2894591725109423,162.82270970842214,144.4285947633927,1.132276860407507,163.39562926505448,145.00151432002505,1.7051964170398495
CRR_1257,CRR,0.39409537044545334,241.17683625637073,69.59440941258492,69.31733075130953,82.81773619183156,70.83627672656182,1.083752207859136,1.0039972494363563,116.24387703934993,136.06666658044117,91.1348135453936,116.81424061191964,136.6370301530109,91.70517711796332
CRR_1258,CRR,0.6095308494992466,419.7376776450216,172.5808142174235,57.838558514962244,172.78864759610545,88.09533366293914,1.5166144089927263,2.983836711158329,29.830187157585854,31.923115520777923,34.73360009771798,30.40258218961772,32.49551055280979,35.30599512974985
CRR_1259,CRR,0.24863780524291823,201.41981916087425,66.95010773910428,50.00468986380424,74.22433564948362,56.26504118468618,1.1394983165800587,1.3388765718066364,119.60641115607206,132.04705944763663,91.13258681127529,120.17867651645432,132.6193248080189,91.70485217165755
CRR_1260,CRR,0.11386852814619744,136.6452781331897,48.688357135579366,29.32897701948885,51.02000468656041,38.07649050746766,1.1423201652893291,1.6600768960753858,4.700191841583644,160.16112753038882,1.1320480660861687,5.272901261357118,160.7338369501623,1.7047574858596426
CRR_1261,CRR,0.10370539048775464,128.35020868526877,42.529897662404466,30.523006101497536,50.00027454920886,36.33755690345885,1.124322706306786,1.3933718560020154,178.70916223280798,160.02455023888146,15.168259303941626,179.28187442265218,160.59726242872566,15.740971493785821
CMR_0197,CMR,2.765297432473904,622.0987000083746,200.026971776345,169.89165650349108,232.41650569285682,187.64024205858368,1.0553182207733747,1.1773796070570108,30.738196163270505,32.71412420608238,1.1106179383890349,31.352095777468843,33.32802382028072,1.724517552587372
CMR_0198,CMR,0.3644478662883028,224.80084561529551,69.97272290871217,62.68470192717201,76.92905090074781,68.11970605871844,1.0504497996533315,1.116264746540671,73.39790182461041,52.30190428140288,102.42213494464858,74.01016530621847,52.91416776301093,103.03439842625663
CMR_0199,CMR,1.4299462716568727,445.1778748558023,159.62751734249855,110.01485254469517,164.0461365976717,134.93198805028183,1.0501921799602232,1.4509633349519555,90.49475559376798,104.69329584679318,91.10954094894555,91.10874111680118,105.30728136982638,91.72352647197876
CMR_0200,CMR,1.5549708457908584,460.0942704707941,139.75579507249608,130.0175543810834,157.46071059017694,140.70715588665715,1.0408323154889405,1.0748994298329113,57.990231782290934,36.76737731716604,91.10937666882246,58.604143651676736,37.38128918655184,91.72328853820827
CMR_0201,CMR,0.2692261851614871,197.34413624746836,56.63759541360198,52.877679530064356,70.10061135195963,58.54822161481905,1.0729034600099745,1.0711059168434172,76.10467025403388,57.46758996836228,102.41903389950959,76.71807671837759,58.080996432706,103.0324403638533
CMR_0202,CMR,3.8103889450705397,747.8083860731194,262.20755584461466,205.32716996042544,279.81496127696414,220.26206858389193,1.0806890346058733,1.2770231815650714,37.12728987187991,36.402718321196794,12.448235288122715,37.739345791457474,37.01477424077436,13.06029120770028
CMR_0203,CMR,0.6796216418627903,303.1698512313854,98.39628084194914,84.86401243868613,102.0142624278574,93.02263971085442,1.037402949860158,1.1594582675788516,32.8356308592273,61.41632412350205,46.11132259434232,33.44652671848543,62.02721998276018,46.72221845360045
CMR_0204,CMR,0.3241339462559025,220.6796788843259,69.88810163235355,53.632749689074394,78.35963180112121,64.24174329546771,1.093440493133396,1.3030863052429058,174.8343895754531,30.697254512585932,172.98543017396332,175.44096636957397,31.303831306706826,173.5920069680842
CMR_0205,CMR,0.148898273204469,155.87057746444992,50.00610956475251,38.56936675470189,55.82033701439911,43.54114945505113,1.1395001370675808,1.2965239974715528,91.12026017345954,121.353351493606,91.12026000359032,91.72209285196861,121.95518417211507,91.72209268209939
CMR_0206,CMR,0.49439246225767747,266.43107103696013,92.53328345015598,62.19744080907675,93.72831164491379,79.33977776408638,1.0689170840605622,1.487734579533571,98.24206872022624,109.7582872634116,99.24533224916405,98.84881691247621,110.36503545566157,99.85208044141402
CMR_0207,CMR,0.12896477008095306,140.0193936692586,43.16477951634884,31.53350777248321,51.04927531364119,40.521974920374696,1.0998861074753599,1.36885435733272,9.448055559945557,159.70325941384505,15.155716388157165,10.05054443381956,160.30574828771904,15.758205262031169
CMR_0208,CMR,2.205059417472106,552.7144794240153,171.05195000325156,153.51975506240228,191.94990841220928,167.55801529070962,1.049991447632922,1.1142015562343937,68.0795982343854,69.02991083226134,97.45334504069025,68.68830796942247,69.6386205672984,98.06205477572732
CMR_0209,CMR,0.3840070311808548,255.81200869920391,89.29339347216883,49.66026985778623,95.87808595341826,69.92373971376338,1.164518541296823,1.798085143876207,89.07255675836485,114.62656024603199,91.1184272787314,89.67596818095194,115.22997166861907,91.72183870131849
CMR_0210,CMR,1.1547493547745347,403.3796757126272,127.29514887211121,118.81035139561534,138.42845905873986,121.25479548274994,1.0589250359438962,1.0714146316110382,31.00332739169719,21.194628300436143,46.11736048544948,31.607715583798175,21.799016492537127,46.721748677550465
CMR_0211,CMR,4.7006368120101945,937.5143561348812,355.6462304284101,205.92980631213868,384.4789112786712,244.64334600575603,1.219816900272213,1.7270264892559473,59.73312714509187,54.59149171367961,78.33269777264192,60.32962308058431,55.18798764917205,78.92919370813436
CMR_0212,CMR,0.3293979303419329,215.52581450811496,68.71685616870302,57.342885715528006,74.65737972481854,64.76129020219312,1.0593364843652173,1.1983501581974803,3.034087683933295,156.9122253084204,10.573746859686477,3.6443127589879705,157.52245038347507,11.183971934741152
CMR_0213,CMR,10.617221572348273,1331.277266088898,505.09528843879957,313.5134826578678,546.741094388786,367.6719510804307,1.152545669591002,1.6110799578913226,51.8029235887897,52.78444907750937,30.176189292171934,52.402987955027214,53.38451344374688,30.776253658409445
CMR_0214,CMR,1.39989368948829,431.8313074817494,141.2115242262914,127.04019465785515,147.0237383863403,133.5065542916039,1.0295837164285024,1.1115499673674343,32.79360000027283,29.4439679930194,46.117403941297745,33.397791906307255,30.04815989905382,46.72159584733217
CMR_0215,CMR,0.10385667704324203,125.32779477063639,38.68840878506871,30.00359705354585,46.645273162815386,36.36405205642577,1.0970470515003394,1.289459017731225,162.81228747196727,144.41817941180494,1.1218648434461032,163.41183552112676,145.01772746096444,1.7214128926055992
CMR_0216,CMR,0.5744024734028081,303.27476753242865,124.92090797265038,63.472265579063375,124.92108524005205,85.51911737910669,1.1288161021087393,1.9681179934729813,40.79923372544868,46.0137692559768,46.11029342932011,41.41033571785572,46.62487124838384,46.72139542172715
CMR_0217,CMR,3.3503105876622206,683.8868010533115,202.75173752624232,190.23935230627308,240.60345366775346,206.5368714626142,1.0539906422727072,1.0657718030905883,52.67850880300722,49.46638485952372,5.210821345491795,53.274694185715234,50.062570242231736,5.807006728199809
CMR_0218,CMR,1.2243756925748253,476.0304123142059,173.2509041732752,101.60472082896392,173.70862210607308,124.856860019735,1.2135911982714256,1.7051462054102458,170.46791222480766,168.87399895632592,173.0342669602647,171.07264609985887,169.47873283137713,173.6390008353159
CMR_0219,CMR,2.0501442017840628,663.0867552939428,276.67488557127854,101.45833647469719,278.31091243156834,161.5649921895512,1.306391110767152,2.726980307234574,12.995708452844196,15.547762150785495,9.332195876556856,13.595663811940094,16.147717509881392,9.932151235652753
CMR_0220,CMR,0.15885354040202757,156.0764267537759,49.07451639936393,38.810326514693976,60.28913630981922,44.9731708311796,1.1046734912790246,1.2644705882797411,139.54278583576257,142.42042778830003,105.15863838726818,140.14154057652956,143.01918252906702,105.75739312803519
CMR_0221,CMR,0.6244370976729596,298.8560831026182,94.1021239486499,90.91747832831607,112.09879484198028,89.16602525384124,1.066873234810136,1.0350278700959306,36.07374459123812,38.98270374700043,72.68407840341507,36.67567342865373,39.58463258441604,73.28600724083068
CMR_0222,CMR,0.21920607531387418,178.00777124941663,54.53968887978002,46.83000896188762,62.2425117951459,52.83009024559952,1.07252577352831,1.1646311860449756,16.99400914174564,52.31150063943685,12.426846694034138,17.59788825967491,52.915379757366125,13.030725811963409
CMR_0223,CMR,0.10379783575423453,127.06854726798831,38.92918665285709,35.81647981083024,46.49595394041955,36.35374934449221,1.1125998156374743,1.0869071125489453,152.97921895768468,145.99307431875744,105.15880832785778,153.57700266429347,146.59085802536623,105.75659203446658
CMR_0224,CMR,0.20903190376110029,177.19070125336208,55.24062908809485,51.79895584814852,69.05451346864817,51.589503387792725,1.0932757294603006,1.0664429076531152,112.9058737749508,124.48130137948472,77.07351534679242,113.51638685411899,125.0918144586529,77.6840284259606
CMR_0225,CMR,0.41441359583262183,240.22122955518515,79.33454843480318,69.6373073622776,84.15401228042039,72.63936798251959,1.0526632370623354,1.1392535329098403,26.770565938142475,22.89504903860139,1.1242630430739458,27.366569457598146,23.49105255805706,1.7202665625296163
CMR_0226,CMR,1.7348636543387235,495.37298078222125,143.56295225805883,139.91128472316313,176.87854562451886,148.62358525576676,1.0609494910243105,1.0260998785203146,28.177253453014007,52.443767753701,7.45231706919082,28.78523976914239,53.051754069829386,8.060303385319202
CMR_0227,CMR,1.124734895013354,396.17753636717765,143.27407346657674,103.2686714343543,143.30641752911654,119.66858174452281,1.0538039698576338,1.387391466129716,143.43114593330284,146.798858004216,145.58152264064765,144.03199824559414,147.39971031650728,146.18237495293894
CMR_0228,CMR,1.519755025983414,468.54442707302735,142.86576933475456,133.871216975009,160.82663806619453,139.10471585794988,1.0721586420259468,1.0671880973594545,156.1677923907506,133.5448976255752,6.304180144299382,156.77807303847217,134.15517827329677,6.914460792020947
CMR_0229,CMR,0.14884830104794028,151.38146919352036,55.426764231170154,36.242317348688395,59.37931398782478,43.533842359810365,1.1068680276613743,1.5293383063204165,173.09379914776213,161.73168085235136,15.161246882020896,173.6888112671359,162.32669297172512,15.756259001394653
CMR_0230,CMR,0.2194981224165821,205.75964549901803,69.07715923569734,39.54986487366751,73.46779638239077,52.8652711575295,1.2389103073896022,1.7465839505734757,94.27073786113327,68.49786073183037,91.1099933258116,94.88045312636427,69.10757599706137,91.7197085910426
CMR_0231,CMR,0.11872378179789064,135.966627530514,42.38244155997319,35.781683673684014,50.219718471169415,38.879790879785226,1.1131624104628117,1.1844730937338135,69.7240362583916,70.86030339872549,27.677548817736273,70.33122655450634,71.46749369484023,28.284739113851003
CMR_0232,CMR,0.12884802244316299,141.21105230859462,42.742568144846196,37.26581236375944,54.22212700110724,40.50362915043032,1.109749297311165,1.1469646153860003,129.30717881673615,121.07821433961401,162.67328918755598,129.91854402431653,121.68957954719438,163.28465439513636
CMR_0233,CMR,0.18883953980519827,170.62568122631805,64.79531488339005,42.86251389080455,68.18495362426225,49.03447457550334,1.1076256377041753,1.511701227988189,151.53832720061337,147.5161095441441,167.07777097631265,152.14379468096593,148.12157702449664,167.6832384566652
CMR_0234,CMR,0.3343337604470291,227.16531576948753,80.00950310884544,50.005935749479214,91.93078282855696,65.24469058407514,1.108273564640669,1.6000001181795442,162.5093614737177,149.464328049201,1.1213662218178393,163.10740454410902,150.0623711195923,1.719409292209172
CMR_0235,CMR,0.3585776389569629,293.03751030959563,113.52194198387066,57.542943132866995,117.4838702392279,67.5688707747712,1.3804690752513855,1.9728212670969545,50.62338660494641,52.111453668157075,36.454304888956564,51.23314059154052,52.72120765475118,37.06405887555067
CMR_0236,CMR,1.6198199557344137,521.3198777994915,181.1808671168052,122.71839999659059,185.63688203151045,143.61123991499468,1.1554894384724101,1.476395284829649,99.38526590625686,76.98301294431644,105.69461588778493,99.99590384701952,77.5936508850791,106.30525382854759
CMR_0237,CMR,1.0845512258129648,391.6377739176081,119.5858540358445,109.74970597387133,134.58004295379826,117.51142535924164,1.0608515287759037,1.0896234570716292,108.28531465114052,127.76572469141946,91.12313416769504,108.88118390557744,128.36159394585638,91.71900342213196
CMR_0238,CMR,0.3844008367418371,264.72855107708995,106.26386144049138,51.88807006907843,106.26426439956502,69.95958450198174,1.2044913583007535,2.0479439936583232,30.865432121965842,34.658421963079995,34.81620224348673,31.47086717097791,35.26385701209206,35.421637292498794
CMR_0239,CMR,1.6899142089385397,477.4988339356897,154.64033412988505,139.61155357062557,160.58965770749958,146.6855684118376,1.0361796400871857,1.1076471121113687,42.38243419248795,69.3923398700195,50.517942911648355,42.981946904851725,69.99185258238327,51.11745562401213
CMR_0240,CMR,1.5948516798362145,465.462296331066,142.66153418294755,141.02600957993036,156.95728187461384,142.50011321942068,1.0397272480748827,1.0115973259676627,120.89272637354188,146.35623863572994,82.98588917524206,121.49551263019453,146.9590248923826,83.58867543189471
CMR_0241,CMR,0.9793867516487933,421.0690285118766,162.00040262232895,88.62167497127832,162.43297136439534,111.6688829436813,1.2002487264848096,1.8279997830647206,64.16310339718913,54.25017435837053,58.43256414348636,64.77019320631159,54.85726416749299,59.039653952608816
CMR_0242,CMR,0.3492041276183271,229.1315467930291,77.40093381940933,61.75515994846271,89.60026945979313,66.67986986103065,1.0938059227291608,1.2533516856567724,52.133368168894506,50.57308775775812,81.66197669804396,52.727729342655465,51.167448931519075,82.25633787180492
CMR_0243,CMR,0.4644888239521186,252.5326917903907,81.75300979092728,72.46851004336985,90.99812369694689,76.9028958325606,1.0452617097346184,1.1281177126727318,164.36377507671895,168.40810261170913,15.149141370460416,164.96943623040784,169.013763765398,15.754802524149312
CMR_0244,CMR,0.8494358366613609,387.619364600364,119.42256273771552,95.90321655751977,125.63471479566047,103.99688927811462,1.1864112156145057,1.2452404311808414,135.10663479990725,163.91579398522993,136.11821764625148,135.70686804269866,164.51602722802133,136.71845088904288
CMR_0246,CMR,0.11393473947857358,134.0995223438959,44.23731905532172,30.60573769643039,48.41606548430539,38.087559100475104,1.1207125030507334,1.4453930009496623,111.16342886024793,80.49776999692274,117.68786873221822,111.75899149336234,81.09333263003715,118.28343136533263
CMR_0247,CMR,0.2592070386928138,195.31308380812536,60.00710779687229,49.593909777405955,70.09761844867589,57.44846838144494,1.082188737641779,1.2099692899028176,177.59210254138623,147.67921561568141,1.1207487057327241,178.18965800580955,148.27677108010474,1.7183041701560466
CMR_0251,CMR,0.9493515903810048,376.9365397930646,123.80231111060932,107.80569882322156,147.47890920107375,109.94325748904811,1.0913140998391304,1.148383735386928,36.786923507507765,38.0415058999462,173.9961843165364,37.38321306562416,38.6377954580626,174.5924738746528
CMR_0252,CMR,0.18914410717985455,166.59771601014694,50.005797229990186,48.70165288808626,61.64796466831853,49.07400094907861,1.0806068181947373,1.0267782357387496,66.36402494881956,52.76455825329687,91.12235696614687,66.9591252237417,53.359658528219,91.717457241069
CMR_0254,CMR,1.3798191734589251,437.2870717408939,140.01627862949684,119.83444636170522,155.7130572285435,132.5458538103584,1.0501482621601943,1.1684142822079329,23.09284643136897,27.490266655279772,1.1220258115401465,23.688012789692323,28.085433013603126,1.7171921698635007
CMR_0255,CMR,1.860028474297385,513.8134894730838,174.73002513614802,137.67042104106494,179.1633655705813,153.89157897067798,1.0627736387384543,1.2691907514688923,41.70814339478515,35.111128053790516,50.512405567335534,42.31160216644931,35.71458682545468,51.1158643389997
CMR_0256,CMR,1.1047370368195784,387.6177852887391,119.77026491138622,110.01285005626188,140.95169094723448,118.59995285885373,1.040325650592034,1.0886934103619195,52.48521170828138,41.72284937859287,91.12138184226605,53.08087702484434,42.31851469515583,91.717047158829
CMR_0257,CMR,0.10811100094654248,137.35448953722545,55.279341612891734,29.026305310226913,57.241987546102095,37.10137485674062,1.1784278102967272,1.9044566996067191,148.59522627532363,144.1569445681358,159.31152256041207,149.1993188597652,144.7610371525774,159.91561514485366
CMR_0258,CMR,1.96003453091534,512.5908271244807,169.0689517305032,144.10691679968224,179.19318357832802,157.9744749574388,1.0328423492770435,1.173218853648224,134.80687176075924,146.56737329893824,124.80091227146322,135.41302868608358,147.17353022426258,125.40706919678756
CMR_0259,CMR,2.335001776321182,617.1244901106153,206.5729169417721,165.55754584475227,225.49388264566053,172.42437758736372,1.1392636526050934,1.2477408739525593,35.916902184299424,49.41459776391856,7.827632977048359,36.51600525547549,50.013700835094625,8.426736048224427
CMR_0260,CMR,1.719913926279726,509.84970052430003,171.13868615026587,142.53153466089452,189.58126480430374,147.98183755042592,1.096689991360785,1.2007075245308512,133.5980437783066,134.31659074523031,107.05784932628998,134.20241675827657,134.9209637252003,107.66222230625996
CMR_0261,CMR,0.17889974821852564,167.68253234929782,52.35401855050318,40.43620040829058,63.72439041183622,47.72653706010848,1.1183507347263102,1.294731404579969,177.05231108827098,154.960763123597,12.416367893248447,177.6625840960476,155.5710361313736,13.026640901025072
CMR_0262,CMR,0.12393295430339281,145.1272766499883,50.00589653607085,29.28577800712887,55.486915360463655,39.7235872391877,1.1629223371611572,1.7075147030035605,83.61608032456557,61.07014706461927,91.11993711188698,84.21284868788064,61.66691542793434,91.71670547520205
CMR_0263,CMR,1.3496607589480845,449.3855712324813,150.01955645864157,119.70217727054046,178.3595647532863,131.0893378681109,1.0911937794328128,1.2532734147314666,66.65133038210212,57.49910271030482,91.10820165526644,67.25960890208741,58.10738123029011,91.71648017525173
CMR_0264,CMR,0.15922149401200633,152.07840315234506,49.33483100322552,39.42084804559523,54.61888946666469,45.025226545559924,1.0751319407455433,1.251490859510772,16.135822753784822,43.72698740805207,1.1228717763288518,16.729437976376172,44.32060263064342,1.7164869989202032
CMR_0265,CMR,0.11336259305157244,140.78088344762006,55.94479547005284,27.595713994224667,55.945415861636214,37.99180653338054,1.1795160871777066,2.027300162690524,85.38341613202819,81.38342234890001,81.65325071267884,85.98380579781654,81.98381201468837,82.2536403784672
CMR_0266,CMR,0.12388921995931496,136.72700166085951,39.0728480386147,38.9802750321827,47.43343655439148,39.716577649464284,1.09580328700618,1.0023748679647737,39.16697507892826,54.273943608999886,91.11589697584934,39.76701528598598,54.8739838160576,91.71593718290706
CMR_0267,CMR,0.7294634616380467,324.3685536012853,100.01138757631881,89.36822159944585,115.35030143702744,96.37332233543484,1.0713516445874647,1.1190934068776295,79.39725215009061,59.650816012787125,91.12299528182528,79.9901466559879,60.24371051868441,91.71588978772257
CMR_0268,CMR,1.9499679676767991,520.4240284427307,179.30114713746545,130.0161027745603,186.63127797613532,157.56828130727828,1.051329061195158,1.379068771568721,0.9711657216227747,25.80871799412697,1.1135459273831174,1.5732797493551414,26.410832021859335,1.715659955115484
CMR_0269,CMR,1.5147992665070829,463.2413730142736,139.8577878105724,129.69370734071717,168.59858359907085,138.87772782028935,1.061756345197448,1.0783698814558,74.82709017525337,50.89633314116467,91.11548060842631,75.42717952927612,51.49642249518742,91.71556996244905
CMR_0270,CMR,2.3298290227830183,844.4630789473817,259.0153368041858,160.45368272835583,264.98662813424585,172.23328494454896,1.560679439126391,1.614268568971972,103.35583510980676,125.20678067543643,98.80525625440175,103.94971896312805,125.80066452875772,99.39914010772304
CMR_0271,CMR,0.444394561917978,253.04362702056724,79.77630454220076,72.46816755931495,97.97109391978353,75.22105620763567,1.070794431470295,1.100846167759163,42.95838102197617,38.05489391827107,77.07860151889851,43.55898369138239,38.655496587677284,77.67920418830472
CMR_0272,CMR,0.13273498518771076,157.55254800531256,66.57290448160204,29.528403947211306,69.18246949240002,41.11002701420049,1.2199100138322445,2.254537854488043,126.703476920166,128.7039854360023,112.91703176367093,127.30313372829572,129.30364224413202,113.51668857180066
CMR_0273,CMR,0.1488998877170743,155.87142246374836,55.44541250913034,29.421173582599607,60.654997944378145,43.54138551401466,1.1395001366635793,1.8845411571862687,17.585027175537476,39.08948016678657,12.419733719615412,18.190471280290488,39.694924271539584,13.025177824368424
CMR_0274,CMR,0.679640688069567,305.7091406580633,99.66666755426547,80.01042350280572,107.17591205747414,93.02394316847617,1.0460773694786674,1.2456710412334022,16.97640228005576,35.31318702418077,1.1071528115719667,17.584275584434497,35.92106032855951,1.7150261159507059
CMR_0275,CMR,1.0947021813449127,387.36239369383577,120.0142934666684,109.86273377808934,132.82196014513667,118.06007398761811,1.0443943941750973,1.0924022126473214,91.6971895115058,118.08032166922581,91.11756940640609,92.29462244365396,118.67775460137398,91.71500233855426
CMR_0276,CMR,4.640650714257164,840.4166707013178,269.3419574528387,219.9300039242807,290.1757700507253,243.07735399859237,1.1005259453311553,1.2246712710720906,17.58342593025115,41.825737384078295,1.1207893263094162,18.177589734493008,42.41990118832015,1.7149531305512742
CMR_0277,CMR,0.519067525566029,330.41793570281675,131.6909291316875,61.18974068982972,131.69093240943286,81.29559028252997,1.2937392439261042,2.1521733487845247,5.796003691182873,14.12042653031584,14.107658755760868,6.3978914463686705,14.722314285501637,14.709546510946666
CMR_0278,CMR,0.17873835337233182,166.98762031354883,49.85696629631986,47.38983903982619,60.69867527610509,47.70500389628958,1.1142187627038849,1.0520602582005039,112.69437547159123,129.58264998775678,79.80710427541541,113.29219218022516,130.1804666963907,80.40492098404934
CMR_0279,CMR,0.10867101863523487,130.1031165373228,38.87212824147424,38.08275513895029,46.65229911799363,37.19734376175708,1.11333509409693,1.0207278359888567,123.84172024608326,143.72475903998105,15.150412058675343,124.44231974758566,144.32535854148347,15.751011560177744
CMR_0280,CMR,2.500334583910949,681.5208032355633,271.50222639304644,131.19826357103955,272.1565966927327,178.42435000033933,1.215836343578582,2.0694041140722637,30.27723855320574,30.150763095390335,34.12475526858332,30.87759376181909,30.751118304003683,34.725110477196665
CMR_0281,CMR,2.1621350368750196,554.5931783456508,166.46331137775505,165.68541156469215,185.24107900533303,165.9191318084414,1.0639670636736631,1.0046950410764388,76.683488297526,99.53844692586148,62.66581038410021,77.28831471850593,100.14327334684141,63.270636805080144
CMR_0282,CMR,1.4646431398931257,481.3884264396313,176.28664974224816,117.23878370829644,177.13899227614826,136.5592019834988,1.1220825327370383,1.5036547136216425,152.28993603882898,154.55901747038044,148.83391356018413,152.8857194405934,155.15480087214485,149.42969696194854
CMR_0283,CMR,2.02507502685227,558.3514233578439,192.56047564518826,143.27185172893323,198.47932630926823,160.57414503100838,1.1068330956099546,1.3440216854983342,96.51594304551607,107.90819487735736,85.92730946314569,97.1086364871048,108.5008883189461,86.52000290473443
CMR_0284,CMR,1.104646669242871,421.148550025129,164.3106624103649,97.10297049126687,168.43952239576944,118.59510201690485,1.1303649539072755,1.6921280737250202,42.43103843889848,41.30499408221636,54.248846308253086,43.02634260087759,41.90029824419547,54.844150470232194
CMR_0285,CMR,1.5696637264431266,538.0812917332036,163.80184870668563,142.5243881290674,188.92514825303917,141.37036211468603,1.211545278424595,1.1492899626297624,102.41623805303023,94.69042925292311,64.45793503927176,103.02488419964673,95.29907539953962,65.06658118588827
CRR_1262,CRR,2.404961920860468,657.8479349547877,189.18181729568872,188.39285951145922,231.0544694365249,174.98836021923816,1.1966481715660933,1.004187832735675,63.544191209214304,66.06498660868034,30.176361122786744,64.13608315300665,66.65687855247269,30.768253066579092
CRR_1263,CRR,1.249434654398349,491.75012930080555,169.30177581098266,120.01377147779105,171.1628347377171,126.12809403707365,1.241031420347906,1.4106862381398664,102.65781783802707,82.66347806270673,91.12030723846087,103.25107321795434,83.256733442634,91.71356261838814
CRR_1264,CRR,0.1629773556012037,172.88563695653664,64.11911798855385,41.069034244534066,73.23608733949195,45.5531792576344,1.208065130014487,1.5612521494120002,152.80132533128324,152.887561598606,122.08471291368718,153.39384057110678,153.48007683842954,122.67722815351073
CRR_1265,CRR,0.4693707716213588,264.67662470637805,88.66507620526802,65.19931006046139,98.05776462280207,77.30597826631333,1.0898146323892948,1.359908197234696,124.73892708565495,144.08164993070136,114.31715771149244,125.33379360096905,144.67651644601546,114.91202422680654
CMR_0291,CMR,0.32903713588357675,236.08510291683163,90.38460021750078,43.585475636536536,96.60674322401192,64.72581348220871,1.1610239902168444,2.0737321067969208,110.94334553395903,127.46722662695444,105.14088389784861,111.55178921841157,128.07567031140698,105.74932758230115
CRR_1266,CRR,1.2747219807129986,430.31960561216914,146.57652808216886,99.31584562739879,155.43213482743036,127.39805470991004,1.0751732826451725,1.4758624583641669,102.05823334026961,117.58829183763606,97.45826431926776,102.65322651748922,118.18328501485567,98.05325749648736
CMR_0292,CMR,0.31431682925975063,224.87204857842502,82.91447525105032,47.74069279064488,88.44175980791016,63.261411349201246,1.1314795965237043,1.7367673237305428,8.422729104280826,175.0824861941871,17.057608647538352,9.023520076162244,175.68327716606854,17.65839961941977
CMR_0293,CMR,5.781867692790692,1157.6099120297863,421.0777559996997,228.55713273560386,430.37282959167396,271.32457664000447,1.3580733596143397,1.842330409730878,7.205966956912284,22.850403458532696,9.120341729213582,7.80857115751937,23.453007659139782,9.722945929820668
CRR_1267,CRR,1.6143540549465731,525.6403978962499,176.28966544097455,132.3064619007118,194.202820991117,143.3687351538521,1.1670364187031903,1.3324342810502297,2.7372344262444432,167.12381235440728,18.298437658081205,3.333583815431534,167.72016174359436,18.894787047268295
CMR_0294,CMR,11.752152773372302,1793.640678229467,590.5006056126308,358.47158833422844,609.5946122163566,386.8243224879561,1.4759505205612167,1.6472731028883252,173.57913864818522,177.51188605622403,163.13364472484665,174.1805186186409,178.1132660266797,163.73502469530231
CRR_1268,CRR,0.10888467792483728,128.34823332708316,39.89924538210204,31.37799105441906,46.90885432609776,37.23389285981989,1.0972398641218004,1.271567874211721,118.32835307780483,144.02022505389277,109.55216553723267,118.92397395030957,144.61584592639753,110.1477864097374
CRR_1269,CRR,1.2691584313831639,456.31109109490666,157.06091349179036,122.58260476495158,171.42797621065176,127.11973502847987,1.1426104014320018,1.2812659169133327,37.917983130221614,25.53927330873946,58.89557386474943,38.51705080591653,26.13834098443438,59.49464154044435
CRR_1270,CRR,0.12896308087115996,140.01847666620824,43.16449512422383,31.53330378646606,51.048940992957036,40.52170953649904,1.0998861074976047,1.368854193538383,99.44679383384063,69.70199770780495,105.1544585867628,100.04137297451459,70.2965768484789,105.74903772743676
CMR_0295,CMR,1.129719618429172,403.0534807754615,126.50079103985564,117.34304054048121,151.02872784229706,119.93346875026756,1.0697256481321573,1.0780425533307634,148.22033625646586,148.80868245732464,99.23939309614951,148.8237951110332,149.412141311892,99.84285195071685
CRR_1271,CRR,0.45943979603657414,253.77462432140098,80.08070715974726,71.41713020769997,93.19317604709093,76.4837836890163,1.056158153897398,1.1213095083329632,172.4427591852365,162.75369801492812,27.67999592990382,173.04054683244203,163.35148566213365,28.277783577109364
CRR_1272,CRR,1.4494970798861815,602.9219805164477,243.39558817082758,96.86748489009946,243.51357270044716,135.85127905504717,1.4126920874858413,2.512665508420817,118.16461235366151,117.97574887730732,116.19211341326643,118.7611454573422,118.57228198098801,116.78864651694711
CMR_0296,CMR,9.527387999866383,1673.6680744463017,522.3640943488928,323.275387240805,524.3516618334006,348.29078597437984,1.5295985875596345,1.6158486385472592,85.56412610405623,83.77849093949206,78.7882153888846,86.16685894097775,84.38122377641358,79.39094822580611
CRR_1273,CRR,0.31395902012708427,253.8897189813271,88.13265955494482,61.54180498700571,103.96210328926499,63.225393620926276,1.2782143838711122,1.4320779114872184,147.5430388555061,146.84205834796552,114.31373466673541,148.14041569850306,147.43943519096248,114.91111150973238
CMR_0297,CMR,0.9689643578511161,540.681008190143,130.85613972238093,98.24417405293974,134.93699319446011,111.07311726313232,1.5494668234711266,1.331948087342746,124.547150529256,127.56019841018703,112.90674074274808,125.1543367658742,128.16738464680523,113.51392697936629
CRR_1274,CRR,2.870277093198747,627.4089018183739,216.6923846379677,164.78644848022563,233.1226665491081,191.1687814317008,1.0446813262753083,1.3149891064250394,18.52897991624375,21.227849916546994,175.91880025175962,19.128226022469235,21.82709602277248,176.5180463579851
CRR_1275,CRR,0.3139057445014972,265.3440417312824,108.69658889501689,30.00353556679783,111.30544262873677,63.22002904292584,1.3359948263497763,3.6227926756505813,0.3321608550804379,167.7364462591216,1.1165293319945275,0.9280371924770409,168.3323225965182,1.7124056693911305
CRR_1276,CRR,0.2490015923888513,194.39066814762592,50.00563164206213,50.005624285083,68.23307101502988,56.30618741590587,1.0989284533902295,1.0000001471230333,87.63374762931838,46.12125874847578,1.1212588605336073,88.22462579246968,46.71213691162708,1.7121370236849032
CRR_1277,CRR,0.13386382677912545,145.3301698310578,48.689600816502654,30.00359524421114,54.989446970774196,41.28446655399103,1.1205190154872657,1.622792216072731,97.79287804855817,121.57775449179739,91.11458826081069,98.39041145724083,122.17528790048006,91.71212166949336
CRR_1279,CRR,0.3342063378081393,223.69307795145545,74.24555478669443,53.60966932993647,78.88170479449475,65.23225623864633,1.0915415515038636,1.3849284227021814,5.032305787887191,151.5955168858358,9.249700381648433,5.62464816380637,152.18785926175497,9.842042757567611
CRR_1280,CRR,3.2152181668244424,665.5025863010557,233.47735632174687,176.14608557575056,242.25385410895709,202.33000061661093,1.0469829083918663,1.3254757013680065,165.16314237912596,162.58983746475246,146.12589238157017,165.7570995129199,163.1837945985464,146.7198495153641
CRR_1281,CRR,3.215212709094566,763.3080196606304,288.3520907142399,161.61873557264715,304.7775858643448,202.32982889218965,1.2008535280816865,1.7841501462844107,66.42926942723108,53.04613577883105,71.94237522010927,67.03597528200032,53.652841633600296,72.54908107487852
CRR_1282,CRR,0.16392007485210403,172.05689332678892,62.76413707681243,31.079059504405222,67.71179389975012,45.6847372190808,1.1988119767297798,2.019499240892926,13.538700060009734,175.97100194101702,19.54563932969952,14.139809953929978,176.57211183493726,20.146749223619764
CRR_1283,CRR,0.10888759695418847,128.34995317898074,39.89977732050409,31.378415576269706,46.909482386378876,37.23439194793663,1.0972398594617103,1.27156762340412,28.315005587814195,54.00688031221055,19.53881888361992,28.92272515934964,54.614599883745996,20.146538455155365
CRR_1284,CRR,0.3041952333852588,210.11855707648542,65.30312501326057,60.34355937421819,75.66543290813887,62.23450814990454,1.0746901675034928,1.0821888150197743,34.892024314352824,41.047437305256146,169.8087731004499,35.484921535062156,41.64033452596548,170.40167032115926
CRR_1285,CRR,0.28267617322676963,215.70239417137273,77.15529319941783,49.41949705148114,84.85570585128224,59.99287308561995,1.144472684951613,1.5612318579253008,163.08223199357076,155.6356549133174,1.1044259559637135,163.68938140713678,156.24280432688343,1.7115753695297258
CRR_1286,CRR,0.6692906105923786,320.0549648982801,109.11240920934553,70.00870728104901,119.74006981852513,92.31290659090739,1.1036014703859762,1.5585548347766975,10.721946229981816,35.910455816644,1.1096172330340186,11.323577449466272,36.51208703612846,1.7112484525184755
CRR_1287,CRR,0.2590711837674095,194.82411461702213,59.24668537550512,55.46500680952902,73.27920106464889,57.433411536667066,1.0797624603931177,1.0681813414169887,152.71220655091585,157.81060103960587,15.140642113903217,153.3189724546529,158.41736694334293,15.747408017640272
CRR_1288,CRR,0.6296891706377306,290.0243694315002,90.01136707117678,89.68944427629881,101.92624767147278,89.5402229697607,1.03101847373603,1.0035893052685916,39.01283987057994,31.63679773616021,1.1078750435562896,39.6161326164728,32.24009048205307,1.7111677894491495
CRR_1289,CRR,1.8451253554559963,615.6842802287958,235.85074684680944,116.09554945159144,237.75459622121258,153.27382580075758,1.278616176903757,2.031522723833204,147.47051065898538,148.08857067070485,140.83286441205476,148.0651491843234,148.68320919604287,141.42750293739277
CRR_1290,CRR,0.10888396874822165,128.34781630298863,39.89911857132868,31.37789102100546,46.908700779003986,37.23377160561947,1.0972398722340684,1.271567886593105,28.32979550520515,54.021674258260035,19.553620105968253,28.922040652091017,54.6139194051459,20.14586525285412
CRR_1291,CRR,3.9857724786059894,734.2167471892321,229.85848666267776,210.0267328107019,248.84464232752384,225.2741249251283,1.0374402710906654,1.0944249028996242,10.73530417481984,37.202604186898995,1.106631829252109,11.339536195768806,37.80683620784796,1.7108638502010751
CRR_1292,CRR,0.11886003745987982,134.23531552530633,39.99424796093831,34.462628716420866,50.411574929566605,38.90209505703025,1.0983580175840364,1.1605106589527723,80.57039899337325,69.4015726498484,109.54973218618778,81.16635240110989,69.99752605758505,110.14568559392443
CRR_1293,CRR,1.0996049672228898,404.59846412602735,137.96722026303354,107.31826846953054,163.53882285174095,118.32415340307301,1.088431122151156,1.2855893244513608,159.01266101326368,155.5222319065355,9.235392959018684,159.61808636881818,156.12765726209,9.84081831457319
CRR_1294,CRR,1.189614884480003,419.26759746737775,146.71623404856464,103.8546423448011,151.38876217725516,123.0717154315114,1.084384180089375,1.412707518277917,122.61596815916775,148.80060299066852,115.55442187311115,123.21618622073743,149.4008210522382,116.15463993468083
CRR_1295,CRR,0.7795576598224244,336.28160935390537,128.61043763704183,81.81064830626337,128.82289221596403,99.62748816903458,1.0744199494172677,1.5720500973856173,39.43175385597925,34.1445644229569,30.85351883782415,40.03368628182687,34.74649684880451,31.455451263671765
CRR_1296,CRR,0.16898488371814444,159.31155568704276,41.23585621123677,41.23585270749085,55.83072998260208,46.38515241027183,1.0932473113374004,1.0000000849684363,85.59346839139005,60.15265451969019,15.152656536407973,86.18753310749393,60.746719235794075,15.746721252511861
CRR_1297,CRR,0.7243657437430973,354.22316532625814,119.30437489729,90.01169360793736,128.16205781563028,96.03598855560392,1.1740675254608384,1.3254319535075338,68.76445677511822,69.67741541307767,91.1039313261412,69.37093757537345,70.2838962133329,91.71041212639642
CRR_1298,CRR,6.811068867690747,1121.1959353688085,331.6024293864491,302.1063765828771,414.89059392644214,294.48467233895906,1.211906031449364,1.097634658153203,29.01175758580956,36.51022217234522,175.64778037446715,29.617773090506265,37.11623767704193,176.25379587916385
CRR_1299,CRR,0.3939678987894043,247.9026783534257,69.51955646206036,68.87195000517187,89.30600469107415,70.82481966760592,1.1141556547785727,1.0094030509785168,28.34817269393982,50.400526505132625,1.1073532931710846,28.950973117803194,51.003326928995996,1.7101537170344585
CRR_1300,CRR,0.17892929260386647,175.6979927329422,64.60278547482231,29.59529487949232,68.97036471097275,47.730477795087246,1.1717127222074373,2.1828735188439694,13.300624930162451,34.051407801672134,10.577289126210283,13.895701765372314,34.64648463688199,11.172365961420146
CRR_1301,CRR,1.64489985428635,475.71613512502114,162.29193741783257,134.09661373346975,169.95109858279247,144.71874590413253,1.0463409413991764,1.2102612653620308,148.33015150041783,159.6368840500231,136.10391074420053,148.93626681652566,160.24299936613093,136.71002606030837
CRR_1302,CRR,0.344091860117744,226.0568333296073,69.42213206466687,59.42501375852083,78.61145663064246,66.1899813660188,1.0871150497884399,1.1682308118054507,81.95272937631762,60.471210164161995,91.11109546239639,82.55155230582874,61.07003309367312,91.70991839190751
CRR_1303,CRR,0.10888729600361931,128.34977730166997,39.89972818441181,31.378370433831964,46.909417486161956,37.234340492493104,1.0972398722315577,1.2715678868202849,28.314934407562443,54.006813165910216,19.538759018450264,28.92102584233192,54.6129046006797,20.144850453219743
CRR_1304,CRR,0.1438960081598592,147.96041350631734,40.98784671943848,40.30432345325724,55.04182621272806,42.80351479944917,1.1003129673712815,1.0169590556947061,163.61911089918658,150.3229466859308,15.141013937165871,164.2240184439886,150.9278542307328,15.74592148196788
CRR_1305,CRR,0.9297515506844105,352.7086084386376,110.01367891372381,100.01241611067893,119.59365058920885,108.80240995080166,1.0318763808532598,1.1000002118934609,174.50325802456484,24.197604194298663,1.1084161475585057,175.10435076887046,24.798696938604277,1.7095088918641181
CRR_1306,CRR,1.8200036356986395,494.77848024348225,159.6985593943392,139.8586457234986,169.40158552473287,152.2268241977503,1.034593492720446,1.1418568982146748,16.86419368416813,29.230066839833487,1.1049848792725934,17.468628343471313,29.83450149913667,1.7094195385757756
CRR_1307,CRR,0.3992344403481941,244.23336230501965,77.7696183559247,69.92732413748513,92.2231278594042,71.29663926662548,1.0904005372099905,1.1121492108438287,137.9670039835523,147.83045643761574,100.5698189786239,138.56891377316254,148.43236622722597,101.17172876823413
CRR_1308,CRR,0.2183429808299094,200.20474406212665,81.4838058595447,33.90928023695137,86.02236836212336,52.725981973595545,1.2086479361879723,2.4029942626370104,179.99562082200381,170.5479216315448,9.242655766828014,0.5924155803250089,171.14471638986598,9.839450525149203
CRR_1309,CRR,0.19355985553593005,177.77210868439332,59.940663254096165,45.338860069958024,72.75795534275713,49.643535565224546,1.1398587759253151,1.3220593363310746,139.03306717880218,140.42998615979246,105.1494577917595,139.6289722457864,141.02589122677668,105.74536285874372
CRR_1310,CRR,1.8950043939847467,518.124706562481,177.21154916541244,145.75536563067845,193.60548117324362,155.3317266970361,1.0617548641340135,1.2158149265972074,4.75428960478749,12.13952723490284,150.1390355012397,5.360576827215417,12.745814457330766,150.74532272366764
CRR_1311,CRR,0.4544940376460222,255.42788544410183,93.35177026735627,59.92861284598432,93.35424509227646,76.07100509243107,1.0688069790202905,1.557716186544631,27.453999269175696,32.49556691541132,32.07837010107164,28.0484227018015,33.08999034803712,32.672793533697444
CRR_1312,CRR,0.5795217778751829,285.6925773145074,90.01045947108453,80.00929195884993,106.72116476990415,85.89936231578847,1.0586664361281288,1.125000075208494,145.6862076197717,146.9018976781819,1.1153742007093232,146.27981584147912,147.49550589988934,1.7089824224167525
CRR_1313,CRR,0.7345255890772246,372.56720254295095,148.40061246003228,79.63670883579125,150.71745589022973,96.70713658427762,1.22629857553388,1.8634699327671909,155.95531987703322,157.44827004369358,147.3891009830518,156.5469762578706,158.03992642453096,147.98075736388918
CRR_1314,CRR,0.19906810284428555,174.15295009019232,60.94975061381563,44.334142346377796,69.35279970544187,50.344948171266466,1.1010956955045366,1.3747813172435346,142.77574469020232,147.36113018083842,117.66804275575839,143.38164807462135,147.96703356525745,118.27394614017743
CRR_1315,CRR,1.355261512304199,473.53262785814434,130.01686286979694,129.87838715186004,146.73479614630952,131.36105019842398,1.1474490851752162,1.0010661952382807,0.06525698479925746,39.05306343713233,1.1028431177640434,0.6711314281584515,39.65893788049152,1.7087175611232375
CRR_1316,CRR,6.993554939674132,1439.4361619205024,413.2502883682605,307.2391508108497,438.681225058391,298.4035976236051,1.5354599090580903,1.3450443645532533,105.34601506123403,108.46009529516836,88.08868672138094,105.93701939922013,109.05109963315446,88.67969105936704
CRR_1317,CRR,2.255113600750379,799.2187926678486,356.1096483747241,98.65236458108582,356.7072991331566,169.44910192578436,1.5013313144702989,3.60974265428808,160.10830227194447,158.22054143538335,161.74646399589358,160.70049100699845,158.81273017043733,162.33865273094756
CRR_1318,CRR,0.39943745911166234,235.68066651424283,74.04558632289952,62.764682733971775,84.27876851194411,71.31476485199282,1.051948867665266,1.179733300600624,84.30377357965455,55.65349784918579,102.421702388972,84.90056891442048,56.25029318395172,103.01849772373792
CRR_1319,CRR,1.4661524565329203,529.2527788728073,198.84118745660453,120.18254542969092,198.8490177357035,136.6295460824018,1.2330158200471186,1.6544930609156587,140.50517593274787,154.65840461104133,154.14993398130258,141.10321302466235,155.2564417029558,154.74797107321706
CRR_1320,CRR,0.18440004770811372,175.8016418985049,61.482752372691735,39.42506117516875,62.607656778983795,48.45466260258356,1.1548816484928515,1.5594840068736704,31.25464580630193,41.13400713859313,27.66965473525137,31.85827643140166,41.73763776369285,28.2732853603511
CRR_1321,CRR,1.6499431377317741,534.7410928339867,201.29963501745974,118.417354418295,201.3216340398965,144.94043085090198,1.1743678102687445,1.6999166718958532,174.93383516041942,173.64256279406874,172.79553405176875,175.52387469094282,174.23260232459214,173.38557358229215
CRR_1322,CRR,0.4040868127580813,254.0074005530869,89.29264933755175,59.594921165046756,92.49159311527924,71.72860722958326,1.1272080956640567,1.4983264948074657,82.00796806768831,60.38333066369438,91.11520764601333,82.60091382021048,60.97627641621655,91.7081533985355
CRR_1323,CRR,0.8580924642590693,486.2611469426166,217.72132530128138,66.71595556449323,219.48794607050021,104.52546381307721,1.480804051878687,3.2634071334077457,136.29160502999352,133.24238420685907,140.51675921720675,136.88168123784942,133.83246041471497,141.10683542506266
CRR_1324,CRR,0.4593096369080101,309.59265490736635,124.48907241915823,57.2127161757659,127.4468565698327,76.47294900742534,1.2886439456824497,2.175898659254517,14.23424308232923,22.35997912353185,9.888082381148598,14.826709633949246,22.952445675151864,10.480548932768613
CRR_1325,CRR,0.25439057562889117,189.28660144116049,60.1166722856444,52.87067603648175,68.82461989385605,56.91222546155135,1.0586793271958261,1.1370513258457822,55.95700707658378,46.269209565424376,77.07513789756686,56.553694158587234,46.86589664742783,77.67182497957032
CRR_1326,CRR,0.2589384581402358,205.23623299119933,69.07580806110938,40.00446742234881,77.57922781192997,57.418697700043566,1.1377604261506795,1.7267023538106057,177.0403484912579,151.81369276458977,1.1186768236948668,177.6296325519155,152.40297682524738,1.7079608843524738
CRR_1327,CRR,4.8844951471056035,1046.6441526282756,345.63338375806273,198.7340338445598,362.7250318241855,249.3818834110018,1.335931770749225,1.7391756060685637,140.4888650794285,149.43694110375958,128.10942115738845,141.09008082622196,150.03815685055304,128.7106369041819
CRR_1328,CRR,0.18393753887486755,167.53097013834088,50.05097212493327,41.08634755056091,61.075506012280336,48.393857901260844,1.1019324837833597,1.2181898637580397,117.24983161535836,142.31391327243716,105.14665636907259,117.84716558152024,142.91124723859903,105.74399033523447
CRR_1329,CRR,1.4447864497619365,471.5877106635752,166.78822133959997,111.49021055647299,173.1623606768402,135.63035211686284,1.10676576565736,1.4959898318168208,167.10238248938086,157.6613231864267,173.9881549346277,167.69693130367102,158.25587200071686,174.58270374891785
CRR_1331,CRR,0.41429470662431467,245.9694588477329,83.55939068211876,63.647663821871866,92.61490998467337,72.62894764820224,1.0780069515773638,1.31284301205419,162.01844935495214,163.52106322376375,136.10471067328325,162.6212564908902,164.1238703597018,136.70751780922132
CRR_1332,CRR,0.10385725412442445,125.3281434994935,38.68851618281772,30.003682417966857,46.64540202731419,36.36415308498553,1.097047056196151,1.2894589285363918,72.79862437605453,54.404509117722164,91.10819302320098,73.39790788449415,55.003792626161776,91.7074765316406
CRR_1333,CRR,0.40433237550119216,244.8653490213724,80.0099725398026,69.03183489383463,87.53601300680967,71.75039858459498,1.0863084096383242,1.1590300716017685,173.2556307775208,155.7931888080899,1.1063546485062845,173.85671683335832,156.39427486392742,1.70744070434381
CRR_1334,CRR,0.1659918969656257,160.79481760639717,49.421980092521096,39.27687456329717,56.26989728098803,45.972540426023805,1.1133293835174398,1.2582971695691938,99.00935478494358,121.86649267005836,91.11565620302804,99.60082260455593,122.45796048967071,91.70712402264039
CRR_1335,CRR,0.8993731633185378,500.38251423736784,203.34458017104006,78.8776235575146,203.35268276118387,107.01016199458434,1.488425941858834,2.577975489116617,59.145894960579604,61.555075725010575,61.04359915997995,59.73500334489,62.144184109320975,61.63270754429035
CRR_1336,CRR,0.23414571679892174,194.4643890460332,75.50267088338872,39.25585837524087,77.94173989840617,54.60069467129035,1.133684066048905,1.9233478519733282,4.672185889167077,176.20843441858707,10.57998837867402,5.26144855485891,176.7976970842789,11.169251044365854
CRR_1337,CRR,0.14889882629092682,155.87086691104946,55.44521276502587,29.421073459881995,60.65478175937775,43.54123032233469,1.1395001367330349,1.8845407813086728,107.58160398197428,129.08605697741498,102.41630506367923,108.1819905430204,129.6864435384611,103.01669162472535
CRR_1338,CRR,0.4344629993665417,266.7269832755548,105.68157986498154,50.817798256453024,106.20705936121735,74.37576698883372,1.141525514638851,2.079617446857051,101.56371120243507,111.84462646753197,105.15131529850748,102.15524716771318,112.43616243281008,105.7428512637856
CRR_1339,CRR,0.17892153975751043,165.23220497029433,49.073705192970515,40.004572740683244,60.92862298658819,47.7294437244105,1.1019412809768871,1.2267023950255638,161.7507294856948,142.56278670053806,1.1143991921514371,162.34198275584623,143.1540399706895,1.7056524623028793
CMR_0298,CMR,9.900252414650623,1589.8487248721299,499.2921081117971,375.79279124750906,514.94272094821,355.04074241124715,1.4253704046092628,1.328636737427322,91.80234294919784,69.6890861511111,84.05057300444481,92.4215921532491,70.30833535516236,84.66982220849607
CMR_0299,CMR,1.7749094706845998,531.5241918817281,199.92721906493338,106.26550442807742,208.6024136255574,150.32913644402367,1.125459834493251,1.8813934036350248,6.0991672984727785,25.761319767364913,177.73486594668904,6.72236741657651,26.384519885468645,178.35806606479278
CMR_0300,CMR,4.2356446064152955,807.801910663232,246.4663221697515,231.61692138153916,317.87509294569463,232.2281251341482,1.1072359736518922,1.0641118995090655,33.15239256882988,39.69584826249083,80.7980010620557,33.773957333867074,40.31741302752802,81.4195658270929
CMR_0301,CMR,1.799942266091835,497.1527789848334,162.13264268227357,134.74658984629372,178.94783087842882,151.3855234633862,1.0453353852747436,1.2032411571025232,46.903728785888,34.8452073502813,62.05510142272214,47.5184910485396,35.4599696129329,62.66986368537374
CMR_0302,CMR,0.5042194376004187,274.30391279132067,79.52194456339866,70.00978609601518,103.49733279546176,80.12441121012851,1.0897259142584053,1.13586898343523,148.58125950764844,139.96168345738118,1.105669329297616,149.19999076279072,140.58041471252346,1.7244005844399086
CMR_0303,CMR,0.22924098628036071,181.61043794149774,55.205609944250035,50.36523722172233,64.8715745341566,54.025798375058386,1.0700146887164634,1.0961054288540126,35.03281163766649,64.4412176078375,15.137653401922204,35.655741787615696,65.0641477577867,15.760583551871406
CMR_0304,CMR,2.9847030114486417,648.333279319165,222.8269855943365,175.11535772225804,225.01511789291146,194.94209149043564,1.0586266453357112,1.2724582726076576,75.54295379802754,79.02437505258318,87.0212653408743,76.1602705626999,79.64169181725555,87.63858210554666
CMR_0305,CMR,5.784960529053484,1021.6751763566365,280.0411206217747,270.0398307771551,344.9135725466132,271.3971353998222,1.1982783407930482,1.0370363505851588,48.742838636970866,47.47138405626663,91.09886118389534,49.368125069886304,48.09667048918207,91.72414761681077
CMR_0306,CMR,1.8400522517598479,505.4080301030582,178.82593167086253,130.93067766863473,179.39488154841473,153.06297041804788,1.051046978240984,1.3658062026032072,3.9107275677801283,19.703931968197008,15.13952394373227,4.531557749018149,20.324762149435028,15.760354124970291
CMR_0307,CMR,0.33920350490158074,223.71664590541533,60.00916247104857,60.00915982767279,82.3801021782346,65.71813419091113,1.0835855425947367,1.0000000440495382,136.09337069057773,136.09338423675692,1.093387889419347,136.72402613883833,136.72403968501752,1.7240433376799444
CMR_0308,CMR,0.48428749159970164,271.9340353558698,93.87503096437595,62.76706475154647,103.89499978935,78.52477222668895,1.102318279812929,1.4956097012974154,111.09859555659672,132.02932240328363,105.13531656641165,111.72348884583961,132.65421569252652,105.76020985565454
CMR_0309,CMR,2.820373976530134,715.6003976815289,239.8209500907284,176.2729297772939,258.7047659139153,189.49964849202564,1.2020216551940894,1.3605092420811413,61.324860373201155,68.22469911703453,46.19755958155052,61.95096964836529,68.85080839219867,46.823668856714654
CMR_0310,CMR,1.7900738586734373,514.864149753316,163.05124678810023,140.03586516878812,179.07047795126593,150.96995809960615,1.085556033604806,1.1643534789574885,58.34782232589667,34.757269743625656,67.90368624916543,58.96944186609643,35.378889283825416,68.52530578936519
CMR_0311,CMR,5.306389752503528,969.8279185710608,317.6600033017569,234.70694720577282,328.21213160938936,259.9289378400359,1.187654660321811,1.3534324700804756,22.37895040962288,36.39749528202718,17.039144355164012,23.00902069620601,37.02756556861031,17.669214641747143
CMR_0312,CMR,0.49940855289477387,267.7986191252713,84.40733656179815,79.64632725793989,100.84253337623575,79.74125146526033,1.068994358723827,1.0597768844813071,26.045248014655392,29.207546594114135,167.06129015870061,26.671472491078177,29.83377107053692,167.6875146351234
CMR_0313,CMR,1.4049929113536805,438.7824607181236,140.01990818785927,119.85777117774097,160.6319295003275,133.74948728156272,1.0442566769366806,1.1682171861866113,156.93368769764817,150.502823410008,1.1030694530172929,157.55433445636825,151.1234701687281,1.7237162117373828
CMR_0314,CMR,0.33443790087074776,221.98704090979953,84.2044807037442,53.0664172704994,84.34070433353149,65.25485121022454,1.0828416342355127,1.5867753097881552,26.16624795607156,35.32105299785762,32.06415822575178,26.789550874590983,35.94435591637704,32.687461144271204
CMR_0315,CMR,2.770286744747472,607.85629157184,189.86774178247185,179.86324439128967,201.6053212065494,187.80944155361644,1.030228647642809,1.0556228006730355,22.904287361750892,21.176005208123247,1.1069783070149195,23.521019401851486,21.79273724822384,1.7237103471155137
CMR_0316,CMR,0.5693282410351527,293.659842361658,93.81109963458393,70.47994624092625,106.63893277317999,85.14054442041517,1.0978885751225673,1.3310325083663266,175.17331000303227,148.43779829982049,8.226533908479981,175.7954594663088,149.05994776309703,8.848683371756522
CMR_0317,CMR,3.8209335056588594,834.9727107946704,285.27957923840626,199.97373811318673,305.2778611911079,220.56662569864045,1.2049876888571405,1.426585220289955,73.21637969803595,79.78885416680659,58.001251647783256,73.84428278642572,80.41675725519636,58.62915473617302
CMR_0318,CMR,0.10888945036766909,128.3510470081392,39.900122881689555,31.378680848770024,46.909881540550884,37.23470883632543,1.0972398721934802,1.271567886297985,28.31652061934788,54.008399366484475,19.54034521954209,28.934747928980226,54.62662667611682,20.158572529174435
CMR_0319,CMR,0.9495246085251532,376.0935266080203,119.32840429563306,99.76073062572142,125.12627985898702,109.95327554345072,1.0887741821002084,1.1961460541355187,103.48515348746301,46.064113069926094,91.099325905255,104.10943807499628,46.68839765745936,91.72361049278827
CMR_0320,CMR,0.24427462332418387,187.37804446146833,60.25965973729856,54.045160270436476,62.64501102322541,55.769176987977616,1.0694847445700877,1.1149871595488914,69.49745879831075,53.31761677618979,79.79380963896364,70.11732239435231,53.93748037223135,80.4136732350052
CMR_0321,CMR,0.7195556882305625,324.5554805294866,125.19851971161368,77.96805838074012,125.73300368950049,95.71660027885854,1.0793239392820857,1.6057668013256639,53.14349258651781,46.19504706288935,40.91017747027564,53.76243160760829,46.813986083979835,41.529116491366125
CMR_0322,CMR,0.48940963300102713,271.99599288473286,93.971493159174,71.92962755900017,98.47198415578156,78.93894465415856,1.0967845328677752,1.3064365317628543,109.35896274188896,126.45139117890061,105.14389038128495,109.97478559996618,127.06721403697783,105.75971323936217
CMR_0323,CMR,2.8654465917423404,809.751428271069,311.37717053905743,169.31265377147128,319.13842116773316,191.00785098872092,1.3494308408576685,1.8390661513069004,41.17495354533247,39.946658922135,52.60853438552616,41.80033553158695,40.57204090838948,53.233916371780644
CMR_0324,CMR,7.474290184732953,1325.6285700669205,517.6415558968328,222.36897742902158,518.399937661003,308.4892515474061,1.3678294369849031,2.327849693251658,122.62838014521571,125.08557671053919,121.98600237497813,123.24640513763838,125.70360170296185,122.60402736740079
CMR_0325,CMR,1.2247763877268902,434.5229885417024,159.46243193188005,109.11490530674757,164.25467719731017,124.87728898049328,1.107591013195004,1.461417498219824,19.70360298245043,24.836940140576598,39.76202927441202,20.324729600443202,25.45806675856937,40.383155892404794
CMR_0326,CMR,0.8093976903802916,419.1468550033435,162.86224416683717,75.85653621719344,162.8763938925608,101.51636059323121,1.3142570018344808,2.146977073940311,35.00852287127426,37.971304857336435,37.21606396234743,35.63668930409919,38.59947129016137,37.84423039517236
CMR_0327,CMR,1.9350372211056979,517.8946603197137,174.88697081159182,139.4390826896754,188.1620024101282,156.9638783429555,1.050247943169273,1.2542177375105548,144.02063267027557,148.3651558406738,170.8032096033251,144.6357467100111,148.9802698804093,171.4183236430606
CMR_0328,CMR,1.2495956731601894,467.7820789393043,178.02715780328973,108.58921547843815,181.6396216803701,126.1362210468313,1.180467109845507,1.6394552352083196,30.095296136703418,30.925947990524808,42.37202092985298,30.720801904996247,31.551453758817637,42.997526698145805
CMR_0329,CMR,1.8700388112067479,510.8566840819736,163.1950521676503,143.78971902088713,179.10853900033888,154.30513162620238,1.053825827129841,1.134956332614742,25.00020043898744,35.07929211258174,5.503980176306294,25.617920026372886,35.697011699967184,6.121699763691737
CMR_0330,CMR,0.19393237636152375,172.15965488895606,50.087533935726086,43.47574233935454,63.90984544827387,49.691284003128224,1.1028115141821337,1.152080016133192,78.00174440126852,64.60776828601038,105.13887582260122,78.62196069909858,65.22798458384044,105.75909212043128
CMR_0331,CMR,1.9900444432528104,520.2542629526195,164.13683480758922,153.36655017204936,179.14281565016478,159.1792474203201,1.0403496555665974,1.0702257736348477,106.06718312961377,124.79349588592324,84.76139369873101,106.6883963526838,125.41470910899326,85.38260692180104
CMR_0332,CMR,2.140076072104183,538.4447651973105,181.6502733375708,142.80536569141978,183.26513192981588,165.07057532293712,1.0382970531901834,1.2720129419372717,4.980103919542956,22.815856217147047,5.871950589032684,5.594483538518655,23.430235836122744,6.486330208008383
CMR_0333,CMR,0.1287456425901819,151.64742653336032,66.04608632127464,27.895356291857862,66.05870395625921,40.487534298615806,1.1922404245187381,2.367637309603114,133.74614434725453,134.97961676895204,136.09948912332086,134.36929323997308,135.6027656616706,136.7226380160394
CMR_0334,CMR,0.5744105957804658,348.6148314221179,146.11282537366236,56.297981112608184,147.12051568306367,85.519722021448,1.2975667447109511,2.595347514885214,172.3028709383126,163.22603171008836,169.93588080730154,172.92646173164138,163.84962250341715,170.55947160063033
CMR_0335,CMR,0.8646655826270431,343.0100527646783,109.42874441469888,99.6673940875585,115.85532582905165,104.92504051808703,1.0405856439636034,1.0979392550242155,177.75182002947184,160.86974406658905,1.1062570948465498,178.36809176797107,161.48601580508827,1.7225288333457582
CMR_0336,CMR,0.31437982702532485,224.83046737784818,88.24948628185822,47.983196254402756,91.02733995038959,63.267750697779974,1.1311570222173635,1.839174818908834,15.295324871756057,13.88838625826893,32.06610611067919,15.915387368782879,14.508448755295753,32.686168607706016
CMR_0337,CMR,1.134742953316376,396.6307484965888,120.0180887723139,119.5981105068085,142.79030787913265,120.19981702448538,1.0503467603883518,1.0035115794365455,57.28389482583073,56.83892072226845,91.09393581855687,57.9123164937411,57.46734239017882,91.72235748646725
CMR_0338,CMR,1.699898449809072,486.7823749209389,149.7701497304454,140.01998761065425,168.9331454689651,147.11824932111284,1.0532183673499094,1.0696340735788585,147.94325535706412,152.07955272610755,1.1011832742654066,148.56424537406528,152.7005427431087,1.7221732912665573
CMR_0339,CMR,0.26430793987913276,196.32698175895436,60.00888102011948,59.337960528498364,76.14959243640172,58.010974913510616,1.0772585586032875,1.0113067669607365,40.957123031724194,42.09550692911115,1.0962344085486135,41.58303045984789,42.72141435723485,1.7221418366723071
CMR_0340,CMR,1.2699168665973517,421.25288569753934,152.00344158519093,108.83839811982399,152.16864614010177,127.15771203815821,1.0545090498383531,1.3965975630939096,58.37364822702482,58.69258066894842,61.36266762852889,58.9882122151201,59.3071446570437,61.97723161662417
CMR_0341,CMR,0.8996881142725813,353.96740443077044,119.34282226587081,99.34373537842805,125.28691508042405,107.02889726704926,1.0527187245142084,1.2013120083642985,17.00648267838533,18.817347500501562,1.097478201999993,17.63109113449066,19.441955956606893,1.7220866581053258
CMR_0342,CMR,2.1001049249744685,540.3715710125272,179.9388073023114,149.75040048664093,195.24733654946144,163.5217611992534,1.0518820981652872,1.2015914930281844,98.48924407687112,76.80658994363134,124.7909059046243,99.11035270028715,77.42769856704737,125.41201452804033
CMR_0343,CMR,0.5542951330777871,308.69554274574824,127.15460063242242,57.82319260055544,127.89399273038225,84.0089568372848,1.1696472230593458,2.1990242135333253,59.073893073363415,58.050699082972365,64.53419755144927,59.69656530047696,58.67337131008591,65.15686977856282
CMR_0344,CMR,0.13386916367939652,145.3330678335183,48.69057463892141,30.004189527235013,54.99054244518794,41.285289513001096,1.120519023277295,1.622792530180648,174.42541338559303,150.64053410334097,1.103698621265334,175.04345872834247,151.2585794460904,1.7217439640147654
CMR_0345,CMR,0.5693016532594528,291.9961221726168,94.47807439343042,72.5073067878077,101.27815401167737,85.13855635451198,1.091694014963741,1.3030145316239652,100.18784095317822,62.21223172142249,97.43237860507557,100.8169936441735,62.84138441241777,98.06153129607084
CMR_0346,CMR,0.5444019419449166,282.96303404584467,101.18786024587759,67.51639722229042,102.13904960998562,83.25587551127452,1.0818447419864754,1.4987153404043099,109.13336287754323,119.80118265989792,111.66101504917621,109.74971642105427,120.41753620340896,112.27736859268725
CMR_0347,CMR,5.861297742728409,946.0339625164838,329.83420449657126,247.6644566140571,334.16161492858885,273.18191868256497,1.102312936327734,1.3317785240801094,155.66317828706985,154.5179738951664,163.74885563417902,156.28549659379968,155.14029220189622,164.37117394090885
CMR_0348,CMR,1.4299171002415374,436.39878277811937,139.24219089074236,130.01938336937593,142.45031053396787,134.9306117128563,1.0294924562593717,1.0709340967659036,150.29573906848543,168.9114354839636,1.0943067831979574,150.92242192812066,169.53811834359882,1.7209896428331797
CMR_0349,CMR,0.3192576273353117,218.42158207147983,64.49704812097872,63.929484642301915,76.85248727353304,63.75668091123004,1.0904857018209373,1.0088779611137557,43.65189777881194,52.25965793413125,12.417522501527877,44.26528519439693,52.873045349716236,13.030909917112865
CMR_0350,CMR,0.12362518786415744,140.11773355317592,46.447689580253694,35.36019957142942,55.97504925065079,39.67423318905594,1.124176984268601,1.3135584680857635,8.31729610909737,9.280584097561169,46.10465582873835,8.93292277235154,9.89621076081534,46.72028249199252
CMR_0351,CMR,0.11877398491606454,140.81659691293598,49.445924556289356,30.71623460924049,53.40521032515064,38.888010296351126,1.1526255674837436,1.6097651676815339,111.87873138463944,132.60121757595488,109.54115451144152,112.49229666490857,133.214782856224,110.15471979171065
CMR_0352,CMR,0.569189158699359,322.6824709651761,120.01606838292015,59.737210002688734,127.9121619286447,85.13014420818058,1.2065411325423236,2.009067185720898,95.97277949522234,111.34472821540407,91.10763671075368,96.584895411488,111.95684413166974,91.71975262701935
CMR_0353,CMR,0.5516933543113757,306.3861086693693,96.87843350377463,79.12724221741178,118.0472064870392,83.81156216637599,1.1636309461126761,1.2243372925545577,137.75924599637253,139.34698003932218,98.21546005785488,138.38847927230353,139.97621331525318,98.84469333378587
CMR_0354,CMR,2.6253731420762842,630.6865636373057,204.63225783039445,172.4045441730519,220.15249968826785,182.8313130778514,1.0980272739361328,1.1869307668885678,6.739622445036237,162.71051787901212,11.396787752807105,7.367138477467874,163.33803391144374,12.024303785238743
CMR_0355,CMR,2.020089189268554,554.2263890057249,159.8911590688237,153.92142813684595,203.2755083984218,160.3763523612106,1.1000109193600436,1.0387842745759237,53.712819383741014,44.10982912781001,175.895599957777,54.342207940244236,44.73921768431323,176.5249885142802
CMR_0356,CMR,0.21904976323603906,194.5617636371598,73.64044427641961,43.88529351969915,81.51948552490794,52.81125077263363,1.1726844551682925,1.678021003627651,129.7407376520577,135.85678054372534,109.53165997124948,130.36327543539971,136.47931832706735,110.1541977545915
CMR_0357,CMR,0.3092747814253971,216.3938201231215,66.42119447159585,61.871798365377735,83.35109844919191,62.75196267051251,1.097659568290024,1.073529398310877,170.03025507286932,162.14045549223744,27.65698205869041,170.65746037320426,162.76766079257237,28.28418735902534
CMR_0358,CMR,0.7644032743070028,400.2947707324427,156.60822742582647,76.71312586452005,156.92924470190164,98.65437025153605,1.2915574098434481,2.041478895051232,108.67985890968166,110.79351399009632,106.593236294503,109.29675378556678,111.41040886598144,107.21013117038812
CMR_0359,CMR,1.7398392850084228,489.1818190265699,160.4545807006417,141.93069255246223,173.49725314143254,148.83656066828726,1.0461905894517538,1.1305136177034607,169.320069569446,157.48332362058156,19.52780080162064,169.94625803210008,158.10951208323564,20.153989264274735
CMR_0360,CMR,1.169551457898633,517.7935388626228,230.27571368939087,70.26295641267133,230.37736550855573,122.02947044870766,1.3506475265033746,3.27734165264732,134.94397871232914,137.79694314522547,136.09481888927067,135.56815849900204,138.42112293189837,136.71899867594357
CMR_0361,CMR,1.4799277267553002,454.7004061650305,150.58737196452176,122.55611121184167,155.65389270030948,137.2698985595481,1.0543872768386107,1.2287218521826895,8.685632741851997,27.290185600739484,7.437537102831582,9.307251719779254,27.911804578666743,8.05915608075884
CMR_0362,CMR,0.7085751680292687,343.1681119738225,126.28970861577614,72.95483714255823,130.97450162234773,94.98346826433679,1.1500296278958633,1.7310669663890592,4.125184083347192,170.02960828342887,5.398168667709426,4.744019017620479,170.64844321770215,6.0170036019827124
CMR_0363,CMR,1.165905324202661,454.31283490476955,181.42965188908343,82.59449108855789,184.6056970375139,121.83910555286009,1.1869117564034661,2.1966313914877738,173.66385877614104,166.05833647139366,176.70180152847834,174.28220915533868,166.6766868505913,177.32015190767598
CMR_0364,CMR,0.25895795848143033,205.2439634074545,69.07841131805166,40.005979929681224,77.58215043548769,57.42085972557739,1.137760440097277,1.7267021440162507,87.01411021744782,61.787457079524266,91.09243917912778,87.64046989852203,62.41381676059848,91.71879886020199
CMR_0365,CMR,0.1438573789701711,149.59217994972357,48.084431766040055,39.183156776341484,54.76941551100649,42.7977690664799,1.1125970070967088,1.2271709510417266,163.859170034646,151.27147549676857,1.0902766835381787,164.48769375831694,151.8999992204395,1.7188004072091108
CMR_0366,CMR,0.15396199942791883,154.60448670644647,59.46182950304926,33.82893403259947,60.82290605531431,44.27533241638269,1.1115023621781541,1.75772105162251,51.5448843073392,40.36298332753507,54.232945034391875,52.16073860771479,40.97883762791066,54.84879933476746
CMR_0367,CMR,2.998399933049887,922.7036835445977,368.3658455968843,152.27612317638744,378.42803316378075,195.38887802764978,1.5031853780791071,2.419065037334787,157.3773206023239,157.917586532929,171.49429802558046,157.99508383921113,158.53534976981624,172.1120612624677
CMR_0368,CMR,1.7200369493327594,484.5056530599223,151.03641013594242,137.67255903354155,174.25839254491564,147.9871299233856,1.0421375112872977,1.0970698241989167,46.20869468480124,59.18339558407335,8.218848894283436,46.83342758184011,59.80812848111223,8.84358179132231
CMR_0369,CMR,0.5039182816127832,314.6812772812181,113.52434695787007,73.1950641428912,119.18400291164905,80.10047961556694,1.2505063894285078,1.5509836392280243,59.04415505186207,56.74128920589373,75.14094619706773,59.66507438899221,57.36220854302387,75.76186553419787
CMR_0370,CMR,0.27431206315310686,197.74233426767378,59.5439721187056,59.33413274534147,75.80656117738657,59.09864350426539,1.0650555779663107,1.0035365710031483,45.89509662993255,40.98491344829733,91.10675819302668,46.50681438166683,41.5966312000316,91.71847594476095
CMR_0371,CMR,2.1650895909645045,539.5392442075686,178.09085406318675,153.46849301167373,188.52866878687064,166.03245722178798,1.0343801343973758,1.1604391922297699,178.3420676089314,18.599755522200287,145.56258356334837,178.96023067035082,19.217918583619735,146.1807466247678
CMR_0372,CMR,1.6250699682855292,517.0409487621151,187.4033215263562,121.43819286989034,191.1928996239387,143.84378146387326,1.1441526625477552,1.5431991953893889,58.68385715844326,40.757686000354404,66.5586092126675,59.31169322478708,41.38552206669822,67.18644527901132
CMR_0373,CMR,0.3492153049587638,225.97620454319213,69.01559691732785,60.008490986450155,78.58451478139409,66.68093699853411,1.0787259925572101,1.1500971909610507,150.60534817865818,150.377949435547,1.0992380185373252,151.22432428517465,150.99692554206348,1.7182141250538052
CMR_0374,CMR,0.6244436782076649,295.06659197697434,92.8385747704582,83.80317731655454,104.55358216074671,89.16649508385298,1.053339746285912,1.107816884075573,34.09157293202286,41.345673762197286,171.64124219204902,34.70619257769681,41.960293407871234,172.25586183772296
CMR_0375,CMR,0.14390202782602754,147.96350869174802,40.988706175526886,40.305167447587046,55.04297570577103,42.804410099390225,1.1003129701277108,1.0169590841876222,163.60635620360014,150.31018443485226,15.128255549529387,164.2324620423142,150.93629027356633,15.754361388243467
CMR_0376,CMR,0.5344566711077902,274.8958219616356,78.99605367988376,77.61754067048277,93.05697067147013,82.4919007298264,1.0607351391694857,1.0177603283676988,78.02130870447729,58.25367492603662,99.22273333365321,78.6467196923401,58.879085913899424,99.84814432151602
CMR_0377,CMR,1.0798623761905268,386.5445524897742,119.7531957763271,109.82563808386989,134.87277569904967,117.25713113655209,1.0493259669187769,1.0903938084555074,71.85460965851382,54.74001574536568,91.10453536489017,72.46812965311891,55.353535739970766,91.71805535949525
CMR_0378,CMR,0.9846611309208824,381.1788868042855,139.2626278556182,89.83148805288019,142.8632079726807,111.96916941962706,1.083628723006922,1.550265178437653,79.09273861972795,57.56763820068747,91.09095314543195,79.71976464936193,58.19466423032146,91.71797917506593
CMR_0379,CMR,1.409699785901318,451.601608806391,129.83712302185032,129.65483869993656,156.41919350172245,133.9733374076443,1.0729691405849608,1.0014059199312693,107.59582716047647,56.40566190078802,1.0936101550315858,108.22016355329306,57.02999829360461,1.7179465478481795
CMR_0380,CMR,1.575001441013104,458.4055675056801,143.00507965672182,132.9492296085656,152.22089459560235,141.61052636413544,1.0303967350812964,1.0756367680938286,10.879990787119844,169.89433685665503,10.554820825416662,11.505352222507966,170.51969829204316,11.180182260804784
CMR_0381,CMR,3.410495908767025,700.4448192906668,206.16367383648935,184.87725064320824,253.6258279950703,208.38373876576026,1.0699419831269124,1.1151381423037356,36.83615987050731,26.35016149285984,66.07997398313559,37.45713402746108,26.971135649813608,66.70094814008935
CMR_0382,CMR,1.539720904461769,472.2166064295086,139.8376364410721,120.01684828011085,174.70450159309624,140.01548283729608,1.0735328065206957,1.1651500472225444,161.83512531101638,138.4403479047935,1.0999346491701796,162.45295104114282,139.05817363491994,1.717760379296624
CMR_0383,CMR,3.7207996791677855,722.3381968182067,230.03455568596635,199.84359829809637,258.4721548834942,217.65728312083496,1.0563735149067404,1.1510729272540203,160.14076623897705,153.291007546832,1.0908549464463837,160.76748774206823,153.91772904992317,1.717576449537546
CMR_0384,CMR,0.22424842973374057,178.57313084587048,54.83669534376526,50.41487651862722,62.13575928889026,53.43425573372974,1.0637669070994773,1.0877086116337957,99.45297881131955,129.74492879532713,77.06807494263326,100.06621458743587,130.35816457144344,77.68131071874957
CMR_0385,CMR,0.16377603714629796,160.36768266366695,50.12960720204246,40.20577597262649,60.56755045592934,45.66466106024236,1.1178582656923188,1.2468260091826722,30.14085331361417,52.055299534185835,12.415022599503656,30.753095847216176,52.66754206778784,13.027265133105661
CMR_0386,CMR,0.28904021432011034,226.22016384746374,92.36806800623353,40.83899609765308,95.20907211201497,60.66444023405237,1.1869905059528567,2.2617614738953318,75.92577929849574,68.93792771116924,82.9699506020186,76.54256683913209,69.55471525180559,83.58673814265495
CMR_0387,CMR,0.10886796378071256,129.43929199329745,38.53595233906488,34.6286064213049,47.823668088592534,37.23103498969625,1.106652187173943,1.1128357829426256,103.12775767634591,80.31471624007938,124.78860416356761,103.745857446811,80.93281601054447,125.4067039340327
CMR_0389,CMR,0.1792607217286191,168.40225278629677,69.68337191353207,33.28648741928532,69.6850768806356,47.77466271180192,1.1220194738132205,2.093443235261866,26.16087738324503,34.39356789798485,34.79436764630645,26.772872660583076,35.0055631753229,35.406362923644494
CMR_0391,CMR,0.4090696973060052,286.10138676896065,121.40730543729062,45.0286580054974,123.88202657488777,72.16950291936676,1.2618751158810337,2.696223045831577,9.097527819719037,17.914153323166886,6.294207012913776,9.713986381595475,18.530611885043324,6.910665574790215
CMR_0394,CMR,1.2947842591051446,481.9268867525025,194.51777455163725,91.67852861131664,201.11623257689445,128.39667131952018,1.1947513194430914,2.121737526747635,14.49488247145762,20.217350272462774,5.4999904557388835,15.109689406963955,20.83215720796911,6.114797391245219
CMR_0397,CMR,2.404969324794783,634.260221133606,208.35692019486333,172.4378768051666,234.35187162153798,174.9886295792884,1.1537395274500728,1.208301354987575,139.11782005049028,144.32705248903343,100.56623060266365,139.72995163425384,144.939184072797,101.1783621864272
CMR_0398,CMR,0.5993214101058938,307.2382193592442,105.0096679273011,68.34149462443203,114.98367479512109,87.35443430949937,1.1195420519701837,1.536543332925005,178.94624661255807,160.59386194724152,6.805055926134522,179.56770408659037,161.21531942127382,7.426513400166812
CMR_0399,CMR,0.19891185295353925,179.69108343997,61.93869525304061,37.64797083717029,67.65216192823344,50.32518624873553,1.1365571114892004,1.6452067369295718,20.76310099253715,45.581545118003525,19.52338835395568,21.390551145029693,46.20899527049607,20.150838506448224
CMR_0400,CMR,0.2940209659246174,222.0488083353562,88.36882351907397,42.09063824746335,89.33175814465069,61.18489362550634,1.1551925110973609,2.0994887984241872,45.921979110976785,49.31475763629514,40.894527309159734,46.548842777368066,49.94162130268642,41.521390975551014
CMR_0401,CMR,0.2792233043579773,223.2170930767483,97.03628268325575,38.948845891947485,97.10382686447035,59.62534301118936,1.191644423382229,2.491377612380489,33.59422215386686,37.61489777982328,39.752064986802694,34.21745901226519,38.23813463822161,40.37530184520102
CMR_0402,CMR,0.6042110310421657,332.1445538927782,120.38416745306685,73.7207460304058,125.46752464270477,87.7100551868536,1.2053908177454062,1.6329754368385654,55.84461600304448,46.97479445507984,66.64735888595439,56.468781004697746,47.598959456733105,67.27152388760766
CMR_0403,CMR,0.3142000450728895,217.51422963968196,69.07783266179459,60.00845653380802,89.09619111633857,63.249657891910644,1.094660935530802,1.1511349675004054,50.152101392407886,50.50238101783336,91.09747934947875,50.76985298816382,51.12013261358929,91.71523094523468
CMR_0404,CMR,0.524371512559209,323.3291551710722,121.02980232051178,69.44229731580624,125.79142111556664,81.7098859332808,1.259564438340329,1.7428830410102711,145.77845588608346,143.45110035530007,159.26609301364556,146.40402165473714,144.07666612395374,159.89165878229923
CMR_0405,CMR,0.199236848545682,167.7605952269428,49.42023460752153,49.420230786422294,56.681594824328215,50.366281810033655,1.0602302582950476,1.0000000773185227,136.10512964115486,148.6274020570749,91.10512848944455,136.71518203634048,149.23745445226052,91.71518088463017
CMR_0406,CMR,0.12896836798413006,140.0213468091395,43.165381625553046,31.533947639963642,51.049987403102854,40.5225401643765,1.0998861074681607,1.368854357164234,9.429725236053931,159.68492908719,15.137386055866914,10.0437312412127,160.29893509234876,15.751392061025683
CMR_0407,CMR,2.825194947519898,668.3978015931898,253.1129190124557,151.00787002486553,261.6599700616665,189.66153876757187,1.1217752926245963,1.6761571365173031,4.115721349354324,172.73595293532406,7.436495168727909,4.734494182658665,173.3547257686284,8.05526800203225
CMR_0408,CMR,0.659633759288266,344.0396743247779,140.02829147766693,70.25700508640497,140.04347725211022,91.64451905968713,1.1949566728120964,1.9930865442592427,140.250418660955,135.24816632264316,136.09194511372405,140.87357594144572,135.87132360313387,136.71510239421477
CMR_0409,CMR,2.850411758870697,649.0388635056557,209.05336164002227,190.02847892446513,214.88727289226944,190.50608835867374,1.0844560851114438,1.1001159553727702,154.85034509295562,167.47387995089574,1.0891236489434817,155.4762544375598,168.0997892954999,1.715032993547652
CMR_0410,CMR,0.5291477247007786,283.7139166030982,88.9202355014815,70.01012627709748,100.27953128755854,82.08116763884799,1.1002395202276287,1.2701053437546805,94.14647858842704,120.80700923444691,91.09383776903135,94.76759661600178,121.42812726202165,91.71495579660609
CMR_0411,CMR,0.44924927575383106,267.9585357528324,98.87773466226227,59.84665742772196,108.96659248490658,75.63081007984837,1.1277659319979385,1.6521847486917536,13.839165570438881,27.371204606037086,1.092233466393965,14.461835333223306,27.993874368821512,1.7149032291783897
CMR_0412,CMR,0.32424215260189426,217.17002373657897,63.88922417437793,57.343401027851485,76.15817341663721,64.25246538171007,1.0758710210954672,1.1141512890619647,12.418654984380625,51.19382831552408,10.560060815697598,13.035823142428427,51.81099647357188,11.1772289737454
CMR_0413,CMR,0.15394953589778593,152.94738043934305,43.46332889561231,40.42578980704174,55.446642674626545,44.27354029199456,1.0996333913816074,1.0751386454802538,33.43257085432893,59.88042586680792,15.125977783833553,34.0577350476587,60.50559006013769,15.751141977163327
CMR_0414,CMR,1.2547883003181832,435.0166217736921,142.7906402215268,121.98191245726571,154.50796913971828,126.39802546860186,1.095508342408703,1.1705886335529545,5.567678931263964,14.933301052507607,144.2228219969024,6.189726197677792,15.555348318921435,144.84486926331624
CMR_0415,CMR,1.3448328520268065,504.5477873883549,185.26690980850424,109.3084340906819,190.70698119164686,130.8546662622125,1.2273352824579293,1.6949004104734264,141.88040464373827,153.17933647870652,138.7418132117005,142.49682963268725,153.7957614676555,139.35823820064948
CMR_0416,CMR,0.2440308837073323,190.4973128457186,64.28535674567095,47.47841927582981,69.91006289112985,55.74134652776548,1.0878312374465964,1.3539910916620843,91.78006346671266,74.13866988880427,100.55322448618541,92.40370235255871,74.76230877465032,101.17686337203146
CMR_0417,CMR,0.4145485720088449,293.94620951524985,122.6780338467326,47.174727657911106,122.7170788702017,72.65119648671683,1.2878794709466759,2.60050327659199,14.57455813766491,15.138309746096683,16.58368151858263,15.193080632825152,15.756832241256925,17.202204013742872
CMR_0418,CMR,0.32931862666237605,222.39506468110295,70.01020182824091,60.0087535347701,89.73076195578,64.75349398174686,1.093231320404634,1.1666664895426597,53.77925215747802,50.61287293695659,91.09244146775939,54.40127483281766,51.234895612296235,91.71446414309904
CMR_0419,CMR,0.26860165661065744,211.9675205055333,81.04107743869197,46.01185978093071,86.9783485551278,58.48027453578377,1.1537455639933984,1.7613084501374332,59.70965622511652,49.69684927460489,77.05512058440137,60.33274010475445,50.31993315424282,77.6782044640393
CMR_0421,CMR,1.714970670819018,514.6710032456739,183.7027132921392,122.64462333221343,187.04630460325296,147.76902504069528,1.1086550000591178,1.4978456315572415,49.29011917866945,65.5503427814051,51.28919895143007,49.90964526510652,66.16986886784217,51.90872503786714
CMR_0424,CMR,1.994999064379287,575.3546725727728,218.2673229924518,129.59646779189129,218.26765643481818,159.37727882221353,1.14910407365059,1.6842073453957866,26.473790498881204,25.689583822939902,25.58942215447522,27.084695468850086,26.300488792908784,26.2003271244441
CMR_0425,CMR,2.7752834850314434,628.2032274471144,213.59865049523052,177.58590762163269,229.08005467485566,187.97874031369747,1.0637548559761798,1.202790544339403,82.86965284347703,93.50796799303674,58.59440041585124,83.48874433180677,94.12705948136649,59.213491904180984
CMR_0426,CMR,0.1282948883052412,151.26830604802151,55.79993438964472,34.90645735191112,58.55697004826283,40.41659624184276,1.1913471632604056,1.5985562163210951,37.36922254109574,49.2579185828901,30.137383667935016,37.98199019905293,49.87068624084729,30.750151325892205
CMR_0427,CMR,0.21878294881285607,186.77500895705626,59.70619982407578,48.02856806500123,68.84910957191327,52.77907749689239,1.1264374949826963,1.2431392862529276,98.08606643276183,124.42864973650572,81.63488655887589,98.70221620607913,125.04479950982302,82.2510363321932
CMR_0429,CMR,0.1891343535906461,177.20327713075903,51.74227024471366,46.77639133334524,61.41085576378635,49.072735633907094,1.1494275639264113,1.106162078129965,35.37944890968988,18.30347988747513,54.226961244637295,35.99585959164845,18.919890569433704,54.843371926595864
CMR_0430,CMR,0.2492316187781013,191.97518767251418,54.69019309246284,54.676461555407954,70.24608056786305,56.332189095279915,1.084772332117128,1.0002511416551887,52.36264717557528,57.42668347211457,12.40677973597322,52.97893763460273,58.042973931142015,13.023070195000663
CMR_0431,CMR,0.799455828589573,366.96084500707656,137.6465051742705,86.09773621657536,142.08909931264967,100.8909696270811,1.15775738145703,1.5987238599169007,18.554687746815674,12.971113598868213,33.729570292610084,19.16506345015339,13.581489302205929,34.3399459959478
CMR_0432,CMR,0.799557582240553,342.4010372576028,121.53037212701852,86.42084485218993,124.11077420022797,100.89739005551675,1.080202720196331,1.4062622546085757,107.7802967484519,119.40831485482533,96.80404412632205,108.39970656437232,120.02772467074576,97.42345394224247
CMR_0433,CMR,0.15886278758380284,156.08096944887507,49.07594473696382,38.81145612033802,60.29089106118183,44.97447980116724,1.1046734912860008,1.2644705878800304,139.50927274429966,142.38691470009854,105.12512529041715,140.13321221937315,143.01085417517203,105.74906476549062
CMR_0434,CMR,0.34424141851131507,231.63585390971582,96.041837695553,49.50420225474903,96.04198934173685,66.20436443198692,1.1137027434170623,1.9400744446162552,42.13204558164952,45.998397605431336,46.10021720180556,42.744640040532815,46.61099206431463,46.71281166068886
CMR_0435,CMR,0.4543771344640373,268.9275932531156,99.42861744336898,50.00752073000709,102.68491511577335,76.06122111977027,1.1254396174534955,1.9882732835364638,91.8214363939791,107.09366437289358,91.08698087299635,92.44722953119748,107.71945751011197,91.71277401021473
CMR_0436,CMR,0.12897184456629554,140.02323406674864,43.165961725604014,31.53437519458029,51.050675479354744,40.523086340905024,1.09988610748738,1.3688541935348955,99.41537672633794,69.67058060399694,105.12304145254019,100.04127339930986,70.29647727696886,105.74893812551211
CMR_0437,CMR,0.20899777320763774,178.807192211145,52.65923088583719,41.19000611427515,64.41042329758515,51.58529147049142,1.10333964157459,1.2784467848764696,7.545000430558794,154.77517290726618,12.409486326424433,8.157973772584343,155.38814624929174,13.022459668449983
CMR_0438,CMR,1.6698514672469318,519.9595046205625,167.07825163885778,147.18354656628057,173.33418807725022,145.81223960740837,1.1350779000553965,1.1351693551127884,119.1798478704599,122.24402526775226,86.69123842967853,119.80223193978922,122.86640933708159,87.31362249900786
CMR_0439,CMR,0.5040712194531455,293.28184753188145,110.57104295694154,63.46130968510273,111.57196512777195,80.11263383328632,1.165290754288705,1.7423378670500023,22.49203915655399,16.1266549871719,24.72216668366401,23.10359880434303,16.73821463496094,25.33372633145305
CMR_0440,CMR,1.6047147394300398,485.6031434093771,163.033295200253,135.46339796935163,169.8213566973324,142.9400666105102,1.0813782655517827,1.2035228529933895,23.9266284959679,21.57860013573973,168.57503100332366,24.535000229459587,22.186971869231417,169.18340273681534
CMR_0441,CMR,1.5848693239203646,490.6811953691827,159.55527643326585,140.01958963435672,179.84591825306225,142.05345108279104,1.0995063777750929,1.1395210973687615,35.21660170979403,35.53862357005025,1.0960813447385656,35.832723870424104,36.154745730680325,1.7122035053686415
CMR_0442,CMR,0.12896824471658508,140.02127990005027,43.16535929391147,31.533935099083006,51.0499630163335,40.522520798716094,1.0998861075223596,1.3688541933723553,99.42776763752447,69.6829715125632,105.13543237923297,100.04065625317347,70.2958601282122,105.74832099488196
CMR_0443,CMR,0.13891838976588872,145.2330534607651,40.00543826722179,39.07340673258843,53.472922422141025,42.05667454053661,1.099209988004693,1.0238533471374027,26.17444227106907,45.854177655284175,1.0996548335125613,26.786847104129528,46.466582488344635,1.7120596665730208
CMR_0444,CMR,0.10386139885039083,125.33064428416962,38.68928822637816,30.004281100164533,46.64633277786353,36.36487868642336,1.0970470563491639,1.2894589307845807,109.40295380926803,127.79706913900158,91.09338539381537,110.0215606408313,128.41567597056485,91.71199222537864
CMR_0445,CMR,0.13895833872558985,166.30754576515636,61.627876978869395,32.31557323313238,62.29127606969833,42.06272125482665,1.2585333136984804,1.9070643288383264,117.32691815945287,127.14360789069467,112.89536582030745,117.94493615749028,127.76162588873207,113.51338381834485
CMR_0446,CMR,0.11882847330469425,135.57565395923606,38.792814729298264,38.79280896649196,52.33689402048117,38.8969293456493,1.1094724366946567,1.000000148553468,136.09439165581816,134.9882048551376,1.0943801212759783,136.711962281997,135.60577548131644,1.7119507474548072
CRR_1340,CRR,1.0697310613829987,407.4594565543964,158.4396600325134,93.96845401233534,160.24913321975754,116.70577918785135,1.1113277692236192,1.6860941440168298,113.01584148581948,113.44625739437497,122.06463200975358,113.6269109870911,114.05732689564658,122.6757015110252
CMR_0447,CMR,0.779537053757029,330.9413218480349,108.9378823820012,90.0133533609656,114.88924811664901,99.62617143250009,1.0573717023978355,1.210241351026505,166.45194045290387,150.1362777680912,1.088001099604565,167.0758575797366,150.76019489492393,1.711918226437291
CRR_1341,CRR,0.22416795286916882,194.10118497347779,77.42243224084025,37.68052070113713,79.99167644154183,53.424666798713304,1.1564756469110005,2.054707068803956,0.604075652714285,168.8982616162667,10.564728971852995,1.2135567251347856,169.5077426886872,11.174210044273496
CRR_1342,CRR,1.0998086736768697,400.3054954335585,129.55186611073188,100.01378949350213,138.09467497091197,118.3351129195439,1.0767826517969834,1.2953400402766344,99.9919453764183,113.28959074670503,91.09776754932373,100.6058742173408,113.90351958762753,91.71169639024623
CRR_1343,CRR,0.2590755504271038,197.5971414088142,64.92123683469582,50.21065880503762,75.18224699556839,57.43389555635394,1.095122017805106,1.2929771960726055,38.11491079473616,51.15377787479665,19.52779349183332,38.73376228255455,51.77262936261504,20.14664497965171
CRR_1344,CRR,1.2943038418359356,447.7071385397232,151.28377018699533,113.17579329687257,166.5473009347459,128.37284893341578,1.1101226583057804,1.3367149085508183,87.16939718373294,64.19849066181735,100.77807409504777,87.79310511308377,64.82219859116817,101.4017820243986
CRR_1345,CRR,0.37926616627763876,240.09291565415495,79.56856355616003,66.18721217554904,82.99326157416833,69.49076779578647,1.09977125134085,1.2021742711434875,82.36719296951462,48.016556309481466,64.53359970837926,82.97996437897422,48.62932771894107,65.14637111783885
CRR_1346,CRR,1.0396897003889214,391.6221894445925,124.95243261111644,113.92353566762456,128.98808403724257,115.05537974336653,1.083454027331931,1.0968096441078603,39.64906474147075,22.590108706584846,8.22005062279762,40.26538340451389,23.206427369627985,8.83636928584076
CRR_1347,CRR,0.14862585625552568,154.10633765729892,50.826587573542604,39.72690954113719,62.1258059246962,43.501300848900975,1.1276345728207098,1.2793994841434042,153.9073306099459,155.48934892756856,117.65704452735665,154.52655667411494,156.1085749917376,118.27627059152572
CRR_1348,CRR,0.39428962872127354,252.320793196756,90.01233199132399,50.00685009318541,96.66056894439292,70.85373295507236,1.1335493503947194,1.800000036466809,5.674904581941468,24.711178121926974,1.0979020360539553,6.2881194742508795,25.324393014236385,1.7111169283633672
CRR_1349,CRR,0.6193669304810713,303.3748584461862,92.62148552280428,83.10379103972437,112.17026325264958,88.80329208929894,1.0874283417997943,1.1145278014877849,66.04093493868166,53.2994284793439,99.22196633811265,66.66013336777034,53.918626908432586,99.84116476720133
CRR_1350,CRR,1.1848687636846043,408.23901622052,140.01942841602354,109.83323618649506,151.43102217417163,122.82596489524113,1.057972676215232,1.274836591159645,21.17719160150604,25.168002157372054,1.0961856513147694,21.791882649006066,25.782693204872082,1.710876698814797
CRR_1351,CRR,0.7646356629889282,324.18440593667816,109.17583516148336,89.75930154214406,112.4687259183009,98.66936522712064,1.0458271533290489,1.2163177886385712,92.78695285055892,106.4499707661881,91.08919133099782,93.40856752492512,107.0715854405543,91.71080600536402
CRR_1352,CRR,0.3240721990099662,234.992522980713,93.24819526505375,40.91927418742257,95.94171203364247,64.23562400481312,1.1644697845299647,2.278833071132909,122.9821231260066,135.66212131386416,120.84528276787984,123.59245064024526,136.27244882810282,121.4556102821185
CRR_1353,CRR,0.9941764552174678,465.1558774671957,186.1275218491964,87.59279994173531,187.79021269139068,112.50887863753272,1.3160180441520337,2.124918052317132,12.317352460323917,4.625212141920256,176.33153822522607,12.932806763816346,5.240666445412685,176.9469925287185
CRR_1354,CRR,3.020407591628131,640.8448323583982,204.24749449250533,194.27152364591907,215.1259844420217,196.1046248021507,1.040195996679192,1.0513506594243247,160.7247125988222,168.30533765080983,49.453131230692996,161.3485507247013,168.92917577668894,50.07696935657211
CRR_1355,CRR,0.36939650953684855,227.22983869156567,72.1958763782399,64.97164856931305,80.68619768049439,68.58062726670377,1.0546637873431892,1.111190464887464,4.552801558093021,168.13853894100703,15.136159921965302,5.163336665558274,168.74907404847227,15.746695029430555
CRR_1356,CRR,0.12897078487173183,140.0226588174251,43.16578438189553,31.534245648305987,51.05046575111882,40.52291986200161,1.0998861074944466,1.368854193098936,99.41743148495374,69.67263536105663,105.12509620353636,100.03901824884254,70.29422212494543,105.74668296742516
CRR_1357,CRR,0.48964926491123917,255.52369858655157,80.01159268333694,70.01013718697062,88.23465874055093,78.95826791004811,1.0301102286970991,1.1428572475105456,9.882412953241825,27.343771276146406,1.090124697828431,10.502690199520044,27.964048522424626,1.7104019441066498
CRR_1358,CRR,0.7446741800731821,330.92633811756275,106.92684219187606,89.23393812589005,112.90173964261021,97.37292303368577,1.0817907251791044,1.198275504113974,101.80240384961196,76.76230417311497,117.66756041383674,102.41017389496372,77.37007421846673,118.2753304591885
CRR_1359,CRR,2.490237407117957,727.7206555079076,249.73736793499106,164.15759107131566,254.17203708009686,178.06371731830546,1.300886460851743,1.5213269536009248,39.78617046964176,49.43468640692637,28.131671782328503,40.39654223924736,50.04505817653197,28.742043551934103
CRR_1360,CRR,0.10920784991347991,124.05909682763196,37.36589440832789,34.57743666859452,43.06930734100794,37.289107404890395,1.0590019375494213,1.0806438535759368,178.2053847624514,154.59511502996193,19.537945307439387,178.81253536779212,155.20226563530267,20.145095912780135
CRR_1361,CRR,0.10888990468548268,128.35131477073799,39.90020614050968,31.3787463047414,46.90997940168191,37.23478651315182,1.097239872230308,1.271567887161912,28.303939099887483,53.99581786110502,19.52776371553015,28.921048625532283,54.61292738674982,20.14487324117495
CRR_1362,CRR,0.5992759420580492,324.9524401202306,129.08586323112885,59.806383479008694,129.95813067763297,87.35112063601281,1.1841356295911287,2.1583960728278515,3.04754300422639,174.45415140881838,1.0962290326495752,3.661209225791615,175.0678176303836,1.7098952542148
CRR_1363,CRR,1.9049670800263345,509.8547898581045,175.2283037877876,141.23592824061424,180.29266603042603,155.73950743816428,1.042072257705265,1.2406779632535343,6.097364073153803,175.62015441122986,9.232496554155937,6.704697704794143,176.2274880428702,9.839830185796277
CRR_1364,CRR,0.7046266523066593,372.07402562467564,137.73778702698775,84.55164638088482,147.18315100725474,94.71845216171941,1.250388261690798,1.629037315329286,25.835223759486933,19.899913654994144,41.78002565438327,26.446306305696755,20.510996201203966,42.391108200593095
CRR_1365,CRR,0.2335467589219479,202.1854852484355,80.27602310337646,44.3344152089284,86.62114369044687,54.53081413330941,1.1802068210482115,1.810693176510195,44.175814656798195,42.46633877089548,64.53281613073261,44.78758959870312,43.07811371280041,65.14459107263754
CRR_1366,CRR,0.2894794352773875,205.78870126598108,71.25810649074059,53.27994038858758,78.99992930892414,60.7105151009916,1.0789659413845862,1.3374284199838158,85.61295552921534,98.01696092286555,64.53215239237761,86.2253808541349,98.6293862477851,65.14457771729717
CRR_1367,CRR,0.34380566696813464,249.97235779465592,105.96988965514936,48.129007879527215,109.11988587395764,66.16244938693524,1.2026258624944854,2.201788366807912,124.58276890930694,128.72174933601858,114.28490950084273,125.20601426151092,129.34499468822256,114.90815485304671
CRR_1368,CRR,0.27912273646787716,203.5242862371462,66.52570519909949,52.173701320426154,75.76625984072948,59.614604410797924,1.086710094415204,1.2750811906276331,118.60268436322504,131.97283363354057,100.5587722749672,119.21578773963898,132.5859370099545,101.17187565138114
CRR_1369,CRR,0.39450310938204797,231.953264998344,70.0092643823702,69.59724918727692,83.49397920775343,70.87291156614104,1.0417663921239921,1.0059199925270697,51.97219354513695,47.2400394798009,91.10036051564033,52.58062512257567,47.848471057239614,91.70879209307905
CRR_1370,CRR,0.5233698609659178,321.735859512408,135.5299823591206,57.684208110096804,142.28277317434652,81.631807740877,1.254556375227204,2.3495162159537037,128.5035180545643,133.76036318801832,114.30001576301416,129.11007863462132,134.36692376807534,114.9065763430712
CRR_1371,CRR,10.009823966839102,1598.605202024117,571.7358867527006,272.3333585592074,609.9577629111951,357.0000519666256,1.4253550863815638,2.0993971865125025,4.141836875040116,15.769524231804038,173.6272357537474,4.748756866539779,16.3764442233037,174.23415574524708
CRR_1372,CRR,0.4944516696461861,302.85340871292925,111.64225631848895,68.02580502518437,113.25805513963346,79.34452840327751,1.2149701560744732,1.641175084619094,24.420573914490678,14.835403766644331,24.65205923087044,25.03631745265204,15.451147304805692,25.2678027690318
CRR_1373,CRR,0.3543435512477995,225.2329418107464,73.46526223245469,62.34216366624419,84.07798801402498,67.16875924643756,1.0673693079483448,1.1784201559920067,20.194140745743677,35.268064326798,169.77770442836112,20.814304127105885,35.88822770816021,170.39786780972332
CRR_1374,CRR,0.10386233262405745,125.33120712345277,38.689462166612806,30.004413978679192,46.64654319456416,36.3650421566354,1.0970470514761663,1.289459017400077,162.77630093674128,144.38219289415454,1.0858783423744849,163.39803022321428,145.00392218062754,1.7076076288474837
CRR_1375,CRR,0.47952640266787494,256.70024827056056,87.62540574373088,70.36736167645853,91.57444028612069,78.13782557899441,1.045719230153736,1.2452563753437702,171.643665202424,168.41974618240457,12.410018095060979,172.25111553125646,169.02719651123704,13.01746842389345
CRR_1376,CRR,0.14390089599764336,147.9629271871107,40.98853970770053,40.30501277156154,55.04275992419883,42.804241764925756,1.1003129729760184,1.0169588567063121,73.60167943718956,60.30551774535317,105.12359458930979,74.22165540428695,60.92549371245055,105.74357055640718
CMR_0448,CMR,1.194916232719807,400.64936034229277,120.02010264226314,119.76623239254783,133.42132252746413,123.3456363291715,1.0339291772740444,1.0021197147530134,25.26954988215131,28.657534997650252,1.079786759104776,25.914067105338024,29.302052220836966,1.7243039822914916
CMR_0449,CMR,1.084848346331847,385.3761534510352,120.0197341156038,119.49890809090564,137.51588734032788,117.5275208021617,1.0437473598157427,1.0043584165999404,147.18134120156043,150.33281297610455,1.0824034248627,147.8230969624796,150.97456873702373,1.7241591857818934
CMR_0450,CMR,5.62122144558035,1013.5664671731593,417.4303003373607,193.81229361441876,417.4581244016645,267.5287168553361,1.2059573663639769,2.153786493894037,42.48779946072716,41.22953909942741,40.56801788509961,43.124025438563415,41.86576507726367,41.20424386293586
CMR_0451,CMR,5.316373727951146,863.6436385931328,279.95598215134066,220.03734822748103,303.095261893506,260.1733511530052,1.0566274642873221,1.2723111981058506,93.29172118654432,63.48156641715274,91.07779834732493,93.9379241664858,64.12776939709421,91.72400132726641
CMR_0452,CMR,0.489635959026426,270.73275510556215,86.6357849392117,72.21128228645448,93.14988560574795,78.95719508422088,1.0914383720439114,1.1997541408493033,38.022424319317196,34.81500469515124,10.55353847493918,38.65522586961473,35.447806245448774,11.186340025236717
CMR_0453,CMR,2.0252080419259055,531.9975963517386,180.01845870727314,147.99536800773964,200.0567186108898,160.57941852229166,1.0545566542904397,1.216379006523088,111.57115583231186,117.51338931054454,85.89128190614696,112.20934505262142,118.1515785308541,86.52947112645651
CMR_0454,CMR,2.760472211370959,670.6007276870151,249.10174549840232,161.95959709761993,251.50545029910685,187.4764620335051,1.1385900874674733,1.538048685983444,88.79472636885852,97.2670535913219,77.04535494995342,89.43692619008547,97.90925341254885,77.68755477118037
CMR_0455,CMR,1.1798888180868996,426.4544222071238,134.9893348536142,111.11608504700256,155.34032681646835,122.56757734323843,1.107508702853645,1.2148496304249123,34.55908004934655,41.25785644182494,5.846329444073043,35.20004121836673,41.89881761084512,6.487290613093222
CMR_0456,CMR,2.0061019564053124,585.5474379442473,190.02958726788,150.02339800724022,193.48247078425146,159.8201596065346,1.1662204491980925,1.266666331999153,88.57306844101635,101.93074819546958,91.09006398972588,89.20655566053787,102.5642354149911,91.7235512092474
CMR_0457,CMR,0.8046607258618399,389.1151839940027,159.48707726008678,73.04327900796135,160.14380976001286,101.21886465785884,1.2236771312164592,2.1834599901067353,110.29531944865805,113.36011769769836,107.88236208537667,110.93818315857145,114.00298140761176,108.52522579529007
CMR_0458,CMR,2.8550144388674963,707.3958161587398,256.6545738354441,159.89456915596747,270.0758008455721,190.65983542308973,1.1810095253082808,1.6051487876682862,74.30432429415617,82.44957217064623,64.19143239258376,74.94468860625278,83.08993648274284,64.83179670468037
CMR_0459,CMR,0.18899516747748646,170.52944048413013,66.98340605007425,39.68459707862114,67.76298005414661,49.054675719668225,1.106545013194842,1.6878943212493773,12.154141308974902,10.917684848878414,1.0828639381781395,12.794319177949175,11.557862717852688,1.7230418071524127
CMR_0460,CMR,1.6145668186433781,555.173421511619,215.82627382077663,116.691657561735,215.89771640608237,143.37818247955283,1.2325249599173207,1.849543303527033,141.70417851027494,130.11971472578946,131.59373737807275,142.3492269361651,130.76476315167963,132.2387858039629
CMR_0461,CMR,2.9055733964661585,855.5579939109247,330.23938535327096,138.9485968903213,336.7711784420913,192.34060799818565,1.415887006388103,2.3767018361037824,161.07265041462637,169.15727296243168,157.85434836427746,161.70710287676417,169.79172542456948,158.48880082641526
CMR_0462,CMR,1.2345979718957067,438.99212833039286,157.11924573634843,94.66411711350074,176.29594671495786,125.37698990115551,1.1145229640190903,1.6597550426416063,11.627620012003806,27.469836608123135,176.31579607521408,12.270846733700058,28.113063329819386,176.95902279691035
CMR_0463,CMR,0.10889561827978066,128.35468156196768,39.901249803153405,31.379573431283436,46.911209383665216,37.23576337906905,1.0972398675761512,1.2715676295132299,118.28923194540725,143.98111350539145,109.5130616878734,118.93363636098707,144.62551792097128,110.15746610345322
CMR_0464,CMR,2.1250690361060487,567.9155094326504,176.86076994775817,163.98990991272132,204.92636959533598,164.49078795064653,1.0989862923129485,1.0784856826977158,138.89682160113787,157.86558943160188,109.52228695559283,139.53199035608367,158.50075818654767,110.15745571053863
CMR_0465,CMR,0.1992494175652508,167.76588679589855,49.42179306275016,49.421789997283994,56.68338269065222,50.367870484022475,1.0602302582648404,1.0000000620266114,136.08130412799136,148.60357655681892,1.0812951415982384,136.72228991672233,149.2445623455499,1.7222809303292195
CMR_0466,CMR,1.4047891298652075,456.52406737678444,140.90435231782172,135.06018133722563,155.16823980881765,133.73978735434278,1.0865586584331202,1.0432708657928131,44.26220790721668,64.19467921375787,12.388893775867615,44.90549049564656,64.83796180218775,13.0321763642975
CMR_0467,CMR,1.3848501852308346,455.04084970025446,140.02346480397483,129.70682861264902,165.3271841909745,132.78727421593206,1.0907973066871248,1.0795381114600757,24.837483024951975,34.19902265640907,1.0779969145670198,25.481411284540155,34.84295091599725,1.7219251741551995
CMR_0468,CMR,0.7293921854438277,358.0092431181172,109.34728320359756,99.0844871122535,139.0115240360313,96.36861388065539,1.1825207071132144,1.1035762145058818,134.86699312095945,136.89932648455445,1.0797643567369914,135.50912365674333,137.54145702033833,1.7218948925208806
CMR_0469,CMR,0.539359316021437,295.6076523571963,107.47399922491847,69.9045974233432,110.66578330023769,82.8693918150606,1.1354594997736671,1.5374382113104015,84.8556255866945,99.23343731247543,79.78039666490422,85.48718848471545,99.86500021049638,80.41195956292516
CMR_0470,CMR,0.2043566150385112,173.98002730393162,61.7737836455998,44.1936968160856,62.9024489441528,51.00930537610299,1.0856756876229032,1.397796249150069,70.01214277413673,54.43855890638824,79.77881195560194,70.64508451972459,55.071500651976095,80.4117537011898
CMR_0471,CMR,0.35441157598757506,224.36025090785364,70.01120600255075,59.69468720934455,83.93403794748583,67.1752062638658,1.063131621064497,1.1728213895656574,75.08603111695092,55.726174635147906,91.08451319739228,75.72305465723493,56.363198175431904,91.72153673767629
CMR_0472,CMR,0.2892418726094827,214.66985605480465,79.26063401868915,44.42277713936833,80.89472869930921,60.685598802322424,1.1259926374044538,1.784234105175897,111.96487909352358,106.11122300013797,117.64708153667583,112.60410999334147,106.75045389995586,118.28631243649372
CMR_0473,CMR,0.11885365137177653,136.07956249525733,46.65076681897782,29.108920988596058,52.85749477998212,38.90104998103682,1.1134781727207999,1.602627827986276,26.939797221260555,45.587999422491016,15.120929972496961,27.576329300885398,46.22453150211586,15.757462052121802
CMR_0474,CMR,0.1289735747571901,140.02417329172252,43.16625126783833,31.53458670351828,51.051017910479516,40.52335815387357,1.0998861075191293,1.368854194084691,99.41557715328427,69.67078102931947,105.12324188023044,100.04968198957496,70.30488586561016,105.75734671652113
CMR_0475,CMR,1.3548090746273294,441.42417020997584,150.02315668082477,119.92064445918415,160.31172702640322,131.33912171860933,1.0698234885364164,1.2510202672558703,20.68780261818802,23.125503344365836,1.0897213942239756,21.319166882849135,23.75686760902695,1.7210856588850914
CMR_0476,CMR,1.4848041281092585,470.8426279820898,160.03720125918338,115.8787832159385,186.65435588490388,137.4958665594978,1.0900245009081915,1.3810742296193799,70.44461167959845,59.18702545013486,96.27421984241234,71.08584369072328,59.82825746125968,96.91545185353716
CMR_0477,CMR,0.12394191360734437,145.1325222891703,50.0077040010097,29.286836547952007,55.48892093796456,39.725023052859264,1.1629223371364956,1.7075147026935102,83.58584903528585,61.03991577739351,91.08970582351023,84.21711888681321,61.67118562892087,91.7209756750376
CMR_0478,CMR,0.5090380919864691,282.27389118078304,79.58704244245494,73.42666954189299,105.00636993496632,80.50636176686336,1.1160679504385889,1.0838983020610407,144.54521350827594,147.34352697323857,9.208054281047676,145.1881968559815,147.98651032094412,9.851037628753227
CMR_0479,CMR,0.735715817914159,330.85327567477066,100.01609580224955,99.42968064720509,115.6463861692093,96.7854572265628,1.0881166607194284,1.005897787775515,51.18032934545608,59.550954128695544,91.08303470718936,51.817957367113195,60.18858215035266,91.72066272884648
CMR_0480,CMR,0.46416574537892885,268.72955574247237,89.42124637609041,65.05513076857616,96.82646356115404,76.87614599652645,1.112689420024672,1.3745456402845924,17.92485914567296,45.96004726351914,7.41545449602785,18.569415402675922,46.6046035205221,8.06001075303081
CMR_0481,CMR,0.27944877607002133,196.6746894260195,66.74939348620353,50.94051751510204,68.52445219882448,59.649411767442636,1.0495241470360717,1.3103399168729435,97.32826394583394,88.48000171036679,105.12157360899089,97.9625948526508,89.11433261718365,105.75590451580774
CMR_0482,CMR,0.6146194172429164,294.3601778642974,99.57893788119917,80.01228592215129,107.37387230024457,88.4622940577375,1.0591829627645684,1.2445455936365253,62.053532376235246,57.86227942642747,91.08932778331398,62.683851287310176,58.4925983375024,91.71964669438891
CMR_0483,CMR,0.5079411158559537,313.3898863694665,119.10405558110739,62.13694175095173,120.52989334293058,80.4195694532559,1.24043314008786,1.9167994469132867,46.71979783877382,36.89777655662499,46.47842594493142,47.357218719188864,37.53519743704003,47.115846825346466
CMR_0484,CMR,3.345602022088563,725.7833620757181,266.8592880769135,160.29226376220785,283.3472470088854,206.39168576929356,1.119347509156214,1.6648294921631208,102.03044266453882,109.22132556325049,88.07340866567262,102.66379496621826,109.85467786492993,88.70676096735205
CMR_0485,CMR,0.35444927824864597,228.49828731628506,81.27557729796833,56.36560119118115,81.77407741774076,67.17877921405041,1.0826821308718524,1.4419357831791306,17.523596957915625,15.539981981598078,9.210279365118996,18.162856205050243,16.179241228732696,9.849538612253614
CMR_0486,CMR,0.12868402328802675,141.33999915895225,40.305362674863254,39.80539288651149,54.2818395074455,40.4778442145745,1.1114702355938224,1.0125603530601297,54.86591220208135,59.968791488184706,15.124781742342222,55.49672929819097,60.59960858429433,15.755598838451846
CMR_0487,CMR,0.589644149254246,368.10054787557584,148.74441195056497,60.214412722484454,148.8968942970295,86.64630679678324,1.3522797200493664,2.4702459963546706,35.12185947083619,37.2489231885136,34.655689258472314,35.754042009703156,37.881105727380564,35.28787179733928
CMR_0488,CMR,0.5595534382293986,290.40488934194013,103.76153794127215,64.33729741113262,106.49400570560917,84.40649056477793,1.0951616001936129,1.6127742711697701,84.14586487791706,70.01933208293794,83.953992625669,84.7860995456276,70.65956675064847,84.59422729337953
CMR_0489,CMR,1.1448807968753065,414.35241009263865,154.1687820223266,93.20256609936934,160.45046732231498,120.73555833264471,1.0924078234945787,1.654125937454954,107.46195262715581,113.03007057910499,96.27757864600403,108.09798942799543,113.6661073799446,96.91361544684365
CMR_0490,CMR,0.829608185423716,358.06518703110106,119.39708622952334,96.13025781120643,134.39028278029699,102.77596743974034,1.108972182597783,1.2420343911280405,30.833069097338562,37.0303044239963,172.95392971976324,31.468148951614094,37.66538427827183,173.58900957403878
CMR_0491,CMR,0.21420740549518827,175.7372619182896,50.007640047082404,49.42122309272907,62.10861511261169,52.22426059329073,1.071128766668422,1.0118656908440538,160.83360545453152,142.52395673576194,1.089481698953381,161.46314354457144,143.15349482580186,1.7190197889933074
CMR_0492,CMR,0.5445149114287432,292.9807218081747,95.78904837171817,81.27714276170575,104.79177248041762,83.26451332524802,1.1200288873186317,1.1785484223105565,61.050584857597684,50.85829897579937,79.77718590067347,61.68246423728783,51.49017835548952,80.40906528036362
CMR_0493,CMR,0.22393817193191676,193.47928880084672,77.4095157302086,39.8628522065789,81.06907846858641,53.397278589776306,1.1533615948905287,1.9418960622549999,128.06231925604715,134.92384686700322,117.64272151937108,128.70352922317363,135.5650568341297,118.28393148649756
CMR_0494,CMR,0.17392991312304817,186.66137782823373,73.14370827368938,34.2246926959565,76.97809950361516,47.05894637586102,1.2625901450673422,2.1371618709181575,159.2628643757656,151.91541215310554,171.61350973889046,159.905803736819,152.55835151415894,172.25644909994386
CMR_0495,CMR,0.5894338149017551,322.22561130938084,118.75487717127118,70.01087880539664,120.6436135968131,86.6308514408707,1.1839615559059606,1.6962346309259184,17.896455862173973,34.981572480882065,1.0868528048428414,18.52838032595949,35.61349694466758,1.7187772686283591
CMR_0496,CMR,0.5244919116144906,276.3560765806463,98.95844768736389,69.73695819598997,102.90940108419147,81.71926595126202,1.0764520490804281,1.419024434780326,15.513199119911327,17.935106344856784,1.0828905959838553,16.14905225912998,18.570959484075438,1.7187437352025086
CMR_0497,CMR,0.1088930330563807,128.35315850081656,39.90077927821189,31.379197056324045,46.910653251032876,37.23532138085251,1.0972398722126877,1.2715678864118813,28.297407004664258,53.989285752896414,19.521231603935476,28.929832305624448,54.62171105385661,20.153656904895666
CMR_0498,CMR,1.094539743884168,429.2567594349636,170.06771956116117,88.14833379551591,175.0200155149966,118.05131448643931,1.1574345515234539,1.9293356123517842,46.82665257190449,43.732539542741975,57.39492309079634,47.46026070424912,44.36614767508661,58.02853122314097
CMR_0499,CMR,0.8747051172350281,346.8125661359144,111.58359257996713,101.29638682756466,120.4613432919752,105.53241896430899,1.046065934404161,1.1015555053302566,93.82035851921172,82.98950680836238,105.12398339400315,94.4512115816139,83.62035987076456,105.75483645640533
CMR_0500,CMR,0.21905600789781593,179.3856566259425,54.67945099286512,52.63883484777132,69.13144345635298,52.812003537767566,1.0811979118113573,1.0387663623443633,58.570180255375654,57.358519613869376,105.11527864500749,59.20951376685579,57.997853125349515,105.75461215648762
CMR_0501,CMR,2.9903360174693154,931.6385263886715,271.4921575123092,191.8015129043431,278.63458741607593,195.12596109917794,1.5197862530885022,1.4154849636025033,12.765220450929586,173.2180385062103,27.660272214005804,13.395592828778698,173.8484108840594,28.290644591854914
CMR_0502,CMR,1.655074588403344,489.21906207689386,180.02963959869294,119.83780961061056,188.60519713822825,145.1656438501001,1.0727280907419028,1.502277454700348,9.310453833644825,18.421860527345945,1.0777587530129455,9.950713973819424,19.062120667520542,1.7180188931875442
CMR_0503,CMR,6.250868596872459,943.320413772035,311.3365728779053,256.98806699195916,313.70949260950465,282.1143932251812,1.0643491461385715,1.2114826050956158,166.87482803675917,143.84834577126665,178.0707353720195,167.50929084963502,144.4828085841425,178.70519818489535
CMR_0504,CMR,0.44435785467240985,252.56081151449533,79.42991788307066,69.69575051790434,92.45540181447,75.21794949229823,1.0687954631878984,1.1396665835841122,29.47330265386175,33.69852588789066,1.088859696930477,30.102406778408145,34.327630012437055,1.7179638214768715
CMR_0505,CMR,1.6198065839576277,490.51530336184857,168.68315840708388,120.01926248350482,169.19814797162707,143.61064715115063,1.0872165363908157,1.405467380123814,83.02762958394366,62.91214745517901,91.08160162311249,83.6639245543203,63.54844242555565,91.71789659348913
CMR_0506,CMR,0.4394951237377054,246.2127857056951,70.01132389998041,70.01131755759346,84.61307312261893,74.805251905272,1.0476799662972658,1.0000000905908812,136.72586107437266,127.309738463101,1.080260397066958,137.36346533699327,127.94734272572161,1.7178646596875686
CMR_0507,CMR,3.0304476452407147,659.0248621377369,241.14827763240643,168.82713602227892,241.17387562116772,196.43028738384604,1.06793169043952,1.4283739173339043,34.04451422023107,39.367262939601495,38.53247037904903,34.6813591602411,40.004107879611524,39.16931531905906
CMR_0508,CMR,3.1504929426833947,767.3804677778656,274.65998487435616,175.02017232632016,286.84803018774704,200.28310463025954,1.2195975781829977,1.5693047334124457,168.31724325470142,160.57278961100195,178.00404805721402,168.94971780430797,161.2052641606085,178.63652260682056
CMR_0509,CMR,0.1489113370460329,155.87741504804632,55.44754413985479,29.422304702145606,60.65732986713574,43.54305949131219,1.139500136697259,1.8845411568255328,17.551098361024344,39.05555135156614,12.38580489745135,18.19265168983151,39.6971046803733,13.027358226258517
CMR_0510,CMR,2.62040091048423,622.9776556003208,210.0342184584631,170.02764086222277,227.7488987931196,182.65809761104342,1.0856345776218888,1.2352945520702634,25.929607914416916,24.82969194898701,1.0788925542316818,26.568104734864107,25.4681887694342,1.7173893746788735
CMR_0511,CMR,0.16899768610447916,159.31759033783774,41.23741820611612,41.237414701980086,55.83284482416148,46.38690945913113,1.0932473113388312,1.000000084974678,90.11296427155334,60.123049658878486,15.123051679309253,90.74351858383204,60.75360397115719,15.75360599158796
CMR_0512,CMR,0.15395111793603625,152.94816740774905,43.463558624734944,40.426001005208555,55.44692905425405,44.27376777645519,1.0996333992940766,1.075138711324304,33.429592967498955,59.87743484734845,15.122976937163267,34.0600631616591,60.50790504150859,15.753447131323417
CMR_0513,CMR,0.31935960183610307,250.2553262271664,97.89837183126062,47.75853187329132,99.0035948857154,63.76686240114082,1.2492185032900665,2.0498614172436427,33.33869874918369,36.89572247056741,28.3264891788846,33.98176156773499,37.53878528911871,28.9695519974359
CMR_0514,CMR,0.11904821165268586,131.34680089387177,44.707286757360905,33.63493501413793,47.38312377499779,38.93287695588409,1.0738735103113044,1.3291920064233476,21.212074531186907,39.365377382241974,15.118467121902922,21.84695343639249,40.000256287447556,15.753346027108506
CMR_0515,CMR,0.15886472484813335,156.08192111688615,49.07624397561037,38.81169275946066,60.291258670927874,44.97475402268635,1.1046734912880773,1.2644705882777463,139.50685264311855,142.38449459958053,105.12270519280275,140.13741864352914,143.01506059999113,105.75327119321337
CMR_0516,CMR,3.7660641515868667,863.7299160903988,341.80148910357303,162.53803605073784,346.8519361327222,218.97720899239442,1.2555360101142716,2.102901557127689,170.3110671416753,162.90464068882312,172.95567717430066,170.9421767471711,163.53575029431892,173.58678677979645
CMR_0517,CMR,0.41921911206429374,267.47440033317827,90.01504264331658,60.01003056969263,105.74830931945435,73.05931503846861,1.1653510012009036,1.499999946488573,20.918596039488676,34.50019203514738,1.074251024810696,21.560838678155516,35.14243467381422,1.7164936634775372
CMR_0518,CMR,0.12924750560616133,138.3403731538934,49.91588421233282,33.374516608313876,49.94278744901039,40.56636971632343,1.0855077430189604,1.4956286797543714,73.47896111256505,78.9324729021765,77.05175799201513,74.10746337033831,79.56097515994976,77.68026024978839
CMR_0519,CMR,0.2190573040623377,179.38618734261945,54.67961275687445,52.638990580730955,69.13164798286283,52.812159783069184,1.0811979118164927,1.0387663622275174,58.56591997313932,57.35425933418385,105.1110183811985,59.207495130964276,57.995834492008804,105.75259353902347
CMR_0520,CMR,0.11375552051873965,136.69056384983702,48.26313065873245,29.28719193746591,50.893315523916584,38.05759151028761,1.1432661945955862,1.6479261911413021,5.87240218445,162.57425838019287,1.074983402000998,6.513666032931165,163.21552222867405,1.716247250482163
CMR_0521,CMR,1.2415869205408196,543.6702022566565,218.3585055224499,85.05684399673571,219.1831825367041,125.73136305069336,1.376391665554925,2.5672067674040435,43.518510428804,51.18709482095541,43.53766702466119,44.1604925246538,51.82907691680521,44.17964912051099
CMR_0522,CMR,0.3243763296701771,243.95777699515315,96.68964648317332,53.92288059304556,96.6897236409111,64.26575840306558,1.2083288855309542,1.7931098157178826,21.328399651798126,24.073321456316492,24.14569633727582,21.96381763511951,24.708739439637878,24.781114320597204
CMR_0523,CMR,0.7894459932638949,356.50108234630244,111.42617111729014,96.90873324570939,122.41198931466111,100.25736167765038,1.1318652021874067,1.1498052588797358,8.250172482888793,152.9783133978216,8.735736663090861,8.889484668227816,153.61762558316062,9.375048848429884
CMR_0524,CMR,0.4292886830526998,261.03661855527275,89.76758759755499,65.60213940622357,103.95619490349988,73.93154451044406,1.1238847624831176,1.3683637212148432,132.05030226108977,139.79297839024676,107.02583273177075,132.68512091959246,140.42779704874945,107.66065139027344
CMR_0525,CMR,0.12897456396107437,140.02471026864788,43.166416799189555,31.534707641985115,51.051213683645805,40.52351355697263,1.099886107503195,1.3688541935844065,99.40754912684876,69.66275300075755,105.1152138673216,100.04378680796701,70.2989906818758,105.75145154843985
CMR_0527,CMR,0.35430720642613345,226.65576982254368,69.59961176609828,59.69505718335103,79.00082861557152,67.16531442689727,1.0741671190066098,1.1659191740503037,103.00500371717553,121.77033164400166,91.07387946241755,103.64622149076045,122.41154941758658,91.71509723600248
CMR_0528,CMR,0.14390462367733314,147.9648432416432,40.98907587732932,40.30553098095032,55.043472162405884,42.804796172416545,1.1003129701105858,1.016959084268163,163.59570550861488,150.29953373968462,15.11760485782125,164.229455641204,150.93328387227373,15.751354990410363
CMR_0529,CMR,2.505416380038208,586.6751752167834,189.71030279925293,169.86735273604188,202.18748274121114,178.60557693117724,1.0455693011314464,1.116814383362088,157.14445752235832,160.2728499073997,1.0768433809618219,157.7827015675944,160.91109395263575,1.7150874261978957
CMR_0530,CMR,0.13892487024751468,147.86184208281992,49.85859511505526,31.251190236143934,53.80998186464135,42.057655491757636,1.1190801192789241,1.5954142782501355,15.604963786420349,45.5810905605134,12.396942913792586,16.232970060445716,46.20909683453877,13.024949187817953
CMR_0531,CMR,0.4743657102278359,261.3133249182522,79.52370233020015,70.01134750246246,92.14236305083561,77.7162261647117,1.0702863329563648,1.135868757952461,77.22819652903569,58.31467399342655,91.07771043952307,77.86546438415705,58.95194184854792,91.71497829464444
CMR_0533,CMR,2.110362931073445,572.3672570015195,199.24124426483385,140.88190520522693,200.6448668616575,163.92063743122515,1.1114534404365173,1.4142429716193368,63.08016509318144,64.43558369965456,57.250070551023896,63.708083643859766,65.06350225033289,57.87798910170222
CMR_0538,CMR,0.11898265385042951,134.38974117021922,40.00623256127547,30.004677836475107,47.54840371097882,38.92215564686806,1.0990548315019584,1.333333181556177,91.08325334481117,54.63694880183054,91.0832534263621,91.71467422177518,55.268369678794556,91.71467430332612
CMR_0539,CMR,0.14912664959982985,147.31734298758207,48.38711881806764,40.006650352063254,54.15210854011284,43.57452781664622,1.0761462952987395,1.2094768842743713,39.471697092893905,44.45439803882798,1.073583830326316,40.11273985059864,45.09544079653272,1.7146265880310523
CMR_0540,CMR,4.124903232944171,751.9328558707412,239.61776077004885,210.09795182939447,273.72513928390003,229.17220412585897,1.0444009241130354,1.140504982002991,59.529543608300884,57.409481405029275,91.16348978491537,60.165373705228944,58.045311501957336,91.79931988184343
CMR_0541,CMR,0.47424909580542474,346.2627027858024,137.61586809811016,55.1212116483033,140.70487865362705,77.70667299752071,1.41839609472094,2.496604555359881,134.42898143846557,141.08247307538306,129.05455389758035,135.06497137571108,141.71846301262858,129.69054383482586
CMR_0543,CMR,0.22397608404783037,187.21430870224196,59.995628552392276,41.01389896141612,67.96937375154529,53.40179840460657,1.1159205696309868,1.462812121540389,14.491777486075033,45.75704616697904,10.545326797374257,15.122883491913326,46.38815217281733,11.176432803212549
CMR_0544,CMR,0.31411934843504075,232.63621427738843,89.42060342317022,43.88673347003757,90.14247851814014,63.24153510106608,1.1709141274088897,2.037531535223956,8.756595251720663,170.19617197137424,7.417680123513078,9.393149369298381,170.83272608895197,8.054234241090796
CMR_0545,CMR,0.1389269733986519,145.2375402983581,40.00667419347016,39.07461386964332,53.474574417269736,42.05797384106058,1.0992099880201522,1.0238533470077602,26.147374133068485,45.827109519410094,1.0725867087400243,26.788726592744954,46.46846197908656,1.7139391684164944
CMR_0546,CMR,0.10867890928525119,130.10783896106003,38.87353720755135,38.08413636429091,46.65399535902009,37.19869419491325,1.1133350862885192,1.0207278126438128,33.8075361156665,53.6905605909246,105.11620559790966,34.44150235294295,54.324526828201044,105.7501718351861
CMR_0547,CMR,0.6395210789280108,300.0795423926746,87.51973281425995,87.16107047795525,101.40550464233975,90.23655176162487,1.058532081738052,1.0041149372574012,172.01292693673585,30.71051520102256,172.94609545235005,172.65050500414497,31.348093268431672,173.58367351975917
CMR_0550,CMR,1.039224308332352,510.0604799671137,202.41692335385204,98.21248688450513,202.44923078838406,115.02962597604142,1.4114389397301672,2.0610100586485314,123.04491400239485,130.01019581123583,131.03381065169597,123.6776410277217,130.6429228365627,131.66653767702283
CMR_0551,CMR,0.6244672098286417,392.8251490175003,156.57348539446446,75.98921481355845,162.11685435885386,89.16817514922334,1.4022954744182654,2.060469841392909,114.84643394408099,123.57007897374449,105.89110520841149,115.47682809120685,124.20047312087036,106.52149935553736
CMR_0552,CMR,0.1539851338349509,160.73478583556042,62.24297962589282,34.82589515373995,67.17099832109629,44.27865870823054,1.1554882843726004,1.787261442990032,143.29093803925127,136.46443580510157,159.28371437569228,143.9182109632898,137.0917087291401,159.9109872997308
CMR_0553,CMR,2.5151246937256864,706.9914267603672,272.4174210040552,136.19437264307052,276.85458955845354,178.95128443214534,1.2575621421166143,2.000210549946798,134.0340405043629,121.30185668089142,131.5736549387087,134.6737609858687,121.94157716239721,132.2133754202145
CMR_0554,CMR,0.10889297674293714,128.35312381382158,39.90076297098603,31.379190655331833,46.91064121035824,37.23531175282865,1.0972398594032944,1.2715676261142268,153.8705148618551,128.17864022968425,162.64670170414,154.50115530055672,128.80928066838587,163.27734214284163
CMR_0555,CMR,0.37912804968424135,237.07825576195415,83.16062905187242,62.08297677347081,89.54041362230926,69.47811348736332,1.0861600699904541,1.3395077583877788,46.66897954469687,41.88472015872101,64.50843704071565,47.30776832889285,42.52350894291699,65.14722582491163
CMR_0556,CMR,0.8195385811924236,406.61669300277396,170.47240304730082,69.20556367644922,170.47881859291093,102.1503269701249,1.2670553008410412,2.4632759852126296,123.78068657432642,125.78553332379346,126.28260669320451,124.42100462356608,126.42585137303311,126.92292474244417
CMR_0557,CMR,0.16899738050305532,159.31744629142028,41.237380917569226,41.23737742085669,55.832794342473896,46.38686751798888,1.093247311352677,1.0000000847947361,94.993881397279,60.11992816929011,15.119930190691528,95.62236604346447,60.74841281547559,15.748414836877004
CMR_0558,CMR,0.9347169585037116,392.3327504958997,162.5336984984482,77.83289744888044,162.53977272802993,109.09255679016336,1.144747147110442,2.0882390843177596,37.55262083004446,39.24542349540396,39.740763135880925,38.18382341603525,39.876626081394754,40.37196572187172
CMR_0559,CMR,0.5090723104686585,282.84273318528636,87.83778646147877,80.01317830431694,109.66667776177458,80.50906761467259,1.1182794792634356,1.0977914928888617,127.78448888553862,135.26040583853063,1.0731539135038406,128.42348100625938,135.8993979592514,1.7121460342245929
CMR_0560,CMR,7.012193848687457,1205.7472463660338,359.7675815811979,267.9764698448522,419.19832413915185,298.80097897258514,1.284471256007514,1.34253422246173,168.63186509840494,13.062056883859976,156.76157061249165,169.26432598668302,13.694517772138058,157.39403150076973
CMR_0561,CMR,0.9746402066604906,429.407979268562,130.02163551890501,119.2130315634827,137.774657415833,111.39795568182514,1.2269956317491737,1.090666295569093,97.41786196311377,20.384676865388773,1.071808097168709,98.05817761494326,21.024992517218273,1.7121237489982093
CMR_0562,CMR,0.3044021571718173,217.21765307733347,81.6432845353732,44.35448772367389,83.82792985399227,62.25567154997576,1.110622128180755,1.8406995261450552,1.84249876296938,163.7296386149719,10.545464415063721,2.4714780143506636,164.35861786635317,11.174443666445004
CMR_0563,CMR,0.2240579595152406,235.13744412526725,84.80351528215112,43.15065251683634,91.67651294727935,53.4115581468538,1.4013179108400544,1.9652892907949155,113.88611895318672,122.63963506068708,98.20702247423652,114.51623681642846,123.26975292392882,98.83714033747826
CMR_0564,CMR,0.344276597957901,229.4725221065099,77.32199490071918,52.95610249068825,83.50204098176802,66.20774719373017,1.1032450957785755,1.4601149114838161,10.71346521753084,162.3048799061866,15.11829596089418,11.343486246858498,162.93490093551426,15.748316990221838
CMR_0565,CMR,0.7086126506367633,454.70822298018777,200.00023463309935,60.3038557175402,200.36996278336977,94.9859804755591,1.5237840571735735,3.316541409389956,56.69227671443171,60.81934490827632,57.33814200273807,57.32318291850751,61.45025111235212,57.969048206813866
CMR_0566,CMR,0.1289744013221297,140.0246219777004,43.16639128069817,31.534685239948193,51.051181487596594,40.523488006572016,1.099886107469862,1.3688543567898028,9.405696685999093,159.66090054383076,15.11335750843751,10.04056056961073,160.2957644274424,15.748221392049146
CMR_0567,CMR,1.9751319369092555,671.9999787661427,220.03398356323595,150.02323031526657,227.05046357025518,158.5817167312241,1.348858122901401,1.466666082984916,173.62678790706582,166.80114811061583,1.082238311740173,174.25650668719013,167.43086689074013,1.7119570918644733
CMR_0568,CMR,0.3492766344682469,238.88052240525124,86.9491802963965,45.98554471260076,90.6244992754757,66.68679202488154,1.1402262665441965,1.890793744856328,73.9422305404654,52.14183982354981,77.03990475800168,74.57797558350775,52.77758486659216,77.67564980104403
CMR_0569,CMR,0.1542331186367705,150.8804257098799,48.89545370599079,39.53746300401562,56.41023671542892,44.314298567862494,1.0837750497511784,1.2366866761538222,44.084716884159185,32.25672150334352,64.51363330096707,44.717908457974154,32.88991307715849,65.14682487478204
CMR_0570,CMR,0.1790348748071584,186.8841254491065,64.83262882365635,43.20716968812657,69.84927511472333,47.74455806593912,1.2459443989219856,1.5005062653171775,152.67852385976474,147.77539712603308,171.61015069806885,153.31788849145784,148.41476175772618,172.24951532976195
CMR_0571,CMR,0.12885494319927832,141.2148471557838,42.74372059570456,37.266813157588835,54.22358451863819,40.50471691246889,1.109749316919225,1.1469647381694732,52.8784080583763,61.10737775114065,19.51230987410041,53.51284442082881,61.741814113593165,20.146746236552925
CRR_1377,CRR,3.205612169115432,660.3127198503589,215.98424031730454,189.6929688472783,219.0465859582496,202.02752730264334,1.0403734060775536,1.138599082663909,31.454044907491117,25.73450316020044,37.95549125921492,32.079820518996755,26.360278771706078,38.581266870720555
CRR_1378,CRR,1.079655870864208,397.80069585839976,120.01900430484305,109.7025103604337,142.4578737165289,117.24591888376284,1.079985516153056,1.0940406369053355,109.9651288962243,125.38107259718133,91.07828153605786,110.5980716080884,126.01401530904543,91.71122424792196
CRR_1379,CRR,0.2087864640111303,180.04837528741456,50.28080798909572,49.964951570528584,68.47363089513877,51.5592069745449,1.1115604992452315,1.0063215595860489,39.253482944496554,34.83550779943524,79.76255609048006,39.89213183641768,35.47415669135637,80.4012049824012
CRR_1380,CRR,0.32425385260225636,217.17394190011314,63.89037685573003,57.34443561117899,76.15954745502633,64.25362461884306,1.0758710211040372,1.1141512890445981,12.39906812242252,51.174241453997006,10.54047396862138,13.031985926866586,51.80715925844107,11.173391773065447
CRR_1381,CRR,0.2639975010599198,206.96993823351505,69.8905855527781,40.954469272062475,75.52281137921463,57.97689695566269,1.1363246558876365,1.7065435542209482,10.695424413609038,40.44737663089237,9.204140383537196,11.332367415921217,41.08431963320455,9.841083385849375
CRR_1382,CRR,0.5042218992001242,294.4716855339245,109.30006923459777,50.00812420558024,112.16144573304281,80.12460679361024,1.169843478272489,2.185646251902433,2.2242894727999563,168.10464321218697,1.0743741161657039,2.860857524327367,168.74121126371438,1.710942167693115
CRR_1383,CRR,0.9948300506195795,370.83322232797354,120.22621920231137,105.86975340764933,135.32498382252692,112.54585557628198,1.048815882095097,1.1356049800114558,15.089458540560033,17.182394475425564,46.08557206144491,15.714663797378426,17.807599732243958,46.7107773182633
CRR_1384,CRR,0.37880712756541635,254.52253240958774,97.38349519265809,59.040935485249726,100.67777436768692,69.44870154609266,1.1665738382269906,1.649423309306939,178.2137771319414,166.38451698114105,1.0819811219512505,178.84254560986744,167.01328545906708,1.710749599877294
CRR_1385,CRR,0.46454771596796046,259.5485681162798,90.91762898686389,68.59319809024626,93.8007421855271,76.90777089389638,1.0742331264579086,1.3254612923463047,31.73488423397085,19.869388971972377,34.76209221987732,32.37350664480235,20.508011382803875,35.40071463070882
CRR_1386,CRR,0.5293602356568584,331.9526094933842,128.33267050577194,62.82861803375716,134.1865845862893,82.0976482884033,1.2870502328527356,2.042583054060176,46.45173410251657,37.027948606217436,54.09814501809015,47.08797478846898,37.66418929216985,54.734385704042566
CRR_1387,CRR,0.5273974996865468,277.3043878682632,100.96180705921833,70.96104337573234,101.00431422107212,81.94530812654023,1.0771663461721046,1.4227779392227173,27.890694263712938,29.307030982900113,27.644712959136214,28.52162377739354,29.937960496580715,28.275642472816816
CRR_1388,CRR,3.3155931733322817,692.7980005092414,234.91783363736386,177.83921912884847,249.3545246686271,205.46397111271375,1.0732998661331175,1.3209562816802556,160.4270470631577,165.36786804595693,145.05241341448254,161.0577676715844,165.99858865438364,145.68313402290926
CRR_1389,CRR,0.15395376135442346,152.9494794014309,43.46392535761707,40.426344582608984,55.44740359162037,44.27414787629142,1.099633391390696,1.0751386455137184,33.41645401070817,59.86430903596016,15.10986096319641,34.05317774703924,60.50103277229123,15.746584699527476
CRR_1390,CRR,3.255469123299132,734.6861777121716,283.520687872768,141.8278387639532,285.32136418647946,203.59253484469332,1.1486564268516013,1.9990482146783393,95.54382446153477,102.70988739134312,96.26942602807277,96.17915574082215,103.3452186706305,96.90475730736016
CRR_1391,CRR,1.224685649107605,445.74734486389247,153.44394192716237,105.45215538925346,170.04925820369638,124.87266307376704,1.1362437792051825,1.4551048421984147,22.983941097029994,36.475910309747206,6.279162359782878,23.60949523481505,37.10146444753226,6.904716497567932
CRR_1392,CRR,0.15395162101961687,152.94841634645368,43.46362928777557,40.426060936643786,55.447019160815444,44.27384011560972,1.0996333923622255,1.0751388653940905,123.42268543645433,149.87053697305535,105.11608870842738,124.05296758931154,150.50081912591256,105.74637086128459
CRR_1393,CRR,0.20395502534833773,176.30644646700995,49.2898041092065,49.24437937621619,61.502683904115365,50.95916047394876,1.101275695800996,1.0009224348761363,130.31597128013496,142.43433649807946,1.0837328652902083,130.94234761545368,143.06071283339818,1.7101092006089402
CRR_1394,CRR,0.11851052114063859,140.9145454428277,54.30044612653114,26.836965844199437,58.630543029758776,38.84485577054362,1.154708700336085,2.0233452038419495,51.94315439208154,42.35760986149063,64.51580015059214,52.57221027566101,42.9866657450701,65.14485603417161
CRR_1395,CRR,0.6795331778951924,308.471887323808,99.78478041116456,88.06576888480974,110.03576753298974,93.01658529830652,1.0556144480045548,1.1330711316639195,102.41989317210852,118.45597077171648,81.61569148855627,103.05176375152726,119.08784135113522,82.24756206797501
CRR_1396,CRR,0.2291919236166249,185.97484233975365,64.80298437847412,45.361913028159066,69.74317911474529,54.02001670516288,1.0958462160667506,1.428576972453669,168.6829484616941,147.80359301326465,171.60912172683285,169.32122817559218,148.44187272716272,172.24740144073093
CRR_1397,CRR,1.8245279288351606,622.671894366533,196.50722118312007,150.57621712286,197.834254523129,152.41591483393947,1.3004063259509522,1.3050349181158103,138.0297689982342,140.14665601705607,133.506613420565,138.6678625984232,140.78474961724507,134.144707020754
CRR_1398,CRR,0.17398038742109226,184.9817957663206,70.01132907830723,29.515594301001514,73.8643511990491,47.06577411164919,1.2510478254702078,2.3720114988818515,5.726860937769359,19.661542585331528,1.0737717209149105,6.362494946973445,20.297176594535614,1.7094057301189962
CRR_1399,CRR,0.19394330554749376,182.22669878717397,76.5446786154929,33.8297082575236,76.97324628640283,49.692684175814406,1.1672655786789694,2.26264672555873,147.04518156741153,150.25366548574564,144.20472728968767,147.67995595120487,150.88843986953898,144.839501673481
CRR_1400,CRR,0.1287800678425806,141.82176077854388,48.574728998895765,33.0608630612996,50.791630454314294,40.492946910647376,1.1148427559845722,1.4692516922147865,99.12826690606583,69.4958998263929,102.3840780871814,99.76349967487579,70.13113259520286,103.01931085599135
CRR_1401,CRR,0.7646916368125649,324.9233591312944,109.848895088731,86.72877286416009,115.3336879521359,98.67297662065418,1.048172671035933,1.266579607447958,100.44254462165541,122.67970434701883,100.54005144906374,101.07413699491286,123.31129672027627,101.17164382232119
CRR_1402,CRR,0.6896322068076406,312.44178538601625,103.55524904071765,84.86167089226016,113.4608276172571,93.70522915133743,1.0613421475621427,1.220282937537145,136.1881568310816,143.27233130270125,105.11658205959326,136.81698271248925,143.90115718410888,105.74540794100089
CRR_1403,CRR,0.19892401771355572,175.87900107668895,57.40846485935791,39.22935265761222,67.27501817110698,50.32672508225596,1.1124114418996505,1.46340586755051,26.305762068786063,45.787960739775954,12.38863262822762,26.93616512464997,46.41836379563986,13.01903568409153
CRR_1404,CRR,0.15896301536524615,159.42435697172368,54.07805873587365,31.38355538487602,60.255782090377636,44.98866494055749,1.1279807700371502,1.7231335988762537,8.354667125090172,163.23252314265721,12.386438636128364,8.987145568632906,163.86500158619995,13.018917079671098
CRR_1405,CRR,0.11394266147829485,134.1041848006619,44.238861185549645,30.60679872837013,48.4177481839692,38.08888321105476,1.1207125072199418,1.445393279387421,21.123890154673816,170.45822927961595,27.64833230275262,21.749509663331082,171.0838487882732,28.273951811409887
CRR_1406,CRR,0.10867807093543967,130.1073363588487,38.87338307884399,38.08399246430487,46.653815403007826,37.198550719152344,1.1133350796577761,1.0207276223804265,123.80718141143129,143.6902284775207,15.115881013836262,124.43636530780097,144.31941237389037,15.74506491020594
CRR_1407,CRR,0.17891541425531038,166.2435474415737,52.122759020995055,40.773326032579,60.28179213639381,47.72862669222051,1.1087049498858113,1.2783543579286996,102.7829997860029,72.8592415273388,105.10868258145456,103.41919682120907,73.49543856254496,105.74487961666073
CRR_1408,CRR,0.3893086405955152,237.22977878305068,70.24597051524829,66.84416192183757,82.83372006617182,70.40476946296315,1.072549267043088,1.0508916335489185,4.803232268035106,45.99683222307539,10.545867508666856,5.427189632627864,46.62078958766815,11.169824873259614
CRR_1409,CRR,0.23927499997257443,184.37554002032203,57.390378172719494,52.955728777319514,65.32097356443367,55.195506341692955,1.063285057947048,1.0837425807894707,57.64505892620518,64.47687945214973,27.645090798930283,58.27248519143684,65.1043057173814,28.272517064161946
CRR_1410,CRR,5.001037888858902,943.3435208803998,379.7962950814417,188.7402010153359,382.2110399036864,252.3394381545225,1.1899668595591457,2.012270269069925,130.50516653306275,131.84886615242243,125.40494001859886,131.12982795333218,132.47352757269186,126.0296014388683
CMR_0572,CMR,0.1239030384698647,136.73462667215887,39.075027138100495,38.982448865214366,47.436081839002156,39.71879256632481,1.0958032870893308,1.0023748706297604,143.01944608819528,127.91248031540789,91.0705269539771,143.67333000784174,128.56636423505435,91.72441087362355
CMR_0573,CMR,1.2043590130609425,432.9699344832803,144.86662055488756,116.3981065222817,147.85188869312222,123.8320443781578,1.1129478743442718,1.2445788413848144,141.01368525504816,149.1930740375208,124.75938727224992,141.668746883781,149.84813566625365,125.41444890098279
CMR_0576,CMR,1.6250729845143224,473.3644789672739,144.40343332777132,136.8538564111202,160.55540148622566,143.84391495521902,1.0475006431132692,1.0551652479121345,161.7528967389183,158.33568228331896,101.37336063220299,162.40845479062037,158.99124033502102,102.02891868390505
CMR_0577,CMR,1.269828658432232,460.0828559678695,149.25389723226652,108.70764163647611,175.13899322822138,127.15329578716856,1.1517508894411568,1.3729844101611473,26.93478620142614,43.100150825888676,7.095312989162174,27.594261289171396,43.75962591363393,7.754788076907431
CMR_0578,CMR,0.4242761089598737,272.79573230275923,95.08948029331741,58.529689510039695,96.84170828472237,73.49864759395753,1.1814309697292156,1.6246366773739087,0.48689364228053145,157.36694111103512,13.592571430162346,1.1470639623838206,158.0271114311384,14.252741750265635
CMR_0579,CMR,1.4699982774748386,454.20332955975914,146.5412557087605,128.853580438748,154.1194650705686,136.80862317754452,1.0567857988661955,1.137269567595916,12.336734421930153,167.23102432186593,36.606696630034065,12.991603827560688,167.88589372749647,37.2615660356646
CMR_0580,CMR,2.065223985589846,542.2559755197984,176.8791107427491,151.96919762864448,191.32481279727935,162.1580971517782,1.064426882665197,1.1639142240849036,51.96855363920174,63.5181943341912,35.22026173695742,52.62719722174485,64.17683791673431,35.87890531950053
CMR_0581,CMR,0.1942125459591756,169.43433842045042,52.77135549788773,47.26306106545769,64.72881883285945,49.72716497035776,1.084570677021072,1.1165454439102294,157.36267138009129,154.5441166985931,19.501935710855538,158.01954293908227,155.20098825758407,20.158807269846534
CMR_0582,CMR,0.6446091849718619,296.97840531903677,89.70043096440541,89.42896893844343,102.22799734186825,90.59480698172923,1.0434501219833812,1.0030355043693822,142.6254930632532,150.48630778083842,1.076282386085691,143.27308805261399,151.1339027701992,1.7238773754464658
CMR_0583,CMR,4.001025536084745,795.775454825588,307.66010694958743,177.40754991262622,320.8644969103355,225.70476140388135,1.122276698452633,1.734199627361468,29.823055969935904,27.056852103200132,43.57930054399655,30.477961534416604,27.711757667680832,44.23420610847725
CMR_0584,CMR,2.6954971889773107,643.3952934472569,225.70295822117467,161.10476781365028,236.6256991201466,185.2569462591992,1.1054866592793864,1.400970072358411,12.94188447870897,15.958588224071994,173.47133106874986,13.599607369597038,16.616311114960062,174.12905395963793
CMR_0585,CMR,0.974803594580474,408.39517052956046,161.0543076282658,86.78316412581155,164.22875176634867,111.40729262350122,1.1668555728088097,1.8558243324106236,159.62369654020938,155.59496707715238,167.47604694994482,160.27206735491893,156.24333789186193,168.12441776465437
CMR_0586,CMR,0.103869972862571,125.335818261091,38.69088860699835,30.005516616664075,46.648258682185364,36.366379660229256,1.0970470642990764,1.2894591718347788,162.75426192442802,144.3601469912518,1.0638290934950576,163.41402327740707,145.01990834423086,1.7235904464740905
CMR_0587,CMR,0.1088987707067428,128.35653901795206,39.90182734499195,31.380021596722937,46.911889896294994,37.23630234554339,1.0972398641144767,1.271567873909907,118.27646709527026,143.96833908193133,109.500279604622,118.93462515498163,144.6264971416427,110.15843766433336
CMR_0588,CMR,0.694425570119329,314.4083984265409,95.57946026442681,92.8151963398408,118.03413405092634,94.03031940556143,1.0643301240606116,1.0297824497883377,142.95909914155783,140.20763052923314,99.20610672679277,143.60653750710844,140.85506889478376,99.85354509234338
CMR_0589,CMR,0.6992650988695442,362.20610145407994,129.5062930691799,78.51757932151486,132.06601652489638,94.35740438004042,1.2218837905349482,1.6493923295683346,96.58053745300298,103.43838203343591,91.07388134301536,97.23010218662716,104.0879467670601,91.72344607663955
CMR_0590,CMR,1.104934785822557,388.56609170104684,133.52560990011452,105.12109723223246,134.0213419151205,118.61056713728154,1.042777481040846,1.2702075360299094,25.62334450311926,42.89339434304438,30.815578877049177,26.276077768081283,43.5461276080064,31.4683121420112
CMR_0591,CMR,0.44430468364413217,261.6586086500627,89.08439937543127,69.32366596524629,92.72940973963885,75.21344913821964,1.1073620860725493,1.2850503235084472,73.32532651582845,61.40838734578859,91.06452521894455,73.98419976582117,62.06726059578131,91.72339846893728
CMR_0592,CMR,1.4947406891916006,466.93073256445757,156.92866072696108,129.22167205512358,172.65493884932445,137.95517223371647,1.0773693072305224,1.2144144107655426,128.01060661447548,122.29707901871184,96.77604475776636,128.66853936980326,122.95501177403962,97.43397751309413
CMR_0593,CMR,0.5541265744649443,295.67581063803215,89.49552445956733,69.64259418568014,105.60713793644095,83.9961824964326,1.120485846311995,1.285068793114679,3.30116680276205,147.5506071692291,1.0644707541714562,3.959970831809405,148.20941119827646,1.7232747832188113
CMR_0594,CMR,0.19394469855409852,172.1651241918426,50.08912515944879,43.477123514791025,63.911875788485496,49.692862635475,1.1028115141670538,1.1520800161125735,77.97235426302957,64.57837816157914,105.10948568499009,78.62230533636311,65.22832923491268,105.75943675832363
CMR_0595,CMR,0.6592588314476884,345.33038290330967,131.9868243725152,71.33589746648424,138.78582118939968,91.61847054033866,1.1997807235753823,1.8502160771794678,54.269389812606974,46.203022609280644,64.50270471933474,54.92476902119793,46.8584018178716,65.1580839279257
CMR_0596,CMR,1.7400879460962961,488.5649903927675,160.02849282761642,140.0249053013082,169.98016124185398,148.84719628823353,1.0447967470221013,1.1428573544346567,10.429826523806272,21.36335736176781,1.0690431405795064,11.08384384994299,22.01737468790453,1.7230604667162246
CMR_0597,CMR,2.285097006738478,576.6565141748682,184.45615488868864,154.97918368468262,213.05405839753473,170.57185795245894,1.076118133422124,1.190199551340903,70.00090295989635,63.35849245196997,98.19053104061116,70.65837436553063,64.01596385760425,98.84800244624545
CMR_0598,CMR,3.295766643242664,676.7311905053837,207.97748771172323,207.3070675827436,227.01895343650685,204.8487349337463,1.0515575226591438,1.0032339472879381,74.20924258946621,30.5697477447522,57.373197052606315,74.86896903543568,31.229474190721668,58.032923498575784
CMR_0599,CMR,0.11388809095109213,136.6570155805672,48.69253933295702,29.331496293591233,51.02438716369736,38.07976116959314,1.1423201653481279,1.6600768963701338,4.635007980339477,160.09594368796803,1.0668641818247688,5.291047846171205,160.75198355379976,1.7229040476564967
CMR_0600,CMR,0.6437228199070119,334.9293822991447,126.21119202149555,76.2020435741955,126.21914749035012,90.53249969784547,1.1776028930501876,1.6562704371387067,97.0191188240993,87.30990051264119,86.66660539078916,97.67670925121502,87.96749093975691,87.32419581790488
CMR_0601,CMR,1.1098944279930034,411.6482742088812,120.02195427603259,119.37007963753605,146.42212537488126,118.87646849574165,1.1022510760056488,1.005460955043977,125.72251705634422,138.8426008238048,91.06418931056653,126.38111199989987,139.50119576736046,91.72278425412219
CMR_0602,CMR,5.286475530882259,1054.2598500180236,362.0891620541033,232.18471735303737,368.6144297337029,259.4407388633116,1.2934797146263948,1.5594874898830915,167.2080194568272,162.56597726986203,147.55719651526732,167.86429049426394,163.22224830729877,148.21346755270406
CMR_0603,CMR,0.9748694284314974,366.90084048749844,128.75141980773924,99.76277077092439,135.1877455555223,111.41105453375567,1.048263704755868,1.2905758211485392,163.94129857406676,164.0790603257132,141.26488626544784,164.59360522745501,164.73136697910144,141.9171929188361
CMR_0604,CMR,0.3043451894798995,208.9230882184704,69.42560808944394,50.008587012275896,74.33882367970156,62.2498458227588,1.068312436007253,1.3882737393160427,178.5778978463893,156.90437311465408,1.0742977250858297,179.22605218486504,157.5525274531298,1.722452063561576
CMR_0605,CMR,0.45451197872806287,252.751027156951,79.1993730034247,70.01289466450389,85.48622742298662,76.07250652321092,1.0575851166757302,1.1312112344867566,139.79724793325778,145.6910820181099,1.0627059851094747,140.45697924390262,146.35081332875475,1.7224372957543324
CMR_0606,CMR,1.6099182612752896,551.7806041113387,199.62043063418133,127.32307316444447,218.15010697420607,143.17163106031077,1.2267599383506125,1.5678260481221735,31.423285755936956,40.50867203818478,14.061766162425808,32.07825116275255,41.163637445000376,14.716731569241404
CMR_0607,CMR,0.22913407455052506,185.494385530091,59.9969343463716,45.83557011097479,68.28745355091519,54.0131988280664,1.0931531186250458,1.3089601416783956,22.400804774224806,45.872171883581444,10.530750213408739,23.054283621323336,46.52565073067998,11.184229060507269
CMR_0608,CMR,1.3796451331764308,560.7635463596795,214.57094589520673,107.80962068478155,222.6609682056081,132.53749436524149,1.3467629026234247,1.9902764199734881,156.54529177901685,149.40173436241477,171.6078502032457,157.19687400845348,150.0533165918514,172.25943243268233
CMR_0609,CMR,1.3999109608325067,459.6297498819996,140.0256763349936,129.76051048123355,170.22071527807404,133.50737786505078,1.0958547438442556,1.0791085501720852,54.53389085378629,55.00829059496949,91.06299782782877,55.19265298408894,55.667052725272136,91.72175995813141
CMR_0610,CMR,0.5191356449805067,290.66137659870856,87.91374223055686,80.01450839004373,109.99841920985824,81.30092448864129,1.1379992329125979,1.0987225191962318,130.1764066390583,135.8941281288821,1.064804147514705,130.83327794927987,136.55099943910366,1.7216754577362687
CMR_0611,CMR,0.39928617096188057,247.3778697103977,80.0144443645919,59.424418551424786,87.89026967612382,71.30125823115264,1.1043679102636272,1.3464909933506355,97.99498371238741,118.14291135402165,91.065421502064,98.65108839241512,118.79901603404936,91.72152618209171
CMR_0612,CMR,0.2090907506611577,176.2904566511405,58.299918592435795,49.425154922986266,68.13206971113102,51.59676464470867,1.0875680980836013,1.1795596530406043,37.746124038391095,44.33938750865376,1.0672353107188206,38.40028162814113,44.99354509840379,1.721392900468854
CMR_0613,CMR,0.1088990647495845,128.35671326180307,39.901884335203036,31.38006610722299,46.911952451389396,37.2363526172806,1.09723987226206,1.2715678864047553,28.273641124757113,53.96551986588973,19.497465701243733,28.93250334275444,54.624382083887056,20.15632791924106
CMR_0614,CMR,0.3042162630757893,210.70754937012737,62.31015031576626,61.96849389336071,76.5742404448123,62.236659317451355,1.0776654273161472,1.005513389158586,54.835826107764746,52.49727412836887,12.373553484748996,55.49354128007478,53.154989300678906,13.03126865705903
CMR_0615,CMR,0.2791610439948473,215.819574978495,69.8499417242379,55.54958407824242,71.21594035112066,59.618695101770896,1.1522812471888244,1.2574341083427953,121.19803965517217,123.75595556273731,100.53783389137082,121.84364290274281,124.40155881030796,101.18343713894147
CMR_0616,CMR,0.5259914564563025,287.9680820152259,89.28762752693652,79.76990054740384,104.22809923936892,81.83600201335643,1.120082667233313,1.1193147655220743,61.84703831475044,50.86269784750056,91.07433084326497,62.49375895711199,51.509418489862114,91.72105148562652
CMR_0617,CMR,0.3392231460705829,223.72312786367564,60.010904549481076,60.010893756145286,82.38248705036182,65.72003682793692,1.0835855669620713,1.0000001798562748,136.06401719750346,136.06400373854697,1.064000109361324,136.7208868845349,136.72087342557842,1.7208697963927801
CMR_0618,CMR,0.294202725002188,305.8722736866117,119.19773252648767,43.256608341433505,120.26847879049684,61.20380246697342,1.5907862697991824,2.755595898449432,28.66705762435057,34.97136549836274,27.32019731754245,29.317937829948118,35.622245703960296,27.97107752314
CMR_0619,CMR,0.1992726333427663,171.97216237879968,58.25128817192837,46.37829538422648,61.65295790111974,50.37080473404418,1.0867493525784113,1.2560032163609869,97.1580568673065,108.88009235358787,79.76248881160707,97.80631548760081,109.52835097388218,80.41074743190138
CMR_0620,CMR,0.3390353553620679,235.90544346819237,79.2968970197417,49.60775565396415,86.83113600576708,65.70184331587079,1.1429060597202174,1.5984778181232857,93.21647338612654,64.90855032821695,91.06169374368147,93.87527166418137,65.56734860627178,91.7204920217363
CMR_0621,CMR,0.2594319280995994,191.96669192876755,68.73704699662984,50.00901472282515,69.47305415526296,57.47338427683717,1.0631859708242586,1.374493126441398,67.25032357327824,47.60821979101816,91.06488695080938,67.90583353470228,48.263729752442195,91.72039691223343
CMR_0622,CMR,0.1484618514070802,162.8098743567886,63.56704170320974,30.920112197511024,65.82967991134807,43.477292935058664,1.1919783656612501,2.055847705116888,61.21627488782952,49.43227253889634,64.49787243740266,61.87373190703511,50.08972955810193,65.15532945660824
CMR_0623,CMR,1.1847568914681608,414.2221379684614,145.20076611844536,104.57039882798672,147.55952076972687,122.82016630483642,1.0735289289895333,1.388545589821204,10.223654729340574,19.454054213692476,9.195748891062934,10.878266453943032,20.108665938294937,9.850360615665393
CMR_0624,CMR,0.1887168371852131,172.73186476716077,57.28191147153335,40.54973133322252,68.00040013563431,49.01854137584681,1.1216625111868506,1.4126335634831224,47.98706683310226,34.97624862719464,69.26259428245436,48.64329821368139,35.63248000777377,69.91882566303349
CMR_0625,CMR,0.33445702421901735,215.9683497010164,69.59981996175489,59.69523565466408,76.44850023161776,65.2567168381998,1.053452642784351,1.1659191759353906,98.70836632670785,130.75798333011113,91.07494886089323,99.35365262731732,131.40326963072062,91.7202351615027
CMR_0626,CMR,0.24932424511152412,190.72264064367442,60.01093117634268,50.009104041827115,75.64152631540227,56.34265598436367,1.0774945017289934,1.2000001264999696,31.685367041593757,40.69811539305571,1.0630155731270543,32.34252670537121,41.355275056833165,1.72017523690451
CMR_0627,CMR,1.164378875645233,574.2800271242216,247.31598978594985,74.79182827132489,248.88176040883516,121.75932118428457,1.5013143001583111,3.306724751917457,41.78032801030714,34.68302578811851,41.11335377422159,42.43634591696867,35.339043694780045,41.769371680883125
CMR_0628,CMR,0.24820941197426927,198.57281525157237,60.32615595972266,48.84188389956079,69.62234156183698,56.21654904928806,1.1243609095696236,1.2351316358676563,93.75578966646131,124.30029462283613,91.60921756839863,94.40436132661267,124.9488662829875,92.25778922854998
CMR_0629,CMR,0.43420593422387055,254.48966062453866,78.52782391892845,70.01195702493939,96.35990455363577,74.35376022855246,1.0894751611666469,1.1216344643952114,51.248169540246174,46.170129350853124,1.0731524979507525,51.894678877591105,46.816638688198054,1.7196618352956818
CMR_0630,CMR,0.5494574517030656,291.12121062124436,100.06852383341825,72.14530032456149,102.9248482090043,83.6415540062327,1.10790336836198,1.3870414757889704,16.008532825917623,165.85048169298884,7.410326952341594,16.657976148957147,166.49992501602836,8.059770275381117
CMR_0631,CMR,2.5057184026747743,618.755028149878,190.03225137299293,189.44577051765228,213.5759499955354,178.61634186871447,1.1026753796738327,1.0030957717015172,136.77851281774193,152.47685073732788,91.07423785880628,137.42385661160262,153.12219453118857,91.71958165266699
CMR_0632,CMR,0.15893862540377712,156.47292020272627,47.788231475066965,40.30650693674655,55.659825031438665,44.985213465086254,1.1071833072267419,1.185620762177719,3.5694401111612226,150.4356640648959,15.098404530857989,4.226747234766375,151.09297118850105,15.755711654463141
CMR_0633,CMR,0.9547695791668944,371.51293662974575,138.7087477767051,90.0155343276066,139.18098442772765,110.25653650942603,1.0725553723910988,1.5409423363736556,12.234970422516076,5.79251161213181,1.071333419354385,12.883069593523716,6.4406107831394515,1.719432590362026
CMR_0634,CMR,0.13893134176286237,145.2398232848418,40.007303222280235,39.07522687287928,53.47541356076395,42.05863506292046,1.0992099850598833,1.0238533829229761,26.136824109161424,45.81657005210012,1.0620475007783001,26.794153912520038,46.47389985545873,1.7193773041369127
CMR_0635,CMR,0.20901562456425,178.81482837450812,52.66147974434915,41.191765180699434,64.41317401577909,51.587494479061625,1.1033396415669283,1.2784467845292509,7.5105790187890955,154.7407514869834,12.375064917871725,8.164715269653621,155.39488773784794,13.02920116873625
CMR_0636,CMR,0.8195007195035969,378.76135857589065,134.5855105849715,91.22761454039025,154.93291964741385,102.14796733224298,1.180282761251323,1.4752716188296793,117.72627527879331,109.69196485035333,142.40373687536209,118.38178714431831,110.34747671587833,143.05924874088709
CMR_0637,CMR,0.25407908692379355,200.4280388315224,73.64321734589866,47.04980567035482,81.52256004521581,56.87737168343635,1.1216802805795154,1.5652183106103632,144.3861127630402,136.3013950364949,162.62652316272516,145.04368140432678,136.9589636777815,163.28409180401175
CMR_0638,CMR,0.11875377867977599,167.83152374297546,67.2490147615356,30.335686353611546,72.16177368876185,38.884702275035906,1.3738676161852998,2.2168285226066566,90.80538660928751,98.74821375740295,76.36978320958697,91.462301619943,99.40512876805845,77.02669822024247
CMR_0639,CMR,0.29930859950315447,209.06803321696333,68.60400963244898,53.74930340470466,74.43530500992583,61.73261252909321,1.0780107811992854,1.2763702092266387,96.83834555534483,68.09378187855643,100.52707698217894,97.49257323916667,68.74800956237827,101.18130466600078
CMR_0640,CMR,0.5342640760520959,312.32820820992106,108.5466962861438,68.19936913800204,112.13225488187834,82.47703613497049,1.2053919620073992,1.5916085098455761,4.06960385887624,15.599136997590998,1.0708153770989903,4.717763008246418,16.247296146961176,1.718974526469168
CMR_0641,CMR,0.1789417133231656,165.24152188730045,49.076477976659675,40.006826674191565,60.932057594382606,47.732134417572134,1.101941295242383,1.2267025919433632,161.70905032535714,142.52109742456133,1.0727063690378893,162.35528804104945,143.16733514025364,1.7189440847301967
CMR_0642,CMR,0.13893095205462241,145.2396199596119,40.00724709174602,39.075173288487605,53.47534012826658,42.05857607476151,1.0992099879116801,1.0238533504733816,155.98813503692622,136.308399537012,1.0629221923954448,156.64400493399324,136.96426943407903,1.718792089462464
CMR_0643,CMR,0.23913685153471106,192.0634046921549,66.34024957634051,44.24644622618567,75.262978261426,55.17957013038936,1.1079404994125093,1.49933509320076,24.83598680884402,40.56656418933015,10.524384768694667,25.492530894179396,41.22310827466553,11.180928854030041
CMR_0644,CMR,0.799629791914009,354.97234353771444,129.70745215571878,80.013774733823,141.4855987745168,100.9019460770339,1.1198119626317202,1.6210640303773787,162.84977772639292,155.85919181025739,1.0705453491555188,163.49721357845462,156.5066276623191,1.7179812012172135
CMR_0645,CMR,2.485225496077579,676.7866292260138,244.04993913575373,150.1931206371193,268.12129142537077,177.88443943161624,1.21105519745284,1.6249075729999733,26.31497816841961,32.2332917629711,3.793341762284658,26.965891194962076,32.88420478951357,4.4442547888271235
CMR_0646,CMR,0.7690169346210068,359.86825047067293,136.78875125353778,82.9384595941864,137.80590309869953,98.95164332796506,1.1576323342990558,1.6492801038605984,9.433940159907104,174.9083934184363,11.371122966255257,10.08547578834603,175.55992904687523,12.022658594694184
CMR_0647,CMR,0.5996517151764169,293.2307638646328,100.01739941518504,69.83013976316344,106.33810826618223,87.37850289578556,1.0682061145252142,1.4322955639843338,89.97690984479344,110.92298036779711,91.06881441908605,90.62588454066328,111.57195506366695,91.71778911495589
CMR_0648,CMR,0.29410790573639367,221.96532393947535,91.55589747660315,40.00708235254739,91.93614050013434,61.193938915779725,1.1545875008497544,2.2884922391940803,151.41659053821198,149.40885270542987,144.19600637897955,152.0683419916835,150.06060415890138,144.84775783245107
CMR_0649,CMR,3.0503974439240373,666.4644495095217,204.48475900076423,168.65647466717735,235.15304292992235,197.0757887910929,1.076449950398507,1.2124334947963875,97.18661423031264,63.50144363706092,98.19562125618947,97.83350296814861,64.14833237489688,98.84250999402543
CMR_0650,CMR,0.2543507783801434,191.46026552044165,57.91752062960586,52.78123234708485,65.39095898870184,56.907773569853184,1.0709203945876205,1.0973127767981092,110.64124492503204,64.6453078275757,105.10028395425141,111.29465220029587,65.29871510283954,105.75369122951524
CMR_0651,CMR,0.14897041522110333,165.05299461902118,60.01088019690572,29.423128611226705,64.43455448346606,43.55169613862654,1.2063364826078,2.0395818877672967,85.34967474392471,69.70737198363358,91.06172054268997,86.00538814616675,70.36308538587562,91.71743394493201
CMR_0652,CMR,5.206436756254677,909.3052767634058,250.1968471856169,247.29745524182138,308.50513913939733,257.4692440899713,1.1241764435822725,1.0117243096616595,95.57745673037802,124.19536483441308,87.88775286278326,96.22727665111081,124.84518475514588,88.53757278351605
CMR_0653,CMR,0.33417425088993424,236.69836055025695,92.92514542199862,52.34038069335574,96.20413221002933,65.22912471168948,1.1550580900733765,1.7754006407866048,163.32067303269525,158.93673626098527,173.93883117086034,163.97420007245728,159.5902633007473,174.59235821062236
CMR_0654,CMR,0.17937977134635102,164.270623979158,62.17116552268601,33.96114806038411,62.183799973807794,47.79052399835407,1.0941282758051978,1.8306555895031433,6.580744797187645,16.252833524716763,15.09782699643126,7.236514153318201,16.90860288084732,15.753596352561816
CMR_0655,CMR,8.11250824838118,1204.580423053788,459.6853725868996,260.0469011935852,464.8904089038729,321.3902037839533,1.193035297426878,1.7677017894733484,6.733568757934741,9.644227115954374,1.0623463294609996,7.388314583309761,10.298972941329394,1.7170921548360198
CMR_0656,CMR,0.1789487154579711,166.08308932933878,48.827856080936556,43.695852420178426,60.36354671454426,47.73306830706039,1.1075317622867868,1.1174483017612036,100.30320768685054,72.93573012865964,117.62560443868317,100.95957419737329,73.59209663918239,118.28197094920591
CMR_0664,CMR,0.2143584216132695,176.71639574983845,60.0979767781316,44.55564992647547,62.47725534348143,52.24266638917154,1.0767171682799097,1.348829539627492,103.99602398474401,127.48272282346792,102.38064218464609,104.64134941265296,128.12804825137687,103.02596761255504
CMR_0665,CMR,0.5745711082813652,288.6167157307163,99.65315110654967,73.98589919378502,104.7746379231415,85.5316699431353,1.074099850921444,1.3469208618460742,67.16835698754777,50.78684329287911,69.26493825091045,67.81801820336204,51.43650450869339,69.91459946672472
CMR_0666,CMR,1.1796208382857958,467.00255360632826,175.98735773101407,95.0380815923187,175.99624915996628,122.55365759940082,1.212950576896505,1.8517562095365145,113.14973552268245,108.37305770341018,107.79712247735122,113.7985007654574,109.02182294618514,108.44588772012618
CMR_0668,CMR,0.2289713520661708,201.53059061514446,81.67470720445407,35.23652258315629,83.08301329624703,53.99401634089892,1.1880794152493446,2.3178991914342904,63.0276485256696,55.66665966551618,67.86441113819828,63.68037341066824,56.31938455051482,68.51713602319691
CMR_0669,CMR,0.3844456923652958,328.91487561436867,112.132984640629,68.56817348199266,119.04386004982057,69.96366616484471,1.496446117821844,1.6353503228444217,33.18289054316142,26.135939493448276,45.75482811875983,33.83226136440956,26.785310314696414,46.40419894000797
CMR_0671,CMR,0.11875890152979232,136.28022445448414,47.37570495749193,30.005174060402723,54.07359144802335,38.88554097824033,1.115564851199643,1.578917851371933,108.78011646122019,121.65294500404322,91.06856618898432,109.42700379912779,122.29983234195082,91.71545352689192
CMR_0673,CMR,0.7546569197945562,434.41514128602216,181.42543034671002,57.76868485146646,182.27989294002867,98.02341725273921,1.4106693895677764,3.140549777326366,52.06585301159096,46.12655889217043,51.676451248452494,52.71662005645784,46.77732593703731,52.327218293319376
CMR_0674,CMR,0.594444244721764,361.95523795930507,124.77516939387586,84.37074489703731,136.6986874631034,86.99827121960392,1.3243243685570076,1.4788914041964012,23.518782021835555,21.955082864342337,46.0633594689041,24.17073234726075,22.60703318976753,46.7153097943293
CMR_0675,CMR,0.1788800010637845,169.2390124194916,58.08698033776499,39.42300896603918,63.54240524703095,47.72390293308777,1.128793905574647,1.473428382592608,86.05293489928803,65.77953405093346,91.07128336895953,86.69694047992874,66.42353963157417,91.71528894960024
CMR_0676,CMR,0.1189866320195704,134.39198780063523,40.0069013568954,30.005179433874293,47.54919858906729,38.922806319967236,1.0990548314829114,1.333333181528309,91.0682440455869,54.62193950378554,91.0682441579887,91.71527359097799,55.26896904917664,91.7152737033798
CMR_0677,CMR,0.1789835890937783,168.75549763372362,65.46534172031785,35.83068329878494,68.8611100015021,47.73771920534408,1.1252431858677097,1.827074889262239,42.037675169874504,35.04830604171151,54.19221273563487,42.690733894845934,35.70136476668294,54.8452714606063
CMR_0678,CMR,0.31922619434827515,248.2388470267927,110.05347081638982,35.361696281937434,110.05370935766177,63.75354220429924,1.2394115905008536,3.1122226133875976,47.754828498963874,46.18088857319854,46.061607250214884,48.40835025120015,46.83441032543481,46.71512900245116
CMR_0679,CMR,0.5090895452347064,285.5266745588108,107.51020266911179,60.01080445743548,110.64127746872681,80.51043043010444,1.128871908841109,1.791514105520227,176.8075406393524,165.89005474610812,1.0610259485180458,177.4615546149413,166.54406872169702,1.7150399241069465
CMR_0680,CMR,1.985177632957399,528.5586328356173,161.75140381066936,160.47733584711713,173.66667056513552,158.984485582874,1.0582506691929001,1.0079392392503699,121.4701323386114,157.47359849982138,41.66897301280724,122.11728592574187,158.12075208695182,42.3161265999377
CMR_0681,CMR,2.990495992911968,665.6713537686703,202.2377653764906,198.8125052831782,245.33495320817102,195.13118040301921,1.085883724048014,1.0172285947930368,63.35037131236317,69.40987745617403,109.50705504738967,63.99308661202356,70.05259275583441,110.14977034705005
CMR_0682,CMR,0.31444126020302265,211.3678069070685,70.30593568908988,52.4815297480944,71.89705661197493,63.27393199310814,1.0633203981512431,1.3396319815095077,10.841630736626874,166.09226517760084,10.525739914494665,11.49292603088061,166.74356047185458,11.177035208748402
CMR_0683,CMR,0.9393182534374468,446.45466805671344,167.80319975179788,84.34848269472678,175.1871730478623,109.36074000152536,1.2994693943491271,1.989403891936143,150.42418195079537,164.02970713708262,147.20162427023055,151.07730383794467,164.68282902423192,147.85474615737985
CMR_0684,CMR,0.2087422646658286,186.86627181303643,67.76369034979206,39.4458761313119,69.08727874590605,51.55374923612311,1.1537741210627412,1.7178903600521538,97.28398747087456,122.4563743554654,91.06596402864092,97.93261463056392,123.10500151515475,91.71459118833027
CMR_0685,CMR,0.15849419700740722,161.89797041583276,60.47611770705691,35.226017160758964,67.0934147889632,44.92227501372524,1.1471753049173306,1.7168025959638156,171.62611348347903,166.247111317831,12.382076219615662,172.2685269246495,166.8895247590015,13.024489660786145
CMR_0686,CMR,0.33870339570068975,253.03864090137355,77.6254602033341,62.822170997166396,97.38093542118672,65.66967011811464,1.2265129524870182,1.2356379757527864,136.00749659266955,143.99716642835494,105.0959960795198,136.66228507107465,144.65195490676004,105.7507845579249
CMR_0688,CMR,2.8604839853968804,727.49628396548,237.42539616369496,197.24358358479415,275.79376709595806,190.84237808434864,1.2134058570881645,1.2037167032185196,164.9178243503764,168.78759489539894,133.63756340190497,165.562947628647,169.43271817366954,134.28268668017557
CMR_0689,CMR,0.3191415535718589,217.89415393879253,69.03630697066123,57.89926686287587,78.08296186081121,63.74508972273129,1.0880502897094149,1.1923520056680763,42.45339876946992,60.285052508308354,15.104422358918754,43.09958470468971,60.931238443528144,15.750608294138544
CMR_0690,CMR,0.15395851922880613,152.95184376875758,43.4645979184506,40.426975408849366,55.44826085303446,44.27483200769766,1.0996333983417388,1.0751385053885656,123.4051645825033,149.853010055402,105.09855618212822,124.05715095393423,150.50499642683292,105.75054255355914
CMR_0691,CMR,0.25394346795007944,212.8051438407311,87.65013361365274,40.450824546796525,88.89483125770134,56.86219003179772,1.1912657792003576,2.166831816054888,54.510230876119344,51.71812651395867,61.31742193706258,55.16220322794345,52.37009886578278,61.96939428888669
CMR_0692,CMR,0.3840095995845,259.83465899632995,106.72559863094203,50.74874682269841,110.44068091178448,69.92397355334585,1.182826669148414,2.1030193908789654,133.78725750089504,141.50439377608467,126.60109817667261,134.4380989151349,142.15523519032453,127.25193959091246
CMR_0693,CMR,2.530490084951154,627.2980384690229,226.1206667864403,134.319726854792,231.39127700936788,179.4970764029334,1.1124145932057456,1.6834509128423916,134.99348686946834,155.21827035914123,132.6927225476862,135.63679958998347,155.86158307965636,133.33603526820133
CMR_0694,CMR,0.5644133469112899,341.9054136249551,130.59365654330955,58.83915992176533,130.78288572204775,84.77224739640799,1.283814887998272,2.2195023980109774,92.36870794870089,83.22020182182602,86.3027410044799,93.0165653855943,83.86805925871944,86.95059844137332
CMR_0695,CMR,0.649538669802119,306.62503213063565,112.75746420888255,75.97111662725834,112.89250683161738,90.94054762462855,1.073248200367899,1.484214912387181,20.15236285203656,16.286889203780326,37.939083424946915,20.79737842971832,16.931904781462087,38.584099002628676
CMR_0696,CMR,0.7543392656974932,337.519042690812,100.08421838772784,89.86206462104956,118.32999849714564,98.00278481923527,1.0962509714590036,1.1137538271548217,112.51216329124566,133.21291407395785,99.19025352783791,113.16615584197996,133.86690662469215,99.84424607857221
CMR_0697,CMR,0.16867784177876594,166.21260071817517,57.54416144486397,39.07719652224544,67.44595510676493,46.34299283314639,1.1416421508943388,1.4725765041027408,111.88365690164488,123.45322263919856,91.06366145555089,112.53409204891439,124.10365778646806,91.71409660282039
CMR_0699,CMR,0.10386877797522477,125.33509679814483,38.69066363367739,30.005346924750913,46.64799110337948,36.36617048595753,1.0970470594933035,1.2894589664538123,109.3716112093655,127.76571891737329,91.06203517399655,110.02345085553301,128.4175585635408,91.71387482016407
CMR_0700,CMR,0.5907323227254909,321.42543651334034,132.0134122079264,62.775597092334465,132.1895135953008,86.72622173526005,1.1797227189886854,2.1029415620492213,137.21877541434546,139.02273389985692,136.0649342817625,137.86753367881775,139.6714921643292,136.7136925462348
CMR_0701,CMR,0.72444466110964,349.52095640325246,130.03338500523756,83.83757491236426,139.5130409076291,96.04121982237926,1.1584190210966523,1.5510155815117739,48.90748320476049,46.02629027276677,67.2693398022874,49.54891442311862,46.6677214911249,67.91077102064554
CMR_0702,CMR,0.43443846116454216,246.70986774813656,82.84714108396861,66.01159799688082,89.27889211036496,74.37366661047352,1.0558870296744056,1.2550391688424707,68.80197563279921,83.54731268736612,37.93398427588346,69.45146606536878,84.19680311993568,38.583474708453025
CMR_0703,CMR,4.220331871742103,1156.6998169037965,473.512973011964,140.6808096847449,475.40285876092753,231.80796860781584,1.5883361960277531,3.3658675555896425,134.85055365903634,128.70018150986965,133.81074148659815,135.4999795778761,129.34960742870942,134.46016740543791
CMR_0705,CMR,0.11209951041520665,180.1406172462945,76.62093179362964,31.437570325205954,76.6235441588923,37.779561882860996,1.5177661284303776,2.437240887289456,172.64639480796814,168.23278502963012,167.75966186892242,173.300427376225,168.886817597887,168.4136944371793
CRR_1413,CRR,0.3818697235907585,344.66433140457457,139.61556392197465,51.776946016725645,139.67742683216872,69.72887730437367,1.5733806185076924,2.6964812462456607,131.25249146457827,130.25741654403626,128.55209718352927,131.89435762222143,130.89928270167943,129.19396334117243
CRR_1414,CRR,1.8051441017108933,495.2097109564198,160.02746468332913,139.90330578184452,177.593692715857,151.60411782810328,1.0397484513605049,1.1438433408633304,157.50690419526975,154.54208810090554,1.0661975000684767,158.1519179348927,155.1871018405285,1.711211239691437
CRR_1415,CRR,1.1747917896797218,536.7223522794505,225.39242161851513,72.92249944895697,225.40115360699048,122.30254958300813,1.396896724139136,3.0908488233632396,40.36376210671028,42.0406612940524,41.53632712362561,41.01108290541963,42.68798209276174,42.183647922334956
CRR_1416,CRR,0.31945365118968677,209.76680475126656,64.8931804920062,62.601126519418514,71.31263764217478,63.77625117586814,1.0469547286714473,1.0366136218311774,61.686944245209965,73.85872597474476,15.099364356400082,62.334798512470215,74.506580242005,15.74721862366033
CRR_1417,CRR,0.4345567278317204,242.56802033372293,79.78359626131714,68.4092631981273,81.85047871452183,74.38378924914095,1.0380191668596188,1.166268901775004,1.530151350530532,166.84064945511727,12.367976913652072,2.1829865291011448,167.4934846336879,13.020812092222684
CRR_1419,CRR,0.369114353920797,272.5232573282828,102.81171992131033,52.391636850293565,109.1363173518648,68.55443034124997,1.2653718598607486,1.9623689218775429,0.8595200938106482,171.1442824532366,12.371655995921788,1.508640682657415,171.79340304208336,13.020776584768555
CRR_1420,CRR,1.8251328135265246,527.6540010787685,190.51583919249487,123.15312564551209,200.0595930655287,152.4411779203939,1.101785536684277,1.5469833850655303,142.072956575904,154.63474537173232,133.57288425076788,142.72119836017225,155.2829871560006,134.22112603503615
CRR_1421,CRR,0.10386741353347763,125.33427412748652,38.6904119505695,30.005146948527766,46.64768397267322,36.36593162840517,1.0970470642717276,1.2894591723526914,162.755931528344,144.36181658088165,1.0654986540716516,163.40080309611025,145.0066881486479,1.7103702218378989
CRR_1422,CRR,0.14244633714876176,148.53111490752437,48.89585323413609,39.53778592387365,56.41069743987921,42.58735838960676,1.1101632988935,1.236686680642172,36.15795702043449,32.247977445031324,64.50488924296108,36.79824979836387,32.888270222960706,65.14518202089047
CRR_1423,CRR,0.10889663145109928,128.35527772091515,39.90143254783208,31.379717299427174,46.91142840583478,37.23593660054631,1.0972398594596895,1.2715676233501463,28.275753070329458,53.96762779215767,19.49956634691742,28.921323929915403,54.613198651743616,20.145137206503364
CRR_1424,CRR,0.3291510527299336,227.24796743840602,87.4474389736162,49.80673785562928,88.21569751779806,64.7370169630143,1.1173711431922102,1.7557351221654578,99.3154961201257,98.63139729566204,91.06421701958125,99.96144641216793,99.27734758770427,91.71016731162348
CRR_1425,CRR,0.5844182049463922,297.6185453061267,106.81835675238058,69.43680539584534,109.33848307431377,86.26148440647688,1.0982297132306877,1.5383535596637905,10.046727623891442,6.978021259326695,19.49480051876957,10.696663929557129,7.627957564992383,20.144736824435256
CRR_1426,CRR,0.4192698750604457,262.7816236647306,110.3870206534397,49.505899513419855,110.3880431644104,73.06373825935341,1.1448358749862348,2.229775072029879,38.19864331737744,45.819775267276235,46.066381635531044,38.84200453186114,46.46313648175994,46.70974285001475
CRR_1427,CRR,0.17922224194438713,165.198646785208,59.06188218198382,39.543088764972396,64.67328588963898,47.76953482499978,1.1007928515225194,1.4936082138910032,166.88633770802383,154.8404365751285,1.0572900734924444,167.53742068483865,155.49151955194333,1.708373050307251
CRR_1428,CRR,0.7695866471252353,352.42087960098763,129.71002878370481,84.4237249939008,137.73639442304565,98.98828982359454,1.1332557646413963,1.5364167927093446,110.40427133711707,110.33492791395524,131.66880985215718,111.04323237576615,110.97388895260433,132.30777089080627
CRR_1429,CRR,0.6996001156610153,314.45090803994094,103.76429582547716,89.7107290198793,111.96548957954714,94.3800049142242,1.0605300650233178,1.1566542481500033,52.430813923666186,45.890248670842304,75.12351486148034,53.06830867990932,46.52774342708544,75.76100961772347
CMR_0708,CMR,0.984802532371841,382.94450124034176,141.0987223369988,93.58366559622215,141.12704929142592,111.97720875120785,1.0885699149310761,1.507728100177076,45.74903044620292,51.24421249021599,52.39220569979943,46.42191950331858,51.91710154733165,53.06509475691509
CMR_0709,CMR,1.2049552008794702,406.29154366524364,137.8233270017062,112.54900449172534,142.97386303949278,123.86269056475575,1.0441127544690951,1.22456282598074,37.43369435064718,35.823137562941,51.24894765278431,38.1039898662367,36.49343307853052,51.91924316837383
CMR_0710,CMR,5.196705742569603,993.0513882876161,350.857945133111,215.9261852202026,355.88275404691234,257.2285220148016,1.228860905099386,1.624897623117383,145.31230544917577,142.94671676824268,152.67968179772893,145.98698801098632,143.62139933005324,153.3543643595395
CMR_0711,CMR,3.6160422365235885,704.9898525349613,224.14577925807285,203.37429997150895,240.729042776422,214.5713860460992,1.045830219286177,1.1021342386401518,80.98932937711743,66.50027408697046,95.81729865695631,81.66040105423389,67.17134576408692,96.48837033407277
CMR_0712,CMR,0.9096828612093177,357.605128342962,104.63608618627272,104.32042981390744,132.65953049317906,107.62175393755354,1.0576788013289247,1.003025834660846,41.26078906910424,49.04926182782814,9.186331113935198,41.92910691456755,49.717579673291446,9.854648959398503
CMR_0713,CMR,0.25435692317863645,191.46258022129476,57.918217973863875,52.78186104229574,65.39175145147233,56.90846097622074,1.0709204057400346,1.0973129183044952,20.63515088595012,154.6392134665674,15.094181955447784,21.301711380844374,155.30577396146165,15.760742450342036
CMR_0714,CMR,0.6344938909814664,309.3447711245174,106.25044378377535,82.01045843434386,124.99975466239022,89.88118339733208,1.0955296221780577,1.2955718796382245,40.29885489491516,45.96135688849758,10.524773411263311,40.96086709454374,46.62336908812616,11.186785610891889
CMR_0715,CMR,2.3003288854385335,638.4696009133754,235.78829552127684,151.47858875426135,241.2769239564696,171.13940816880555,1.1875183405921743,1.5565783749397633,14.133549142499353,8.078222553314339,27.615029102981755,14.807938683317651,8.752612094132637,28.28941864380005
CMR_0716,CMR,0.5595219056544819,287.5358937648479,91.73719434498511,77.32453014519368,106.22900826823222,84.40411224726336,1.0843727299674406,1.186391875550081,106.83397876574767,113.66023846837203,77.02440818782246,107.4976522160074,114.32391191863175,77.68808163808218
CMR_0717,CMR,2.2702544296630056,577.8233842483354,179.9027508722908,160.0316077224249,206.34235812372077,170.01699081142192,1.0818147927251986,1.1241701150958405,31.686479800645206,36.64424589326231,1.0515761342314778,32.35918461793498,37.316950710552085,1.7242809515212512
CMR_0718,CMR,3.6459726097916993,705.3276338535292,228.3156646520378,198.56507762940026,255.45912356491715,215.4575713640172,1.0420277061179866,1.149827892083641,109.18322015553463,112.19896782077112,84.71335039305366,109.85393608559508,112.86968375083157,85.38406632311411
CMR_0719,CMR,1.1395375513167592,424.7652872896542,133.55237281857097,101.37314894519453,150.69996819052648,120.4534878302481,1.1224829823320568,1.3174334052775014,11.527825540382118,32.000870240032995,175.86867571474536,12.18896471900873,32.66200941865961,176.529814893372
CMR_0720,CMR,0.39419511388211526,257.4206096460778,109.8124238518875,49.507042348962116,109.81295447931842,70.84524030138441,1.156598871134097,2.218117234268382,41.034596558793176,45.8773889258598,46.05550954218891,41.703139471190156,46.54593183825678,46.72405245458589
CMR_0721,CMR,2.265391086900939,608.1338044723235,224.5824747285465,132.04656177488238,225.2354249450703,169.83478784197445,1.1397841663995008,1.7007824490835481,47.00724663868754,45.657890155517684,41.29409534773515,47.67344425190498,46.324087768735126,41.96029296095259
CMR_0723,CMR,1.7251479817901607,491.6340936075305,169.89675635172483,126.20783566496709,182.56287800831458,148.2068362436527,1.0559026583835214,1.3461664678470115,36.30005658786415,30.528349123025794,53.181857304562335,36.96691516615626,31.19520770131791,53.84871588285445
CMR_0724,CMR,3.390763066711808,694.0643861433816,236.9544937140136,191.7223138113649,244.51410570543518,207.78001885082566,1.0632762331017782,1.2359254851636756,20.703823990858968,13.066913862043787,27.627499510592507,21.365031125790548,13.728120996975369,28.288706645524087
CMR_0725,CMR,0.4595377018553403,299.4515415938844,117.72551176333391,56.97912939330056,120.16323030408361,76.49193253532927,1.246123387957094,2.066116366059741,87.6781946453515,82.55758165320653,98.18023165599547,88.34656805682594,83.22595506468097,98.84860506746992
CMR_0726,CMR,0.1088057025320868,135.51995261760246,48.374947600182885,28.991977667999993,54.22914814735953,37.22038731079296,1.1589707633384305,1.6685632195963271,104.41113346696507,120.02254894126737,91.04824389738828,105.08640399250392,120.69781946680622,91.72351442292712
CMR_0727,CMR,1.1400514525029688,412.9253383232356,129.7819794811232,107.70032316080136,143.0150959691096,120.48064543151904,1.0909488156650158,1.2050286913935526,155.50050619848125,146.86788057436289,173.93638152436958,156.16260905161502,147.52998342749666,174.59848437750335
CMR_0728,CMR,0.23925556415527285,186.85258386962715,61.95096093624535,46.83333168924757,68.51376746663196,55.19326458730396,1.0776138202625842,1.3227963653601997,110.91607367980401,135.83764117706417,102.36261994869415,111.58682210373011,136.50838960099028,103.03336837262025
CMR_0729,CMR,0.49965325482459566,274.2998574501992,89.63845455572958,71.96397514231704,93.14564643488902,79.76078501985236,1.0946777465075224,1.2456017664179782,120.03224949021498,122.4955681684853,99.18547403999827,120.70031557037754,123.16363424864787,99.85354012016083
CMR_0730,CMR,1.1948691281258281,412.9913745710628,140.0260179817135,99.89133143141314,150.75889752922993,123.34320511130844,1.0658004007271393,1.4017834778572096,1.3448611869502587,158.5203301571092,1.061979157181768,2.0062861497648425,159.1817551199238,1.723404119996352
CMR_0731,CMR,0.8897727623736098,354.71768606513047,120.02324980145883,99.82430714276813,132.62293408724074,106.43748714068381,1.0608118371822346,1.2023449321797175,25.552273369748878,26.944394745006946,1.0544434676019472,26.22110415270008,27.613225527958146,1.7232742505531462
CMR_0732,CMR,0.42449554116461086,242.5465663813327,79.34002670175477,69.64212705816509,84.15984173191153,73.51765159297022,1.0501555513029146,1.139253352148334,158.04602520626773,159.29126616987713,1.062065764673358,158.70712770629893,159.95236866990834,1.7231682647045685
CMR_0733,CMR,0.47956835984148966,255.3218823269727,79.36460214563417,72.70477561479666,85.56072648146285,78.14124392111806,1.040058683808153,1.0916009502061117,45.884198370814644,55.371339830655074,15.093133560011019,46.550441518200046,56.037582978040476,15.759376707396418
CMR_0734,CMR,1.525012029402399,455.98823403654535,139.7446619791217,136.12217209662055,157.12495578706748,139.34509758265474,1.0416266190579477,1.0266120487699086,136.5319416554367,145.89180326161468,98.18545936424498,137.19460425129927,146.55446585747725,98.84812196010755
CMR_0735,CMR,0.17895088552997723,165.2457546858337,49.07772943277104,40.00785327736404,60.93361938430561,47.73335773043233,1.1019412810523421,1.226702394965506,161.6882024359447,142.50025963566162,1.0518721205300674,162.35941296077408,143.171470160491,1.7230826453594545
CMR_0736,CMR,1.3999095065733882,444.9154347646239,149.19918413158857,120.02280635776756,163.52971633442613,133.5073085197933,1.0607732488318644,1.2430902814157767,34.222145236013326,38.42031561358008,1.0577183530969272,34.88749939861319,39.08566977617994,1.7230725156967852
CMR_0737,CMR,0.22898260300036777,187.30648640720847,50.85046974944161,50.282338309192234,69.0542190778286,53.99534287292384,1.104197199193297,1.0112988269709309,162.42486966794317,147.47783997784978,12.36280732366256,163.09505159754474,148.14802190745135,13.032989253264132
CMR_0738,CMR,1.1098653138576573,435.7315976848163,159.012525037105,102.92397139775956,166.34898860528773,118.87490933470663,1.1667531528896071,1.544951315788096,32.875974776722444,19.124352947292497,39.71528086269616,33.54341797257585,19.791796143145906,40.38272405854957
CMR_0739,CMR,2.6454681054865965,644.0328549851022,235.1451964495955,134.78569316818243,240.87692335336519,183.52968714192122,1.1169965358814358,1.7445857265888511,102.61956987159485,84.88075637511625,104.45196800768383,103.28300093894899,85.54418744247039,105.11539907503797
CMR_0740,CMR,0.5845145654640828,299.05609136579636,90.0175226972854,90.01751410847871,106.72955111723485,86.2685956314672,1.1034433759866802,1.000000095412618,45.766843957456935,35.26681603503597,1.0533229251955238,46.436348149671204,35.93632022725024,1.7228271174097927
CMR_0741,CMR,0.25904812213930606,198.36884885674894,51.00029729430283,51.00029133946615,69.63952803538923,57.430855217134706,1.0994571726865467,1.0000001167608366,84.81266597318002,57.36005599497971,12.360058038094685,85.48536347836149,58.03275350016118,13.032755543276153
CMR_0742,CMR,0.23394471816535725,191.61466114295607,61.55104020953828,43.0231779766245,72.79770588100902,54.57725409454523,1.117550561886109,1.4306483877825202,179.67306580362958,158.12479211279975,12.358469270943097,0.34722930562843346,158.79895561479861,13.032632772941952
CMR_0743,CMR,2.530273805757357,634.1623839412799,228.87970951785366,144.87907162762906,242.5430979847977,179.4894054950822,1.1246354942098291,1.5797982893355682,17.65802046854128,35.664090936050876,7.06846268088077,18.321210628826208,36.3272810963358,7.7316528411656975
CMR_0744,CMR,0.7996527693402697,352.1028786338424,109.12009864536921,100.01953701194851,115.65036154387782,100.90339577937985,1.110743859086526,1.0909878400290287,60.917170007950524,59.52030935882267,1.0523825350270168,61.58732419654862,60.19046354742077,1.722536723625111
CMR_0745,CMR,0.8897912931336365,353.21720781024607,126.37470036785147,91.94183955888558,126.99519599932063,106.43859548954894,1.056313536449054,1.374506981524041,45.45231756790549,51.71857812980404,46.052398370365495,46.122359549785926,52.388620111684475,46.72244035224593
CMR_0746,CMR,1.2830074324053342,523.377105638973,157.09062023620874,100.52120600706715,160.63955631823598,127.81141573144387,1.3034524809363934,1.5627609981635564,136.6321666586702,150.45748708850527,131.65907024274784,137.29677729976447,151.12209772959955,132.32368088384212
CMR_0747,CMR,0.4244514593087806,247.67950503211364,92.24799339637802,57.74862627382866,92.70715814186406,73.51383426352398,1.07243535651014,1.5974058492571324,36.53954899616911,34.00874035030931,39.71359605271228,37.208094431544055,34.677285785684255,40.38214148808723
CMR_0748,CMR,0.6395838504625481,327.54670082739284,109.70168275130456,79.6930684227708,123.23652821786222,90.2409801909807,1.155365919558841,1.3765523767931536,157.46977542207225,151.81335340794513,1.0594188239239395,158.13262196025227,152.47619994612515,1.7222653621039683
CMR_0749,CMR,0.228984487620027,187.30725764875558,50.850683289680205,50.28254662536328,69.05450101129617,53.99556507424824,1.1041972017810842,1.0112988840551356,162.4204425288454,147.47340270107594,12.358373987523176,163.09423746076453,148.14719763299507,13.032168919442313
CMR_0750,CMR,1.6051170279835747,476.64339558234883,159.81848530235362,129.8428319144676,173.69509448597847,142.95798242688178,1.0612929926852657,1.2308610567553864,155.83471317583889,156.58376978407068,1.0558023979403508,156.50107031445552,157.25012692268731,1.7221595365569726
CMR_0751,CMR,0.1787129790252371,168.5074538645342,57.15615264099815,40.00762923911317,60.53400307434809,47.701617588123526,1.1244396138485377,1.4286313317740869,14.930502186831575,40.806822933932004,1.0563269999717928,15.596276665505764,41.47259741260619,1.7221014786459818
CMR_0752,CMR,3.106682900493618,691.6710033327661,210.03985618277056,209.5426971221714,225.42879973594395,198.8856837950135,1.1069963113805636,1.0023725907293695,145.6246166553913,136.34217427493854,91.05715509962974,146.28942138327835,137.0069790028256,91.7219598275168
CMR_0753,CMR,0.9895009245868747,394.2313380902333,143.4553499443559,91.5760555687565,161.22508365748007,112.24400682156775,1.1179904915286143,1.566515930975513,64.76160086764789,53.622636145714544,84.70854255844122,65.43473513635026,54.29577041441692,85.3816768271436
CMR_0754,CMR,0.2289847667768217,187.3073707375883,50.85071515425808,50.28256943527608,69.05454445998721,53.995597987447816,1.104197195384833,1.0112990590051951,72.41956497343405,57.47252222612894,102.35748196504467,73.09380002523149,58.14675727792638,103.03171701684211
CMR_0755,CMR,0.2242244915905864,181.60824096882158,58.33973982109538,43.101049763814174,64.9987212136679,53.43140364909681,1.081904920418485,1.353557283193482,7.878851561987933,154.7450691882757,12.364542900147335,8.546013016344087,155.41223064263184,13.03170435450349
CMR_0756,CMR,0.15396409377401693,152.9546118270326,43.46538386483468,40.427701147629115,55.44926420559408,44.27563355417867,1.0996333914086618,1.0751386458040963,33.39378746254315,59.84164246432976,15.0871943604909,34.06460703862948,60.51246204041609,15.758013936577226
CMR_0757,CMR,1.3250049993526363,441.1453665104482,149.6351698601842,120.0225192037352,176.62181899228304,129.88644125341048,1.0811053875168075,1.2467257882346416,56.857873481255396,52.42036598952757,91.0588986974435,57.52068750696263,53.0831800152348,91.72171272315073
CMR_0758,CMR,0.585529469771684,284.6026984527317,100.01968359609883,70.01377345038613,103.736651845962,86.34345809157287,1.0492034319034356,1.4285715319568628,172.57031493065116,165.66638736402842,1.0504764426655984,173.2415588345075,166.33763126788475,1.7217203465219242
CMR_0759,CMR,3.7510752821512177,822.8970417845405,313.1444550686811,180.98342093603094,317.9842982930178,218.54101181502614,1.1985680012002458,1.7302383469663933,50.78419265532493,42.517213036339605,55.610777011197044,51.45384729570742,43.186867676722095,56.28043165157953
CMR_0760,CMR,0.11367491441585881,134.7817531593229,46.72451213828922,30.82393635003864,53.56040591285384,38.04410549331613,1.1277007029468271,1.515851564436242,135.94132006976287,121.33604018086052,154.48226999135386,136.61542226031025,122.0101423714079,155.15637218190125
CMR_0761,CMR,0.37447852924495867,234.4799909059684,79.34931112897088,60.01179387993977,90.29616635380134,69.05076915494458,1.0809046753726197,1.3222286153904672,64.84611241820802,50.61396275018184,91.05046677666206,65.5170471246435,51.284897456617315,91.72140148309754
CMR_0762,CMR,0.6092841655741886,307.93253741047,108.09776860117734,79.74605017071819,126.74567714291469,88.07750527745569,1.1128604361197916,1.3555250494509077,30.514025532647064,33.96029251324436,1.0558676996944798,31.179583520402247,34.62585050099954,1.7214256874496605
CMR_0763,CMR,0.15408431714681362,156.32453688193954,58.967843658910176,38.22940569848553,61.104002865728205,44.29291656854823,1.1234221947343515,1.5424734594094465,58.113665184938505,53.01409165575754,69.2517956401102,58.78174327932622,53.682169750145256,69.91987373449793
CMR_0764,CMR,0.8195213085806369,351.13792954464645,119.1016482296842,86.15771566569045,134.2447719027515,102.14925050326971,1.0941898627498068,1.3823677578897628,121.08455761631056,127.64093151031791,99.1794792647736,121.75646878275822,128.31284267676557,99.85139043122126
CMR_0765,CMR,0.44960016909768263,248.56952825868836,72.7742483403364,72.32448517114,83.90191481006354,75.66034064255761,1.0457544544053614,1.0062186846976116,84.27208335664695,48.15576881794513,105.0960759173611,84.9335103414061,48.81719580270429,105.75750290212027
CMR_0766,CMR,0.30422019295027275,213.0607884198739,64.76977873023516,62.305791554209776,83.26889855413467,62.23706130363553,1.0896940487162294,1.039546679603317,143.2983503831924,145.4945377199931,105.08595827798945,143.96975108006578,146.16593841686648,105.75735897486284
CMR_0767,CMR,0.6991249790972489,406.10406196858355,154.22275181842642,78.04839161423854,163.0716800866576,94.34795016844623,1.3701085981540169,1.9759888529245646,113.00801581486512,123.02141704442141,103.79697222120626,113.66912601799153,123.68252724754782,104.45808242433267
CMR_0768,CMR,0.1688853909230144,160.99759278735488,49.24834856019443,42.83089182672256,55.689259137704816,46.37149536636045,1.1051428260211706,1.1498324330820486,7.611359318650215,149.98341771122404,12.367541273976277,8.27461109229757,150.64666948487138,13.030793047623632
CMR_0769,CMR,1.325089438960103,572.9904041001839,191.96140812476864,126.8680761485149,195.3311698300896,129.89057987378968,1.4041704216791902,1.5130788922821994,7.4889851276808646,14.816489031107945,173.74277987021424,8.159234080700024,15.486737984127105,174.4130288232334
CMR_0770,CMR,5.612456582372059,1062.0181591620649,404.5528882583217,223.85045401331402,417.5947978493468,267.32006403907036,1.2645922429473446,1.8072462262429003,34.945353541599616,34.08702970106122,48.44415526792148,35.61426447669599,34.7559406361576,49.11306620301786
CMR_0771,CMR,0.23890733137703865,196.09544674164175,68.14926354989414,40.00767356898796,76.92832282159144,55.15308348917523,1.1317430574075233,1.7034048088894675,170.97078700396614,151.70963599312788,1.0543411192436913,171.6371286068834,152.37597759604515,1.7206827221609728
CMR_0772,CMR,2.070206190311544,665.8163481308491,252.24438152255985,150.33709738044226,252.24933931938935,162.35357671638116,1.305397332656693,1.6778585320443666,177.57324933762467,172.1860366971588,171.82681043002023,178.23995271180968,172.85274007134382,172.49351380420524
CMR_0773,CMR,0.4944530040564743,267.6518172551995,80.01579781484259,79.64492460362047,104.20332745135632,79.34463546943793,1.07374895584722,1.0046565831164747,42.5024197362197,42.205140531878584,1.0491475751159904,43.17390407560575,42.87662487126463,1.7206319145020395
CMR_0774,CMR,0.1439140806798425,147.969704705847,40.99042055483451,40.306854363264556,55.04528257031097,42.806202654029256,1.1003129673576368,1.0169590557826549,163.56929692756074,150.2731327011048,15.091199969142066,164.23495327253727,150.93878904608133,15.756856314118604
CMR_0775,CMR,6.927569270976271,1084.5398679388181,382.7452224303636,249.90761352011592,395.4903479330598,296.99251075909524,1.16238541181738,1.5315468666165912,28.546669003466473,25.483675059682472,42.0394547191181,29.217155399870148,26.154161456086147,42.70994111552177
CMR_0776,CMR,1.5147017612786138,510.76582941654567,177.01378867589057,123.19879230634021,177.42696358426215,138.87325807872196,1.1707208088686785,1.4368143174304548,44.163741373280025,52.954772162144444,49.043850258140786,44.826816362389536,53.617847151253955,49.7069252472503
CMR_0777,CMR,0.679720570472281,395.8403601839818,137.04415732629857,87.55840124440284,138.3929998771879,93.02940984953372,1.3544093228249743,1.5651742765810162,66.58955466086196,88.6309379578083,69.08344878239633,67.25385766418655,89.29524096113289,69.74775178572092
CMR_0778,CMR,0.22378325858442755,195.6689869276217,68.6968717922072,39.425314298771006,76.97990257838552,53.37880611997497,1.1668183963994976,1.7424559071770969,172.25711130125694,151.8948656559519,1.0552705139180083,172.92232188011369,152.56007623480863,1.7204810927747474
CMR_0779,CMR,0.21926978664225358,177.09777636973132,52.782318966946896,50.492392488273644,62.4448895223646,52.83776711014189,1.0668878743899708,1.0453519107696285,158.13304592435907,143.90718473994988,15.092013426676576,158.79775664724622,144.57189546283703,15.756724149563723
CMR_0780,CMR,3.111123551127705,834.5967651382451,329.83062470089374,178.43559362477723,329.8550605405946,199.02777529412023,1.334790588539342,1.8484575750871606,179.00441390338952,174.27523078523893,174.97264744553092,179.67442707841533,174.94524396026475,175.64266062055674
CMR_0781,CMR,0.42554673139789284,248.81306582845616,89.35132861622878,60.011827528458596,91.10645506763682,73.60862222244006,1.075956270796105,1.488895311076086,18.528831241145838,40.41562056119903,1.049222753980819,19.20005103463499,41.08684035468818,1.7204425474699678
CMR_0782,CMR,0.48952210433157806,285.34543365531266,105.28658334226182,62.40919113671462,106.86774444575352,78.94801462082104,1.1504820348697247,1.6870364993454132,41.79357319306013,36.18199356448104,46.05022429509852,42.46372123681387,36.852141608234774,46.72037233885226
CMR_0783,CMR,2.4357143216664037,727.7690840653098,276.1496342492126,150.83082770294365,278.0042870738628,176.10360002065397,1.3154534847086659,1.8308567184493627,167.64816683328246,167.31298104187394,173.93491637782557,168.31927686215937,167.98409107075085,174.60602640670248
CMR_0784,CMR,0.10890168616312224,128.35825719681273,39.90236147071421,31.38044164985325,46.9125178583801,37.23680079051171,1.0972398641044945,1.2715678738989582,118.26169541434568,143.9535673915662,109.48550790357298,118.9314718918674,144.62334386908793,110.1552843810947
CMR_0785,CMR,0.3140463524110165,224.99566860984487,70.01363717209968,49.52045772891244,83.28075868989725,63.23418654252944,1.132589024749725,1.4138325932965343,174.1643967966312,145.90839048293873,1.0513801681015171,174.83332840007967,146.5773220863872,1.7203117715500014
CMR_0786,CMR,0.22920712228229517,205.40660162103018,70.01340607014068,40.007658871141814,78.24257775371609,54.0218078209871,1.2103066265395976,1.7500000761264864,105.21582032216831,120.32030094570115,91.05438029816769,105.88165092762131,120.98613155115414,91.72021090362068
CMR_0787,CMR,0.7295800250140474,380.57998192727234,150.80567866043796,79.22946084696548,151.28128153133187,96.38102193361276,1.256911042243794,1.903404075306337,152.6070194611768,149.54551746758554,154.72635857229795,153.2736656420101,150.21216364841882,155.39300475313124
CMR_0788,CMR,0.1589429359555332,156.47504235289432,47.78888470397623,40.30704803336725,55.66058027485163,44.9858234797245,1.1071833095242172,1.1856210522888035,88.54277529071899,121.67655144991306,77.0138107903687,89.21288275846352,122.34665891765759,77.68391825811322
CMR_0789,CMR,0.5946611086939488,285.51838831455564,89.5104827698019,83.84102849836334,97.31039176242317,87.01413904103117,1.044466183190411,1.067621478087536,77.0879892130432,67.39864745623464,37.916255035345095,77.76172083761465,68.07237908080609,38.58998665991654
CMR_0790,CMR,0.9784235997450005,534.3682990080442,218.9498925210342,89.80770233716319,221.17104371768477,111.61396053798393,1.5239555304516819,2.437985682998939,109.1867438668367,117.47698312486332,109.30399340903963,109.85424410417333,118.14448336219996,109.97149364637627
CMR_0791,CMR,0.38447404768411014,233.9451251527098,79.55079895525166,59.69219143595782,84.50168896852804,69.96624625030285,1.064328160384757,1.3326835058585447,98.07628350206528,125.14315690280976,91.0592875648551,98.73690919554728,125.80378259629177,91.7199132583371
CMR_0792,CMR,0.3487350114469554,316.485843643582,97.14023209514235,49.74015708254981,100.5552178585015,66.63506638459462,1.5118252045781675,1.952953866509235,9.819093918689981,17.20549177493704,1.0578418515366872,10.481019355419216,17.867417211666275,1.7197672882659216
CMR_0793,CMR,0.2543365389976991,188.92281596413142,59.42488373101675,50.00942750524167,68.79207606759341,56.90618060658679,1.056756918247704,1.1882736255036757,23.819772259369575,45.963460236414335,1.0566061291518642,24.48278675458218,46.626474731626935,1.7196206243644678
CMR_0794,CMR,0.8443916950765293,361.67652819719785,136.73834655843393,76.04101201988392,139.91630871112113,103.68765102062022,1.1103078659087746,1.7982183946036685,127.20611560074836,130.80209800128839,117.61736700287227,127.87341010471798,131.469392505258,118.28466150684189
CMR_0795,CMR,0.6495231595199912,306.58639326159647,100.21064683529818,76.10172958380295,106.94183144521503,90.93946183710227,1.0731257693102187,1.3167985456223643,13.495028291461978,35.2014350302662,7.395972569975135,14.158704424088443,35.86511116289266,8.059648702601601
CMR_0796,CMR,0.44690046002294376,359.55961019712964,148.78859989586263,64.21471936674072,150.00479063245072,75.43284021310265,1.517261954803822,2.317048199589672,120.67232725116754,120.08386281320753,112.78290604016982,121.34460644243134,120.75614200447133,113.45518523143362
CMR_0797,CMR,0.4189546552412823,314.3531917257394,126.44803942982699,48.23325322872134,131.48603464438912,73.03626732686216,1.3700279647633296,2.6215946668621406,142.53785114279088,152.85346484944597,136.51191565811493,143.20565475507703,153.52126846173212,137.17971927040108
CMR_0798,CMR,0.11898975091261872,134.3937491400646,40.00742888381021,30.005569277360912,47.549821768873684,38.923316441451014,1.0990548314898971,1.3333334393357323,1.0589837689765809,144.61267921580267,1.0589837245021858,1.719201364092706,145.2728968109188,1.719201319618311
CMR_0799,CMR,3.7985323436848426,978.9332443712779,325.9950561626836,215.7827842542131,349.4466617852838,219.91911221935848,1.4169033625715106,1.5107556299701357,139.79947947780425,125.49069507195384,146.60091405389073,140.4601642348902,126.15137982903977,147.26159881097666
CMR_0800,CMR,0.754067152451977,376.63117370554767,145.99102389317673,79.75672596267849,153.76855942379808,97.98510692384306,1.2235066103327201,1.8304540730708034,135.55871952494678,126.65492416063707,144.9558308609566,136.21699570596945,127.31320034165974,145.61410704197928
CMR_0801,CMR,1.644962848858361,507.36320662060984,159.4480077713508,144.12629640568454,166.53990500015183,144.72151701756985,1.1159275267522433,1.1063075354586156,49.25815805784315,17.54968433254014,61.72213191250868,49.92226935445976,18.213795629156753,62.38624320912529
CMR_0802,CMR,0.1288625279639092,141.2190022977491,42.744972898992465,37.26791505359733,54.22518018853737,40.50590900574753,1.109749309465112,1.1469644287188654,142.85620445787498,151.08516643700125,109.49008744727708,143.51960603093767,151.74856801006393,110.15348902033976
CMR_0803,CMR,0.2744035549721616,198.7832901407726,60.0113145942424,59.59927496601331,76.0736490258422,59.1084983235461,1.0704837418402668,1.0069135006837593,139.8577244510684,141.3155865023338,1.0557451176141093,140.5204900914274,141.97835214269278,1.718510757973111
CMR_0804,CMR,0.11886050493099443,136.08348587916979,46.65210980918299,29.109764070669584,52.859018741209745,38.90217155703919,1.1134781727590741,1.6026275477852026,116.91092825705307,135.5591304674668,105.09205566035952,117.57355909185982,136.22176130227353,105.75468649516627
CMR_0805,CMR,0.3491971156328904,233.3673913967111,79.80838513543182,53.003395274222044,84.05519004960689,66.67920039496975,1.1140377712162717,1.5057221282246094,12.63394919105475,35.48626120167121,8.184473476620814,13.29292261990901,36.14523463052547,8.843446905475075
CMR_0806,CMR,0.29908061814864234,215.772181027238,78.38438969174882,49.74013178274631,86.48717343123592,61.70909739176943,1.1130031273730647,1.5758782070404271,165.98442186541885,154.7138484204145,1.0572310032427448,166.64540253490222,155.37482908989787,1.7182116727261032
CMR_0809,CMR,0.1139506135484603,134.10886402091768,44.24040364571254,30.60786300304681,48.419438961939534,38.090212301421225,1.120712504958734,1.4453934154536925,111.09857469422127,80.43291723106307,117.62301247652675,111.7587702942015,81.0931128310433,118.28320807650698
CMR_0811,CMR,9.398319828887143,1287.7784348186708,368.66914213379476,365.9593995241464,451.7101745839376,345.92358202654697,1.1849802335407522,1.0074044897143557,49.078401864261664,44.276145397036785,88.19587448228718,49.738132301946024,44.935875834721145,88.85560491997154
CMR_0814,CMR,0.15409428480293702,148.8297466411742,45.520465134757124,44.15429614855467,51.52397771654369,44.294349191379034,1.069526487666172,1.030940794109956,143.82443637664412,160.63439534357505,34.74674724868199,144.48548628952858,161.29544525645952,35.407797161566464
CMR_0815,CMR,0.5794183563580796,294.90181411433724,97.64157134881332,81.03935216090645,100.97467305311191,85.89169716920009,1.0928898366184456,1.2048661390449247,67.49266955129112,61.70112407642442,78.52007140121702,68.16140011349489,62.369854638628205,79.1888019634208
CMR_0816,CMR,0.20879528812604148,180.05218069162038,50.281861782973955,49.96601581841633,68.47507765582117,51.560296507724644,1.1115605034293508,1.0063212157180084,129.23865066612598,124.82068821138687,169.7477480192563,129.89848640899837,125.48052395425924,170.4075837621287
CMR_0818,CMR,1.144828788910866,508.06963033619166,200.33709905876944,84.78743424640268,200.63592570462438,120.73281600263363,1.3395163929765872,2.362815915346197,61.789108014900556,64.65023383723997,67.77773042549305,62.44687317606804,65.30799899840744,68.43549558666052
CMR_0819,CMR,0.7243078263668052,449.4847162771481,195.36458931930554,60.98629877572602,195.45377240421146,96.03214915284289,1.4898701126829559,3.203417705962921,135.2023308428286,131.83168023202455,133.56258570994865,135.8706007276965,132.49995011689248,134.23085559481657
CMR_0820,CMR,0.1037259134534967,128.36290788961057,42.534108681588044,30.52602494574964,50.005223431953496,36.34115226884929,1.1243227044175423,1.3933720082185275,178.62772508802735,159.9431174187675,15.086822871628366,179.29436303896662,160.6097553697068,15.753460822567632
CMR_0821,CMR,5.386614799604545,906.9094277856668,299.7398860311386,240.04625749884238,354.45788750301796,261.886444382144,1.1023030894879913,1.2486755226024888,36.292286254509726,39.434234607685866,1.0509285203690615,36.958496751153604,40.100445104329744,1.7171390170129417
CMR_0822,CMR,1.9201431942855725,750.940427726923,305.5501601757438,113.83406994886253,305.66601830045374,156.35863412419806,1.528740407713573,2.6841714463253887,20.66488008719071,20.135623668279838,21.99244411453925,21.32826903940938,20.79901262049851,22.65583306675792
CMR_0823,CMR,0.21411691848180167,177.85914668326475,58.55294948871585,49.54576816133939,69.35746727156425,52.21322895664135,1.0842908180321413,1.1817951696307492,35.16040234812182,34.78882767498622,1.0469624852089265,35.83038860597555,35.45881393283995,1.7169487430626589
CMR_0824,CMR,0.34899055612125035,235.8950240043619,78.579138711312,50.00923101981577,90.92214316018764,66.6594762050147,1.1264372676919154,1.571292681548645,101.72432625659843,122.78496693186548,91.05848328641228,102.38275247466873,123.44339314993579,91.71690950448259
CMR_0829,CMR,0.11875501829494794,137.65703164916957,40.00763095829345,38.084402270685196,52.79028219434033,38.88490522411948,1.1268535650041012,1.0504991170384896,61.80471946529768,47.82423813108517,91.05212633795765,62.46877890878301,48.488297574570495,91.71618578144297
CMR_0830,CMR,0.17423003987280314,159.58211492745625,54.84922171717947,40.7888480254685,58.8884619517939,47.0995304272598,1.0784940821857467,1.3447112231002867,94.1776035428336,102.0771787541701,77.02256092723083,94.83495510553793,102.73453031687444,77.67991248993516
CMR_0831,CMR,1.0098150901835847,427.4373626420956,129.43872558045575,119.12182321865903,143.2265060001606,113.39032170745635,1.1999043322615268,1.0866079957730255,111.40378024907197,124.06910558274281,91.04955672396113,112.07035263434575,124.73567796801659,91.71612910923491
CMR_0832,CMR,0.3592906806790294,229.789520936011,77.0792610670937,62.873420762424004,89.55034340624272,67.63601871010403,1.081439706983264,1.225943493011911,73.55025748967456,79.40210630815909,46.04609351721951,74.22024128087713,80.07209009936166,46.71607730842208
CMR_0833,CMR,2.115290082386959,546.9174342661223,182.96578101512807,154.45275563572716,189.09471934824404,164.11188200374696,1.0607959894653176,1.1846067767586366,153.68575029550135,161.94408829634585,147.19987527657608,154.3466807278279,162.6050187286724,147.86080570890263
CMR_0834,CMR,0.7197937174531248,314.48894911255184,105.60362462501104,84.0155959228044,112.91231288762219,95.73243050885353,1.0456742930894083,1.2569526343899562,162.12003792541273,167.16211750661824,144.18689253326104,162.77929864511273,167.82137822631825,144.84615325296105
CMR_0835,CMR,0.27901282107745573,215.57751626537828,75.4040621167054,39.60580155355844,82.9730355293148,59.60286547507034,1.1512945580597669,1.903864059277715,12.715532586312554,36.07314427394698,9.175682314414987,13.385854210554573,36.743465898189,9.846003938657006
CMR_0836,CMR,0.5245794014995758,273.2704670775129,90.01643343706262,69.69785971029253,101.44220186939853,81.72608141485581,1.0643443288475438,1.2915236394808487,106.55345395875425,120.59615304012253,91.05941475497534,107.20994877047153,121.25264785183981,91.71590956669262
CMR_0837,CMR,0.20901807394939323,178.81587611322493,52.661784814330176,41.19201122266713,64.41355144475929,51.58779674658979,1.1033396416027026,1.2784465543491466,97.50259472214924,64.73276722354021,102.367086414899,98.16123751016903,65.39141001156,103.0257292029188
CMR_0838,CMR,0.17383229630673303,171.63711392094459,73.36409349665813,34.925674358476016,73.58279771364887,47.04573878789159,1.1612909395133484,2.100577722384152,130.97469426745647,131.63291334269394,136.05152349054828,131.63888242867927,132.29710150391674,136.71571165177107
CMR_0839,CMR,0.24427733359040604,187.3522686996798,59.42458867813719,49.5971342172333,65.34312118611557,55.7694863711123,1.069331693844693,1.198145610951231,81.72040008557998,63.295247797281355,91.0583683077814,82.37773662196182,63.9525843336632,91.71570484416323
CMR_0840,CMR,0.3986247599970832,263.286090370703,96.1448091067761,59.32479543691905,110.70641437614654,71.24217907523953,1.1763616237954317,1.6206513380902987,114.54891678127176,121.85334017291407,91.05213454134616,115.21247988727302,122.51690327891534,91.71569764734743
CMR_0841,CMR,0.13869545216867588,148.50242284228608,48.83220623933188,37.75958586343828,59.44757172420114,42.02291450816833,1.1248574704107455,1.2932399845681295,132.8112846213725,141.08779396125496,105.09543295720366,133.46772374879473,141.7442330886772,105.75187208462589
CMR_0842,CMR,2.8455360042144218,937.1066234156737,368.98891776115556,140.02690590897052,372.98314251154494,190.3430841016685,1.5671192050360645,2.6351286944884005,177.64116862097063,172.6575397417772,1.0501750929799385,178.30644257665946,173.32281369746605,1.715449048668768
CMR_0843,CMR,0.7010975130686757,401.55947679920376,163.16703173647414,65.94372288191079,163.54165690084236,94.4809546075036,1.3528689658881337,2.4743375806771892,148.9231841714404,148.23085823865628,152.10972480915316,149.58180632836763,148.88948039558352,152.7683469660804
CMR_0844,CMR,0.6793707419580893,373.90470271041755,146.8113324891697,66.4172870792658,150.02171100064066,93.00546726924753,1.2796835160107896,2.210438561182987,21.564486443992948,9.166867887375608,21.041392194786056,22.22160174405336,9.82398318743602,21.698507494846467
CMR_0845,CMR,0.15396312227615241,152.95413022265788,43.46524766369603,40.427579747581575,55.44908973903103,44.275493866572795,1.0996333983136573,1.0751385053243554,123.39205574695772,149.83990120986152,105.08544733527904,124.05812916069323,150.50597462359704,105.75152074901455
CMR_0846,CMR,1.5869171107448263,524.6193021567673,181.49932055061214,119.02019115769144,188.355695080826,142.14519406639053,1.1747953313240054,1.5249456313688932,157.74061851160556,162.65389380331126,147.0012451724203,158.39761755344543,163.31089284515113,147.65824421426018
CMR_0847,CMR,0.3091232468053222,219.11478251557185,69.29577507453722,59.429330851335116,88.86095299462967,62.736587572919824,1.111734064315345,1.1660197764616165,125.6884576455014,131.5060948952071,91.04826727273569,126.35522203405297,132.17285928375867,91.71503166128726
CMR_0848,CMR,0.11367165673828707,134.77982252038643,46.72384662017716,30.823489817137272,53.559639225272626,38.04356035845598,1.127700708401229,1.5158519329696274,136.16174980353318,150.76702987486118,117.6208075891679,136.82067677733892,151.4259568486669,118.27973456297363
CMR_0849,CMR,0.46430101069990515,323.9716760318711,126.10706325697231,61.193637722043015,128.9178307460585,76.88734664973315,1.341227026525758,2.0607871659760204,48.9822922786584,57.16599168813111,42.25271230823457,49.63935997365874,57.82305938313145,42.909780003234914
CMR_0850,CMR,0.5243437743994633,288.3060391667878,108.70363786893692,60.01095834015036,114.60635577909538,81.70772476339612,1.1231577280975966,1.8113964661718909,170.7633328671561,161.94923770333634,1.0582847391682966,171.41948332215566,162.6053881583359,1.7144351941678622
CMR_0851,CMR,0.25091221350310294,188.89010036749258,59.18801012430712,50.00912512391972,64.94714369734787,56.52179690076942,1.0637592866125403,1.1835442027358536,88.92930212315378,64.77938123030285,91.05845313902826,89.58524776601656,65.43532687316564,91.71439878189105
CMR_0858,CMR,0.189185272866711,185.08702110368554,74.86142114035997,31.131879876003612,76.2524272777482,49.079340938465,1.2004038256234504,2.4046546960391875,62.63918618353948,53.52786539394503,64.48855362863759,63.29890013368697,54.18757934409252,65.14826757878508
CMR_0859,CMR,0.34400531551363217,279.17084059795906,119.88719224101408,36.994830934209666,120.80386243074842,66.18165692327844,1.3427109961840997,3.240647117815387,178.92526707968773,168.7956085684873,175.85843896179705,179.58568326111916,169.45602474991873,176.51885514322848
CMR_0860,CMR,3.5561710018439685,840.9821826514001,247.22462235480037,197.47122027450678,271.1616566546275,212.78762998323472,1.2580286873981077,1.2519526744764673,52.22795312612623,18.223221893065453,46.152933247315524,52.89654406306744,18.89181283000666,46.82152418425673
CMR_0861,CMR,1.5551279844310137,515.3932896900819,196.41347813349745,121.26864359686412,198.51899283284445,140.71426533588752,1.1658716974397563,1.6196559333708627,29.67577723728458,38.39621294908811,29.71750171398138,30.34451674415511,39.06495245595864,30.38624122085191
CRR_1430,CRR,0.12898081284181218,140.02810235789627,43.16746420278673,31.535469050827114,51.052450391339015,40.52449523711309,1.0998861074833075,1.3688543567629141,9.381715515240582,159.63691937021048,15.089376333226298,10.039083690974973,160.29428754594488,15.746744508960688
CRR_1431,CRR,0.1636477869348703,166.3542280507782,60.89695269154498,34.762408445748115,67.88154807389319,45.646777951337505,1.1600423463291565,1.7518047630843443,32.176979280169924,18.40455655298285,46.04542427007516,32.84182458926612,19.069401862079044,46.71026957917135
CRR_1432,CRR,0.22942722678437227,177.08633130092863,53.76912873601477,52.98305734746126,62.64909907936449,54.047739802954304,1.0429359334286628,1.0148362783860976,30.728993469522575,52.321244704576046,19.480094610123242,31.394022708828345,52.98627394388181,20.145123849429012
CRR_1433,CRR,0.10890120055970308,128.35797101530815,39.902272502916645,31.380371677276383,46.912413267580796,37.23671776912527,1.097239864103759,1.2715678741246799,118.25630071977808,143.9481726887393,109.48011319653722,118.92110184630195,144.61297381526316,110.14491432306109
CRR_1435,CRR,0.5094392029582959,317.0100823388931,130.0251256025833,49.76592128357757,132.32159152727803,80.53807415408347,1.2529160187683843,2.6127342215101472,3.0616563623374313,170.35510262898953,1.0452403804350798,3.7263234976359265,171.01976976428801,1.709907515733575
CRR_1436,CRR,0.42420910322395505,279.01067966029484,85.95639546247683,80.32440817552295,111.45332609927908,73.4928435605386,1.2084422561983619,1.0701155155061586,141.65050683666772,143.27153241248948,100.50755915550393,142.31513045101946,143.93615602684122,101.17218276985567
CRR_1437,CRR,0.19909291639349855,174.16380370793132,60.953549143101185,44.336905355645676,69.35712193257645,50.34808578574303,1.1010956955051898,1.3747813171480092,142.71918025325388,147.304565743227,117.61147832261146,143.38257192009627,147.96795741006937,118.27486998945385
CRR_1438,CRR,0.22396855791418183,184.96625365189635,59.07941610548277,49.29175836875664,74.54242579905504,53.40090118281187,1.1025392052134109,1.198565806143568,122.19484162553992,130.64758812704403,91.04678207275786,122.85784727402108,131.31059377552518,91.70978772123902
CRR_1439,CRR,0.10875127649291269,130.01629962142022,38.828544586977536,38.08441982644744,46.49499362201025,37.21107708347125,1.1121815539414972,1.0195388235903582,34.690608953437646,50.587575186052455,1.0471804610713589,35.35317526974344,51.25014150235825,1.709746777377153
CRR_1440,CRR,0.13829445987006075,157.80022374852072,64.39099605275571,31.042346536451717,66.05349534556747,41.9621228162198,1.1970169259824235,2.074295381540957,114.5486176941025,122.98418806319687,109.48331606362633,115.20992802376172,123.64549839285608,110.14462639328555
CRR_1441,CRR,0.4794598555902065,266.64082846309975,79.93515360496029,79.70240838723521,106.07074983426752,78.1324035372304,1.0862895280009905,1.002920177977487,55.578767255279885,57.37040088291511,15.08182230709514,56.24278098919511,58.03441461683034,15.745836041010364
CRR_1442,CRR,0.299321050475443,272.59960158842233,112.18609942470485,45.80487949013558,112.82828298546492,61.733896526705955,1.405567330709805,2.4492172160143975,108.30620387198363,105.90962668533655,112.0255838895258,108.96815817251336,106.57158098586628,112.68753819005553
CRR_1443,CRR,1.279277358246737,574.9032928787299,153.29857813550223,151.27132407533483,183.7572736083436,127.62548809716957,1.4338625023207527,1.0134014432183973,29.563726737357538,36.85750445226989,162.60794483851603,30.230436869949454,37.52421458486181,163.27465497110794
CRR_1444,CRR,2.0001124423661465,730.0224519887915,213.15167282359127,159.6911335166409,233.3351137826164,159.581397898922,1.4561431762325336,1.3347746248001893,35.40297652705575,40.97641817739347,15.088269646586436,36.060031331486364,41.633472981824085,15.745324451017048
CRR_1445,CRR,0.12898123043200738,140.0283290407926,43.167532387057975,31.53552262584991,51.05253304126196,40.524560838413805,1.09988610751903,1.368854193387403,99.37913898923475,69.63434286111703,105.08680371141239,100.03758543250002,70.29278930438231,105.74525015467766
CRR_1446,CRR,0.14391154167520223,147.96839942290745,40.9900589763566,40.30649880472207,55.044797004422755,42.80582504807843,1.100312967363718,1.016959056030797,163.56896343218187,150.27279921210658,15.090866471083526,164.22328016175942,150.92711594168412,15.745183200661085
CRR_1447,CRR,0.22936014380285774,194.71764602772035,60.01130163259877,50.00941263038447,75.64199315571388,54.039837627063804,1.1469418574644035,1.2000001294983698,34.204358481135614,40.68418747200367,1.0490878238888963,34.864165485463815,41.34399447633187,1.7088948282171006
CRR_1448,CRR,0.9444158476698001,384.6113250357984,141.80064645612094,91.86330291847966,153.56610544333049,109.65708385361016,1.1164402954630586,1.5436049211289098,142.6110991889606,131.49838114993705,161.0656616882165,143.27118790762086,132.1584698685973,161.72575040687676
CRR_1449,CRR,0.11395052842935945,134.10881369740508,44.24038411714836,30.607858289927634,48.41942008873165,38.09019807505979,1.120712502994701,1.4453929999965691,111.0909860180717,80.42532715707,117.61542588299267,111.74783757865723,81.08217871765552,118.27227744357819
CMR_0862,CMR,6.102325854626613,957.3287356494974,299.60935790063536,260.3379737655572,354.14970608097786,278.7422212900371,1.0932222591710954,1.1508476983478535,54.08868597618251,58.50648788021537,91.18695432963774,54.778659065900655,59.19646096993351,91.87692741935588
CMR_0863,CMR,2.22035368479573,589.630042844529,209.30871501755368,146.66721361380476,211.4982083191421,168.13810141607868,1.1162554486322858,1.4270995532013906,11.315338789518673,41.52478749763582,22.080166426139876,11.99864172662871,42.208090434745856,22.763469363249914
CMR_0864,CMR,0.7498402603672014,315.3583718138261,100.02128273831711,90.01914450057733,106.70098109467301,97.71009526830026,1.0273420281039374,1.1111112340961609,1.2775834927969374,160.65750666756037,1.0384501347867081,1.9649057800881229,161.34482895485155,1.7257724220778934
CMR_0865,CMR,0.10890411415100534,128.3596890226222,39.90280939739307,31.380793610742426,46.91304003490934,37.237215889673095,1.0972398721868124,1.2715678861522912,28.25515249550821,53.94703123657206,19.478977067978395,28.93689264894076,54.62877139000461,20.160717221410945
CMR_0866,CMR,0.339090783745706,241.80691892126254,82.479782861103,41.239889403476276,89.86037848527018,65.70721384446857,1.1714015606029184,2.0000000983065305,15.073268594123595,41.1370996526769,15.073270623304001,15.761939934531016,41.825770993084326,15.761941963711422
CMR_0867,CMR,0.5845137227255827,291.0076514398167,89.4346971681843,89.28184646379628,111.98382048222169,86.26853344149163,1.0737473875250643,1.0017120020523993,49.4414375614135,53.150444200907465,91.04522997927018,50.12184933515434,53.8308559746483,91.725641753011
CMR_0868,CMR,4.061263140985568,960.1410468425424,358.3493497070463,213.32623402503128,393.16465375929437,227.3974677228874,1.344000838713274,1.67981847776396,27.39341729697843,24.689422241683097,49.191048525163254,28.07856524479555,25.374570189500215,49.87619647298037
CMR_0869,CMR,0.8746509027271455,371.24791895389734,119.43829970709338,100.02063980243983,142.6780389141733,105.52914844679216,1.1198032445771748,1.194136529650352,34.74383521930926,35.36686484388401,1.0444052428525614,35.425001836883254,36.048031461458,1.7255718604265553
CMR_0870,CMR,0.5094650323296022,273.2565135698467,89.43288225056305,69.80283701377631,101.28410694175531,80.54011583191495,1.079961815735686,1.2812213095710214,72.23045420595834,61.16622044892825,91.03639881891299,72.91953021902371,61.855296461993625,91.72547483197836
CMR_0871,CMR,3.2058442130040485,728.1482937567611,256.08935111239725,186.60234794135445,270.580045727553,202.03483922970145,1.1472120422117877,1.3723801117062109,38.5895038203238,36.978626612856225,16.738235005584183,39.27580471392251,37.66492750645494,17.4245358991829
CMR_0872,CMR,0.5296234500538856,269.881881495903,80.01725214573761,79.43081946591344,91.08645609303456,82.1180565057208,1.0461288861121971,1.0073829362930824,104.79981936731107,51.52899560329057,91.0354187495116,105.48978300608684,52.21895924206633,91.72538238828737
CMR_0873,CMR,3.571147277138795,699.6469316855602,231.96515271523694,202.6293860185023,252.54359638510093,213.23522066784406,1.0444078351417156,1.1447754803642152,161.94519314726708,162.71049919598758,128.9120433497316,162.6335206329257,163.3988266816462,129.6003708353902
CMR_0874,CMR,0.6994884876283395,322.9515539223369,106.31179622902081,81.67653264580932,114.75760673013,94.37247498796428,1.0892865995620835,1.301619850710882,88.06903343490501,120.83013627925278,81.58234920458565,88.74969145691068,121.51079430125846,82.26300722659133
CMR_0875,CMR,1.2348005009973815,427.47910840577407,130.06006157893933,120.29955803834724,154.61932666211163,125.38727318706061,1.0852044460652022,1.0811349908491001,54.63530473478338,40.86844848509095,74.34593598777755,55.31538799987128,41.548531750178846,75.02601925286544
CMR_0876,CMR,0.4793407043992944,265.6959297824332,77.07933319131546,71.85734846076129,97.54802489449902,78.12269454149606,1.0825745535904445,1.0726715477597355,76.3602282437464,54.258052712195216,100.50399010571297,77.04378976996159,54.9416142384104,101.18755163192816
CMR_0877,CMR,1.0348995835981092,375.1147901795236,120.8162192860789,111.7610785297701,125.42331534082406,114.79002895143228,1.0401839537684936,1.0810223100513185,57.70189063700633,109.99277386616482,169.7249873377102,58.39215102489274,110.68303425405124,170.4152477255966
CMR_0878,CMR,1.5300690135731707,461.0648116463095,159.46595838659013,119.88298459376642,164.65638414757785,139.57594256372707,1.0514812583227218,1.3301800829112984,13.656868575492325,25.780121132444624,1.0462869579256426,14.335761045079101,26.4590136020314,1.7251794275124193
CMR_0879,CMR,0.2592495765659416,193.57053635887505,61.44378476226749,53.283729989618365,69.70817109686101,57.45318205631462,1.072445653863601,1.1531434600062533,40.3636761283164,57.28433884363184,27.607904684940387,41.045948477494825,57.96661119281027,28.29017703411881
CMR_0880,CMR,1.3948887036471285,443.4711954441138,136.6712342768859,125.53969874747939,154.36032416053771,133.26768017744928,1.0592310570698436,1.0886694459240132,50.66943815097471,41.29597673871181,12.357766302794666,51.34668988342105,41.973228471158144,13.035018035241
CMR_0881,CMR,11.22947379621432,1310.7661155657843,459.6031973812681,335.6799711856825,474.6251450223669,378.12445178680736,1.1034192871889574,1.3691707484300188,56.840980610127836,60.44070728957683,44.04489765513034,57.524514480973295,61.12424116042229,44.7284315259758
CMR_0882,CMR,4.010999060409086,852.1953116991899,290.2137823863542,199.74233436875008,334.16130551279036,225.9858981796968,1.2003500875865718,1.4529407764434261,19.606965867239087,27.576982834748513,176.5196099963524,20.286683122272382,28.25670008978181,177.19932725138568
CMR_0883,CMR,0.6644885301720798,311.74608124648256,108.84483926342011,79.84069484861774,119.76468249708627,91.98114337395661,1.0788282902330932,1.363275200319784,21.060365248899302,35.93584366569789,1.0441211954158676,21.74100263210343,36.61648104890202,1.7247585786199977
CMR_0884,CMR,0.5495668512745666,316.7840986457922,124.20937415153075,55.82715766122192,128.74419235412412,83.64988030585376,1.2054471568409457,2.224891600343963,20.624732430944388,32.38573562382973,8.168570767462795,21.305893455895607,33.066896648780954,8.849731792414016
CMR_0885,CMR,0.3994208483958481,244.60961447542397,79.6752203816686,60.58805611220531,90.32772942014681,71.31328201459122,1.0918254824844835,1.315031798249395,117.04917507322305,131.57088815523076,102.3464749042276,117.73723605060795,132.25894913261564,103.0345358816125
CMR_0886,CMR,0.8649723292877537,348.1166112590512,110.0223989585781,99.75724606117694,116.07964344351954,104.94365034392757,1.0558900757254563,1.102901325995968,171.8590099036163,19.637261815754645,1.0461900351351097,172.53740821975373,20.31566013189205,1.7245883512725135
CMR_0887,CMR,0.7847796109882507,330.27542147538355,100.02084247515405,99.70590707022409,121.00362080605986,99.96061397431082,1.0517135463588738,1.0031586433962048,48.73647163462677,55.50156659751482,91.04155891607279,49.419407773243734,56.18450273613178,91.72449505468975
CMR_0888,CMR,2.4456057310279373,624.8169248620644,238.98555416295557,140.029389025817,249.7282033649074,176.46081512833706,1.127079709418228,1.7066814032795226,20.012674120147654,24.449564637329964,1.0401411496964736,20.696855932274257,25.133746449456567,1.724322961823077
CMR_0889,CMR,0.28418170901049733,205.3347037705352,60.15789989940743,55.70280775336699,75.59757516461136,60.15242221245842,1.086574135883167,1.0799796693510688,43.66212460369164,51.24329060254506,10.506483627345906,44.342249986458974,51.923415985312396,11.186609010113244
CMR_0890,CMR,0.1939508597935721,176.4057548303637,58.90216501077052,39.42609790365877,64.30574308564384,49.69365195118599,1.1299571180113004,1.4939892138122133,177.2853578109717,27.141489185044858,1.0394163309392863,177.9701735439587,27.826304918031852,1.72423206392628
CMR_0891,CMR,0.25925496177139434,195.33114008882328,60.01265176302264,49.598496241608906,70.10409966975621,57.453778770081094,1.0821887489531203,1.2099691787162923,87.51040908486236,57.59752780704013,91.03905951267323,88.19551862108653,58.28263734326431,91.72416904889741
CMR_0892,CMR,0.18379184061703702,169.06263030853432,49.29226082605589,48.264852714973465,60.91352390997158,48.37468754144814,1.1124476321492094,1.021286879650286,151.0338077121376,129.97692602553073,1.0476611800808602,151.7102798612017,130.65339817459486,1.7241333291449905
CMR_0893,CMR,0.6445113987063898,305.1212578622868,96.01131352410857,77.69819195819964,109.7912021125222,90.58793517160808,1.0721418109200898,1.2356955947670067,1.6015227692590968,155.45295938022193,9.166422675374756,2.289322653431651,156.1407592643945,9.85422255954731
CMR_0894,CMR,0.37907898852699845,246.6054571640937,79.9820557690135,50.81494681399765,89.60146066417163,69.47361792585596,1.1298814909276542,1.5739868047442565,82.05553128018376,50.75368997610608,83.9179088401875,82.73667520595355,51.43483390187587,84.59905276595728
CMR_0895,CMR,1.5138195405892032,453.76187117930533,142.85582012461214,129.45464283933555,160.25919046146194,138.83280961901588,1.0403656741226472,1.1035202522779242,43.12347438787815,31.22109651143694,64.47335619683038,43.809125407987715,31.90674753154651,65.15900721693995
CMR_0896,CMR,0.649738201432462,298.4403281578422,90.01830543978502,89.46103953310069,101.84488649675814,90.95451455474387,1.044439710921652,1.0062291463366928,6.186751810463295,30.70252089474093,1.0459902103357464,6.8647492261871905,31.380518310464822,1.723987626059642
CMR_0897,CMR,8.34092442954776,1068.2194070082546,347.6696810061763,315.4464680537781,378.2008403363638,325.8833353110862,1.0433942488637178,1.1021511293222173,172.33474098701961,5.38102536253206,139.4407305676826,173.01119407703266,6.0574784525450935,140.11718365769565
CMR_0898,CMR,4.3297195239438215,813.4345651376403,314.35552722467276,181.36385842025115,325.827937371251,234.79288991571224,1.1027772771989568,1.733286499100924,18.737373121079724,24.517940142416208,8.79590083330385,19.41599808161866,25.196565102955145,9.474525793842787
CMR_0899,CMR,0.46904853354378784,314.8906987889027,122.18350379959361,55.06318350907996,124.6260202976632,77.27943719437843,1.2970180183858948,2.21896911898393,87.12992542313458,75.41869403433934,86.78093213952188,87.81921882849142,76.10798743969617,87.47022554487872
CMR_0900,CMR,3.3994078721110426,695.188144350945,241.47707992358,183.17470845850033,244.44756986322227,208.04471950654724,1.0636427573337472,1.3182883267876937,18.17685740816583,36.55018489613512,27.608907119831812,18.856658071755383,37.229985559724675,28.288707783421366
CMR_0902,CMR,0.29299409330662474,205.5528777038929,59.42830454286924,59.37092401213783,70.4114510610732,61.0779555954371,1.0712459588540122,1.000966475285439,129.73504243458376,126.19011561570733,1.0474119927133139,130.41113196327805,126.86620514440163,1.7235015214076141
CMR_0903,CMR,0.15901754955751696,152.9614470853597,53.666995099526346,40.78984936408397,58.06418279727837,44.99638123266293,1.082067923651275,1.3156948587993778,14.540005297801375,12.102552400744711,167.0049996203692,15.222145842819268,12.784692945762604,167.6871401653871
CMR_0904,CMR,4.081157588069861,779.8195982761208,248.29925973976648,213.21307007066952,303.8356884565684,227.95375034042596,1.088923903206082,1.1645592817432235,29.586143971380213,32.84002420230978,176.27608667506848,30.269771725804866,33.52365195673443,176.95971442949315
CMR_0905,CMR,0.41948362550682267,297.63788845211076,120.42315135054768,47.8623285767505,121.0290542544561,73.08236041372517,1.29636046045637,2.51603202208269,37.346651706795896,35.14079247216744,40.87635069710609,38.03277191235641,35.826912677727954,41.562470902666604
CMR_0906,CMR,0.13893842901604636,145.24352741200187,40.00832426225125,39.076220034574,53.476778537568855,42.05970781004186,1.0992099823482009,1.0238534900983909,65.9663141053643,46.28656862762317,91.04108367880818,66.64849875841047,46.968753280669326,91.72326833185434
CMR_0907,CMR,0.17798904143552366,180.1599308028157,73.9284236719821,35.45185253723886,77.39822395301141,47.60490374795586,1.2046382316482747,2.085319056157283,52.162843019689475,47.25092197558688,64.47200029815444,52.84904101060218,47.93711996649958,65.15819828906714
CMR_0908,CMR,0.12898513655108776,140.0304493564617,43.1681877319209,31.53599760718369,51.05330607560982,40.525174464758294,1.0998861074782604,1.368854357158103,9.375323648823809,159.63052750292204,15.082984479258844,10.05176952799604,160.30697338209427,15.759430358431075
CMR_0909,CMR,0.739340579862574,365.7655236163493,109.60355142168108,104.43625247695937,131.0129404647907,97.02358802417353,1.1999842982849376,1.0494780195781317,99.015360339438,64.90265886464161,102.35543058396544,99.69254794209718,65.57984646730078,103.03261818662462
CMR_0910,CMR,0.1289871130952575,140.03152225963012,43.16851678821899,31.53624175009622,51.053697250615045,40.52548496367547,1.099886107533535,1.3688541941776329,99.36768770557606,69.62289157456489,105.07535240001235,100.05108486175848,70.30628873074731,105.75874955619477
CMR_0911,CMR,0.19423651577639497,167.06413594209866,52.49873027916439,45.789720554622086,61.736267775495435,49.73023355244588,1.0693327237452175,1.1465178132401834,132.72856267933733,142.3375415641091,105.07988130192459,133.40646467109644,143.01544355586822,105.7577832936837
CMR_0912,CMR,0.21915408301067174,194.40213450405338,76.70963657339844,34.2098612308763,77.93460487701782,52.823824632390995,1.1714434109704162,2.242325277372471,109.53401629474143,119.02417816868167,106.983444008558,110.21736299953287,119.7075248734731,107.66679071334943
CMR_0913,CMR,1.1344974463371018,416.4277107633131,129.3687252990357,106.53474805591668,146.5398546099043,120.18681342299813,1.102891851790142,1.214333610956063,103.20011371419261,138.74468574590492,95.44029972592715,103.87977439345643,139.42434642516875,96.11996040519097
CMR_0914,CMR,2.4057397771520597,562.8790791971859,188.47362361987612,163.5492313987462,192.7690045339544,175.0166568819197,1.0237309912471682,1.152396877735012,68.93989949138076,69.6348028722481,57.35289326300995,69.61814027423272,70.31304365510006,58.03113404586192
CMR_0915,CMR,0.2391966570983996,186.48941508514264,58.70785051004863,50.01008999286272,64.83436256951872,55.18646960860416,1.0756517840557491,1.1739201132896828,67.2496162278982,63.26422104252115,91.04547647666992,67.92536679556507,63.939971610188024,91.72122704433679
CMR_0916,CMR,1.0796503742288,482.0895775800089,198.06175198559316,84.44973612313416,198.11742204944443,117.24562042806653,1.3088239715020538,2.3453211469696487,20.208826960654303,18.22914297145298,19.58744820275248,20.896275885338838,18.916591896137515,20.274897127437015
CMR_0917,CMR,1.2399376577401737,465.51920944013,170.8978328745345,113.3075452440517,173.7101977901627,125.64782763108492,1.179322948649188,1.5082652484125376,57.187439403607534,59.73213685351511,49.408125138590954,57.87048164743739,60.41517909734496,50.09116738242081
CMR_0918,CMR,0.7546350289016801,353.08202226573917,135.00794685937902,77.41063118908852,135.01016709474797,98.02199552345287,1.1465742736696236,1.7440491672209641,103.99317735605545,106.66311331667815,106.99170322293432,104.66794568170498,107.33788164232767,107.66647154858384
CMR_0919,CMR,1.019651058586014,451.39125217490295,148.14096874918658,114.81243203018255,156.30332390567688,113.94121509018512,1.2610212905876663,1.2902868280870703,106.84148048431375,108.82739503031473,127.91296224381519,107.52706792731843,109.51298247331941,128.59854968681987
CMR_0920,CMR,1.285057193707983,415.0160683901142,132.78963971699991,121.41543759569352,144.2002200094219,127.9134721706591,1.032758436245495,1.0936800323463136,178.9427071497104,166.21812363812518,9.164537635739665,179.62923811841316,166.90465460682793,9.851068604442418
CMR_0921,CMR,0.6692610662239764,344.3476243549858,118.69101215372896,79.62225421317648,135.9696129734537,92.31086909286388,1.1873927110991485,1.4906763608570015,159.772945817043,150.93413394724595,1.0426621930221942,160.45116637476644,151.6123545049694,1.7208827507456306
CMR_0922,CMR,0.4090999645393417,259.08313430861904,94.13284788525512,63.516726042152065,95.42262623034686,72.17217279542321,1.1426664848747081,1.4820166867981366,169.78997107800737,159.08071922074254,168.51176565581554,170.47027471318424,159.7610228559194,169.1920692909924
CMR_0923,CMR,2.4252028764345153,596.1505838980486,201.19644418169307,162.7504999230682,222.4580367788971,175.72319728145996,1.0798837458269335,1.2362262744310966,17.333665040950187,21.724515545124248,48.76758723159065,18.013147171041307,22.40399767521537,49.44706936168178
CMR_0924,CMR,1.7551525446770708,515.0841135822918,182.36869905088292,134.25090441162368,198.14775109040394,149.4901209754476,1.0967705725275743,1.3584169123488834,77.43405331756846,74.59246927982433,46.040077127008125,78.1146846275933,75.27310058984918,46.720708437032975
CMR_0925,CMR,4.70148563156058,848.2254745930738,285.7635590134489,225.30377884356596,297.492916952414,244.6654332983534,1.1035418883494985,1.2683478301172288,63.26892622657698,51.593570637150435,77.0021234115767,63.951236261220245,52.2758806717937,77.68443344621997
CMR_0926,CMR,0.5245609048661981,278.994544733141,100.96648078527552,65.19632139796288,101.06848153593407,81.72464057416852,1.086657844635105,1.5486530316483518,12.303724675631406,12.507854655232457,15.082207031476665,12.978345465153621,13.182475444754672,15.75682782099888
CMR_0927,CMR,0.9597449083039066,543.9864775801772,236.21176542152094,71.7089088354216,236.72892802247495,110.54343807349021,1.5664093390052842,3.2940365326663694,59.08887237747816,57.653560527064755,61.937231797403676,59.77335862983888,58.338046779425476,62.6217180497644
CMR_0928,CMR,1.3300724975831175,567.7983993486303,252.25105331669124,73.04219754541823,252.6805386219837,130.13458038843822,1.3888379501630026,3.4534975917152475,40.77576926923431,46.009454507823605,42.66837032542555,41.46143218662226,46.695117425211556,43.3540332428135
CMR_0929,CMR,0.9998596156300011,367.7461857025873,120.23498794000095,106.68211655414198,124.08715272313715,112.82999609163413,1.0374656613516715,1.1270397684599816,151.97856008202854,119.45283160508414,154.47846654170527,152.65550507916493,120.12977660222053,155.15541153884166
CMR_0930,CMR,0.21924262132392058,178.02261283393406,54.54423788419844,46.83390919849408,62.24770155351941,52.83449397514964,1.07252579453043,1.1646313284040848,16.916080154607727,52.23357914478848,12.348929053712782,17.597419686513163,52.914918676693915,13.030268585618217
CMR_0931,CMR,1.294985134493322,425.4124142132577,145.22314025546524,119.79729871432043,159.59425075052698,128.40663078988877,1.0545637426697176,1.2122405247365184,0.5695964861048158,173.3732717648354,19.476258928817742,1.248649731840348,174.05232501057094,20.155312174553274
CMR_0932,CMR,0.13921434879621464,142.75850324810213,47.83714777857717,33.86661827239175,51.85077646035474,42.101450578560176,1.0793320015394527,1.4125162244963287,7.008128288892309,159.60269170003144,15.07801301947873,7.686547855180424,160.28111126631956,15.756432585766845
CMR_0933,CMR,1.1548005309138625,530.3010835539867,159.66265354657844,109.86292975500902,178.33041870177928,121.257482335759,1.3920796828174866,1.4532896028043425,101.6413326880144,124.57535148631796,91.04505900375062,102.3164528134974,125.25047161180096,91.72017912923363
CMR_0934,CMR,0.174323273537702,162.2033409276411,54.597725418656744,43.36392530648124,61.98799892173324,47.112130649747414,1.095915771102678,1.2590586537722055,44.07571326632683,52.31944802929572,15.077311646721054,44.754319975451956,52.99805473842085,15.755918355846177
CMR_0935,CMR,0.6445996383314947,303.6926867604165,111.46448873811859,75.44442889646193,111.78549620789559,90.59413612622193,1.0670490242643609,1.4774382995342135,37.81698930626796,45.19371697847746,40.85055075891178,38.491669987945,45.8683976601545,41.52523144058882
CMR_0936,CMR,0.12398163532670599,138.5181500868066,48.693830447517776,30.00619755283794,54.99422090793035,39.73138821119847,1.1097446772849784,1.6227924368548454,16.236956281436576,31.503042833205146,1.0398781878438923,16.916734171459378,32.18282072322795,1.7196560778666947
CMR_0937,CMR,0.10890343991472702,128.35929074842232,39.90268283846684,31.380694309108986,46.91289559368074,37.23710061982809,1.0972398642392214,1.2715678769059022,63.831405629761974,38.139533597303476,72.60759311290589,64.5084580523002,38.8165860198417,73.28464553544411
CMR_0938,CMR,1.5297122370273277,571.8688160940342,197.42051738436868,112.25839572906955,209.2404180369544,139.55966868148127,1.3043273854311295,1.7586258569099276,114.19194637089934,135.87407485829198,104.39811938424018,114.86873276033506,136.5508612477277,105.0749057736759
CMR_0940,CMR,0.2089878130833142,191.56226259090312,70.59019918376819,31.311339916884876,75.1091280299427,51.58406226591662,1.182073673998119,2.2544611431879953,119.72679531148124,140.5198881354356,117.60716088109932,120.40396299692424,141.1970558208786,118.28432856654231
CMR_0941,CMR,1.5450950580270186,552.3938897146352,195.5670674185275,129.88980477678552,199.04119064199617,140.25962099816437,1.2536212126652484,1.505638319763493,84.2349331275457,87.6188633723738,76.73097091639518,84.91762477364063,88.30155501846872,77.4136625624901
CMR_0942,CMR,0.11899639584981035,134.39750166790893,40.00854596745828,30.00640709336909,47.55114944827043,38.924403255148015,1.0990548314607742,1.333333439187376,1.032237034385274,144.58593247822918,1.0322369771510638,1.7180592551060092,145.2717546989499,1.7180591978717987
CMR_0943,CMR,3.4007129848843514,750.9411338783369,302.9930209836508,152.00739069659804,310.97473525954854,208.0846523088406,1.148724733916307,1.9932782188756555,162.9904331137887,159.16301096153285,172.29307322516408,163.66918377830123,159.84176162604538,172.9718238896766
CMR_0944,CMR,1.880030610726276,592.2588761575965,205.60653256694607,130.05891785257333,225.20218654498356,154.7168161154208,1.2184962190562694,1.580872238226746,38.34493357144809,49.64877881185836,25.425798355205636,39.02150739334475,50.32535263375502,26.1023721771023
CMR_0945,CMR,0.18397089287774082,167.54615808234792,50.05550467249416,41.0900791788812,61.081042336597804,48.398245411603106,1.1019324782575224,1.2181895404626248,27.173671537234142,52.237755909039805,15.070497150040355,27.8571368489131,52.92122122071876,15.753962461719311
CMR_0946,CMR,0.2943193148473653,211.04468551736127,70.0143595818646,50.01025474685351,83.58992246795424,61.215928518893215,1.0973877461646602,1.4000000587133519,23.296642066961425,36.29744597574627,1.0398851029046767,23.97446738910045,36.9752712978853,1.7177104250437027
CMR_0947,CMR,0.30862164735812186,231.42013492561256,78.29430511486359,57.752694208209306,89.66297469550688,62.68566708408478,1.1751221648482952,1.355682296527984,104.71520058839135,123.39950723641284,83.91425711338314,105.39344109525864,124.07774774328013,84.59249762025043
CMR_0948,CMR,2.6150305425640377,671.2614035565953,243.01157510099506,145.33977303736162,248.57801253868487,182.47082773645712,1.170976991863456,1.6720239066186344,73.22378150789186,62.885605597246716,78.775172667695,73.90104242674707,63.56286651610193,79.45243358655021
CMR_0949,CMR,0.2898307177503629,204.72638873807742,63.53514609318885,59.92147839834193,70.03074234891699,60.747339951535125,1.072745465892439,1.060306717915473,163.3559728464937,165.90329886500476,12.34229041396405,164.04080473322765,166.5881307517387,13.02712230069801
CMR_0950,CMR,0.7296953705839583,325.2024912620823,110.02320127911065,79.77310385222864,123.39183398818909,96.38864048411902,1.0739353461196885,1.379201710427579,167.63600438275614,151.92615825776326,1.034003889799473,168.31886356246136,152.60901743746848,1.716863069504683
CMR_0951,CMR,16.776722751526698,1711.6913337520373,576.063035381382,435.92569304317493,600.3079191334983,462.1773127091149,1.1788728235808243,1.3214707106615244,23.798401481516606,4.177289789749671,31.5735547315858,24.478195509126685,4.857083817359751,32.25334875919588
CMR_0952,CMR,0.6993152747706793,331.0377451780876,112.30257737712718,81.58416842291747,121.13582283766964,94.36078963612825,1.11669886821116,1.3765241412398919,175.0043616533783,14.780242928150589,171.58102033505057,175.6776142717224,15.453495546494695,172.25427295339466
CMR_0953,CMR,0.10387346514063549,125.33792377596595,38.69153562299393,30.006021866996292,46.64904302666839,36.36699100361845,1.097047051477829,1.2894590224087938,19.352683656004945,37.74679179019809,1.0431064670296757,20.026135734240953,38.4202438684341,1.7165585452656842
CMR_0954,CMR,0.4244755094564576,245.79926903539726,79.35038957477158,69.6927746826997,90.36863541060568,73.51591694399019,1.0642639118590533,1.1385741195703785,28.62456851273932,40.607947720274865,1.034327463389571,29.306776670437095,41.290155877972644,1.7165356210873486
CMR_0955,CMR,1.3898230236626834,449.2094443124367,155.02189863522088,118.1424889600679,159.90841792160302,133.02547251976677,1.0748904280007612,1.312160425938023,139.9142829341278,150.76035944736142,165.08825948726937,140.59708458359464,151.44316109682825,165.7710611367362
CMR_0956,CMR,1.088038692678879,420.4361054560443,140.02798057350253,109.93552917399366,162.33152963037395,117.7002077194725,1.1370325632240053,1.2737281716439632,35.96946553831111,39.13235631562868,1.044117415092909,36.64184173337167,39.804732510689234,1.7164936101534645
CMR_0957,CMR,0.16897660678986096,159.74361741836543,57.40008840582592,40.00833946407297,60.92185462530738,46.3840164172978,1.096239105763691,1.4347030937730005,29.868526763146754,39.24914306248002,1.0358399818466062,30.54913534241791,39.92975164175118,1.7164485611177616
CMR_0958,CMR,0.5241785260517847,290.06897329878524,90.01840857420565,78.62259212361428,105.7694591644331,81.6948485444537,1.1302037217921226,1.1449432808406306,173.8206928325235,147.63541300897518,1.0394587855515178,174.4976730117496,148.3123931882013,1.7164389647776293
CMR_0959,CMR,0.6097660287834678,285.26931572186265,88.59972268677716,85.91757649487205,97.28938155076779,88.11232722401733,1.0305486902904422,1.0312176658295895,100.33141783657003,113.32219970798644,57.34151675577357,101.01568924601568,114.0064711174321,58.02578816521922
CMR_0960,CMR,0.75484823280032,325.76945817033203,111.95660132220725,82.78951919222442,123.08263428147151,98.03584141908618,1.0577319238692788,1.3523040405907105,77.5743310786,78.23637307677257,52.37384363726337,78.25650237165001,78.91854436982258,53.05601493031338
CMR_0961,CMR,1.079656494786392,404.20930251022764,140.55683089660417,88.71435667994496,151.49807707637962,117.245952761372,1.0973838673845442,1.5843752483455575,28.27584172703564,12.714356821321621,34.73287459021505,28.948810727492244,13.387325821778225,35.40584359067165
CMR_0962,CMR,1.4551489546358432,438.9573532322414,134.37786915902308,134.21856570992944,147.87365055988954,136.11587683008872,1.0265111491829022,1.0011868957789187,178.57353781282774,162.2917024523687,136.03846372027397,179.25083947151128,162.96900411105224,136.7157653789575
CMR_0963,CMR,0.42396293367922055,300.51827585235344,100.92534661701744,61.21543930030979,104.61454262100693,73.47151643067636,1.3019731023650387,1.6486910454387067,128.65655396062655,140.514166819107,123.38510895560076,129.33125786090633,141.18887071938678,124.05981285588054
CMR_0964,CMR,0.16425555422367183,152.3178738099913,46.2392014887076,43.81615912225094,51.96322605343065,45.731462591958476,1.0601953737806082,1.0553002000859126,20.684438980372963,159.17142378572822,34.726447162738275,21.363613457457102,159.85059826281235,35.405621639822414
CMR_0965,CMR,0.4944814564389204,266.0715204034248,96.8823015707114,68.59305250936869,97.32263117630892,79.3469183066533,1.067378509257879,1.4124214920669826,131.80376072100984,135.15372669346362,129.70137913899276,132.47772073696,135.8276867094138,130.37533915494294
CMR_0966,CMR,0.10387528424223985,125.33902218998236,38.691875390897415,30.00628666724333,46.64945208076687,36.36730944376077,1.0970470595131045,1.2894589663817282,109.34380769446203,127.73791539938675,91.03423164097825,110.02504823935948,128.4191559442842,91.7154721858757
CMR_0967,CMR,0.1389407014036895,147.87026413046067,49.86142772151036,31.252973236676986,53.813047466599635,42.06005175940916,1.1190801003901378,1.5954138937090114,15.552590067381107,45.528717892028276,12.344566363062835,16.233404788150597,46.209532612797766,13.025381083832325
CMR_0968,CMR,0.8887099518217275,499.2681273554197,160.03278063014554,89.19013462088473,164.41713233042609,106.37389973386821,1.4939941206564513,1.7942879143572041,173.40767402613454,167.30430460887354,1.038638359927948,174.08449121893983,167.98112180167882,1.7154555527332376
CMR_0969,CMR,0.2192435280019868,178.0229809440637,54.54435066970452,46.8340060384462,62.24783026813354,52.8346032235864,1.0725257945555469,1.1646313284609664,16.910567156039722,52.22806615632746,12.343416058208376,17.592316132267758,52.909815132555494,13.025165034436412
CMR_0971,CMR,0.4542444688409936,292.81615549543955,124.20144231198492,55.96841126749391,124.20165370912656,76.0501164171083,1.225590196566231,2.219134677923586,48.237261141783186,45.931211962069135,46.03691292543413,48.91512103903125,46.6090718593172,46.71477282268219
CMR_0972,CMR,0.4894700723210241,265.30988569616,79.79628057092347,75.64839838577562,93.62609740149053,78.94381876014789,1.069757719422756,1.0548310641554546,82.89427132288019,73.61686530866345,117.60863268809032,83.56546142715958,74.28805541294284,118.27982279236971
CMR_0973,CMR,0.10890411374523412,128.35968783661235,39.90280621009738,31.38079140507114,46.913040730374796,37.2372158203011,1.0972398640927339,1.2715678739590068,118.24735477333094,143.93922675218082,109.47116722968198,118.92585541350209,144.61772739235198,110.14966786985313
CMR_0976,CMR,0.7947677637699283,410.7904886175457,168.35621079109796,75.64880656512182,168.37714034133083,100.59471883317767,1.299856246867987,2.2254972475496957,157.79098339142706,153.56927829892672,154.47267896579444,158.46691068458708,154.24520559208673,155.14860625895446
CMR_0977,CMR,0.1692612779279564,157.04017818755364,45.713735031718066,45.70199856741508,56.680493213991454,46.423071036962114,1.0767801467800857,1.000256804180799,123.22041131153895,121.98913717552186,166.99539399000585,123.90232336938172,122.67104923336463,167.67730604784862
CMR_0978,CMR,1.0294320735242446,451.5379336072669,179.29284182944977,85.78195801979302,186.12949291048972,114.486402014815,1.2554241003712743,2.090099666273418,157.93673040076317,149.39276888501755,165.4590161360959,158.61236214435283,150.0684006286072,166.13464787968556
CMR_0979,CMR,0.2441973146942722,189.22386396698403,67.6589536884465,49.688271109504555,69.80733373962677,55.76035130689946,1.0801909455533694,1.3616685019959258,19.62235035103186,33.24520586488259,1.0376394213043456,20.298120752691084,33.920976266541814,1.7134098229635697
CMR_0980,CMR,1.7952650768343523,652.5933259686119,273.19420921889383,101.46938821313564,273.2302810655364,151.18870622859063,1.373957833856296,2.6923805694487046,168.3953266581837,170.8753057704338,171.80633240160466,169.07033109714996,171.55031020940007,172.48133684057092
CMR_0981,CMR,0.19824237712118126,191.0591024772865,75.79049172198364,34.56512062137173,76.76654325451071,50.2404253557819,1.2104993286431895,2.192687031305255,1.9087479692801892,169.6142557929301,8.158123868170051,2.5889014972975466,170.29440932094747,8.838277396187408
CMR_0982,CMR,0.6849075960437445,411.7098460067187,128.16437785141645,100.36016099016298,148.3555588032759,93.38369428183873,1.403363994442352,1.2770443628919523,150.55815421812122,143.50378322487538,174.95977754193746,151.2324712719785,144.17810027873267,175.63409459579475
CMR_0983,CMR,0.7742209521195716,431.14531649428756,166.49391881654554,87.70261480619814,167.9250975639684,99.28588684204557,1.3822489881195645,1.898391731927918,137.593919586571,140.70529950097938,133.21954303469315,138.2664888534747,141.3778687678831,133.89211230159685
CMR_0984,CMR,0.5096139536535136,276.99837309298334,98.65001878676628,69.78180047552104,101.60223353420818,80.5518862808616,1.094590389912091,1.4136926550264637,87.17855340700645,63.32552600845243,105.06966491959945,87.85831201298272,64.0052846144287,105.74942352557572
CMR_0985,CMR,4.5977295729517955,1193.9501219017725,343.62630247837427,210.37275474028328,363.3742753758753,241.95063769869546,1.5707589408586435,1.6334163751508592,8.916496519807646,21.527979067241994,171.92595040089722,9.590381736992638,22.201864284426986,172.5998356180822
CMR_0987,CMR,0.15897707145120285,159.4314052574882,54.08044957676932,31.384942878628134,60.2584460502344,44.99065392699455,1.1279807700501894,1.7231335989971133,8.316921743437424,163.19477776348512,12.34869326343326,8.99117617439341,163.8690321944411,13.022947694389245
CMR_0988,CMR,0.3189812415284934,264.64003834001096,116.4348366598236,40.30855447820143,116.47587720821609,63.7290774092012,1.3218069978135394,2.888588741697267,49.82799536222354,49.464557146502955,50.98559043147792,50.50210862511099,50.13867040939041,51.65970369436537
CMR_0990,CMR,0.4094426771915924,268.0166676906517,116.51035642694771,49.253680979876606,116.69795216823162,72.20239662937577,1.181572343448508,2.365515715963441,47.72118764828251,49.28725979383696,46.03806553300775,48.3958839104734,49.96195605602785,46.712761795198645
CMR_0991,CMR,0.40871795851849335,306.41498469567546,135.49728214390936,49.070871094655296,136.18706813406442,72.13846875483091,1.352051417045871,2.761256915177678,129.43969537091888,130.27366521744617,136.04279566195603,130.10963667191623,130.94360651844352,136.7127369629534
CMR_0992,CMR,0.5045362955973175,281.88501374403177,109.3792319095457,64.00307958006739,109.3925493044891,80.14958286283805,1.119491623497663,1.7089682657021692,73.82207971313971,84.81096297860559,83.91692116365314,74.49284894252422,85.48173220799009,84.58769039303765
CMR_0993,CMR,0.24425063027292218,187.75164637735134,55.059252123988756,50.94290521165646,65.08780697089274,55.76643805103316,1.0716697583321229,1.0808031441322357,19.417038901702256,154.53478218960876,105.07278892405265,20.09285890121982,155.21060218912632,105.7486089235702
CMR_0994,CMR,0.5795304836402715,306.46890049092224,119.33508742920058,60.012120566240675,124.90857447414344,85.9000075174786,1.1356469417571053,1.9885164247358984,11.83306803610158,18.21926528584373,1.0388661558397216,12.506501936053047,18.8926991857952,1.7123000557911894
CMR_0995,CMR,2.574865868534872,753.0625537877734,262.4282181779589,162.34592130707793,271.14286584703666,181.0641059461386,1.323880592085805,1.6164755853741157,176.044151317179,158.41290547622168,9.162637865371812,176.72391457338813,159.0926687324308,9.842401121580934
CMR_0996,CMR,0.7246456536957337,330.8917081227005,117.71267176794474,72.49615658893272,120.0055801984558,96.05454191270033,1.0965239108362317,1.6237091358566555,74.4143442428539,65.47621580977096,78.50270825697933,75.09510240587556,66.15697397279263,79.183466420001
CMR_0997,CMR,0.1492920712652663,160.57246491622882,45.440561238354114,45.36373039878774,56.68050143753422,43.59868906863567,1.1723243089092028,1.0016936622912394,57.70086436338937,60.07305164266685,15.0667946177378,58.382502674024494,60.75468995330197,15.748432928372923
CMR_0998,CMR,1.2496703360350356,459.50067436469135,161.68692441518988,116.48381805775882,161.71964853234635,126.13998928659724,1.1595340080938228,1.3880633989436797,53.46928669204963,48.97695904068659,50.12960945792705,54.14945306387878,49.65712541251574,50.809775829756205
CMR_0999,CMR,0.5343360829130495,290.91831695573694,105.80583599366683,60.569868039825806,117.552516338251,82.48259397859535,1.1226874894719159,1.746839466846742,115.8270806461056,132.36383173257903,105.06897029278826,116.50634375711294,133.04309484358637,105.74823340379561
CMR_1000,CMR,0.1339487890575666,142.5414268940671,43.4749954149701,35.64146332715994,51.06227223050994,41.29756593281043,1.0986687555616401,1.2197870501529258,36.45188814148042,68.99789546576102,34.72171509275932,37.13210904498859,69.67811636926919,35.40193599626749
CMR_1001,CMR,0.4344551712373617,246.77602010993405,82.9792379713242,62.432876282908616,84.4365753390833,74.37509693668275,1.0561498419417787,1.32909522853491,11.073118591106,146.74586886126332,10.494756312216689,11.75251963147482,147.42526990163213,11.174157352585508
CMR_1002,CMR,1.2648494036990778,455.8497992107932,158.88241133017803,114.90029325808273,181.09352043832985,126.90375403920704,1.1433979932450395,1.3827850810903075,55.865482663826164,46.1774052184821,80.92630786798244,56.54300641152989,46.854928966185824,81.60383161568618
CRR_1451,CRR,0.19395713308139795,172.17064318423593,50.090730849814705,43.478517206345316,63.91392457099395,49.69445560851799,1.1028115141836956,1.1520800171746517,77.93304920898575,64.53907308576599,105.07018059539742,78.60905460343305,65.2150784802133,105.74618598984472
CRR_1452,CRR,0.3692694099204043,243.7436931140916,89.23008395894352,49.81513497759588,95.94674754138536,68.56882785724704,1.1315058115721202,1.7912243738589553,176.72051351165956,157.47608635050398,1.0349896839217616,177.39528510572862,158.15085794457303,1.7097612779908218
CRR_1454,CRR,0.29906738744912104,214.41247175130482,60.01222213186932,50.010194153022375,75.64316204174914,61.707732436126136,1.1060138946150462,1.1999997830090903,91.03543804841111,130.67054316444302,91.03543791531702,91.70965808931157,131.3447632053435,91.70965795621748
CRR_1455,CRR,0.5195364398469543,276.88266609475346,98.98096317693931,69.52939863884042,102.90611967326333,81.33230232472602,1.0836345143532415,1.4235843415111418,99.70739059714208,106.92567915533715,91.0327229535476,100.38406569687643,107.6023542550715,91.70939805328196
CRR_1456,CRR,2.6204388569355554,648.3364585312196,199.5022954064225,190.03758087997417,235.2064997279757,182.65942015704957,1.1298180194946257,1.0498044359574654,141.91007878802452,127.67191680856223,91.04031044252265,142.57861983034988,128.3404578508876,91.70885148484801
CMR_1006,CMR,0.6345878869012896,306.6106694184778,108.67419246926593,75.12960232954852,115.35258444358801,89.88784079132434,1.0857665110891315,1.4464896538727492,1.7018981240466045,162.31999472680508,8.15694145326604,2.395876239856781,163.01397284261526,8.850919569076217
CMR_1007,CMR,1.3199139924575465,444.4336637806246,139.20794937454602,130.02871297837328,151.6972838983516,129.63667269897888,1.0912624181796826,1.0705939187270082,137.56515815803093,148.98601010194875,91.03102377120145,138.25999568066783,149.68084762458565,91.72586129383836
CMR_1008,CMR,1.3245112885903445,465.5716692842573,171.08078964273997,114.44051429337149,185.76870007779243,129.86224047356313,1.141179025711008,1.4949320238475121,115.90090644778032,110.3642424124675,133.3011704649344,116.59922283196929,111.06255879665648,133.99948684912337
CMR_1009,CMR,0.34927455382024974,225.99537299523703,69.02144941281091,60.01358513990615,78.59118522759353,66.68659339729928,1.0787259896093384,1.1500970863831124,60.53183981263017,60.30439864833538,91.02569690732743,61.23190375852519,61.004462594230404,91.72576085322245
CMR_1010,CMR,7.775713144777602,1309.1747592894565,404.66450940876433,329.337242317702,459.80879862712374,314.64814419360323,1.3244103812915176,1.2287238046962095,110.1984883659857,118.05010403772695,83.34114304392875,110.90218008004528,118.75379575178656,84.04483475798834
CMR_1011,CMR,7.052705779802997,1035.660926551067,407.5098696128868,224.63284901811124,407.79460210071665,299.66287551559367,1.1001066151029264,1.8141152168712018,21.50374732034545,22.691166468813908,20.54994930884542,22.19742302501678,23.384842173485236,21.24362501351675
CMR_1012,CMR,0.5344074676262148,286.38697622001706,94.29934317135569,65.83072905303885,104.32405153903503,82.48810343216002,1.1051267032716467,1.4324517520591347,12.491698973717277,41.9354569239174,13.549644431709732,13.196446942705926,42.64020489290605,14.25439240069838
CMR_1013,CMR,0.7948635579190169,338.2662075570241,109.24828973205258,90.02020507918832,112.7678721663724,100.60078104127128,1.0703045931932278,1.2135974322203538,8.513467545327858,39.36415743301903,1.0272845561163733,9.211747332327818,40.06243722001899,1.7255643431163321
CMR_1014,CMR,1.2798568913664772,496.3883947537768,184.32911911064897,115.78023837154878,196.1629023368118,127.65439301840004,1.2377586834340628,1.5920602833716833,49.73091085733939,46.46902790891284,69.07481050928732,50.43215045626172,47.17026750783518,69.77605010820966
CMR_1015,CMR,29.122425934037565,2198.439987994101,700.04469013709,569.966645082941,738.8965591294286,608.9320515282267,1.1492007697805646,1.2282204514532955,85.91947236487677,61.00075396648321,91.02612980956066,86.61874008409197,61.7000216856984,91.72539752877586
CMR_1016,CMR,0.23897122035328666,197.22479376936937,77.12669999784593,40.009191370083244,79.47132655127074,55.16045755860125,1.1381087908970835,1.927724539204689,15.12956214079936,15.60682712882965,1.0220000373397493,15.832608142398206,16.309873130428496,1.7250460389385944
CMR_1017,CMR,4.646548248377946,838.6957184102195,280.0641344912035,210.04795267344247,298.37005251380737,243.23176142014643,1.0975751567610745,1.333334274038909,168.61023405599914,144.4237418297978,1.023121230690741,169.3121068319105,145.12561460570916,1.7249940066021168
CMR_1018,CMR,0.834615408928775,348.1440529869559,115.84550529644163,90.20401190412758,123.85641560851259,103.0856606562438,1.075005904568837,1.2842611193343245,84.5295780700045,62.88297045938639,98.1560750732353,85.22347063671637,63.57686302609826,98.84996763994717
CMR_1019,CMR,0.34435970014999984,224.6744029888735,75.71067707335126,56.40555010114894,80.14245974489403,66.21573739256574,1.0800466242610898,1.34225580528128,11.755884821620937,166.2119289151282,9.155457524663978,12.455249415922662,166.91129350942992,9.854822118965703
CMR_1021,CMR,0.11900052896552693,134.39983567029836,40.00924076944487,30.006928196685838,47.551975241725415,38.92507923220081,1.0990548314656323,1.3333334391043652,1.02041169810176,37.466716246676086,1.0204116348776684,1.7243543733351325,38.17065892190946,1.724354310111041
CMR_1022,CMR,0.12391494767749447,136.7411981684899,39.0769017801568,38.98432723960186,47.43836140727548,39.72070134914218,1.0958032901548245,1.0023746604625487,129.07645346001846,144.18359591388563,1.0255508682452859,129.7752414939381,144.88238394780527,1.7243389021649298
CMR_1023,CMR,0.4543584518320317,258.49470164880205,79.49781781924717,69.42870089406624,92.1480683799162,76.05965739846515,1.0818010739896327,1.1450281626404664,3.78315934371714,149.18196526792883,1.0339855026492553,4.473384739752666,149.87219066396435,1.7242108986847808
CMR_1024,CMR,0.11886999635036384,136.0889191376368,46.65397243716571,29.110926302339703,52.86112918780396,38.90372476200804,1.1134781727604521,1.6026275479051328,116.8777353234049,135.52593753351917,105.0588627162599,117.57922342052262,136.22742563063687,105.76035081337761
CMR_1025,CMR,0.6695781020210865,321.1795556616721,114.82648555346054,69.35092439258058,121.81223220154438,92.3327308045182,1.1072414615752335,1.6557311464725784,6.239752628274398,168.35796047947986,8.151867647160495,6.936755801635187,169.05496365284066,8.848870820521284
CMR_1026,CMR,0.239318867931987,188.42148164526446,60.013339996079296,50.01111081484291,75.64456260257775,55.200565798935216,1.0865182178665682,1.2000001403341716,32.17051655150554,40.66328738799638,1.0281875449234559,32.866141714543566,41.3589125510344,1.7238127079614827
CMR_1027,CMR,0.23446059830883087,195.2178000405585,60.050831651587416,56.522415530967905,65.14360478807556,54.63739611740934,1.1373118070712807,1.0624250766262162,165.21414404055028,27.256831792962924,79.72155434396137,165.90640223153454,27.9490899839472,80.41381253494565
CMR_1030,CMR,0.4191129056402525,280.3749852978741,116.01388584924196,46.10837703604151,117.26620525734955,73.05005990209908,1.2217119298540622,2.516112977877262,8.412444639919741,176.83556214579815,6.2198764080225635,9.110511236311176,177.5336287421896,6.917943004413998
CMR_1033,CMR,1.3745881988123296,501.4798699078814,141.45252525287913,126.50700285069608,151.06532778451424,132.2943707212872,1.206597071693503,1.1181398821045645,44.84107519826911,66.57955750763665,46.0296174644247,45.534693693241024,67.27317600260857,46.72323595939662
CMR_1034,CMR,0.16896458083500168,167.51160952858123,59.71119792820363,31.15737480366714,61.58243032810631,46.38236582783646,1.1495877886312094,1.9164386699605958,11.586528629089415,37.079537821390225,10.488847738307047,12.282833691966752,37.77584288426756,11.185152801184387
CMR_1035,CMR,0.20398273009905488,176.3184210335691,49.29314612398271,49.24773171162418,61.506860899972324,50.96262144014534,1.1012756986454777,1.0009221625195746,40.26198325738588,52.38066344650705,91.03005962294513,40.95471290036215,53.073393089483325,91.7227892659214
CMR_1036,CMR,0.39936187905352094,280.63546668128384,111.76337886150816,59.729582265880374,111.8509563368595,71.30801757661506,1.2527208930254885,1.871156211406342,120.04217844870767,127.37169755754151,125.10422348245856,120.73960307390917,128.069122182743,125.80164810766006
CMR_1037,CMR,0.6543346439054064,342.1966143351032,146.2210332580932,67.12908344418207,146.64457663531536,91.27566730024846,1.1933581926405563,2.178206907586876,52.73809229285244,54.57204191345801,49.83843795756638,53.43647045711998,55.27042007772555,50.536816121833915
CMR_1038,CMR,0.3844073787798683,236.78449019012447,78.52411912368585,57.402963731977984,84.3372636615951,69.96017981327068,1.07733919958005,1.3679453815368372,12.378310158127,37.52445823847754,10.491407068703587,13.071871892494613,38.218019972845156,11.1849688030712
CMR_1039,CMR,2.1954321389981795,589.4162882965906,220.52525957212657,131.04104255265614,220.72024631107652,167.19183643811638,1.1221662231816192,1.6828716810881068,16.51135601083,19.174835229855653,21.583359733435444,17.206593070287482,19.870072289313136,22.278596792892927
CMR_1040,CMR,0.17876324241628622,178.81044306065422,70.45929322578597,36.040025409929115,72.01938745587232,47.70832520530288,1.1930230527728434,1.9550289552896447,173.54630401638292,159.48995390509737,172.9025724424716,174.23615990115812,160.17980978987256,173.5924283272468
CMR_1041,CMR,1.0248015925629541,431.7656706707273,172.3893989310679,85.35908246910974,173.36733389147253,114.2286265854022,1.2031597122155255,2.0195788654763622,66.96684002737419,60.126966975505454,66.21550939445305,67.66362919956732,60.82375614769859,66.91229856664619
CMR_1042,CMR,0.47934660861743517,272.0135825154685,94.38360573579126,65.49681476007834,100.87192732012576,78.12317567318979,1.108308920430355,1.4410411572154807,175.31731067448757,152.29320152055683,174.68239794095342,176.01696856434353,152.9928594104128,175.38205583080938
CMR_1043,CMR,2.8957468244392093,763.5813344844007,299.23132608331355,147.0306739309968,303.43919457345146,192.01508712643576,1.2658145321245113,2.0351625826305213,49.61237206010511,44.86905742080907,56.061147235227814,50.31118080335628,45.56786616406024,56.759955978478985
CMR_1044,CMR,0.3593164005383222,231.66559842878414,75.87726109464171,56.40568325942325,83.11408227975924,67.63843953236139,1.0902299162783713,1.3452059563867707,17.574004093080266,45.81789597235105,9.15150502549369,18.274780280499485,46.51867215977027,9.852281212912908
CMR_1045,CMR,0.6297194177543415,292.89616568013867,99.22244837338994,80.01816462092553,101.02474493239785,89.54237347604929,1.041202522806157,1.2399990532579936,176.29657418855186,170.18364809847526,1.0225342462091334,176.99619883954713,170.88327274947056,1.722158897204423
CMR_1046,CMR,2.0303729469734106,528.3051776804593,179.785966253225,130.02877130569857,185.88996990924647,160.78405165460336,1.045904486466271,1.3826629633417586,0.7133102555994653,166.30434490336518,1.027899166048228,1.4075544189256983,166.9985890666914,1.722143329374461
CMR_1047,CMR,0.3841889188720193,240.2949391916244,86.9528257246224,62.230743133374276,91.23561214184727,69.9402976943124,1.093622092930367,1.3972647817858004,139.39488362266457,147.62519210320525,117.59216998825248,140.08943695474792,148.3197454352886,118.28672332033584
CMR_1048,CMR,0.37939897027408204,233.3353241748301,79.04937313972417,60.0133059331225,83.06089884239259,69.50293318880591,1.0686303019612764,1.3171974433105724,164.94116985580143,137.24070886998172,1.0270156630283847,165.63562082398334,137.93515983816363,1.7214666312102906
CMR_1049,CMR,1.6600402273250017,597.6445742231045,180.21749478276746,165.98002521649292,225.72953635640488,145.38324742835198,1.308515112740682,1.0857782106473606,32.27708529074678,38.401739260686625,173.52017099977064,32.969898966620086,39.09455293655993,174.21298467564395
CMR_1050,CMR,1.1344859134137038,461.6190626610695,160.30592937752246,107.43484264400858,168.81247228448734,120.18620253187632,1.2225855231339193,1.4921223453428905,139.314947952924,127.40453428268088,157.8303883484103,140.00683456452464,128.09642089428152,158.52227496001095
CMR_1051,CMR,0.16392413040602588,176.30030031415583,68.69872627224439,29.585001462672814,70.18538516898782,45.685302359651274,1.2283628569509026,2.3220795293493928,88.03267822706181,104.3891519695774,91.03029596994003,88.72320647066745,105.07968021318304,91.72082421354567
CMR_1052,CMR,0.14884241588450853,153.29575384916077,51.61392223454747,33.749249528811184,59.48219369995967,43.53298173087543,1.1208870153173287,1.5293354061246758,1.7085204391409285,163.00332389309816,15.066673246306053,2.3988762261829066,163.69367968014012,15.757029033348031
CMR_1053,CMR,0.6696229661381361,312.51137493662185,100.02171303617362,89.53020948552737,120.3472744243206,92.33582406357404,1.0773224931498557,1.1171839495398725,145.67816616192823,145.63916595191708,1.0310973051446877,146.36783442649255,146.3288342164814,1.720765569709016
CMR_1055,CMR,0.6244253158670896,315.3401702833679,114.6867153988027,66.87701755154858,125.54135638114,89.16518406282373,1.1257296754005857,1.7148898021716141,125.3233489441469,142.11880292017653,114.2226133211809,126.0199284693452,142.81538244537484,114.9191928463792
CMR_1056,CMR,2.171167933069281,667.6641370561151,180.95379922483824,148.16915172429182,187.26494107079316,166.26535630265,1.2782223561261725,1.2212650009736912,165.28825439194674,155.96578278724047,175.31953399728883,165.97869592734503,156.65622432263876,176.00997553268712
CMR_1057,CMR,0.22381751424769933,195.39596430630456,77.52473387878489,39.50168215750279,81.39878385552745,53.38289144889929,1.1651011301748113,1.9625679121632076,66.58628823253392,56.74334886318395,75.08701502579032,67.2742822495768,57.43134288022683,75.7750090428332
CMR_1059,CMR,0.14388052552670375,160.22357850796985,61.45407896304209,28.16183650718572,61.5766712778161,42.80121199427374,1.1915725434516853,2.182175830307146,74.58227808708236,54.97880139284028,72.58563955334203,75.28065584172512,55.677179147483045,73.2840173079848
CMR_1060,CMR,3.2251658329406583,1005.7927528861562,356.8629760325086,171.23429901536554,359.801788538178,202.64275651571575,1.5798925271273867,2.0840624692865175,148.08119499455833,141.4460548441213,134.11801268463265,148.7790478538683,142.14390770343127,134.8158655439426
CMR_1061,CMR,0.8849622007708998,441.5301355803279,176.84531759136215,74.52225447562186,178.65226791381858,106.14936973987967,1.324015465637631,2.3730537788441812,169.417065465247,162.45275137835276,170.6086759037153,170.11085578353462,163.14654169664038,171.30246622200292
CMR_1062,CMR,0.1141289131614954,148.502748274221,53.84334304707604,32.11392622697332,55.77984703784535,38.12000071286218,1.2400286468304795,1.6766353222126922,158.16078659093333,152.29191954045598,169.71214799034914,158.85749127881127,152.98862422833392,170.40885267822708
CMR_1063,CMR,0.24971279717459233,204.57260548171183,51.00117613624277,51.001170215063915,69.64072800737969,56.38654167344562,1.1548408686654974,1.0000001160988823,147.27803277854366,124.72128698004653,169.72128881335414,147.96560504813033,125.4088592496332,170.4088610829408
CMR_1064,CMR,0.3643569052807546,246.79270712430844,103.66701966172853,42.43562984256157,103.88198924228783,68.11120467300375,1.153357349835049,2.4429240250784225,45.15007966563008,49.71591763166418,46.029276021586966,45.83950973546317,50.40534770149727,46.71870609142005
CMR_1065,CMR,0.41416951304374827,253.4833823375814,88.37362793386323,60.013102722793754,104.62011709576686,72.61797313551281,1.1111060127055423,1.472572220471077,27.66163762512082,34.57559469612716,1.0282248967623566,28.352070416385814,35.26602748739216,1.7186576880273496
CMR_1066,CMR,1.055077746573841,459.28737751871085,141.74542350031913,112.07676010060891,154.3616295990012,115.9036975125418,1.2613550387192167,1.2647173541872312,151.78634785494646,167.42682516121565,135.58004459905806,152.47705492512534,168.11753223139453,136.27075166923694
CMR_1067,CMR,0.18380090016769707,169.06679881810646,49.29348164049764,48.266044701698874,60.91502182030382,48.37587978026154,1.1124476440262552,1.0212869512127767,121.03428843449188,142.0911865766936,91.02044009079937,121.7318835503892,142.7887816925909,91.71803520669668
CMR_1068,CMR,1.4149943855433198,473.85445549290836,177.22010943379246,96.42157279254566,182.6216633786231,134.22469248435578,1.1237318186682355,1.837971569029346,176.83460005007433,13.402925207275052,177.20426621419995,177.53414094940288,14.102466106603593,177.9038071135285
CMR_1069,CMR,0.3882750698239342,350.8014045689774,101.26213949536596,68.71743923481816,110.29076590490313,70.31124896733378,1.588132152414806,1.4736017614005887,120.0127845406623,102.14396336674992,128.17146463799116,120.70562253904191,102.83680136512953,128.86430263637078
CMR_1070,CMR,0.14392410930450522,147.97485985966264,40.99185160857221,40.308254883548464,55.047199798341715,42.80769409899137,1.1003129645588972,1.0169592240348453,108.50620521986714,121.80237947040979,76.98431796134702,109.20339615390724,122.49957040444988,77.68150889538711
CMR_1071,CMR,1.359997521651303,445.7183234602841,164.11020072114312,110.77338469256844,165.24232942232072,131.59037294985734,1.0781681488564157,1.481494866087205,139.48891153218702,147.75172845646782,141.04094626236844,140.17908264425273,148.44189956853353,141.73111737443415
CMR_1072,CMR,0.2790663618007391,214.4152082457355,70.0151606353795,40.00865873642845,78.24453469669923,59.60858389947469,1.1449773852684213,1.7500001961232883,1.0292359278655743,151.76330754141404,1.0292358280684921,1.7176103497356212,152.45168196328407,1.717610249938539
CMR_1073,CMR,0.17906515036887807,172.05210580589753,61.942986885471605,37.56265477030925,67.93491762799495,47.74859479959633,1.146963307435798,1.6490577480277928,60.1396006293412,46.4077415689218,72.59054167884345,60.83170591742619,47.09984685700679,73.28264696692844
CMR_1074,CMR,0.17894199377033151,165.04724394055523,49.07917695381774,49.07917151989976,67.00432985971185,47.73217182175343,1.1006448570966485,1.0000001107173944,136.02054952815195,136.0205481844502,1.0205446263539895,136.71743234209615,136.7174309983944,1.7174274402981848
CMR_1075,CMR,0.12391395766737483,136.74065192565993,39.07674567292251,38.98417151289014,47.43817190393813,39.7205426758926,1.0958032901592536,1.0023746601874497,129.07536147539412,144.1825042498034,1.0244592432489927,129.76826633534733,144.87540910975662,1.7173641032022164
CMR_1076,CMR,0.8576879861056115,383.0572446273284,119.53099581369328,109.05564970887231,141.88537659777265,104.5008258796995,1.1667937254349283,1.0960550520104668,31.43114818078942,35.517722880745374,1.0270460773501155,32.121221927630565,36.20779662758652,1.7171198241912577
CMR_1077,CMR,0.10890634349077057,128.3610013304857,39.903211832364484,31.381116578400285,46.91352027521717,37.23759702303036,1.0972398594537256,1.2715676235634643,28.23954350882723,53.931418249857444,19.463356845357048,28.9282352911446,54.620110032174814,20.152048627674418
CMR_1078,CMR,0.1029909195841333,145.29386183204036,62.598680980255914,20.004473212727635,64.71401437416885,36.212168060357506,1.2771528218325512,3.1292341625086215,84.24098600463724,76.33244123542627,91.02231364254733,84.93575929264152,77.02721452343056,91.71708693055162
CMR_1079,CMR,0.16901956984168864,159.32790513062514,41.24008805604451,41.24008456765345,55.83645964338578,46.38991271349459,1.0932473113552155,1.0000000845873886,89.2064262598861,60.06271759797688,15.062715560176384,89.89688677097251,60.75317810906329,15.7531760712628
CMR_1080,CMR,2.1798947218625386,727.6809598528171,215.19297835261543,158.54162743810846,236.6641453448079,166.59916456077573,1.3903313628224307,1.3573279259834932,167.58680122557865,15.918825391294856,165.77016888372316,168.28205044262714,16.61407460834335,166.46541810077164
CMR_1081,CMR,6.145500417841543,1093.588831266343,390.44962305618884,241.25082734642768,401.79950222664627,279.7265477959201,1.244430102023128,1.618438483095923,125.74903338515455,126.23684595283078,111.10887014904439,126.44699593022673,126.93480849790296,111.80683269411658
CMR_1082,CMR,1.8449565789291689,616.4834444425265,238.12658600886297,122.32447389741584,254.6518056487068,153.26681554113136,1.2803343916415486,1.9466798296517627,154.8716069710659,161.07255538967044,139.56695755990512,155.56085074574577,161.76179916435032,140.256201334585
CMR_1083,CMR,0.33937418879466674,217.2241859224841,68.9054360684084,60.01291735840321,76.43861592376858,65.73466647331426,1.0518742941431451,1.1481767442982014,152.44283595520477,131.90493990491794,1.0295239329481047,153.1297678336054,132.59187178331857,1.7164558113487374
CMR_1084,CMR,0.10890865777125532,128.36236516978624,39.903635803183796,31.38145000634973,46.914018732435686,37.23799267393326,1.097239859442754,1.2715676233924718,28.229200472230843,53.92107520882593,19.45301380058589,28.92751478780122,54.619389524396304,20.151328116156265
CMR_1085,CMR,0.19933821018722636,192.41388701911785,70.01499321333013,40.00856578136224,78.24435148332708,50.37909209057923,1.2157273967366564,1.750000077382084,68.25925471875242,61.764607979840804,91.03052869303302,68.94508251512144,62.45043577620983,91.71635648940205
CMR_1086,CMR,0.1642608876388443,152.32034585375214,46.23995424012171,43.8168738971483,51.96406663585897,45.732205041423036,1.0601953679746463,1.0553001646959372,110.6699402349284,69.15690022790697,124.71192731726131,111.36435208182495,69.85131207480352,125.40633916415786
CMR_1087,CMR,0.6446764469189618,306.8188200281919,105.41791161895361,81.86679815452746,119.24155390416814,90.59953343017729,1.0779687265992977,1.2876760053565588,159.0155696006863,155.82175304030847,9.153551557197448,159.7083559917537,156.51453943137588,9.846337948264875
CMR_1088,CMR,0.22899185155463042,187.3102690018692,50.8514966612323,50.28335374417279,69.05561360828302,53.996433291605435,1.1041971991937003,1.0112988270422465,162.40118172438264,147.45415203577375,12.339119356308766,163.08812165608012,148.14109196747123,13.02605928800624
CMR_1089,CMR,0.45958971962753564,338.75007267198674,104.09360734225254,85.07850878526357,118.92175459366908,76.49626169843364,1.4095786471507903,1.223500609360499,22.271167317024062,25.298395279541083,54.74307962835935,22.95838199260861,25.985609955125632,55.430294303943896
CMR_1090,CMR,0.1289911468169412,140.03371178764792,43.16919345780285,31.536732339237627,51.05449551846637,40.52611862096699,1.0998861074733828,1.368854356673226,9.348647704397912,159.6038515630413,15.05630853804013,10.044605886031183,160.29980974467458,15.7522667196734
CMR_1091,CMR,0.3093476783401566,238.70469842904046,97.03329431526313,45.446404776695424,97.5624066699689,62.7593576396939,1.2106890230569693,2.13511486314581,60.82577256078984,54.35554794104334,60.32544423926872,61.52279269656317,55.05256807681668,61.022464375042055
CMR_1092,CMR,0.11852529592163052,140.92332911831957,54.303830883341625,26.838638663811224,58.6341976670526,38.84727710134357,1.1547087003104715,2.0233452062739685,130.16536096316068,139.75090549461854,117.59271522589336,130.85354042587488,140.43908495733274,118.28089468860756
CMR_1093,CMR,2.537316790306834,797.416581349888,246.7582705206259,183.16724522751176,260.23984341966633,179.73903512980027,1.4121895172478685,1.3471746556767168,122.39046842174774,119.79466372758009,144.26028731576,123.07657769258114,120.48077299841349,144.94639658659338
CMR_1094,CMR,2.191242424838178,679.8617027399855,275.51210287420275,110.60127614455673,275.8840409049716,167.0322276509936,1.2955984857727878,2.4910390953726997,40.64849685705581,38.81093380161283,41.78642374108256,41.3463395119698,39.508776456526824,42.48426639599655
CMR_1095,CMR,0.24857258010008568,220.83069759758365,91.8618737703335,33.80994941114282,94.77868583947834,56.25766069792432,1.2494759530726003,2.7170071345938895,67.56383827916075,55.55709976788504,70.4723993492821,68.25082397578824,56.24408546451253,71.15938504590959
CMR_1096,CMR,3.411038022450606,747.6384684018142,238.2946882307268,204.61971843682232,249.05682203397419,208.40029987452849,1.141940371136155,1.1645734343256944,157.96953338707922,16.481656520237674,151.97292414081258,158.6573542152605,17.169477348418955,152.66074496899387
CMR_1097,CMR,0.5244065034882092,291.44865590488814,95.76734799481686,81.39399615211696,104.75685848024818,81.71261210838178,1.1353325526597333,1.176589828761296,66.93184068831027,50.85071231453536,79.71213120853174,67.62502147098539,51.54389309721047,80.40531199120686
CMR_1098,CMR,1.80908541108908,675.1233001403766,202.49388468336434,142.538029873209,230.28746865289202,151.76953202807488,1.4159523189934837,1.4206305844376235,89.13666475983041,125.93930658980823,95.01167001494551,89.82997825978703,126.63262008976484,95.70498351490212
CMR_1099,CMR,0.6296351156504458,335.21397996863755,145.25554332088302,58.15089702850972,147.57344246728806,89.53637964537349,1.1917158615709789,2.497907181890391,34.53882997666113,37.75219325151775,27.583833914921467,35.23513394448498,38.448497219341604,28.280137882745322
CMR_1100,CMR,0.40412443302980466,291.1750879519456,117.54597924515475,47.25919539137202,119.24040025142504,71.73194609985319,1.292086917264451,2.4872615428957303,21.7770670670014,11.505210168571063,21.52552431428163,22.466169647538734,12.194312749108398,22.214626894818963
CMR_1101,CMR,0.11886771543693503,136.0876134687949,46.65352686031335,29.1106431833021,52.86062202470132,38.90335151200113,1.1134781727202299,1.6026278281296742,26.88028024020142,45.528482442044485,15.061412989185946,27.569975098049415,46.21817729989248,15.751107847033943
CMR_1102,CMR,0.1843352625470566,166.75859596080576,60.01277896890002,39.54443114833191,65.22998820984299,48.44615008068763,1.0956682752302493,1.5176037997307623,13.489268913976577,27.151989990424138,1.030406774784776,14.173432854781076,27.836153931228637,1.714570715589275
CMR_1103,CMR,0.4109897469151481,277.8211684441061,108.61934493157551,57.10579145971999,109.68000598210345,72.33867556522327,1.2224888528288915,1.9020723144725349,65.83578294728841,64.63165866878728,56.65698697975918,66.52270055337036,65.31857627486922,57.34390458584112
CMR_1104,CMR,0.3392729650201548,225.64382436152283,70.01556138339521,59.20909606641913,83.6306503087176,65.7248625349046,1.0928080680647687,1.1825136006949621,170.49944991217018,145.77672274366202,1.0213227109611893,171.19197147262778,146.46924430411963,1.7138442714187931
CMR_1105,CMR,0.1236591640836314,185.33604387007043,72.69248673610775,30.797177511496958,75.50436169202666,39.67968469886998,1.4867632008103187,2.3603619750209504,66.4787341527119,60.866355448504834,79.70829518034991,67.17432037052087,61.56194166631381,80.40388139815889
CMR_1106,CMR,0.10812393195027216,147.1325789049629,60.157641049337975,26.11576242698431,62.26601951344071,37.10359361185116,1.262243084459811,2.3034993222016613,179.64239951141815,174.42439702105366,10.486095677858573,0.3322332953185202,175.11423080495402,11.175929461758939
CMR_1107,CMR,0.25425239947979406,193.46258391787018,59.54901558629205,58.66696791410543,69.73967949599755,56.896766987367194,1.082329565076908,1.0150348263008586,143.76823221167848,126.92060273836823,1.0247174722955337,144.45711035865423,127.60948088534398,1.7135956192712856
CMR_1108,CMR,0.9446603232067179,433.9301426251789,171.48639499151702,88.0329848491691,172.68864951808126,109.67127608672624,1.2594387449409303,1.947978877296191,96.79530443806262,103.55484963433265,110.3196693393496,97.48892552544596,104.248470721716,111.01329042673295
CMR_1109,CMR,0.15497303025394715,187.54360173585815,63.84704743729386,39.14145573095734,64.96700580157413,44.420467184256886,1.3439071290136377,1.6311873497029044,18.664022980166965,12.170951181918642,22.825081946331107,19.35390086528156,12.860829067033235,23.5149598314457
CMR_1110,CMR,0.9347572135859489,395.7944991846249,149.30594809434274,90.02023302616841,150.10705764278714,109.09490588767575,1.1548229586204788,1.6585821106566152,81.41230410367743,96.9408656366657,91.01874453775552,82.10708795720049,97.63564949018877,91.71352839127859
CMR_1111,CMR,0.1789246160034452,177.03715062783743,72.9411772367755,35.06703908625435,74.49538684652664,47.72985403519902,1.1806588644727787,2.0800495033915523,59.96519709990126,52.72687102159401,64.45113803921987,60.66252430704073,53.424198228733474,65.14846524635934
CMR_1112,CMR,1.6352855809088307,560.5631197214643,217.58270503582034,115.2201395139257,218.31583638899133,144.29519287032176,1.236581616393331,1.8884086232990798,24.442734309232932,24.959299821875376,29.707263611333655,25.132101620675037,25.64866713331748,30.39663092277576
CMR_1113,CMR,0.16913840499501204,178.22832465707057,74.52876795518813,27.980142244550755,75.46560848090408,46.40621787789657,1.2225050937267048,2.663630774418343,133.4203348786502,138.7223235600879,129.68486675149205,134.10845908418017,139.41044776561785,130.372990957022
CMR_1114,CMR,0.1287216077586502,148.00819438086694,53.374376547409106,30.568928955090804,59.30612371394618,40.48375492221565,1.1637376917769289,1.7460335828521198,1.28865472005713,163.45366803538963,12.335467455683116,1.9763035515580394,164.14131686689055,13.023116287184024
CMR_1115,CMR,1.2648383674285222,546.9857230855047,227.3472648457748,88.9811856441277,231.36256955060816,126.90320039732087,1.3719982058323346,2.5550037707412647,133.97888765670658,137.6953594512616,126.6364502470166,134.67395851878092,138.39043031333594,127.33152110909094
CMR_1116,CMR,0.10890772289196948,128.36181423344595,39.90346453236904,31.381315317182978,46.913817375249124,37.23783284686617,1.0972398594466442,1.2715676232512703,28.23085729649229,53.92273203235289,19.454670611047558,28.924145506547905,54.61602024240851,20.147958821103174
CMR_1117,CMR,0.514396186357497,284.185524834985,96.6078519260198,74.34128822657841,98.94373329250797,80.9289544064004,1.1177589371913448,1.2995181309150448,43.03234575665904,38.60079374980965,51.07540463992821,43.727978942260556,39.29642693541116,51.771037825529724
CMR_1118,CMR,0.47927654579328866,327.39933651670367,138.10179392627447,55.27734112893674,138.10698221740893,78.11746609869577,1.3340735529185384,2.4983436450777576,48.07783356792085,46.15970375379101,46.65634646987674,48.77275208072459,46.854622266594745,47.351264982680476
CMR_1119,CMR,0.6148187159189169,343.00774974917886,134.15463758474897,74.0056737647879,137.31299797200748,88.47663544412497,1.2340292692500803,1.812761518949647,116.56830746835917,120.1275641156811,103.61278935396854,117.26253445362437,120.8217911009463,104.30701633923374
CMR_1120,CMR,0.42943694004896177,261.0068733582558,88.47852333064671,60.01288459242187,92.30412819396902,73.9443097229531,1.1235626982405142,1.47432545413455,0.851042705647158,163.01920345397832,1.0276290417724718,1.5363344985843004,163.70449524691546,1.7129208347096143
CMR_1121,CMR,0.31389156987127276,230.76906182736565,97.91696269054914,46.17720210744599,98.56892721858556,63.21860165482188,1.1619376557248824,2.1204611414679064,64.93170241197471,62.62629304037124,69.21984247678738,65.6233643211565,63.31795494955303,69.91150438596917
CMR_1122,CMR,0.19870712572225252,180.17870883177574,56.72076542326448,50.01067404080225,61.181313511302186,50.29928133584351,1.140228305013875,1.13417318424838,1.0285744768255334,142.97518475728162,91.02864796024355,1.7126564371606168,143.6592667176167,91.71272992057862
CMR_1123,CMR,0.14898001698288474,165.0583137113635,60.0128141665662,29.424076820621018,64.43663100917517,43.5530996598319,1.2063364826271772,2.039581888411464,96.74047074118869,112.38277347007498,91.0284249016658,97.42459753396069,113.06690026284699,91.7125516944378
CMR_1124,CMR,0.10387727692460594,125.34022494448074,38.692248950588045,30.006571583973866,46.649898785411395,36.36765826662664,1.0970470642851518,1.2894591720452693,162.7137400239618,144.31962507089713,1.0233071271040552,163.40294775174527,145.0088327986806,1.7125148548875229
CMR_1125,CMR,0.7597596164489501,338.7300489401933,102.60178218716877,99.7396975787494,116.17554924336305,98.3542570586359,1.0962527352619116,1.028695541272918,167.9341803308506,160.5914302524193,16.968934529482496,168.62308455196901,161.2803344735377,17.657838750600895
CMR_1126,CMR,0.18380044863691536,169.06658813942406,49.293420430796715,48.26597459397227,60.91495003451202,48.37582035940938,1.1124476242122154,1.0212871664866943,61.00388497914356,39.946975247729064,91.01770861014674,61.69858091860435,40.64167118718986,91.71240454960753
CMR_1127,CMR,2.4556881460519673,574.9744749942068,187.11714489790293,167.38182697705793,203.38994148786068,176.82418548068424,1.0350397441190724,1.1179059774723932,179.71287402009213,170.31449254721906,145.48345722611907,0.40411163507865533,171.0057301622056,146.1746948411056
CMR_1128,CMR,0.892704336917267,379.05164666829296,112.41704113929218,111.45688214137269,148.3971428610695,106.61268515142307,1.1317216739958667,1.008614622798273,128.76005445446924,127.90297566719845,173.89515173623965,129.45203294168147,128.5949541544107,174.58713022345188
CMR_1129,CMR,2.6567407327189425,660.3277885979966,233.2051532537527,164.44616787038126,242.4058989265757,183.92029145818657,1.1428258489923497,1.4181245831010683,178.8355856991427,172.3584567081609,156.01079139942385,179.5274534231551,173.05032443217328,156.70265912343623
CMR_1130,CMR,0.6998319856195728,309.3407666497875,110.02362504395286,80.01719120481722,113.26438110705254,94.39564390168488,1.0431225441595071,1.374999839251158,91.124707466232,104.76587489694566,91.0268737579926,91.80979879691093,105.45096622762459,91.71196508867153
CMR_1131,CMR,0.10373224299009465,128.3668242945909,42.5354064178302,30.526956305457556,50.006749112053456,36.34226105226055,1.1243227044191932,1.3933720084051024,178.59577107757795,159.91116341071933,15.05486886206651,179.2890338182353,160.60442615137669,15.74813160272387
CMR_1132,CMR,0.10890787600532983,128.36190542031298,39.903495468346456,31.381339496342587,46.91384956471911,37.237859023190325,1.0972398676097082,1.27156762932306,118.22939179685345,143.92127337383806,109.45322155082557,118.92297061574203,144.61485219272666,110.14680036971416
CMR_1133,CMR,0.238864762776331,194.878099009782,68.1930141391375,46.852811334776256,80.40340053095304,55.14816967140508,1.1248174850611816,1.4554732618258404,141.64562368528013,136.89226219621094,169.70969181777616,142.33783797132475,137.58447648225555,170.40190610382078
CMR_1134,CMR,25.35097469456683,2643.65128768509,603.3704530031719,588.0988221285222,671.3405135022556,568.1361058646326,1.4811597640181902,1.025967797077669,8.265459761538004,158.28530753363614,102.3902596335121,8.952642926058001,158.97249069815615,103.0774427980321
CMR_1135,CMR,0.19381095803391957,187.53789062448882,79.37200642071564,33.045379000953396,80.56169952969019,49.675726061306186,1.2016968719522645,2.4019093991455103,52.59282038685377,47.47865345394946,57.33751343470879,53.27707771735669,48.162910784452386,58.02177076521171
CMR_1136,CMR,0.21871162359788412,189.60033086629946,59.4170286361977,51.09239269792182,76.02558138984823,52.77047356790142,1.143663409819593,1.1629329827533108,161.12571197586516,152.44631175918968,12.32882688933231,161.8186337078745,153.13923349119904,13.021748621341656
CMR_1137,CMR,0.8247359312761362,385.125418828451,121.07492605401255,106.438384292679,127.44569599537571,102.47372354241638,1.196299148659571,1.137511874673771,19.50807608573426,158.71556820872675,15.052296006978345,20.20377750359288,159.41126962658538,15.747997424836965
CMR_1138,CMR,0.6295032137782105,317.1546907135764,100.0221892791476,80.01775490092326,125.62056198704268,89.52700069366172,1.1276315828911834,1.2499999456744757,147.0263846230613,142.4856467364664,1.0202543826151973,147.71790665404694,143.17716876745206,1.7117764136008589
CMR_1139,CMR,0.3590268781875896,274.67945591031554,108.8566895154617,54.71681808519971,111.20394089266559,67.611183907047,1.2931763843692294,1.9894557710932794,36.9150431655403,38.64235029268282,50.43534844579803,37.606203635232646,39.33351076237517,51.126508915490376
CMR_1140,CMR,0.544302718303249,316.73114285650513,129.34277509725283,58.48272268585536,132.02656192355556,83.24828798543189,1.2110597884146155,2.211640791623672,50.553320389877534,43.397724157084596,56.0337673408058,51.23927768769491,44.08368145490197,56.71972463862318
CMR_1141,CMR,0.2841925465776766,205.33861440030563,60.1590364555034,55.70387365406978,75.59901700581655,60.15356918934133,1.086574111224642,1.0799794073406979,133.6356562820439,141.21680240722768,100.48000318677717,134.32967198919022,141.910818114374,101.17401889392349
CMR_1142,CMR,0.25395983405705735,199.49966106891725,60.15894148152163,50.20417509598667,74.82060068131497,56.86402232482549,1.1167467901901846,1.1982856279682355,28.708842726821825,50.968245372001476,10.48115188745002,29.401427475431987,51.660830120611635,11.17373663606018
CMR_1143,CMR,0.38944680938331405,233.81471120093497,78.93458874233812,60.01320679546308,81.35530256808352,70.41726196592512,1.0569217267561466,1.3152869669398417,168.62177331794817,167.00933019425014,1.0213005191329114,169.3115288434158,167.69908571971777,1.7110560446005536
CMR_1144,CMR,0.6942412978953374,400.7816132758122,168.62116497104182,71.77550642608779,168.7672417683929,94.01784267194222,1.356899351025541,2.3492856179939703,145.17334821251907,145.49027801848487,143.10622723091132,145.8673975053199,146.1843273112857,143.80027652371214
CMR_1145,CMR,0.3443361355931042,272.5034256574401,118.39328231965216,47.53928478827685,121.13211542991728,66.21347178017697,1.3100133866063381,2.490430448142708,129.49877550480085,135.22852298345038,123.02142388258763,130.1937391230548,135.92348660170433,123.71638750084159
CMR_1146,CMR,0.1613123612946452,158.33868987082272,59.68848736644646,34.75003192133493,59.70801038969233,45.319893805584776,1.1121113956595639,1.7176527348684378,81.61565753452942,81.17292420035598,79.70769129705465,82.3089507429042,81.86621740873076,80.40098450542943
CMR_1147,CMR,1.900326561777372,693.667290460746,229.71664275240008,143.45349714287076,249.8089339187227,155.54970030075785,1.4194894355248258,1.6013317718118547,162.03376329813287,148.11857841777191,171.55595120289246,162.72635631873598,148.81117143837503,172.24854422349557
CMR_1148,CMR,3.6571757152240205,1044.3186515802236,343.8543719383823,176.5939315573021,344.4956200923148,215.78833941314636,1.5404768952212393,1.9471471579237516,129.94145889876307,120.930390087497,124.42683135267241,130.6333579130811,121.62228910181506,125.11873036699046
CMR_1149,CMR,0.9096740664592525,458.40265432292443,149.78205851282425,88.17371425914166,157.65504550504352,107.62123369651376,1.355811411113793,1.698715538653802,24.196808658575595,4.668848796941334,29.88221859212075,24.882119452144902,5.354159590510642,30.567529385690058
CMR_1150,CMR,0.3404875806788245,294.60316299476676,103.26811356341045,58.11383404345585,104.39023748814256,65.84240671569376,1.4242355946550982,1.7769970827632802,133.88693917732397,139.83871269937413,131.43022489695775,134.5821305074674,140.53390402951757,132.1254162271012
CMR_1151,CMR,0.23437958676391712,182.75642947260118,59.426879272305214,50.01111227060255,68.79438544983061,54.62795606157212,1.06489758099702,1.188273497113109,55.33558069807169,46.112232131742765,91.01909318522895,56.02703228306562,46.8036837167367,91.71054477022288
CMR_1152,CMR,0.8548443190310134,343.6935514757182,119.77073121107628,91.78212824746734,122.56573013970402,104.32744564986184,1.0486315903823105,1.304946109858607,32.16924838942695,15.36409813913417,46.01933925600816,32.86028935957565,16.055139109282873,46.710380226156865
CRR_1461,CRR,0.9797613883396585,517.9117577637388,223.70504758907134,77.04280709169112,227.61564098627906,111.69023878740155,1.4760146854088216,2.903646116149854,34.548240784049604,35.26004201729975,45.89612385042595,35.234810914096805,35.946612147346954,46.58269398047315
CRR_1462,CRR,0.11886923957264132,136.08848593344715,46.653825955239626,29.110829815253247,52.86096091851043,38.90360092285608,1.1134781727351675,1.6026278279018467,26.871088848072176,45.51929104505853,15.05222158488064,27.565215633193173,46.21341783017952,15.746348370001636
CRR_1464,CRR,0.6632269872019163,353.09809810792297,143.4979796977099,70.01488802198182,146.26481173789858,91.89378799685218,1.223092636297635,2.04953523103054,17.189939873812794,12.189530590864926,1.0274256546872094,17.872184490886422,12.871775207938555,1.7096702717608387
CRR_1465,CRR,1.5203778868284907,585.1156674129479,213.52090283282286,120.97798570201897,213.52201100334761,139.1332184796613,1.338631446420498,1.7649566703709754,37.70617198815522,29.227814454055913,29.043219293150965,38.395634069007706,29.917276534908396,29.732681374003448
CMR_1155,CMR,0.20399258437849904,176.32267989844627,49.29433677201978,49.248921256695894,61.50834656033467,50.963852411628906,1.1012756986418233,1.0009221626416378,40.24150168266984,52.36018165281271,91.00957779759494,40.957789603752886,53.07646957389576,91.725865718678
CMR_1156,CMR,0.2593566208790593,208.22911575985304,69.28942556151327,49.42848550775437,78.20138770658305,57.46504205968213,1.1534209975663392,1.4018116244051846,108.82330696773478,120.49315552188716,91.00725172163432,109.54163297125861,121.21148152541099,91.72557772515815
CMR_1157,CMR,0.2542680788298667,195.58537723965728,73.90018829835958,44.73186829918001,75.57043369287264,56.898521327889,1.0941718293451277,1.6520702378021235,27.31856863437685,40.73657027970961,27.582549421279168,28.026652178234656,41.444653823567414,28.290632965136975
CMR_1158,CMR,0.4995417576481005,268.09565835531316,80.01949772254828,79.67308535330118,92.61773161093768,79.7518852494454,1.0700373819444178,1.0043479221083378,32.34856987340097,33.707593797738284,1.009293643050052,33.06472547177643,34.42374939611374,1.7254492414255083
CMR_1159,CMR,2.6907785746296264,615.2389678683302,190.04685278440502,179.88497730046723,221.43349602984063,185.09472405621278,1.0580347270110517,1.0564909623718277,51.03006127755266,37.5836203511852,91.00682540699778,51.74855135134467,38.302110424977215,91.72531548078979
CMR_1160,CMR,1.3450444610093704,479.57761719805154,189.2381644448894,90.0210046243215,192.0702026650255,130.86496082542962,1.1665024448388601,2.1021556606108107,102.82231847588025,112.01049059438164,91.01892590765877,103.52875293812089,112.71692505662227,91.7253603698994
CMR_1161,CMR,2.850973804459379,648.7878324341519,235.47583633167835,161.97046252402586,246.0265491894008,190.52486947487287,1.0839297865351862,1.453819620332004,24.059120520269442,15.968192512167224,37.87990491078556,24.77446505935878,16.68353705125656,38.5952494498749
CMR_1162,CMR,0.20399021963283728,176.32165598426775,49.294044081805616,49.24863335858568,61.5079884562135,50.963557016336644,1.1012756866656426,1.0009220707281214,130.24636541866315,142.36517704692486,1.0145828453872103,130.95701856467042,143.07583019293213,1.725235991394476
CMR_1163,CMR,0.14392610435974373,147.97588658915097,40.99212970679738,40.3085428834846,55.04758087486912,42.80799079500294,1.1003129729610317,1.016958857215175,73.5332852545131,60.23712353886061,105.05520034583503,74.23918044355686,60.94301872790437,105.76109553487879
CMR_1164,CMR,3.446413736513757,732.2678881777207,262.4772571558705,166.49576370240004,265.26757413369336,209.47816728355696,1.1127083608020059,1.5764800936619079,11.13144635379141,20.705827045477864,12.317551921994138,11.848643686803364,21.423024378489817,13.03474925500609
CMR_1165,CMR,0.22370622753998554,196.69690283486628,74.83902919434088,40.40423404438647,74.86144730777791,53.369618258652736,1.1731500204972791,1.8522570954352389,44.72737137184378,39.4208998177633,40.8231290879253,45.4344984767076,40.12802692262712,41.530256192789125
CMR_1166,CMR,1.0249695438324622,370.3561288618529,119.76652187020308,109.72570520414213,129.02783376954648,114.23798647370548,1.031951112449101,1.0915083356938124,18.814052938522135,33.430472975313585,1.005618820377262,19.533015965522452,34.149436002313905,1.7245818473775794
CMR_1167,CMR,0.5642970933889218,354.2567882162316,125.94836284246911,79.17580606311594,141.37375138766782,84.7635165788847,1.330329869360732,1.5907430451932232,158.3307656891318,148.1842823119584,175.99821636216294,159.04454119683814,148.89805781966476,176.71199186986928
CMR_1168,CMR,0.12912612491868194,137.0389495558647,45.82522930196665,34.79329119219435,51.24650835827568,40.54731661958388,1.0758012138047417,1.3170708412961876,172.71513148599368,159.29377613928435,19.450071219983883,173.42454725597383,160.0031919092645,20.159486989964023
CMR_1169,CMR,1.0189536833409247,371.262773716079,126.68105149462637,99.01819275834744,129.12315435551403,113.90224422210548,1.0375266269152976,1.2793714767526587,148.04739064259132,159.3837985230659,136.01695403140215,148.7548031556957,160.09121103617028,136.72436654450652
CMR_1170,CMR,0.1239197353866899,136.74384107112482,39.077660792123204,38.98508106254021,47.43927898214982,39.721468687279284,1.0958033004863061,1.0023747476485807,39.05839399389997,54.165442134948,91.00738948478755,39.77519296451858,54.882241105566614,91.72418845540616
CMR_1171,CMR,0.13922201046618404,142.76242971380225,47.83846899138789,33.86755291427535,51.85220234940331,42.10260909053953,1.0793319876162446,1.4125162544951315,6.985249187029983,159.57981735242433,15.055134694150285,7.690523924353454,160.2850920897478,15.760409431473756
CMR_1172,CMR,2.3157793694277857,601.500232068428,217.62941225334887,148.0215124294263,223.82911175035062,171.7131873222705,1.1150190232616626,1.4702552938520352,58.70972305020183,58.47354372078474,72.53145129084676,59.419955493018634,59.18377616360154,73.24168373366356
CMR_1173,CMR,0.12896577445476815,139.74261604482362,50.92536570223108,35.118923314334296,53.42379348714288,40.52213271203858,1.0977076780324084,1.4500833424310922,46.19991306408536,45.88284334297716,64.4537896096051,46.90339398437922,46.586324263271024,65.15727052989895
CMR_1174,CMR,0.1843556916270044,162.72519281434768,50.28116876564095,47.68725692697286,55.064062848817606,48.44883454496126,1.0691080206666677,1.0543942345570505,82.71569016898083,48.28403177099035,105.0460762740837,83.42783222943888,48.996173831448395,105.75821833454175
CMR_1175,CMR,0.17893990443511765,167.70135034456416,52.3598968659689,40.44073339247149,63.73154128559901,47.73189315938796,1.1183507338121825,1.2947316350033429,95.05965721865694,117.15120935608213,79.69561040681889,95.77546593693158,117.86701807435678,80.41141912509353
CMR_1176,CMR,0.5393517544143569,283.74874740702705,80.01867763227293,70.01636021309928,103.8460519184869,82.86881091476135,1.0899158621308915,1.1428568607212795,106.55215684259265,132.1103839006325,91.01569270795612,107.25735168366296,132.81557874170284,91.72088754902643
CMR_1177,CMR,0.4292098334234766,276.73527017667305,89.0898975204627,70.0171297069494,110.93697073346773,73.92475450780762,1.1915842391289093,1.2724014522351987,147.08286015792424,143.21154959070856,1.005098784722577,147.7983898220847,143.927079254869,1.7206284488830152
CMR_1178,CMR,1.2101037323430093,419.06494044820494,159.0028092064808,100.02399765179555,160.61039828723787,124.12702869442796,1.0746451832506734,1.5896466142055512,16.0043569586336,22.036927002991906,1.0094125905732008,16.715476321036515,22.74804636539482,1.720531952976117
CMR_1179,CMR,0.42936242699752375,257.1580283298884,103.35523376992698,56.58220163022322,105.44771098613556,73.93789428139753,1.1070905321891136,1.8266386035201587,147.578855408331,147.44138748072112,136.00812387524206,148.29125891617824,148.15379098856835,136.7205273830893
CMR_1180,CMR,0.2437726707368447,203.5627256324665,82.98896932036457,44.11609697812197,87.26405778316145,55.7118483186346,1.1630565128039296,1.881149399084883,143.17659260785283,139.87334481809685,159.20507219579156,143.8905839913646,140.58733620160862,159.91906357930333
CMR_1181,CMR,0.22901455643945734,193.8053734875599,75.29039230354883,41.849992707147095,77.24470679735629,53.999110138843946,1.1424293144463462,1.7990538930414395,37.6611427342585,30.87780933518218,46.01239452533691,38.3692237228867,31.585890323810386,46.72047551396511
CMR_1182,CMR,0.2889406178561403,219.76413083237208,78.80804443344219,42.0911628750912,82.435105170203,60.65398756344455,1.1533140405543916,1.8723180603803034,96.23272146050569,72.31790646121082,98.14265765485158,96.93549397962981,73.02067898033495,98.8454301739757
CMR_1183,CMR,0.13878679525861204,149.31595837215403,49.080011862873036,38.37905834577035,53.65958137790426,42.03675011348135,1.1306474831321778,1.2788227220348674,76.71828905811579,46.67159616978146,91.00665709763956,77.43200573431544,47.38531284598111,91.72037377383921
CMR_1184,CMR,1.8649644482828098,720.4873900003339,230.82736958503693,139.27494665310368,233.33886891392035,154.09563540473394,1.488285236019198,1.657350263863074,49.58127822108594,40.46174240936293,48.875711637249054,50.297326981620756,41.177791169897745,49.59176039778387
CMR_1185,CMR,0.35946117148770507,250.28874525540508,96.01528324415516,55.18435569175093,96.97606100561026,67.65206414699952,1.177634164158245,1.739900412727075,42.672669687511636,45.94613187210916,37.874226686459615,43.38862342100453,46.66208560560206,38.59018041995251
CMR_1186,CMR,0.2942252738156277,218.88271582483162,68.47554374266781,59.49452113758137,82.18039402745049,61.20614786788892,1.1383257203538866,1.1509554566262963,41.34434793875698,45.954709742446056,1.0149961336460522,42.049639692033516,46.66000149572259,1.7202878869225857
CMR_1187,CMR,3.139904253241559,882.2686605851756,351.6913139554988,126.9816599170988,355.51699540692624,199.9462493248944,1.40455166267241,2.7696229060567004,133.24526206585782,144.98112022132145,135.96839013495023,133.9619138301779,145.69777198564154,136.68504189927032
CMR_1188,CMR,0.28933039489879037,222.67772174323773,69.49666359550285,59.2890881760402,83.81968337487113,60.69488448617237,1.1678170386814717,1.1721661731270767,147.26137867465894,145.5551304591765,1.0177047766874256,147.9639387007477,146.25769048526524,1.7202648027761631
CMR_1189,CMR,0.32448489652769796,216.79473180374873,75.7761388159911,52.71863148478796,78.94258930670975,64.27651218978535,1.0736100023900057,1.4373692313666453,17.549608284869947,29.502642743121836,12.320296343116471,18.259489765072427,30.212524223324316,13.030177823318951
CMR_1190,CMR,0.13790769267867287,159.57727018052958,64.00226820618354,30.00735675890357,64.28381758666882,41.9034041387654,1.212193227559124,2.1328859026276366,171.7429434414955,175.6399797756784,1.0043992003861117,172.45872161103333,176.35575794521623,1.720177369923952
CMR_1191,CMR,0.21898128065939035,185.25589388348985,59.08167396122568,40.00919543757059,69.03992494897489,52.802994810170105,1.116769658784058,1.4767023759179396,173.74013577054714,147.64724565811366,1.018558201155289,174.44172369779037,148.34883358535689,1.720146128398511
CMR_1192,CMR,0.9048571931167784,432.72154146500844,130.03172421655563,109.02610726597318,146.15801475997225,107.33591945916073,1.2832567635050498,1.1926659355023883,98.63110541189558,119.21082531425137,91.00531438029847,99.34590879760754,119.92562869996333,91.72011776601043
CMR_1193,CMR,0.3495663729927535,224.52569734152758,70.19500013019781,68.03623292298438,83.30928461209494,66.71444593219789,1.0712634747615501,1.0317296698313252,43.61569327706197,45.986354243559994,79.69373951453814,44.33202763756219,46.702688604060214,80.41007387503836
CMR_1194,CMR,2.0537168956871388,623.1966215562646,209.8548713752855,138.5871346147301,210.10689484588727,161.70570692710893,1.226732497246466,1.5142449691212574,121.93846903480481,122.17441145729602,119.36780580148177,122.6482846831781,122.88422710566931,120.07762144985506
CMR_1195,CMR,0.7197981696785437,321.0957659619785,118.28935240171592,80.36858736218188,119.6880791781657,95.7327265809719,1.0676386264942088,1.4718356547520701,72.6344544278558,66.08219603860087,57.31415693116871,73.3501797751708,66.79792138591587,58.029882278483704
CMR_1196,CMR,0.16891628707978623,168.84051511812874,59.08226603707995,38.732867523977355,61.46557658198127,46.375736809221806,1.158873343005889,1.525378052644964,80.93212397989105,55.39163646209667,91.00898999199265,81.64290618026789,56.102418662473504,91.71977219236949
CMR_1197,CMR,0.1486613402064329,167.08745791245897,66.77733078382046,29.487859370084884,66.79620153106056,43.506493437664886,1.222474750511825,2.2645703082660975,96.04452779638174,92.36519414000269,91.00322739293371,96.76074029799793,93.08140664161887,91.7194398945499
CMR_1198,CMR,0.9944590368677305,402.0951746556433,124.13919505793656,111.1834493939703,141.59767282691328,112.52486708986764,1.1374451940251549,1.1165258474582718,170.54320668575593,157.00022044553702,27.56950146542523,171.25816365738274,157.71517741716383,28.284458437052038
CMR_1199,CMR,0.6395292033944711,328.98872063087384,111.43356098312782,86.63863136088017,122.2016127889672,90.23712494172328,1.1605019806137953,1.2861879190931365,175.766723976357,167.11730665708538,21.55921225943598,176.48276076746382,167.83334344819218,22.275249050542772
CMR_1200,CMR,0.3743357813917619,246.50565054551154,91.0711261729682,48.23060832515371,92.61193324606356,69.0376071338896,1.136557143654036,1.8882433652712582,84.47824160193413,60.66276011678478,83.89058095969646,85.18175545315528,61.36627396800592,84.59409481091761
CMR_1201,CMR,0.12396455225737377,145.14577630139428,50.012270895942144,29.28951113452579,55.49398840010664,39.728650880627306,1.1629223371660902,1.707514702660532,98.50726544107586,121.05319866202699,91.00340860673327,99.22293660103996,121.76886982199109,91.71907976669738
CMR_1202,CMR,1.3006451984784362,482.97910509909417,195.7750269674547,93.07244459637886,196.1239900169323,128.6869418539682,1.1946590831857669,2.103469268659047,45.43071154365641,46.032864886698995,42.614437395915594,46.143805277585045,46.74595862062763,43.32753112984423
CMR_1203,CMR,0.3494139358326902,233.01203327993383,96.53320075254156,49.297354009287446,96.53320076113562,66.69989809465497,1.1119962085629187,1.9581821923820708,47.4661796466188,46.00482162123959,46.00482749723224,48.180338049585146,46.71898002420594,46.71898590019859
CMR_1204,CMR,0.14392916882485612,147.97746192870258,40.99256610712598,40.3089720194655,55.04816690548041,42.80844652503407,1.1003129729724301,1.0169588568850223,73.51939408426965,60.2232323702507,105.04130916163571,74.23329652754671,60.93713481352776,105.75521160491277
CMR_1205,CMR,0.1190663323184148,131.35679413793358,44.710685922479705,33.63749740588857,47.386726654581786,38.93583988491632,1.0738734881563765,1.3291918058878147,21.14275777802842,39.29606241943311,15.049151281420574,21.848794376559756,40.00209901796445,15.755187879951908
CMR_1206,CMR,0.20398858076032744,176.3209472292495,49.29385161388843,49.24842735755339,61.50774142734991,50.96335229343251,1.1012756837739104,1.0009223493778847,40.24597218992568,52.36446664895234,91.01387077273793,40.95074737727776,53.069241836304414,91.71864596009002
CMR_1207,CMR,0.7045749447863563,359.45327052344294,122.80502326886959,81.63793401271214,140.54416842099326,94.71497674241294,1.2080194026746012,1.5042642217005049,165.5745206011819,156.36881989841098,8.143038179100335,166.27506067050783,157.06935996773691,8.843578248426274
CMR_1208,CMR,0.2642531504350678,203.71498949381737,72.8398229634938,43.71424573557944,74.47236910090076,58.00496193902537,1.1179128983460662,1.666271983830863,4.25907497710464,158.20197035544552,9.1447138427719,4.963006049607632,158.90590142794852,9.848644915274892
CMR_1210,CMR,0.20889984839096723,187.63349545050772,66.15250306046791,38.81563911500636,74.4438674714987,51.573205044922275,1.1580741691173662,1.7042744772143388,110.89368263019747,130.19411597432767,100.47691906196901,111.59743893717484,130.89787228130504,101.18067536894638
CMR_1211,CMR,0.37435704994345703,265.9603789032749,110.46590368584965,46.75865791217519,110.8759092857975,69.03956835311224,1.2262217154241952,2.3624695108515112,51.3801408559687,46.16713595622324,51.09601133208826,52.08858478529869,46.875579885553236,51.804455261418255
CMR_1212,CMR,0.8693497541792489,386.32370169303834,145.97616979190892,84.18209529655266,149.7099947981182,105.2088629929443,1.1688240896991597,1.7340524642166608,103.5828943428446,121.52507421246288,106.2696659157215,104.28642544362987,122.22860531324815,106.97319701650677
CMR_1213,CMR,0.3942738653118222,245.1010673901215,87.63944915647315,60.34722584746916,91.63805424975253,70.85231660084216,1.1011367956252238,1.452253155397508,63.96303690603928,59.27079951612659,76.96797311324792,64.6767497275061,59.984512337593415,77.68168593471475
CMR_1214,CMR,0.9795482512267607,437.0413859944672,147.5866297519353,106.97503018802983,158.7281914529839,111.67808958959164,1.2456749067318431,1.3796362524275294,174.34617918843986,160.46240813263157,6.245618784428117,175.04655859063766,161.16278753482936,6.945998186625911
CMR_1215,CMR,0.6145874723864272,342.71386601741347,131.5929576651724,74.42158526998605,132.62697295204586,88.45999511311477,1.2332039081181974,1.768209548181223,26.022788294664796,27.90807177262313,19.779989250949725,26.73726445648883,28.622547934447166,20.49446541277376
CMR_1216,CMR,3.2765893674921283,890.5642805353289,288.6238190864896,183.45365165911582,303.20744131113526,204.25188259964096,1.3878717354698606,1.5732792259856219,156.22920878926882,157.54320691487496,136.03636496583692,156.93956681388627,158.2535649394924,136.74672299045437
CMR_1217,CMR,0.17382500961020272,168.03597099232323,57.26181109131181,38.42554084261855,66.69719455371091,47.04475274668577,1.136949557145186,1.490201825026795,118.43466407594212,135.48015577149457,102.31876537896446,119.14350720669783,136.1889989022503,103.02760850972017
CMR_1218,CMR,0.558736464190087,353.0766146174636,144.6349510869339,66.51445330798262,145.7240822035459,84.3448493562186,1.3324794326016163,2.174489060553938,129.7193142547819,128.41834040613173,121.40890702405372,130.43394349969253,129.13296965104237,122.12353626896434
CMR_1219,CMR,0.8996964620182114,434.1264684329512,140.03413471999605,110.02676737135813,164.9978301610347,107.02939379908233,1.2911102441229423,1.2727278830919224,123.15206715687434,124.06934588745678,91.00406720880805,123.86567385376554,124.78295258434798,91.71767390569926
CMR_1220,CMR,1.3006465810509003,459.8534851165583,160.03846750056178,119.38270916958403,176.93177809997098,128.6870102503976,1.1374567660236625,1.3405498050243267,26.708104291768127,26.9076473489699,1.0070630573747965,27.41865777533368,27.618200832535454,1.7176165409403523
CMR_1221,CMR,0.23922268034892444,186.6599472964501,58.71004178726941,50.011955056726094,64.83677901049396,55.18947151566048,1.0765768351694704,1.1739201501056598,157.2349897056234,153.22698402347297,1.0082316603462365,157.94431866151967,153.93631297936923,1.7175606162425083
CMR_1222,CMR,0.7195779059143098,361.8246123551324,126.54897231320602,91.11257639499809,137.4036817497375,95.7180779857085,1.203245547768443,1.3889297978424122,147.87550015675984,150.25641703797953,173.8826724256015,148.58535882916487,150.96627571038456,174.59253109800653
CMR_1223,CMR,1.2099181899729234,428.7509784555937,130.18609674450155,120.72902488415997,151.6341257743268,124.11751227638737,1.0995682450473399,1.0783330426913966,111.82805702282769,101.89605663348404,141.22788435815298,112.53617410739825,102.6041737180546,141.93600144272352
CMR_1224,CMR,3.5334387751247918,894.4219294486854,350.08496474904,159.34962902932403,352.0391702799198,212.10643501293072,1.3422664076445443,2.1969612786774437,8.667044608783105,7.044849805559185,1.004937550513628,9.379545480663507,7.757350677439587,1.71743842239403
CMR_1225,CMR,1.0749477435674804,387.6698869944366,139.57630161775617,100.02364862831975,140.59985828605136,116.9899985312398,1.0547838204573605,1.3954330154102963,9.380095985954995,174.0926771160636,1.0104662692047848,10.086915184352481,174.7994963144611,1.7172854676022702
CMR_1226,CMR,0.1790829752414532,165.8544835841259,59.085349845061565,37.43738637920448,61.607189929276,47.75097128501642,1.1055926271661038,1.5782445186366423,121.16946525391906,140.25265728689092,121.96846820495271,121.88197587953759,140.96516791250946,122.68097883057125
CMR_1227,CMR,3.445930220977139,756.5182312354668,239.13322570595247,220.51759071312506,274.3731116632826,209.46347237038898,1.1496383085577362,1.0844179139297998,36.47639404894063,44.88946174114214,173.89012478048923,37.178465539366485,45.591533231568,174.59219627091508
CMR_1228,CMR,1.9253309453877312,561.1785274602956,213.46639894268213,111.75318574961452,218.63390808331746,156.56971279177833,1.1408890648105856,1.910159406291632,31.482173451884517,40.051199418018,27.569359047048167,32.194969915443735,40.76399588157722,28.282155510607385
CMR_1229,CMR,1.1246685946930215,409.988574157911,138.5523413090758,100.02372620309414,145.47788436337692,119.66505461014414,1.0905724883678476,1.3851947589689957,7.91923180281143,28.87730192230446,1.0096844361592863,8.626654662361677,29.58472478185471,1.717107295709534
CMR_1230,CMR,0.20943865229642816,171.97324813672577,62.37919691564965,42.43656327756256,62.98577542092189,51.63967218136171,1.0600529153013398,1.4699398843315696,61.57836982733231,53.965736964126336,46.00764331992636,62.28775264629277,54.6751197830868,46.71702613888682
CMR_1231,CMR,0.2291579435880586,185.50405376796388,60.000074583982446,45.83795254855442,68.29101212245504,54.016012048882864,1.0931531596237782,1.3089606155603617,22.348908446974644,45.820283970594716,10.478866239811506,23.049382144864992,46.52075766848506,11.179339937701855
CMR_1232,CMR,0.1697119512239234,170.25365204339647,60.76272075771027,34.65499051511417,66.31719894287771,46.48483274278444,1.1658301731271767,1.7533613443411467,62.15842656303899,47.29598357984053,72.58085438802597,62.8596251886801,47.99718220548164,73.28205301366708
CMR_1233,CMR,1.395134687692462,473.7372637925987,149.59276239429403,127.59128725772744,159.85471759800882,133.27943031847727,1.1314218117417698,1.1724371280315151,23.69930930071717,30.2784467229486,175.80866093563512,24.413209859197856,30.992347281429286,176.5225614941158
CMR_1234,CMR,0.7945175347577454,368.9399040757733,128.607104261243,72.65489276284985,145.47913186156177,100.57888169188678,1.1676130903381396,1.7701093397938756,60.972747392805864,43.55019501241717,72.5788730057138,61.67585041030159,44.2532980299129,73.28197602320954
CMR_1235,CMR,0.29684432498281965,241.22021858212548,96.58543224136524,45.70838472068606,98.82612758940597,61.47795809868298,1.2489481221685268,2.113079095478383,139.15124597709192,127.55327847372759,139.77738557863415,139.8570817889322,128.25911428556788,140.48322139047443
CMR_1236,CMR,2.0775532855698455,693.1613203349779,209.90025592510884,159.60758914890056,217.46524903859466,162.64141537388292,1.3566046537139482,1.3151019763182403,94.69588962507859,113.95348173356572,90.52606556364972,95.3999805642972,114.65757267278433,91.23015650286833
CMR_1237,CMR,0.26576423972553703,207.40714414197043,60.11585630309369,50.90248266719125,75.24381111004065,58.170571562864104,1.1349337417836627,1.1810004768557358,40.30322764810818,51.111189085444074,12.317402871664596,41.01255127627839,51.820512713614285,13.026726499834808
CMR_1238,CMR,0.15597687327194193,161.0400144816693,53.87988102618176,40.47857579152961,64.93960838403511,44.56410249449455,1.1502672736880295,1.331071560019077,66.44872566779314,62.347302567424435,99.13553576262484,67.16008729675079,63.05866419638208,99.84689739158249
CMR_1239,CMR,0.11737639034170129,146.45444039227158,59.711375224315624,26.046148043104072,61.33690144545031,38.65853874648193,1.2058887315449065,2.292522300245648,76.97686248797531,66.35170484827167,81.54405288708804,77.68729007746185,67.06213243775821,82.25448047657459
CMR_1240,CMR,0.1807698741161221,194.6351609225955,82.82777853354602,30.007273358580143,83.06894211648735,47.97534285666377,1.2913778668708298,2.760256739883453,87.72180372299684,86.63774668715773,91.00470733109321,88.43389052740598,87.34983349156687,91.71679413550235
CMR_1241,CMR,0.15524436778302894,182.53901995430084,75.83868574826997,26.791390249095482,76.25656228332281,44.45933739483326,1.306901498547898,2.8307110994671283,60.378865475995084,53.48025067267521,59.481221765302564,61.089658360726744,54.19104355740687,60.192014650034224
CMR_1242,CMR,0.10388103652346936,125.34249312510329,38.692949130459056,30.00711458771492,46.65074297334301,36.36831638249961,1.0970470642914596,1.2894591720025013,162.69992284346617,144.3058078927118,1.009489982342033,163.40720993611515,145.0130949853608,1.7167770749910127
CMR_1243,CMR,0.5245182166731065,272.9036229495461,89.8552092940829,74.79685058884131,98.37207504323315,81.72131517555047,1.0629775227381981,1.2013234325602486,161.63002642636812,145.1390704149569,9.132439554787497,162.34440967081557,145.85345365940435,9.846822799234937
CMR_1244,CMR,1.2447063096362154,584.4940886978155,187.39407771455504,124.878757891871,195.7121989581053,125.88920902961458,1.4778887585570029,1.5006081168489382,141.78860541390722,116.06392929319486,149.6609204341572,142.49565475343977,116.7709786327274,150.36796977368974
CMR_1245,CMR,0.1287278058312945,148.0117577027346,53.37566155344534,30.569664910069307,59.30755151797732,40.484729576890324,1.1637376917323874,1.746033582980623,1.2687598794957382,163.4337731999358,12.315572615160608,1.979775514128622,164.1447888345687,13.026588249793491
CMR_1246,CMR,4.507927126340982,1048.5823406690506,291.6985179844053,258.2936437580703,312.9870525219297,239.57610653071566,1.3931862001852249,1.1293290602908663,16.90202014101739,31.854482255021175,159.47739158392628,17.60784350097321,32.560305614977,160.1832149438821
CMR_1247,CMR,2.410940748411343,789.9507117186685,300.9667669170872,151.13823923166086,302.2966402562352,175.20573908667237,1.4351648664521468,1.9913343469336902,12.261715098063325,7.960078472920541,13.33640264325257,12.972995139917533,8.671358514774749,14.047682685106778
CMR_1248,CMR,1.3401306132842254,510.5513213490571,178.5619605484369,108.33677313050681,178.9058597093823,130.6256977758841,1.2441160947398613,1.648211917234548,140.25864225867704,147.0638502039253,143.5107250830782,140.96341310159917,147.76862104684744,144.21549592600033
CMR_1249,CMR,0.8794763728700287,463.88207737761206,185.52641958412116,81.99437755850545,190.23248991316123,105.81985147402011,1.3953738282180421,2.2626724552149016,34.35864297119835,39.56704934451526,26.32502368275864,35.07011441410445,40.278520787421364,27.036495125664743
CMR_1250,CMR,0.11888742508912158,134.25078096764435,39.99885459285237,34.4666055466672,50.41738373940948,38.90657669279179,1.098358026904307,1.160510411699655,80.4681522434407,69.29933122204157,109.4474944188796,81.17192795556306,70.00310693416394,110.15127013100197
CMR_1251,CMR,0.12899312767340898,140.03478700228433,43.16952323200329,31.536977002268053,51.05488753263534,40.52642979005873,1.099886107495281,1.3688541938848058,99.34172979584103,69.59693367446619,105.04939452316096,100.0448880822474,70.30009196087255,105.75255280956732
CMR_1252,CMR,0.3192295766847754,216.8792655345654,65.99749634818922,62.29275264973644,80.6748241800156,63.753879951272154,1.0828331449112707,1.0594731094848873,162.90291200764057,165.81056473085712,117.57770381403536,163.60644304331413,166.5140957665307,118.28123484970892
CMR_1253,CMR,0.33917217105545133,232.48100843634484,88.40016468191055,49.69697430664761,89.86588830173825,65.71509877200822,1.1260882920073618,1.7787836365339025,92.316519045924,101.37012175240825,91.00777085654322,93.02492021591746,102.07852292240172,91.71617202653668
CMR_1254,CMR,0.6945523680527002,373.62960650800363,149.26514981514958,65.62787205970815,150.4728323521699,94.03890369916853,1.264689323717719,2.274417029388799,11.285705647574549,23.21539406398744,13.695896177399382,11.98465489466838,23.914343311081268,14.394845424493212
CMR_1255,CMR,0.11389913460633333,136.6636411911547,48.694900118523556,29.332918389933354,51.026861003929874,38.08160740986347,1.1423201653444812,1.6600768962434695,4.585023226230987,160.0459589291362,1.0168794220827504,5.284121185575333,160.74505688848055,1.7159773814270953
CMR_1256,CMR,0.19912038019720243,169.94006148468372,56.510804428160995,44.51606097703391,61.93151954089631,50.351558290660535,1.0743183223246862,1.2694475474214855,39.933744202445794,38.38963346606268,64.44192926410227,40.642393826725105,39.098283090341994,65.15057888838159
CMR_1257,CMR,0.30928141410540394,217.68176004558373,75.71103926908339,47.918570705035386,80.14284459916257,62.75263555346595,1.104180814929453,1.5799936883578105,6.92773774751513,166.20118501422922,9.144717296973102,7.628516587917363,166.90196385463145,9.845496137375335
CMR_1259,CMR,0.18916492407336175,167.3317130699011,58.392637520622785,40.00929308120951,60.80610600092335,49.076701377234876,1.0853080392017975,1.4594768620904992,92.59551191314803,108.96200551843802,91.01286418860033,93.2977541836692,109.66424778895919,91.7151064591215
CMR_1260,CMR,0.15895681081107932,156.48187188901773,47.79097039014619,40.30880729140619,55.66300963328202,44.987786945975905,1.1071833093420291,1.18562104913323,93.51322875526179,60.37945247145562,105.04219317213017,94.22223385962745,61.08845757582128,105.75119827649583
CMR_1261,CMR,0.22841925907982522,227.23310212098062,99.30728282718862,37.20846914679445,99.52159795737386,53.92888219122847,1.341220880804453,2.6689429880977524,141.65062485207406,140.05246416116643,143.81329100741456,142.36132225220803,140.7631615613004,144.52398840754853
CMR_1262,CMR,0.13911224294332322,146.38619171809611,53.03800905622187,33.473662501739184,55.77682387053193,42.08600822984335,1.1071653973499016,1.5844698515875333,45.28607459422697,30.860504511130873,54.13558467463418,45.994911689958855,31.569341606862764,54.84442177036607
CMR_1263,CMR,1.5652811518234548,592.3752194703823,187.17744914424057,133.51602127034488,191.25720363388027,141.1728678298428,1.335659546953367,1.4019100281998471,42.65671855002136,51.60992863288502,64.4068406298692,43.35554436745429,52.308754450317956,65.10566644730213
CMR_1264,CMR,0.4442800875110307,259.19842884765933,80.09193596502296,65.59926148071206,96.5584830596825,75.21136724973447,1.0969807544059385,1.220927403101514,27.471209975977647,45.913043894560204,8.140213415138822,28.16943166756388,46.61126558614644,8.838435106725058
CMR_1265,CMR,0.31413005925768894,220.4418789195161,68.69950187662782,60.01374763311673,88.85363712156,63.242613294905006,1.1095181829664387,1.1447294092781857,137.20498326993376,140.35937120454957,1.0146451680826167,137.90368144373474,141.05806937835055,1.7133433418835864
CMR_1266,CMR,0.26413190726179303,253.81381760089036,103.86511415151658,43.40091927980765,103.90806091122973,57.99165365395572,1.3931564682481146,2.3931547044405574,139.62261183770818,138.84455470215832,140.4919324159152,140.3281134901696,139.55005635461976,141.19743406837662
CMR_1267,CMR,0.21390015809723023,188.77329362656423,75.83292977822668,40.400861363242925,76.76625603922572,52.186793340317124,1.151410189489252,1.8770126977347117,163.28565660569566,151.83481815888845,162.5789207261478,163.98488822710107,152.53404978029386,163.2781523475532
CMR_1268,CMR,0.43917158468355044,268.29606449317185,100.17432707336272,55.49442209070741,105.35372557492292,74.77771249129675,1.1420687649721861,1.80512425031879,103.62812078673954,123.09237144112426,105.05189771928109,104.32516356676145,123.78941422114616,105.74894049930299
CMR_1269,CMR,0.10891047549150408,128.36343691406302,39.9039716672758,31.381707958399065,46.91441094921455,37.23830342962643,1.0972398640956424,1.2715678738765337,118.21886002401689,143.91073199739077,109.44267249728411,118.923643548843,144.6155155222169,110.14745602211022
CMR_1270,CMR,0.14878998860013448,156.2945678180385,57.38143105093555,30.007265558383263,57.38143105124386,43.525314168468135,1.1430154392623775,1.9122512492613524,91.00197480408569,91.00197485343209,91.00197636804761,91.71233735676903,91.71233740611542,91.71233892073094
CMR_1271,CMR,0.12870643263325857,141.35230580947822,40.30886859603642,39.80886384414004,54.28656537953857,40.48136851570819,1.111470239860399,1.0125601362011736,144.78029751973455,149.883167339099,105.03914789013703,145.48971777418865,150.5925875935531,105.74856814459115
CMR_1272,CMR,1.404643871515453,478.1781722311762,167.93296578273964,119.90808070256361,183.45093481876668,133.73287267846197,1.1381557617807188,1.400514167175301,117.64874508355251,126.6826371023438,91.00408940452702,118.35689239871434,127.39078441750563,91.71223671968885
CMR_1273,CMR,0.41958927466501855,248.64536370019044,96.75093590243115,53.67800594324198,98.42024445474809,73.09156292283298,1.0828373926426254,1.80243163288766,144.12140072797726,142.2109218462231,154.44742170988522,144.82114629951732,142.91066741776316,155.14716728142528
CMR_1274,CMR,0.11848032624787781,142.23779065413893,48.556446831285996,36.549479985900895,58.60412420440252,38.83990688092873,1.1657003991527126,1.328512658730489,139.67255674853814,131.5323743870971,166.97833623078827,140.37018206099918,132.22999969955814,167.67596154324931
CMR_1275,CMR,4.271731933335868,832.8311552945771,281.07687150545235,215.4756455630287,294.287953108122,233.215308717743,1.136710929096753,1.304448448320043,146.05302397969066,152.3834598831987,169.69011253629387,146.75987967104822,153.09031557455626,170.39696822765143
CMR_1276,CMR,0.4086823321576758,260.80427346714805,99.85160467826314,55.0006989488625,101.31949680812176,72.13532467090889,1.1508450122364733,1.815460650256486,150.36196174482538,152.10909989081406,142.34428717595407,151.06996905671252,152.8171072027012,143.0522944878412
CMR_1278,CMR,0.5743530925756528,322.57338620012143,95.16878083046466,84.0923145323092,118.46568332289658,85.51544130203953,1.2006989180424397,1.1317179383128972,128.32802221564836,139.30997935045733,98.12674754789873,129.03807525099575,140.0200323858047,98.83680058324612
CMR_1279,CMR,0.3241743983304484,228.6641712357399,85.34749197415596,45.77924048819054,89.64548199050898,64.24575187084788,1.1329319713882366,1.864327390843731,57.88551179389761,42.031861493526776,61.27001841906211,58.58237096417612,42.72872066380529,61.966877589340626
CMR_1281,CMR,0.11887006075555985,136.08895599979687,46.65398710601842,29.110930366877447,52.86114350671345,38.90373530125998,1.1134781727183733,1.6026278280374557,26.86899765513969,45.51719985508998,15.05013040418096,27.56680800319061,46.2150102031409,15.74794075223188
CMR_1284,CMR,0.9293663300371984,420.02965710255586,152.79356186520488,82.3855315520207,156.89269924015312,108.77986775818177,1.2290839757531797,1.854616447655332,11.734089968905284,18.409419261430617,4.927168259604731,12.43126231698443,19.106591609509763,5.624340607683877
CMR_1285,CMR,0.3542369944015156,309.50353848719647,115.57646779549555,61.245124561371945,124.57569800043564,67.1586591200374,1.466944656135135,1.8871129518183893,31.58831189810156,39.66256069889032,17.750995788408346,32.286113471162714,40.36036227195147,18.448797361469502
CMR_1286,CMR,1.2196597214364089,456.7330531726797,156.47875084198347,118.18024743935737,180.64908732613384,124.61617023699246,1.1666435093879484,1.324068566722865,159.164212366592,158.43984223477628,9.142730884140791,159.86304989041233,159.1386797585966,9.841568407961113
CMR_1287,CMR,0.4443967934075306,267.75136697720717,79.30104256820802,69.43269882711338,97.4867368866793,75.2212450654714,1.1330297321439995,1.1421281889915686,156.29190505600366,144.19035706550798,1.0070884978888581,156.99619349541288,144.8946455049172,1.7113769372980698
CMR_1288,CMR,2.1707385764452347,777.93140697508,246.7065203269368,133.04448484704423,254.59261934927622,166.24891569006357,1.4894729182756044,1.8543160252795532,42.14950889649396,60.27225342592621,45.75888534922508,42.851551851331216,60.97429638076346,46.460928304062335
CMR_1289,CMR,0.44412914578938806,262.4250838843553,79.77469188666512,78.07866512029328,103.04595803861687,75.19858983973684,1.110825332775857,1.021722025648861,54.72467612965911,42.49257760141498,91.01181640690272,55.42412059672732,43.19202206848319,91.71126087397093
CMR_1290,CMR,0.2723612635121393,238.4004048211272,99.08538057395732,46.31068574289407,100.4280894905699,58.88812538684603,1.2886334082852853,2.139579213403486,90.97553739474763,92.93677988625947,102.31641682224608,91.68028267046226,93.6415251619741,103.02116209796071
CMR_1291,CMR,0.17382346431581208,168.0352238141478,57.26156572839977,38.425357452240085,66.69689925715844,47.04454363364081,1.1369495553763067,1.4902025517803372,118.43439008306454,135.47988385364587,102.31850864589848,119.13703254364435,136.1825263142257,103.02115110647829
CMR_1292,CMR,0.12844437187694438,147.41822090238287,50.605391169177764,37.654419642237805,61.18600638915158,40.44013520902157,1.1603491648659532,1.3439429328612613,35.19504259482403,28.14573171922435,64.4399280441356,35.901271004437035,28.85196012883736,65.1461564537486
CMR_1293,CMR,0.5942651515711753,382.7041802883167,126.17703568008798,90.48811849341408,133.50978492061523,86.98516488680444,1.4004517233273042,1.3944044564179043,129.19675507123338,145.19606322617693,115.2684577128395,129.8987523295786,145.89806048452215,115.97045497118474
CMR_1294,CMR,0.11387494192424767,147.84140561817503,59.0647894681118,21.303008829563357,59.066071441565256,38.07756284380241,1.2358821699964029,2.772603153886147,81.25641878413586,81.16747732117194,81.5449702141986,81.96032662384141,81.8713851608775,82.24887805390415
CMR_1295,CMR,0.19880120325921477,177.67166476140676,58.09051133029285,40.009209720653374,68.07242027370312,50.31118697969321,1.1240968616207525,1.451928486863004,108.33049517608818,125.42007843861379,91.01221633656642,109.02945387895437,126.11903714147998,91.71117503943262
CMR_1296,CMR,2.6424553482247273,696.9342578364975,267.54962088297077,133.79458470835579,270.655700662696,183.42515216176454,1.2094364468286019,1.9997044085616245,131.8597440250574,127.32506036150525,136.01369539522372,132.55721271864917,128.022529055097,136.71116408881548
CMR_1297,CMR,1.9157539696353194,598.2699824874413,175.24621701423672,169.78513081314782,222.24686286740047,156.17982302855432,1.2193332425401626,1.0321646906000206,80.80291569642797,70.93508031610396,120.06158920458145,81.50705291966271,71.6392175393387,120.76572642781619
CMR_1298,CMR,0.5656822733479895,383.6306704231996,137.67185918642204,76.17764783889064,146.94328625181276,84.8674873071158,1.438871809614437,1.807247441895115,137.15868736112242,144.0134212178692,123.0344451556569,137.85616417014515,144.71089802689193,123.73192196467963
CMR_1299,CMR,0.11368142764766845,134.78561440037217,46.72585070741868,30.824819389342977,53.561940315481394,38.04519538430059,1.127700702956542,1.5158515648456043,135.90754651979248,121.3022666345973,154.44849640675824,136.6050531272428,121.99977324204762,155.14600301420856
CMR_1300,CMR,0.21931424465623314,178.46686418427677,60.121277166221766,46.35200458670117,62.373958653019024,52.84312339557896,1.075026674725815,1.2970588370944183,96.864916092957,127.38470154736416,102.30994589816909,97.57585244030435,128.0956378947115,103.02088224551643
CMR_1301,CMR,0.17915944355693478,165.2415702232132,58.83494555969403,39.3384155713949,61.13488450742275,47.761165013998216,1.1012718260780698,1.4956104536776544,84.24252373493415,106.77351946338517,91.00748351707908,84.94575335133882,107.47674907978984,91.71071313348375
CMR_1302,CMR,0.14739103491696418,173.5743278744881,72.14611271108866,29.570623466744202,73.56003544882995,43.320214010981054,1.2753959280106761,2.4397900433930935,174.6452215488966,169.75501068488515,1.0069705393024915,175.34895923873208,170.45874837472064,1.7107082291379925
CMR_1303,CMR,2.0458022039686288,635.8590004127301,231.5400789977746,127.75417426277991,232.38432279683897,161.39381235968153,1.2540766160182575,1.8123875821193565,84.13564321566511,81.79577275847303,76.91037728442922,84.83933242961936,82.49946197242728,77.61406649838347
CMR_1304,CMR,0.28914601530725315,225.6810916395138,79.88589845224013,56.46423201295366,89.18878832604133,60.675542098261744,1.1839452950790408,1.414805366234561,138.36387385179398,140.36812834859003,112.81556482364526,139.06036852913184,141.0646230259279,113.51205950098311
CMR_1305,CMR,0.20901789837924398,185.06800948417563,60.014575593077986,39.42736612007198,69.33549234786092,51.58777508033169,1.141917381461722,1.5221553326770492,98.13258956775265,124.11382220193572,91.0000706996394,98.84309024153417,124.82432287571724,91.71057137342092
CMR_1306,CMR,5.151561384145662,1002.2378793447567,289.90756867281834,246.7910120644911,346.38758902554554,256.108798588117,1.2456511727126398,1.1747087799010285,111.14736060055708,94.90755328390198,138.68332417074348,111.84914952261857,95.60934220596347,139.38511309280497
CMR_1307,CMR,2.4429234888999485,883.693926584904,299.4157025381443,134.2037211905478,301.72637359180834,176.3640210142025,1.5949313900588369,2.2310536539670305,138.36293908908272,134.65831237907994,141.7537241387368,139.07195770729004,135.36733099728727,142.46274275694412
CMR_1308,CMR,0.1387114337416777,148.51097839604807,48.83501957642195,37.76176127775246,59.450996628777936,42.025335542600416,1.1248574703792684,1.293239984682424,132.75452765354436,141.03103699841503,105.0386759721133,133.46258897390456,141.73909831877523,105.74673729247351
CMR_1309,CMR,6.192998186924256,1125.59000082903,351.0824417380213,246.7757384069136,366.85916181294255,280.8054520849823,1.2759240335015662,1.4226781125424666,146.30699781735302,168.5371572223274,134.41020497755326,147.00724570162487,169.23740510659925,135.1104528618251
CMR_1310,CMR,0.29872441195748545,221.73790623828734,70.07309712763036,59.5225463002728,89.51885980224247,61.672338554819525,1.144457456151151,1.177253015590652,118.84871184880954,122.20963827198143,162.57653665121978,119.5476031050716,122.90852952824349,163.27542790748186
CMR_1311,CMR,0.15888967338922977,175.6007701738618,71.20899808367574,27.985166360556008,72.66454670885683,44.97828536185229,1.2427210312297696,2.5445265240245996,173.9145624596703,161.38611754390152,172.8734007842022,174.62140918325548,162.0929642674867,173.5802475077874
CMR_1312,CMR,0.1989096469209725,176.0994286526238,58.1499271249582,40.00944945398664,68.38870220932085,50.32490718213904,1.1138458514900471,1.4534048310720755,162.1233110886434,147.55111290834003,1.0060379226866436,162.8276166784722,148.25541849816884,1.7103435125154363
CMR_1313,CMR,0.4843193164888731,343.1576241755647,146.10504244088523,55.59252112902214,146.21197258006364,78.52735230687063,1.390986211626889,2.6281420499314416,135.57071781006806,138.7838134773494,136.59240823429664,136.26987793323596,139.4829736005173,137.29156835746454
CMR_1314,CMR,1.6908632581068457,580.2144509052403,229.749611573838,104.622315629131,229.82393277656274,146.72675164949894,1.2587206746798332,2.1959905034817124,22.953645744515587,19.351360187531334,17.32322296003298,23.656234385378202,20.05394882839395,18.025811600895594
CMR_1315,CMR,2.0507694062588273,626.59946137116,223.37844002306005,141.95341996162364,230.90068140797877,161.5896254461217,1.2343168856368283,1.5736037925923112,143.67748348081838,155.99283719897048,132.0120738242565,144.37577235750615,156.69112607565825,132.71036270094427
CMR_1316,CMR,0.794858745271742,391.86415358047594,158.60756533796874,73.85207723200654,162.55150916406106,100.60047648786538,1.2398970509921436,2.147638513128108,139.05737857230412,129.2697647243188,148.99650571663395,139.7655824573119,129.97796860932658,149.70470960164172
CMR_1317,CMR,0.6297479575542149,295.083557833005,99.6107288662262,79.5541573000809,106.39020911892487,89.54440254835737,1.0489546083889179,1.252112174232344,178.19869879299245,158.4618488596526,1.0134390883884388,178.8953552562444,159.15850532290455,1.710095551640391
CMR_1318,CMR,0.7116834756521135,445.1408333280125,193.71360744671443,61.56138000023505,194.16276590618313,95.19157234413325,1.4885007622329716,3.1466742208503904,127.9981703937374,131.57401971329566,127.67605233254146,128.7053163643124,132.28116568387065,128.38319830311647
CMR_1320,CMR,0.5293115566673238,296.2026257896739,126.42731833268772,53.6784198382755,126.71793605694637,82.0938734275685,1.1484928188415682,2.3552727281017773,154.86806606843598,158.31989064987616,154.438720660028,155.57403620956595,159.02586079100612,155.14469080115796
CRR_1466,CRR,0.2594901763954065,267.02954719653087,100.95059734105894,50.578783654558265,101.29776179036332,57.47983594765511,1.478747170629397,1.9959079686559655,29.434008275820915,29.079074691698114,24.334148538973743,30.131400648213223,29.776467064090422,25.03154091136605
CMR_1321,CMR,0.4596214917486517,255.86490772408783,90.8694847400944,63.50399072693629,92.87515307541702,76.4989058029296,1.0646469881005998,1.4309255796352744,49.72883866417011,33.980011642542124,46.00528099264927,50.43311968116802,34.684292659540034,46.70956200964718
CMR_1322,CMR,5.487252610513529,1212.3057452995054,432.3292165844271,234.23997339258196,467.21617301509553,264.3215279854647,1.4599223405952069,1.845667971708019,69.5969662289807,57.32731623815009,82.88968636847999,70.32171704513934,58.052067054308715,83.61443718463862
CMR_1323,CMR,1.230038475348558,418.66662902857126,148.91184747455696,109.81527012719067,152.14626777811918,125.14526073166061,1.0648883246229142,1.3560213192763055,71.12232691092323,79.16856798106451,91.00382239170754,71.84439017695053,79.8906312470918,91.72588565773484
CMR_1324,CMR,0.5444382036661709,300.57066248744496,112.79917226020393,62.616640933095745,118.43926682629034,83.25864823382285,1.1491252307853166,1.8014248381788305,64.82495838030023,50.85433709224475,69.20094334309358,65.54843812869461,51.57781684063913,69.92442309148797
CMR_1325,CMR,0.3845268562189869,235.55832392626775,74.77098927302939,65.31878918618891,87.7077461392478,69.97105111049186,1.071593781837183,1.1447087462061998,164.59285497307977,154.56887989569896,15.041675292907797,165.31319555623656,155.28922047885575,15.762015876064602
CMR_1326,CMR,1.7056077222547756,559.9046840820416,210.12671449934498,121.71210248508999,211.01270231151,147.36509762424916,1.2093989631001951,1.7264241616817522,27.871344056225965,20.73212019900957,31.963351901399196,28.59750437554855,21.458280518332156,32.68951222072178
CMR_1327,CMR,0.8648206294737824,346.0298601800674,112.62156098806057,96.32255960189455,123.55227937512412,104.9344473730517,1.0496526943010005,1.169212710433885,174.92428873645613,153.1881241807032,8.128730018191305,175.6462057129563,153.91004115720335,8.85064699469147
CMR_1329,CMR,1.184926123673272,428.9743146800076,159.52112845883198,92.44339642796119,164.37928742568232,122.82893788723234,1.1116823741236341,1.7256086927003247,5.159088250059534,25.275461535517977,175.28101411422185,5.892966032594829,26.00933931805327,176.01489189675715
CMR_1330,CMR,0.13389913891506827,145.34933554605502,48.696021071473986,30.00754951484366,54.996698503801376,41.28991144004208,1.1205190043029847,1.6227923258907164,174.3235086955219,150.53862995443572,1.0017978413814141,175.0471342923623,151.26225555127613,1.72542343822181
CMR_1331,CMR,0.3793307936403267,243.29517749638705,73.82542945469392,72.21790862392784,97.41631882987718,69.49668819437639,1.1143446151180303,1.0222593102098425,33.29076623263132,37.80023744458158,79.68676242173855,34.0194696461322,38.528940858082464,80.41546583523943
CMR_1332,CMR,5.211950174615914,915.6903430968018,327.0877005444941,235.7635799291765,346.094855593882,257.6055330832457,1.1314713834059966,1.3873546569099071,16.883193252107862,12.936792649831373,34.694030844666905,17.604523797280685,13.658123195004194,35.415361389839724
CMR_1333,CMR,1.5353359703484806,462.4507024712188,150.03778370848025,120.03021856824122,169.3356990335639,139.81596732498113,1.0528313273910797,1.2500000874627977,23.65181522018378,29.878711355974207,1.0015201656761337,24.3755059894335,30.602402125223925,1.7252109349258498
CMR_1334,CMR,2.8181961562902536,666.6247126273985,202.50937725813907,183.91052229391926,217.89418286949626,189.42647098569375,1.12018787711964,1.1011299121563898,91.82105488628049,114.56003222254873,58.45796079821873,92.55128504493437,115.29026238120261,59.1881909568726
CMR_1335,CMR,0.45918627894486674,341.48325909838854,140.4415457843292,46.123666754604955,142.4530858169825,76.46267905013501,1.421575841803911,3.0448911733650843,92.1521533201339,104.55133138115067,94.48124639083557,92.87837489914412,105.27755296016089,95.20746796984578
CMR_1336,CMR,3.444508453526379,702.4047031140607,221.39563567633883,207.70448160501206,242.6310063780535,209.42025630784494,1.067625286326328,1.0659165077495198,10.336286303652841,171.65985013232833,142.3448370339981,11.056679008591583,172.38024283726708,143.06522973893684
CMR_1337,CMR,1.074914204475121,382.85961624534144,118.58564897570196,117.94573989232707,125.46872756322693,116.98817343369639,1.0417121431551684,1.0054254531275064,32.65859130943176,72.27449219890192,52.33384908479303,33.3899501869264,73.00585107639655,53.065207962287666
CMR_1338,CMR,0.8199357604555093,349.57770857592,110.02890780482497,99.36334256670214,134.35475560903805,102.17507691968977,1.0890526729591161,1.10733903432207,32.426877699346306,36.97937957583321,0.9909998493086043,33.16079588621257,37.71329776269947,1.72491803617487
CMR_1339,CMR,0.2590805953969005,198.38128184002534,51.003493790396405,51.003487850917104,69.6438927667703,57.43445475782498,1.0994571726980613,1.0000001164524144,92.06474675115973,57.30291898949529,12.302921024997042,92.79665733202556,58.034829570361126,13.034831605862877
CMR_1340,CMR,0.2892608212091653,205.99563004120358,64.98931834336506,52.48532194156437,70.3993244214249,60.68758656480557,1.0804589416775376,1.2382379670972061,105.03913117066445,57.44924845785307,100.46561684634784,105.76062324932512,58.17074053651375,101.18710892500852
CMR_1342,CMR,6.67283742937222,1093.3259706085291,320.0194924358805,312.9089765399615,424.93862120180995,291.48105411270967,1.1939591282375857,1.022723911517479,47.213902758709,40.489037725864264,176.42739412094608,47.93728197447217,41.21241694162744,177.15077333670925
CMR_1343,CMR,0.2240447183172785,191.23551743377817,63.01365118041559,40.6134765371441,70.24299776149395,53.4099798867786,1.1397150105220855,1.5515453626035889,14.129294133053259,165.57727894045868,19.425486594539244,14.863352061829772,166.3113368692352,20.15954452331576
CMR_1344,CMR,1.5352180158374418,482.82370212903095,168.386164289567,125.18850940712214,168.39777170459845,139.81059643510875,1.0992554326371131,1.3450608613124624,18.787299771281255,28.23206876652141,27.55934196740146,19.517541784689467,28.962310779929624,28.28958398080967
CMR_1345,CMR,0.2844191715987097,197.18967488896328,62.66997240673674,56.5830436360074,69.03976302323521,60.17754868389816,1.0430372180866085,1.1075751387621686,95.22755477343661,84.21199231815113,135.99686842626653,95.95521717425785,84.93965471897238,136.72453082708776
CMR_1346,CMR,0.1392298385650729,142.76644324000003,47.839813887716815,33.86850504167049,51.853660086995056,42.10379273511397,1.0793319876071257,1.4125162545219097,6.959182499270332,159.5537506666887,15.029068017431888,7.690845367678349,160.28541353509672,15.760730885839903
CMR_1347,CMR,0.8148344501707686,466.69421263922794,196.76975316437628,56.57066973281951,196.77020509820667,101.85673489612536,1.4584541892033243,3.4782998697683825,42.68356320805301,45.525065871875995,45.64785920412247,43.40322229762669,46.24472496144968,46.36751829369615
CMR_1348,CMR,2.2006493108575027,666.6181686313198,260.5502350240123,145.08987709479686,262.32482945707636,167.3903738772919,1.2676425081685547,1.7957850695109316,42.56039841495618,38.59313485760727,31.92487355174862,43.29078669163646,39.32352313428755,32.655261828428905
CMR_1350,CMR,0.7746616646151397,337.2650745412528,110.2254692694411,96.99993701053263,112.7174740518417,99.3141412477782,1.0809619470318437,1.136345781930481,18.265313305334285,166.39195603948718,19.436499689811548,18.987897335772264,167.11454006992517,20.159083720249527
CMR_1351,CMR,0.21387319451280454,187.1641838935258,59.00149502639594,48.377816287611545,73.93716238956081,52.183503984740064,1.1416674911338274,1.2195981454728224,155.56423451904345,142.43187169067255,0.9931243257394728,156.29507377592964,143.16271094755874,1.7239635826256574
CMR_1352,CMR,1.195101482429065,399.7438339404136,126.99653085801997,120.08797895889012,138.0526820039294,123.35519719088859,1.0315123900887713,1.057529087915576,168.0324119848763,159.93923576676912,135.9989967328024,168.75732979922148,160.6641535811143,136.7239145471476
CMR_1355,CMR,3.1462247611804646,718.4630825173082,292.4892954764621,150.4513252161707,293.3836499420654,200.14739025428014,1.142627449365152,1.94407922333824,24.637518889956652,18.324225612007318,22.799141864863028,25.361192197052205,19.04789891910287,23.52281517195858
CMR_1356,CMR,1.0723405324133195,379.3426533416261,119.68474071103658,109.76540910736337,125.6793346868518,116.84803683806575,1.033380791644535,1.0903684656608983,6.085444192473513,19.506793634334127,0.991693850461232,6.814919382106961,20.236268823967574,1.7211690400946793
CMR_1357,CMR,0.26925003800761477,199.51412306465937,60.015295006142054,58.74374780709506,69.64111124889898,58.550815179017,1.0846530079999606,1.0216456601172699,174.98793586605623,146.3541379980111,0.9957894803423324,175.71304699650105,147.07924912845593,1.7209006107871403
CMR_1358,CMR,0.1186351887782856,138.02222623736503,47.38080405350335,30.007785945802016,53.63199879534513,38.86528190424385,1.1304134943030417,1.578950347722397,106.87316346968831,122.94643027242546,90.99144290914651,107.60253949632079,123.67580629905794,91.720818935779
CMR_1360,CMR,0.38420351102394573,271.3025718977274,102.42234410065346,62.37848676701015,111.23616303734762,69.94162590773679,1.2347195201903725,1.6419498036752815,126.14664842078531,128.70120670354055,105.02890024943547,126.87452327907388,129.42908156182912,105.75677510772404
CMR_1361,CMR,0.3542466783011677,231.55481112773964,70.4612617863181,54.74171673461026,86.76490578761116,67.15957708354948,1.0974784055546718,1.2871584230344244,179.8787609073729,154.66117563178727,12.309301859499847,0.5998657505072454,155.38228047492163,13.030406702634195
CMR_1362,CMR,0.10891582972609881,128.36659162119295,39.90494967604859,31.382483273770646,46.915563419642616,37.23921876931772,1.097239859457226,1.2715676235029172,28.201232395327093,53.89310713728156,19.425045720185118,28.93141185257092,54.62328659452539,20.155225177428946
CMR_1363,CMR,0.20908575540962807,177.21352408073568,55.247744290640284,51.805627748946065,69.06340795268414,51.5961483086056,1.0932757294784181,1.066442907677424,112.78602813670622,124.3614557385768,76.95366974037225,113.51637220444454,125.09179980631511,77.68401380811056
CMR_1364,CMR,0.19877027099071135,180.7803447115254,62.097948978411345,40.47832133720218,71.6927941204386,50.30727276876558,1.143853915792464,1.5341038592264777,97.20783902799981,113.02236349516457,81.53464329754101,97.93109410599645,113.74561857316121,82.25789837553765
CMR_1365,CMR,0.29909715903856904,221.52491168496638,94.76981104602349,42.437007809599464,94.77519818052878,61.7108038033737,1.1426454539466069,2.233187869211318,135.99995971626993,135.38906149684325,135.99996322309534,136.7201180349147,136.10921981548802,136.7201215417401
CMR_1366,CMR,1.0695254011639481,446.73176567527764,180.36028041272007,97.15706041636722,182.76430356127253,116.6945600643268,1.2185584093071304,1.8563785240082904,119.42394906277202,127.09097905362442,117.78764824545456,120.1431499398656,127.810179930718,118.50684912254813
CMR_1367,CMR,0.2534995314518095,214.97571712014278,90.30025371875158,40.61478620334935,93.1265126589646,56.81246588701101,1.204469740582696,2.22333445919518,131.1363897511421,134.89346774573173,120.74167531876668,131.85957137682337,135.616649371413,121.46485694444794
CMR_1368,CMR,0.10881718793008713,135.52710505916752,48.377500701131694,28.993507812546788,54.23201023672797,37.22235172842586,1.1589707630766788,1.6685632181490155,77.63371745991294,62.02230194128086,90.99660699668394,78.35705858834852,62.74564306971644,91.71994812511952
CMR_1372,CMR,0.13871415792408956,148.51243765601032,48.835495419977285,37.76213799616528,59.45158087469262,42.025748212683766,1.124857477561685,1.2932396842820844,139.24727722085692,130.97077217727178,166.96314067153585,139.96745221980228,131.69094717621715,167.68331567048122
CMR_1373,CMR,0.10869933330581287,130.12006319293258,38.87718561354639,38.08771775429513,46.658378979858064,37.20218940483327,1.1133350796764927,1.0207276231236573,123.72440420862631,143.6074512493755,15.033103783390585,124.44708545238848,144.33013249313765,15.75578502715275
CMR_1374,CMR,0.16400254864557562,172.9743516190482,68.46731403993192,37.38423723976593,68.46999501756004,45.69622855038467,1.204901321689287,1.8314487360224287,123.31028955706655,124.61243191237813,125.11946413533352,124.02801615875772,125.3301585140693,125.83719073702468
CMR_1375,CMR,1.7955328279958571,658.1863837975619,278.181246472383,106.7588212983892,278.49952045366103,151.1999801744195,1.385630029002926,2.60569799375052,116.57911197333085,122.44845246730372,119.70897746345705,117.29571042660045,123.16505092057332,120.42557591672664
CMR_1376,CMR,0.14941265515379415,145.2409547292279,52.599146931960384,34.79369706044483,52.60034974984534,43.61629294491781,1.0599624279732045,1.5117435448317926,6.137218084065388,19.048298934138142,19.435773857155986,6.855860043360465,19.76694089343322,20.154415816451063
CMR_1377,CMR,0.5643717896730908,302.1912535562852,116.0025167418872,59.55738385489567,119.48819101194769,84.7691264874621,1.134734631711291,1.947743658863748,0.6729418658925728,172.18860813630653,6.709551038938905,1.393407998895962,172.9090742693099,7.4300171719422945
CMR_1378,CMR,0.22422599335211152,220.0816959653794,84.62617495964562,43.74919216478024,86.87247341963813,53.43158257935395,1.3111005927970507,1.9343482878701679,108.92656312560433,117.26863716030152,103.0454485761421,109.64729311802135,117.98936715271854,103.76617856855913
CMR_1379,CMR,0.47432894200723813,286.7545251504418,99.871269794239,57.42811010992536,105.92784106884244,77.71321420299171,1.1745338447191676,1.739065931354376,11.967756822937616,34.35389261191089,6.707975856701161,12.689687009826308,35.07582279879958,7.4299060435898525
CMR_1381,CMR,0.4640145622876591,286.9490879004923,108.103763371794,60.01478839885018,121.327848313336,76.86362533979417,1.188321928693363,1.8012854207424842,21.087465615173222,28.9030780032012,1.002558620913154,21.804107726934422,29.619720114962398,1.7192007326743521
CMR_1383,CMR,0.4195544538699744,262.22438119928404,80.19955634316443,77.2317893882451,84.46643229523774,73.08853000553617,1.142020682695857,1.0384267537814038,77.97025997260968,126.35790811491792,144.64716064437195,78.69067398069483,127.07832212300306,145.3675746524571
CMR_1384,CMR,0.10876331187991191,130.02349195701777,38.83069407079221,38.08652260299225,46.497564872264675,37.21313608147902,1.112181538138519,1.019538971188236,124.64589330095112,140.54287627317146,91.00248920491799,125.36246520341969,141.25944817564005,91.71906110738657
CMR_1386,CMR,0.5695888818261807,306.1142077226779,125.46840381647426,56.58312187202865,126.22525233320006,85.16003103466889,1.1441890924133071,2.2174174853808912,135.63485649794862,142.26924632001882,135.99175341322152,136.36194604916602,142.99633587123623,136.71884296443892
CMR_1388,CMR,0.9275275520201826,376.53710668486906,113.58309844412005,101.37755571331103,132.35698992970697,108.67220242838079,1.102908387743627,1.1203968930295132,58.79003045129463,42.247885335922035,84.85923855296502,59.50854795867525,42.96640284330265,85.57775606034565
CMR_1389,CMR,1.2750191334027103,436.4530313606589,138.5981312907707,123.98514975444446,146.06069962668633,127.41290283728289,1.0903708466198574,1.1178607403004925,15.900428123063865,62.6983909175871,22.801394293276488,16.61843152266218,63.416394317185414,23.519397692874804
CMR_1390,CMR,1.7668238963505618,522.7648674907496,161.6280074828627,134.11191504502412,179.1465472589432,149.98633449139942,1.1094425771262963,1.2051726159349887,58.811700715351,72.08567226427418,45.91873809245221,59.532556280992836,72.80652782991602,46.63959365809404
CMR_1391,CMR,0.2242150514789596,180.8629664538332,55.926420717625696,52.123511487634644,64.66100816128312,53.4302788751698,1.0774877368932587,1.0729595746996674,134.34742725401526,119.28978470388908,169.68614740336486,135.0692888667563,120.01164631663013,170.4080090161059
CMR_1392,CMR,0.15926353438850757,152.09847899339087,49.341343685411914,39.4260519761499,54.626099699398075,45.031170317651785,1.075131940733415,1.2514908597812455,16.014482093136596,43.60564674207034,1.0015311123192236,16.730859409346202,44.32202405827995,1.7179084285288297
CMR_1393,CMR,0.3669355760276013,281.49847938552546,94.29142425657754,66.75320690285967,95.38233904127398,68.3518021538948,1.3109200651706736,1.412537743599224,164.72949489618478,161.69668656009014,170.3705755434891,165.45225654257175,162.4194482064771,171.09333718987608
CMR_1394,CMR,2.0708580280561812,695.743744820525,286.4358375444427,118.10555422419488,288.95951056121777,162.37913452329425,1.363858188289183,2.4252528970882556,128.42118894277468,131.43991815255993,123.86195892951619,129.13725548618476,132.15598469597,124.57802547292626
CMR_1396,CMR,0.1181451528348465,142.8042510520294,54.454720218581365,30.007489185354906,60.03145198456277,38.78493014150034,1.1720017216247214,1.8147043187191376,159.10509490493357,153.32306069951585,0.9985549018072514,159.82421316288912,154.0421789574714,1.7176731597628214
CMR_1397,CMR,0.8597647812229087,349.07657331204433,106.72082973888847,98.26961341033497,119.29336969570986,104.6272678905257,1.0620034964178418,1.0860003009604258,103.89325413525196,67.3459237921982,117.55957831621954,104.61633849714858,68.06900815409482,118.28266267811615
CMR_1398,CMR,0.9597992476181214,389.6235177014759,129.63920467680538,100.02564481127806,137.66061091987996,110.54656743085462,1.1218893580902765,1.2960596747104234,169.6201816836212,161.12700607959397,0.9922426294385277,170.34552510006492,161.85234949603768,1.7175860458822227
CMR_1399,CMR,0.39906797851031595,261.9205047514381,98.10182336159485,50.0125789429329,107.88829739787977,71.28177405738836,1.1696101445161742,1.9615429844866514,11.752995020902768,26.687760721996053,0.9966499884573142,12.473899730394235,27.40866543148752,1.7175546979487808
CMR_1400,CMR,0.17828892641185626,181.13539914883955,77.24478881473517,33.04669377837989,78.38236006738511,47.64499044977895,1.2101416695150182,2.3374437797850436,131.68790222651984,134.4579648102818,124.68459312745723,132.4109215757895,135.18098415955146,125.40761247672691
CMR_1401,CMR,0.10923406494616426,124.07398484885586,37.370377925258886,34.58158963205594,43.07447574882314,37.29358270823888,1.0590019281489866,1.0806437275693608,178.09979067449035,154.48954289981768,19.432376947507905,178.81979171159762,155.20954393692494,20.152377984615185
CMR_1402,CMR,0.26397996838588195,212.6438921106573,88.30575976360987,42.275158698264335,90.412782926611,57.97497173495154,1.1675150684828215,2.0888333121085454,124.46514119868128,123.59798833877296,135.99178622766283,125.19070505690121,124.32355219699289,136.71735008588274
CMR_1403,CMR,0.14888447261745436,150.84610598875196,48.089432401849415,40.01022575486785,60.08811750600861,43.53913160980389,1.1028195798405804,1.201928544379648,39.847166028414534,40.79819151405687,0.9927639602343454,40.571718989815885,41.522744475458225,1.7173169216356996
CMR_1404,CMR,0.13878335080752913,156.5120880977332,58.198365798299335,29.42532929946812,60.36776492290404,42.03622847009455,1.1851525877070392,1.977832268451497,5.011533950979076,165.55002566692082,0.992362982461458,5.736333123323506,166.27482483926525,1.7171621548058882
CMR_1405,CMR,0.17892264479536876,167.22697720532642,49.22117996925464,45.70118739112291,63.33850523662701,47.7295911151632,1.1152410661271346,1.0770219064114614,59.68040048638329,63.325186295817275,105.02893644265862,60.40484012276116,64.04962593219514,105.75337607903649
CMR_1406,CMR,0.9046662084527983,375.81990643071714,130.03361273301795,80.02069840225764,137.85338930001706,107.32459137531,1.1146298356099276,1.6249997229385502,86.92466934655394,71.59890777141243,90.98995074186864,87.65185730185728,72.32609572671576,91.71713869717198
CMR_1407,CMR,0.6241278308922064,329.7900687776571,102.04067222966648,93.58616397048995,115.06134819640944,89.14394176060073,1.1775947662161481,1.0903392969696082,149.3131741901385,149.44593515614818,6.711163577606902,150.02943954926027,150.16220051526994,7.427428936728663
CMR_1408,CMR,0.2140883708093726,179.74683998087653,65.9980983067539,45.18444695894751,69.76775183112076,52.209748111096864,1.0958719060367983,1.4606375146456192,152.89205322291284,164.75418786260386,144.12541668911445,153.61287825074137,165.4750128904324,144.84624171694298
CMR_1409,CMR,1.5397643650405186,632.6659007723644,252.2650161450978,109.98162378216037,266.53888150616234,140.01745888079873,1.4382764297890955,2.293701506396713,131.81984808486567,138.92114857920487,119.71673892900276,132.5476056315246,139.6489061258638,120.44449647566168
CMR_1410,CMR,1.7005493900531838,718.4442374545929,271.102604070953,105.47920785461476,271.1032616371499,147.1464145397697,1.55415206118912,2.5701994694975534,151.6933951699154,145.36759071509167,145.49378563186565,152.41846776946457,146.09266331464084,146.21885823141483
CMR_1411,CMR,0.46418497601531555,309.99311829341116,118.15260365312494,59.60309192241293,126.83026126942387,76.87773849006244,1.283516868989182,1.9823233970299328,14.804573105309357,23.308151085925214,0.9947892824249166,15.525831736561685,24.02940971717754,1.7160479136772437
CMR_1412,CMR,0.5244166751739009,354.0125354742166,145.15014471683733,59.67411861442601,146.66236051121984,81.71340457660207,1.379035550633508,2.432380202457616,38.41386694230203,43.19043860009817,34.95552499563282,39.13668159094554,43.91325324874168,35.678339644276335
CMR_1413,CMR,2.1907476685074974,539.743619232231,170.26737662451313,166.53334361991148,185.51101128892236,167.01336964686706,1.0286944714037243,1.0224221343512088,35.753436206005176,37.14993202519231,169.69057736950862,36.46889048673452,37.86538630592165,170.40603165023796
CMR_1414,CMR,0.28909060224086114,210.32066231397633,74.73846287152693,47.919605315238016,79.4648021322839,60.66972777130025,1.1034687074190328,1.5596635736012783,92.69442686800087,76.1739849846046,99.1252221479285,93.41521958851594,76.89477770511967,99.84601486844356
CMR_1415,CMR,0.5941902671471243,306.12455006747996,90.03388592801414,78.73927294609565,111.17644729891063,86.97968413534676,1.1202900040245727,1.1434431962516431,98.84639471738392,128.7326203847144,84.6544702483322,99.56759905196206,129.45382471929256,85.37567458291035
CMR_1416,CMR,0.31408231292455413,225.00854997558022,70.01764427196616,49.52328343466489,83.28552874758294,63.2378068181864,1.1325890244585302,1.4138328361111008,97.88213953322249,126.13814271197155,90.99516270543198,98.60282145948615,126.85882463823522,91.71584463169565
CMR_1417,CMR,0.1789213612577699,176.9798606277211,60.015031302484054,38.693453761590995,68.92144454098843,47.72941991594268,1.1802875331911609,1.5510383661346328,103.74759463310048,123.86262077156303,90.99651687732373,104.46685547952303,124.58188161798559,91.71577772374629
CMR_1418,CMR,0.3087297316927919,274.4110343047056,105.96893793606498,51.25428060745928,108.2172546412913,62.69664289471481,1.393180576570717,2.06751390674368,175.0146716887171,157.65661041526974,170.10618288081497,175.73243598414948,158.3743747107021,170.82394717624734
CMR_1419,CMR,1.6401527125282962,511.70205149549486,169.27562107290828,129.67627297660357,181.71330543879165,144.50976759360145,1.1271198098498298,1.3053708067585292,95.54058382903993,112.31066752473163,90.98889324927231,96.26702884424174,113.03711253993343,91.71533826447411
CMR_1420,CMR,2.5157549029207527,884.3571284791506,273.4461151944262,188.80921084171266,279.6407127384058,178.9737027403767,1.5728546294891832,1.448266819057194,32.734264213708116,35.088955603441065,15.053191180519294,33.45785603514034,35.81254742487329,15.776783001951515
CMR_1421,CMR,0.15339598384847533,172.64232679839753,65.21900583547861,35.46824235024358,66.56190495650551,44.193872045729954,1.243470120401283,1.8388000508018048,114.27740681560154,130.40770802604374,118.8790346914151,114.99852310652075,131.12882431696295,119.60015098233431
CMR_1422,CMR,0.3089404782196304,219.64610836641393,81.80936409149409,50.749745607481024,85.97475116879777,62.71803838120463,1.1147594784434152,1.6120152547017805,115.75537079214841,117.6361133571268,99.12377051170071,116.4769884652882,118.35773103026659,99.8453881848405
CMR_1423,CMR,0.37461715285094627,250.56070827365798,97.19050417653132,56.58281241277703,97.97659994151043,69.0635485003429,1.154819760417061,1.7176683171475693,150.18575309792558,143.25733342614652,135.99451851907529,150.9064751906094,143.97805551883033,136.7152406117591
CMR_1424,CMR,0.60475711879518,355.5568057829165,131.31057286736544,75.60041959220597,131.94892571559382,87.74968254131315,1.2897738556187677,1.7369026994250032,167.59513355358268,168.52142883607016,174.15962713317626,168.31249314404798,169.23878842653545,174.87698672364155
CMR_1425,CMR,2.5159226105823818,605.1170042161621,209.79935241397166,159.97070611639052,231.58129189506374,178.9796680991116,1.0761821540157332,1.3114860683388314,114.1198452136694,121.50761221361051,90.99326004393016,114.841799961005,122.22956696094612,91.71521479126577
CMR_1426,CMR,0.25878451051201284,213.0100532073148,62.83983415082223,61.33810889697786,85.37696576710083,57.40162648817777,1.1812070483122648,1.0244827445914029,146.0733368243514,153.3986172697442,109.43035658166679,146.79312395092984,154.11840439632263,110.15014370824521
CMR_1427,CMR,0.35421481494875445,301.27299097367364,101.9985120122083,58.36918958070909,104.835651483694,67.15655662136066,1.4279792814239924,1.7474717868263605,53.790033708475555,43.144576645019946,56.50461802979719,54.509335712562475,43.863878649106866,57.22392003388411
CMR_1428,CMR,0.154006933727299,158.5289221148667,58.69835543094499,30.007455238321583,63.82001152248423,44.281792893355686,1.139550136932097,1.9561257349134744,171.91243979714397,155.09227880109847,0.9979476977867155,172.62965075233248,155.80948975628698,1.715158652975225
CMR_1429,CMR,0.399392705702185,304.9968103136757,113.23117120107285,56.95021234394278,115.39981782420384,71.3107696479848,1.3614142780480962,1.9882484461555499,69.02312219453881,61.13068692158031,73.96027297297678,69.74104566395971,61.848610391001216,74.67819644239768
CMR_1430,CMR,0.13831071957112698,157.80949900709254,64.39477899727534,31.04416746803884,66.057377339851,41.964589551041065,1.1970169184324235,2.0742955681956112,114.49809253204147,122.93367054045706,109.43279012522136,115.21528424265166,123.65086225106725,110.14998183583155
CMR_1431,CMR,0.16929939387314766,154.06255236864493,56.41782046338089,36.064518217303835,56.50533142337956,46.428297748139066,1.0562444864051312,1.5643580796904004,33.184773155440126,28.73328671429277,34.68634426834003,33.90287717488665,29.45139073373929,35.40444828778655
CMR_1432,CMR,0.7797757672562229,390.31454740954945,149.71698377322647,70.01818019050816,154.90115132636654,99.64142426204201,1.2468808036612997,2.1382587117498733,9.646734374765039,26.560675704248485,0.9870461638171772,10.373870434235071,27.28781176371852,1.7141822232872097
CMR_1433,CMR,0.1339009488279146,145.35032034815097,48.69635471351778,30.007751339006113,54.9970703807942,41.29019049668581,1.1205190232898312,1.622792529949385,174.30973858273595,150.52485929611322,0.9880238188332967,175.0357241995456,151.25084491292287,1.7140094356429492
CMR_1434,CMR,0.38908716345241046,252.2570532013185,74.14332994560681,71.86091858648128,96.77579231218225,70.38474002626158,1.1408142427408348,1.0317615110413425,138.1333400567437,144.01379193701706,10.450281114775464,138.85932458154625,144.73977646181962,11.176265639578023
CMR_1435,CMR,1.2751364906167482,454.36615015334337,158.08169031999384,104.0761108091476,160.72070108796987,127.41876646664186,1.1350701435250647,1.5189046659312668,142.18802220680118,150.48551614814002,140.0882693436297,142.91323179598942,151.21072573732826,140.81347893281793
CMR_1436,CMR,0.2393822427299734,185.62598530541507,59.289871888534805,49.54810650854878,65.15159316749416,55.207874234677206,1.0702565000810549,1.196612263645337,90.30498415976973,117.31093111631884,91.00105076070862,91.01771161545285,118.02365857200196,91.71377821639174
CMR_1437,CMR,0.9544389638344557,537.3845971627424,238.13815368982807,60.01532994878935,239.4369420654685,110.23744517132474,1.5516944328122906,3.9679554189409547,2.534576480195809,175.01945072696427,0.9899409717019102,3.258402316114784,175.74327656288324,1.7137668076208854
CMR_1438,CMR,0.4091994766862806,253.51958050681637,85.71495551570743,67.98425995134842,89.1407947958765,72.18095007700485,1.1179928877411034,1.260805892085133,17.847508734550512,42.61682986491148,173.86934096561052,18.566837244414394,43.336158374775366,174.5886694754744
CMR_1441,CMR,0.11863180408744134,138.0202557326225,47.38012336932262,30.007359651162965,53.631231168018296,38.864727482307764,1.1304134813066242,1.5789500949140107,75.11788434256285,59.044610522029885,90.99960943083528,75.83141449011664,59.758140669583675,91.71313957838908
CMR_1442,CMR,0.1387882419843438,149.3167365952811,49.08026756982994,38.37925841243994,53.65986108999108,42.036969210296256,1.1306474830097302,1.2788227183129068,105.28520675593535,135.33189947734618,90.9968384864589,106.00123856307508,136.0479312844859,91.71287029359863
CMR_1443,CMR,0.17187575603700844,167.1373324077993,57.543342567979366,41.99282954197732,67.76184108566883,46.78023186855453,1.1372638212926598,1.3703135319913908,128.7594224892768,135.84835066347702,102.30261425217618,129.47958131073665,136.56850948493687,103.02277307363605
CMR_1444,CMR,0.18893844355187117,211.32729423572513,79.98518460885228,38.50174219746642,85.64330944687411,49.047313672713486,1.3714832054731902,2.077443254350076,114.63794806709734,128.95101242144332,105.03180289946509,115.35482566552805,129.66789001987405,105.7486804978958
CMR_1445,CMR,0.1439460377223464,147.60210418480762,43.499713102229634,39.8665588454796,51.29868956202995,42.81095508582247,1.0974576224559252,1.091132878331233,126.94713388841478,159.2454082016717,117.5537693087868,127.67074173584979,159.9690160491067,118.2773771562218
CMR_1446,CMR,0.2443853952991676,186.0960549991625,62.408045557073635,52.41685985604907,68.99365111384573,55.78182046604744,1.0619268713557135,1.1906101534594609,52.02839047198972,46.157265779533205,76.96105717255837,52.743364412434374,46.87223971997786,77.67603111300303
CMR_1447,CMR,0.4645016980752771,263.9994168984477,104.19810772292705,56.58301991768283,104.42521062348834,76.90396157455582,1.0927086540797277,1.841508422041008,43.2553696381679,42.20975909907768,45.98917837782988,43.978371307685265,42.932760768595045,46.712180047347246
CMR_1448,CMR,0.5091674787141489,387.6598799906132,152.61313397765298,66.25012045583657,153.42078557181725,80.51659262487165,1.5325533316187168,2.3035902867435154,126.94701103316349,129.49165525829264,123.61001768713572,127.67273569745909,130.21737992258824,124.33574235143132
CMR_1449,CMR,0.3388124999006702,248.53681884546123,97.16929314129885,40.0099056189282,103.28539068443024,65.68024612652663,1.204498021624022,2.428630901226851,175.4076442165076,160.30557963207883,0.996717909012959,176.1229574514172,161.02089286698842,1.712031143922548
CMR_1450,CMR,0.7596578736777254,352.07321727639265,134.42853909508483,79.22914907486994,134.42856578230885,98.34767131131825,1.1395123466102066,1.6967055769847104,32.281383581502645,37.621228908347845,37.58510164645187,33.00659387103516,38.34643919788036,38.31031193598438
CMR_1451,CMR,0.949671868353288,422.7830893581665,147.57510034757672,104.17748542067034,162.311091438512,109.96180142712886,1.2238435102685388,1.4165738379234833,131.45732265122413,142.94163570883532,113.14426256054946,132.17892012561234,143.66323318322353,113.86586003493768
CMR_1452,CMR,2.3358221354742446,594.1812672606338,188.40232502773864,156.98746437818076,201.48207650981288,172.45466396573747,1.0967158974131839,1.2001106315971821,154.77442940610214,161.5996878989088,139.80969474360336,155.4904787640994,162.31573725690606,140.52574410160062
CMR_1453,CMR,0.14898957531341386,165.0636074890755,60.01473982556969,29.425024915719273,64.43869602027567,43.554496787626455,1.2063364747187295,2.039581614542965,6.710242814902611,22.352547566444915,0.9981933856668631,7.423603952800846,23.06590870434315,1.7115545235650984
CMR_1454,CMR,0.13327849885415977,151.78676166981495,49.068764095222036,40.440716428510356,61.11726608247939,41.19410821999383,1.1728674055353103,1.2133505147458017,154.0351406925835,152.73944944985658,12.309424392516455,154.74716468295003,153.4514734402231,13.021448382882994
CMR_1455,CMR,5.365393114197498,1302.31427501246,438.36856412530875,223.92249681370225,440.48347064334723,261.37005731426086,1.586025242961616,1.957679868539605,35.802046421456446,34.261434169225524,47.27034013890041,36.51961978568472,34.979007533453796,47.98791350312868
CMR_1456,CMR,0.6245995856139415,304.0160180621475,109.33846585806049,70.01761236316821,115.39637307717253,89.17762567084112,1.0851522832038492,1.5615851807534138,80.88558411918092,72.3451924522557,90.99273091269274,81.60423728768126,73.06384562075604,91.71138408119307
CMR_1457,CMR,0.443929639179356,267.1264730238248,79.30185908801204,68.92432560313706,102.65627887253727,75.18169801774687,1.1309800053308154,1.1505641643072189,114.826043213234,131.98856419122913,90.99758907186103,115.53981119261537,132.7023321706105,91.7113570512424
CMR_1458,CMR,0.19391152805694384,186.4042723430366,66.63638937425169,39.760987786010816,73.04335269962326,49.68861295127113,1.1941231439056785,1.6759238913500156,87.76943289130564,68.61663596545893,100.46054476615998,88.48243694839506,69.32964002254835,101.1735488232494
CMR_1459,CMR,0.41570360890870217,238.6333155558854,74.94068837509907,67.09858225122188,79.4575050453096,72.75233836459692,1.0440811281361944,1.1168743937765448,145.4111515957486,172.87021371787114,117.56215667347958,146.12519019083,173.58425231295254,118.27619526856098
CMR_1460,CMR,0.32947753628265986,215.55186314422508,68.72515256149566,57.34981041483453,74.6664069478075,64.76911519366286,1.0593365189409825,1.198350126432479,2.9145718424512164,156.79269642616973,10.454221902242974,3.6337971277545864,157.5119217114731,11.173447187546344
CMR_1461,CMR,0.6484476721699505,354.978204077875,108.77705089850846,97.15876863970357,116.79470870284932,90.86414138141866,1.2435386503400276,1.1195803777823623,137.85179680552773,170.81531188271614,133.99232721594527,138.57328562401185,171.53680070120026,134.71381603442939
CMR_1462,CMR,1.1949950634187856,464.8671800708714,190.29795037765822,86.12598455368634,190.65447491532564,123.34970492498559,1.1996122671629172,2.209530043270932,52.44812793887886,52.783451495860106,49.27894786601236,53.16311660821107,53.498440165192314,49.99393653534457
CMR_1463,CMR,0.42944367571948366,247.7647720217098,74.65987262739635,67.6724287603643,83.84457083868179,73.94488962480573,1.0665507350507522,1.1032539247523594,4.127072767706162,159.7871463882821,9.119486063641412,4.8487518861865615,160.50882550676252,9.841165182121813
CMR_1464,CMR,0.15398268348549002,152.9638455971552,43.4680138524887,40.43013907244914,55.45261259166186,44.27830640597763,1.099633392384949,1.0751388654537106,123.33051127160874,149.77836279803813,105.02391452038403,124.05387713807818,150.50172866450757,105.74728038685346
CMR_1465,CMR,0.9195426260561469,498.589778735897,215.28007537300647,69.11647503643594,216.52474639939246,108.20342113650125,1.4667378725633196,3.1147432686565377,130.6286194456077,134.09767867212244,127.95129859774727,131.34045094718215,134.80951017369688,128.6631300993217
CMR_1466,CMR,0.1539162546218769,155.64011627766388,48.8627255302895,39.08027236226056,60.14577806175822,44.26875443945763,1.1191141093822499,1.2503169137960195,68.3011353559717,53.62697222173333,90.98861715255858,69.02352141461466,54.34935828037631,91.71100321120154
CMR_1467,CMR,0.28888560230167726,243.68488579716856,99.58263705799897,33.247705093468205,99.58417829137291,60.648212896599915,1.278971045611063,2.9951732541553016,12.693436196693243,12.616416146187932,12.297645986260676,13.416672202796478,13.339652152291167,13.020881992363911
CMR_1468,CMR,0.8550158887609342,440.69665644056687,160.0400658582691,70.01755229286543,166.2054402351092,104.33791453480859,1.3444595205741359,2.285713519216762,91.78981615482415,75.3385981990282,90.99336031853431,92.50733898572034,76.05612102992438,91.7108831494305
CMR_1469,CMR,0.2189880467541405,185.2587558806068,59.082586702089216,40.009813544724274,69.04099154038477,52.80381055867885,1.116769658761196,1.4767023754320867,173.71957374877746,147.62668364117906,0.9979961531533145,174.4324163354035,148.3395262278051,1.7108387397793479
CMR_1470,CMR,0.1724960370129789,175.2047797693729,66.46579733253957,36.94667961473528,74.12130507428668,46.864568240305495,1.1900123185020868,1.7989653745781071,162.4330194092597,154.7271356490208,0.9973683967404052,163.146297611347,155.44041385110808,1.7106465988276796
CMR_1471,CMR,0.1170557247784424,138.04840904640471,40.00978813421816,38.08645573148943,52.79312859020709,38.60569617628317,1.1382303059829206,1.050499117489122,122.03224903285057,134.226412779348,90.99852459558602,122.74435525417766,134.9385190006751,91.71063081691311
CMR_1476,CMR,0.3490324215627898,235.90917273035382,78.58385767291105,50.01222054504635,90.92759656389954,66.66347437153406,1.1264372676257666,1.5712931122930252,170.33266399014664,149.272023313251,0.9984990974822551,171.0444676739704,149.98382699707474,1.7103027813060123
CMR_1478,CMR,0.11900439811502815,134.40202057601573,40.009888002059704,30.007419416344263,47.552748283981465,38.92571202655907,1.09905483150143,1.3333331816019927,90.9958163070749,54.54951176505045,90.99581622728552,91.7101885567482,55.26388401472374,91.7101884769588
CMR_1485,CMR,0.3940295555220673,252.17588186395832,79.05006895569933,63.335196799935005,98.8575424242343,70.83036156092354,1.1332721517363802,1.2481222598140005,164.10088741089893,152.65175908173725,10.439575155279748,164.8494056519628,153.40027732280112,11.188093396343623
CMR_1486,CMR,1.3652444559291967,448.9408605582778,159.41083005254774,109.84615143491583,164.1831391872062,131.8439695063637,1.083874482561457,1.4512190729503995,102.60630166887042,115.73849221507243,90.98438866897689,103.34748134178086,116.47967188798287,91.72556834188734
CMR_1487,CMR,2.991198260357402,658.5260637717997,222.95535914903616,175.32927259756818,235.85027190981143,195.15409068810393,1.0741017811574822,1.2716379635064348,65.19642736337624,63.20004605492971,82.84538672455123,65.94652347008206,63.950142161635526,83.59548283125704
CMR_1488,CMR,0.11863728218226147,138.02344139502404,47.38121839843378,30.008050349161895,53.63247059995464,38.86562480577916,1.130413473106249,1.5789502432555438,165.10454318165375,149.03127597169262,0.9862690391975061,165.84383576681137,149.77056855685024,1.7255616243551146
CMR_1489,CMR,0.7998286632051248,336.97564007550613,110.03037156170895,89.8297551889423,128.56316642558008,100.91449266608969,1.0629065737273222,1.2248766717695927,156.09240710512424,147.9733111190875,0.9790197728402444,156.83890390802765,148.7198079219909,1.7255165757436544
CMR_1490,CMR,0.5742222973286167,301.0581110955491,91.35307314691731,70.42735590989652,109.09776590140758,85.50570369440084,1.1207412948734843,1.2971248454051403,97.01257490428524,64.5900628334551,99.11906802658196,97.74905644275648,65.32654437192633,99.8555495650532
CMR_1491,CMR,4.536900574968648,859.6760241036977,281.4551794963933,234.48000134304007,316.71066477757427,240.34477782098324,1.1385451344867596,1.2003376743615308,67.09624627584353,66.64812584656198,96.17254456350916,67.84339290313456,67.39527247385301,96.9196911908002
CMR_1492,CMR,0.21927071904068735,178.03401998501252,54.547732915032874,46.83691018133616,62.25169019787546,52.8378794507422,1.0725257945126716,1.164631328237561,16.859466309627848,52.17696528863306,12.292315191161586,17.602137803397174,52.91963678240239,13.034986684930914
CMR_1493,CMR,1.0501282962483323,556.4276397641078,244.5507164650399,65.60628120697896,244.82475647697737,115.6315213870655,1.5317312836345731,3.727550349844025,21.431019667465215,22.31549553832412,19.444066182976425,22.182375726030525,23.066851596889432,20.195422241541735
CMR_1494,CMR,13.140715697272652,1515.2949962331134,469.29899761047426,400.67361362424623,485.45167905582196,409.0388596684872,1.1791871759488706,1.171275026986392,94.96038805976478,112.49188581890341,97.67016724139383,95.70702215051674,113.23851990965537,98.41680133214578
CMR_1495,CMR,2.365829084180689,587.8039211828725,186.7860618896127,163.66686629836036,214.25646615972974,173.5588414936971,1.0780424531521247,1.1412576419047864,157.29086199410182,159.58783038279208,129.64580539282798,158.02974201849003,160.3267104071803,130.3846854172162
CMR_1496,CMR,4.847273489744334,851.6692599739064,240.06714235123354,239.4807872853321,297.17355743093384,248.4298752422683,1.0912324652747836,1.0024484430360705,55.62058260305634,40.809571972967554,90.97514295410316,56.37033982541017,41.55932919532138,91.72490017645698
CMR_1497,CMR,1.1250273300038238,396.49895872734857,119.76911431064477,109.87052278531904,137.97649866419354,119.684137857474,1.0545218496271462,1.0900932413388715,163.2102302965468,150.21772493191105,0.9836332977986574,163.95148992446022,150.95898455982447,1.7248929257120913
CMR_1498,CMR,0.38960449193865127,251.5665586462854,88.66413072990555,57.93959791025107,90.73035261062121,70.43151609490901,1.1369359498444067,1.530285572006334,4.765742264759507,170.19919038779807,8.113503477590287,5.502066752683413,170.93551487572196,8.849827965514192
CMR_1499,CMR,0.20936341735189298,172.99050740469667,52.54489339050126,48.21881093558529,61.19164894270932,51.63039629843278,1.0665149344309153,1.0897177340331994,9.451328134493913,19.34774884189286,166.9468661662503,10.192972374903443,20.08939308230239,167.68851040665982
CMR_1500,CMR,0.1489423204557447,155.89363060862186,55.45331221586346,29.425365443060084,60.663639905448136,43.54758917424375,1.1395001366724933,1.884541156274476,17.459286609869324,38.96373960221018,12.293993148945608,18.199934585448666,39.704387577789525,13.034641124524951
CMR_1501,CMR,1.2901886653719394,416.0841146050636,129.5504610398909,120.03280202761947,141.40490952228583,128.16860882917607,1.0333551122439262,1.0792921505746524,30.35222566825067,51.59108673105299,0.9809842789268246,31.095890570567803,52.33475163337012,1.7246491812439562
CMR_1502,CMR,2.017660262988105,533.6172002169843,183.40326607358583,141.26193664849947,186.5233892321181,160.27990624770166,1.0597437585487541,1.298320484802259,42.61276619555401,25.664107661885744,45.977044293406365,43.3603188956454,26.41166036197713,46.724596993497755
CMR_1503,CMR,0.13895589304690054,147.87834890989728,49.86415695355726,31.254676918770162,53.81599030247083,42.06235109944564,1.119080107987037,1.5954142505824809,105.50788165543061,135.4840061943857,102.29986243787555,106.24249366424128,136.21861820319637,103.03447444668622
CMR_1504,CMR,0.1287358743297604,148.01639622950069,53.37733428589344,30.5706229293544,59.30941015372963,40.485998323211355,1.163737691757382,1.7460335829349316,1.2447297052043966,163.4097430252043,12.291542434379359,1.9876372046929998,164.15265052469292,13.034449933867961
CMR_1505,CMR,0.13898067745302575,146.84309592495646,48.22867552068361,31.313749431194918,55.20388090646345,42.066102087937146,1.1111466675242996,1.5401756862957445,124.63846045949454,149.527512182314,117.53879641289126,125.38911748645938,150.27816920927884,118.2894534398561
CMR_1506,CMR,0.7697643198506843,358.63172528455783,124.78550011691648,88.79441382032324,125.99120825179301,98.99971576525144,1.1530944586539154,1.4053305241636227,157.56754069182554,136.6289544013258,167.25923045373236,158.30878005154943,137.3701937610497,168.00046981345625
CMR_1507,CMR,1.0949625921568733,426.93179740267095,156.82208188900893,94.5383315692219,157.32884619107477,118.07411538266341,1.1509432986142771,1.6588200710331158,14.157763096879158,18.48621547081113,13.886265499080473,14.903046142571732,19.231498516503702,14.631548544773047
CMR_1508,CMR,0.3542613750287956,231.55961436114404,70.46272338022952,54.742852271263224,86.76670558659934,67.16097020285788,1.0974784055296711,1.2871584226388273,179.86188380504524,154.64429853061736,12.292424775557087,0.6036688479361266,155.38608357350824,13.034209818447977
CMR_1509,CMR,0.1239728395785,145.15062708678155,50.01393893931724,29.29049790181968,55.49584181302625,39.72997883518877,1.1629223307458068,1.7075141264911755,83.47176495880397,60.92583064169764,90.97562799031355,84.22037889492431,61.67444457781798,91.72424192643389
CMR_1510,CMR,0.24923697184674312,216.75217097427443,88.54236320998407,39.690199556503394,92.45561648284871,56.33279405153962,1.224763657378453,2.2308369370613574,102.15085618786131,107.71151790371023,90.98198534801385,102.89305780130387,108.45371951715279,91.72418696145641
CMR_1511,CMR,2.245721163619517,556.5731139436789,179.86771539568986,160.04423398023732,192.01236093658588,169.09586014947362,1.0477058657483749,1.12386251552118,165.50413922375347,159.77302606497065,0.9777538205657516,166.25049495484856,160.51938179606574,1.7241095516608311
CMR_1512,CMR,0.39915091636371014,310.2900400030331,121.13471877631885,51.77930200419301,123.74212100784906,71.28918087841613,1.3854611050417176,2.3394428678569197,71.89697599250363,63.646157524989434,84.64833567919443,72.63247395240221,64.38165548488801,85.38383363909301
CMR_1513,CMR,0.1085624472261369,141.89288907594363,57.41327838701139,22.88661466529757,57.41917752651165,37.17875749423879,1.2148310598882104,2.508596366332229,9.113030270244295,9.623320851393933,10.444631210397732,9.854745144446808,10.365035725596446,11.186346084600245
CMR_1514,CMR,0.6443122199637068,343.3259979593114,141.00168005256862,66.18014600470867,142.96929894730613,90.5739365167426,1.2065729230413165,2.1305737228584603,24.206464790163626,18.03005818682868,27.546751582156396,24.94878148087953,18.772374877544582,28.2890682728723
CMR_1515,CMR,0.13385255437247293,144.16198329994955,42.6053518559199,40.26009659687902,50.94272268603587,41.282728275980745,1.1115589112586652,1.058252598907641,140.6095539087613,113.25911745130223,64.41851527547244,141.34997217909674,113.99953572163766,65.15893354580787
CMR_1516,CMR,0.2494718310167787,185.60870682910263,62.65225401710362,49.510546827370256,62.90291739446292,56.35932935619894,1.0482929271938528,1.265432479175698,50.226069670592246,51.10585154866424,45.989127123575564,50.96072373045487,51.84050560852687,46.72378118343819
CMR_1517,CMR,0.17903761605372445,166.61442630480616,62.2507810731971,38.54520070536887,67.17941992539218,47.74492357881756,1.1107991195359217,1.6150073143743247,125.88137051005046,135.59740903015663,112.77812437987407,126.62839463251728,136.34443315262345,113.5251485023409
CMR_1518,CMR,0.1541437050580817,154.46674703135147,50.013878894246474,39.29323475745983,56.25135744512014,44.30145153964406,1.1098573739221753,1.272836894263365,5.921297744637493,31.50250035992276,0.9763815120108351,6.668608933709,32.249811548994266,1.7236927010823422
CMR_1519,CMR,0.7245329165033602,378.1671359161695,167.11509536563224,58.004724712076055,169.07076193653566,96.04706974990846,1.2532848561165058,2.881060054937911,30.652780017977786,36.26882661085182,27.545737620556718,31.395748256789474,37.0117948496635,28.288705859368406
CMR_1520,CMR,1.2750936310114696,460.6202420192696,165.45765282688663,114.3118195784206,170.82964207957093,127.41662506297007,1.1507130779727006,1.447423839783941,42.090215675669086,37.031824480686964,60.01769178368898,42.83239020809642,37.7739990131143,60.759866316116316
CMR_1521,CMR,0.13878620064758976,156.5136911142335,58.19895776887119,29.425629934413006,60.368385080234845,42.036660063337585,1.185152558022258,1.9778321789063227,5.006066564518338,165.54456033853796,0.98691028004425,5.74260092164076,166.28109469566039,1.7234446371666707
CMR_1531,CMR,2.0656322022120146,622.2034024849332,240.50179437868087,120.4372306611815,242.39282926015716,162.17412261932287,1.221239807124127,1.9969057164330644,100.79260816448387,109.74894190473259,102.19184232945065,101.53916640884263,110.49550014909136,102.93840057380942
CMR_1532,CMR,4.4770524034254535,952.3239038904948,381.20748050584035,158.6370055064226,387.9982889005748,238.75427040982723,1.269648969784498,2.4030173747222348,171.5389609523904,163.50804372878798,174.2434610262766,172.28313267167414,164.25221544807172,174.98763274556035
CMR_1535,CMR,4.406804836072271,860.076973610688,286.93271577554503,222.26288893960054,309.0223967121065,236.87376771642258,1.1557675052776077,1.290960974836957,151.7741890317586,159.69767840777152,132.04846150990292,152.51696275274182,160.44045212875474,132.79123523088614
CMR_1536,CMR,1.084936452414633,472.8106208339313,173.96676367102654,94.31675735566596,178.95923777194798,117.53229321080184,1.2805016459110856,1.8444947488493753,121.05029880602955,109.13768104586575,123.78248458827035,121.79313898108899,109.88052122092519,124.52532476332979
CMR_1538,CMR,0.3044072595893456,208.94438505398037,69.43268655299894,50.01368946917581,74.34639426510637,62.25619331549407,1.0683124020806796,1.3882736364768962,178.48235073355133,156.80882630819428,0.978747405848115,179.22535299704228,157.55182857168523,1.7217496693390573
CMR_1539,CMR,0.9046480309964819,374.8793373889509,125.25447243520432,92.7459249868678,137.97616295534664,107.32351313349382,1.1118514082604298,1.3505118683428896,166.47790290854257,179.91415049613275,154.41105257544746,167.22341761626424,0.6596652038544286,155.15656728316912
CMR_1542,CMR,0.35911500176092975,235.9159393350942,68.57334304524731,60.26207837591212,83.48235947370193,67.61948102060924,1.1105435100249947,1.137918652879675,92.60616787429174,55.5838759114731,100.4381702985048,93.3517062203539,56.32941425753527,101.18370864456696
CMR_1550,CMR,0.24866691608609262,202.20891993330198,63.24580735263055,54.51949857321531,81.01955101532215,56.268334881010425,1.1438955573401672,1.1600584929756188,140.63164870068212,146.18387953389762,105.02447681220616,141.36402583153898,146.91625666475448,105.75685394306302
CMR_1553,CMR,0.8048539589768914,336.53011438755584,110.02975843891825,89.86505642034948,115.88081882391758,101.23101739615338,1.05818221690807,1.2243886870136387,3.2243520170739823,161.77264235725622,0.9809589135485063,3.9636554004115383,162.51194574059377,1.7202622968860624
CMR_1555,CMR,1.134787778103703,427.8830487995831,135.52229302593986,124.98996204625914,148.793575138711,120.20219107669318,1.133085872590032,1.08426541465612,128.15262754762367,127.57339953686878,79.66724168750481,128.89551353399168,128.3162855232368,80.41012767387282
CMR_1556,CMR,0.2493675276476763,190.73919483428904,60.01613349802228,50.01345175407375,75.6480925213383,56.34754629740859,1.0774945030975136,1.199999827908974,56.747984296857716,51.347099562134154,90.98220804045893,57.48582999412481,52.08494525940125,91.72005373772602
CMR_1557,CMR,7.047859385787999,1466.3121250948418,539.1543958086542,264.54806805076885,544.0526146647461,299.55989844634,1.5580912133753395,2.0380205373686047,33.72490410482089,48.08603454103953,37.53832534362912,34.45690568812405,48.8180361243427,38.270326926932285
CMR_1558,CMR,1.5000887502304425,498.5203810099528,200.14788892900611,98.38203190993642,200.15733712848416,138.20174808611316,1.1482051995514737,2.0343947471244648,73.65176828984768,64.97666476689727,64.41995490412312,74.38666500978114,65.71156148683073,65.15485162405658
CMR_1559,CMR,0.2543806126330371,206.51784223502648,78.9338190979545,39.64069009292592,79.84353905023649,56.911110990591276,1.155076218203175,1.9912322139931824,78.43861855355,83.69427723916631,75.03693035071336,79.17615484664432,84.43181353226063,75.77446664380768
CMR_1560,CMR,0.17410925956889256,160.03087615094594,56.48475758291005,39.86688458713657,61.29690983920593,47.083202353671,1.0819019825980092,1.416834000646627,52.73590266028114,39.92666622086417,64.41929505888805,53.47139406231824,40.66215762290127,65.15478646092515
CMR_1561,CMR,0.2743717421265887,201.7964363364289,68.6724414592591,49.81204702487693,70.53785655663627,59.10507186641865,1.086773074698494,1.3786311858447213,7.015626086356672,32.97724832949655,0.9722753018336396,7.763149634166418,33.724771877306296,1.7197988496433854
CMR_1562,CMR,0.40876295464243073,262.4910739990599,91.80152741639579,59.73916018084712,99.99308988601861,72.14243953967238,1.1581740847972601,1.536706025636901,3.2521183219823526,163.66242938452908,19.415040633310465,3.9917730505924904,164.4020841131392,20.154695361920602
CMR_1563,CMR,0.11878289205647566,136.29398876108377,47.380491520680714,30.008201531372265,54.079052879405644,38.889468420680814,1.11556485115144,1.5789180658209883,163.2662256098989,150.39339706469545,0.9777716955701938,164.00808370875768,151.13525516355423,1.7196297944289824
CMR_1564,CMR,0.9747329217956465,397.78186984518106,159.59105424576606,78.60078889042929,160.7547777176468,111.40325406313156,1.1365727400084866,2.0304001588106,55.696992546575146,49.083218428655954,55.98153188377478,56.44300658698498,49.829232469065786,56.72754592418461
CMR_1565,CMR,0.39452353863317297,235.94491942705832,75.3025023766372,69.32652087768595,87.93186507230394,70.87474661094787,1.0596665813951498,1.0862005106169221,21.11199647187664,27.492170413259572,162.54708633009196,21.849509079836437,28.22968302121937,163.28459893805174
CMR_1567,CMR,0.15398598356599152,152.96548470829123,43.468479630384785,40.430572323807155,55.45320680319524,44.27878087878654,1.0996333923654067,1.0751388647740905,123.32602535873737,149.77387687006075,105.01942856195883,124.06226282982013,150.5101143411435,105.75566603304159
CMR_1568,CMR,0.14902584149037704,154.41038879898912,50.01347310326021,30.008081494396034,55.91675054876679,43.559797356390696,1.1283421013663235,1.6666667981623602,0.9812024716783653,31.32714578222713,0.9812025568755823,1.7192345011603838,32.06517781170915,1.7192345863576008
CMR_1569,CMR,0.2439742535007574,195.5798737464707,59.16308067458131,49.29834494579238,74.61007247349195,55.73487843840745,1.116984715789363,1.200102777073673,158.343245306412,141.39949412353135,0.9881425784556519,159.0742872534388,142.13053607055815,1.7191845254824614
CMR_1570,CMR,0.12391751298442401,142.55214507480727,48.61761846967673,30.568396879899122,55.04545447171665,39.72111249914857,1.1423586656841438,1.5904536525317834,54.35432836416903,32.754369795175805,64.42261318899865,55.085848926437805,33.48589035744458,65.15413375126742
CMR_1571,CMR,0.28412244347442817,226.14826545930575,70.06400155712976,54.862957056112315,82.42496256546922,60.14614955077531,1.1968385204483196,1.2770730073019987,124.71772120471118,135.84916579754815,99.11733608441486,125.44967468086043,136.5811192736974,99.8492895605641
CMR_1572,CMR,0.11868129089244119,137.18891353304295,50.66901236507138,33.180052801809026,53.59422975823417,38.87283277360594,1.1233703421282717,1.5270925778125595,36.90261792441253,35.08547125175083,54.10295709248325,37.64889561375478,35.83174894109308,54.8492347818255
CMR_1573,CMR,0.30935072589305956,214.39409869898745,70.19688855825727,52.33391563936687,76.35653805532772,62.759666777283904,1.0873824648803294,1.3413268948187287,107.93629551907345,131.82405681380718,100.44268592858619,108.6750508078794,132.56281210261312,101.18144121739213
CMR_1574,CMR,0.9052460416729946,505.512339832571,179.4340746976118,92.09087528931715,179.45479461319488,107.35897996781786,1.4987994055536105,1.9484457513721423,162.92578511562735,160.77759493959184,159.90691542441812,163.66861497716056,161.52042480112505,160.64974528595133
CMR_1575,CMR,0.3441247699426693,266.50328242527394,105.64876583178518,44.198394302892204,108.79392967167853,66.19314657983082,1.2815621235664847,2.3903304067512665,106.5299967063953,116.56728100028151,102.2980533743653,107.26097523245245,117.29825952633867,103.02903190042245
CMR_1577,CMR,0.7696571595259092,382.95331083453686,150.32145988892128,72.02914326696184,158.95043599460837,98.99282455799143,1.2313804089309295,2.0869533229318638,22.210839632177436,30.474736031441076,10.436083990238917,22.956135182302283,31.220031581565923,11.181379540363764
CMR_1578,CMR,0.45417193079237805,321.57897056911963,136.94550900992184,53.44638558434522,137.40734877380186,76.04404397410603,1.3460852444382434,2.562296917044172,48.326194210913016,45.78877081304926,51.74403798966489,49.05932801968339,46.52190462181964,52.477171798435265
CMR_1579,CMR,0.12397262247686062,145.15050022791556,50.01389903160185,29.29046791318019,55.49579311136143,39.72994404753953,1.162922332631108,1.7075145122245208,173.46920072829278,150.92326525163438,0.9730610780330468,174.21504007189716,151.66910459523876,1.7189004216374428
CMR_1580,CMR,0.14873005534414654,158.92817076250594,60.83971073488814,35.36134581446636,62.76781402570631,43.516547192397596,1.162509693683813,1.7205145713090637,79.00484856759954,66.11954495388056,81.51184075843176,79.74953073020188,66.86422711648291,82.2565229210341
CMR_1581,CMR,0.5896414767396108,289.998499268246,99.12468768815094,71.64283863795812,101.09119326735154,86.64611043785584,1.065361028083903,1.3835952004787295,150.3174251012369,169.20880781295838,141.17886595975943,151.05131228577133,169.94269499749282,141.91275314429387
CMR_1582,CMR,0.2588429713253641,215.63685081420536,78.7045611050739,39.52124665440089,85.90880984846433,57.40810979018587,1.195638415731899,1.9914493536430424,97.70942031758435,116.91976691263855,90.98546937202426,98.44224328063659,117.6525898756908,91.7182923350765
CMR_1583,CMR,0.3339378717442057,293.5982039429508,101.78935661243806,63.13867990081895,111.60542705153182,65.20605062334488,1.433229125019074,1.6121552869387403,149.51848986050263,143.30275728282888,168.4486381237553,150.25917023403727,144.04343765636352,169.18931849728995
CMR_1584,CMR,0.25939934786481333,201.33674830690495,82.39055469495155,42.4382652462852,82.39055466023889,57.469775324077354,1.1151510002743223,1.941421361519096,45.97102918284869,45.97102582346369,45.97102974466525,46.7179239051934,46.717920545808404,46.717924467009965
CMR_1585,CMR,0.12392548949407246,136.74701414249634,39.07856704937484,38.98598051141467,47.44037929825416,39.722390892859785,1.0958032869943761,1.0023748674971267,39.03273289351948,54.139701898233476,90.9816552737141,39.768974160205985,54.87594316491998,91.7178965404006
CMR_1586,CMR,0.12900476173700512,140.04110181968198,43.17147163226999,31.538396635081032,51.0571898269763,40.52825731544505,1.0998861074711894,1.3688543565416755,9.300949485266646,159.5561533395096,15.008610325913759,10.046451706763813,160.30165556100675,15.754112547410926
CMR_1588,CMR,0.22902415515202215,196.87015515956324,80.19224706259013,40.04114416101351,82.5456394721978,54.00024176233991,1.160471039326517,2.0027461438194907,137.50060507310968,145.01248830680117,129.63813231520754,138.2401063129866,145.7519895466781,130.37763355508446
CMR_1590,CMR,0.4644857243860649,256.8613962857802,91.28498010214902,66.77626689512877,92.94821273643379,76.90263924296067,1.0631822603438195,1.3670273039598164,145.79344089927704,148.23059558822067,159.1772126906755,146.5325956014562,148.96975029039982,159.91636739285465
CMR_1591,CMR,0.48456870400499913,320.3797151769311,132.26928707628275,56.00216250771565,132.35581173309026,78.54756750404387,1.2983219457217943,2.3618603488402696,115.3556198971802,117.45737114943972,120.23902387905953,116.10097385429566,118.20272510655518,120.98437783617499
CMR_1592,CMR,0.153985140958265,152.96506702122977,43.46835559411332,40.43047046435517,55.45305455837432,44.27865973239041,1.0996333982983226,1.0751385055594753,123.3273338815315,149.77517935164892,105.02072550746776,124.06033949123278,150.5081849613502,105.75373111716904
CMR_1593,CMR,0.11887926685786675,136.09422572065813,46.65579366652648,29.112057620647747,52.86319042875559,38.90524175642148,1.1134781727005623,1.6026278277711234,26.836972552779137,45.48517474999563,15.018105303894094,27.572499436791322,46.22070163400782,15.75363218790628
CMR_1595,CMR,0.12396901580757205,145.14838882009468,50.01317151474791,29.29004184138264,55.4949858534798,39.729366122315525,1.1629223326352975,1.7075145124609024,173.48141909153355,150.9354836173081,0.9852794438520013,174.21303614441612,151.66710067019068,1.716896496734563
CMR_1597,CMR,0.37434472403773367,235.07375095462334,70.0188016982314,59.70116366280243,83.94314418564866,69.03843176143373,1.0838354377707982,1.172821389105645,89.3621665009544,55.622038258511836,90.98037684257996,90.0985723316581,56.35844408921553,91.71678267328366
CMR_1598,CMR,0.4793949244686215,265.7109518936859,77.08369774791706,71.86142819043434,97.55353746900224,78.12711279567263,1.0825745356322771,1.0726713855956715,166.30178579626445,144.1996087094648,10.445563420045426,167.03521977547425,144.9330426886746,11.178997399255223
CMR_1599,CMR,0.2039998666188351,176.3258266457884,49.2952221971156,49.24979247606853,61.50944447823314,50.96476207143515,1.1012756957878842,1.000922434771053,130.21892055653888,142.3372859889536,0.9866823488668673,130.9485756637508,143.06694109616552,1.7163374560788043
CMR_1600,CMR,0.35439109113576983,228.3918505494036,78.07988445061152,55.80466072139001,87.06310791751632,67.17326488536233,1.082266643995264,1.3991642174913068,173.86195059750798,154.60574859439976,10.444767780288297,174.59560021072582,155.33939820761762,11.178417393506146
CMR_1601,CMR,0.22927177388350006,193.13512252964765,70.01835891198516,39.68853345930199,74.2751610992004,54.029426149094974,1.1378395672916912,1.7641961747915031,87.61181524050214,70.07392805205971,90.98556578737175,88.34199310944862,70.8041059210062,91.71574365631824
CMR_1602,CMR,0.49895454746689166,286.28010330725846,89.09162720767395,78.21044232946123,103.21917534679602,79.70499738788556,1.1432882515126659,1.1391270085441503,20.45433596650521,49.5044320842366,0.9835573333026089,21.186403721597433,50.23649983932882,1.7156250883948314
CMR_1605,CMR,0.10891600831261648,128.3666974015784,39.904985246713295,31.382505074671407,46.91560259546497,37.239249299405465,1.0972398640790504,1.2715678736214184,118.19732776069954,143.8891997335154,109.42114022798923,118.92656379605458,144.61843576887043,110.15037626334427
CMR_1606,CMR,0.784609692700317,394.93435967307187,166.7849608262375,69.37190559800013,166.82017611387576,99.94979179210668,1.2577466028051452,2.4042147810200216,43.9311128027976,45.98266040027996,44.8053610214541,44.669976943638744,46.721524541121106,45.54422516229524
CMR_1607,CMR,0.9964007294925199,429.69219118558857,149.164068347479,98.79919759292811,167.77803908791958,112.63466656375559,1.2143266069237062,1.509770038437599,164.96068594072696,152.32524716369815,0.985501054150487,165.6905800356907,153.05514125866188,1.7153951491142
CMR_1608,CMR,0.66971990572022,314.847568872203,120.55470786451984,74.18941057098537,120.56133354278893,92.34250743072168,1.0852975146699555,1.6249584265017385,61.27906490407862,56.04455121150943,55.44386053568252,62.01278696213754,56.778273269568345,56.177582593741434
CMR_1609,CMR,0.13871902226102079,148.5150405255714,48.83635062280946,37.76279872984561,59.45262193680392,42.02648507188402,1.124857469412834,1.2932397032376717,139.22822040034296,130.95171194364482,166.94408025574208,139.96315991127113,131.686651454573,167.67901976667025
CMR_1610,CMR,1.2551764004335577,442.9577840583846,170.3112482282089,101.0640272926666,170.69868221393767,126.41757111455446,1.1153342101477495,1.685181689178213,128.7445443631368,126.92163899262478,130.78267260513647,129.4826408834638,127.65973551295176,131.52076912546346
CMR_1612,CMR,0.8827897167038194,390.94399009486864,147.25506872283995,84.76012221399584,147.5989291312317,106.01899721242671,1.1737645163913,1.7373154365098917,110.52135065315291,110.23175610877252,106.32000272815175,111.25303679336832,110.96344224898793,107.05168886836717
CMR_1613,CMR,0.6898198571736022,317.0790226123393,100.02653132514968,89.79635374208127,114.57481273084154,93.71797697864547,1.0769479970955735,1.113926425258337,68.30138192593051,60.233325663541166,90.98223960140658,69.03402444256821,60.96596818017886,91.71488211804427
CMR_1614,CMR,2.9125983744576622,784.3917168236005,274.9957814149382,187.14015337320083,290.50376616051096,192.57298430181862,1.2965455098016596,1.469464337065776,127.33788481593783,125.45396635588004,103.45137695806119,128.0684120013556,126.18449354129781,104.18190414347896
CMR_1615,CMR,0.14389067818937631,149.60949522443556,48.0900062621886,39.187684477118744,54.77575505157852,42.80272206174221,1.112597028950875,1.2271714163225904,163.7491428930556,151.16143621573005,0.9802280039806985,164.48373052539307,151.89602384806753,1.7148156363181783
CMR_1616,CMR,0.9498273756588264,370.0663239054092,131.37983003818076,96.07451475859817,131.55399728606636,109.97080409639817,1.0711549343544606,1.3674784657335253,94.68614798321468,102.06066345736697,99.11205729296432,95.41901530969966,102.79353078385195,99.8449246194493
CMR_1617,CMR,0.11901008234306187,134.4052303861204,40.01084352583926,30.008136056420994,47.5538839469625,38.926641655988554,1.0990548315161526,1.333333181728158,90.97678371469581,54.530479168612786,90.97678379776885,91.71479150866821,55.268486962585186,91.71479159174125
CMR_1618,CMR,0.11858727942628584,139.15616247939076,50.710160962524725,32.659717278276354,52.38020024951492,38.857433480365856,1.139930722984304,1.5526821781845197,63.021972072134105,49.35920625055674,69.17846031726268,63.756896957697506,50.09413113612014,69.91338520282608
CMR_1619,CMR,0.32407878797902934,225.17099292001274,69.30105893555987,50.01350898011581,83.09245507834623,64.23627701421859,1.1157893399145073,1.3856468052084154,173.32789912872772,145.66016604245712,0.9776155538070881,174.0650608256411,146.3973277393705,1.7147772507204593
CMR_1620,CMR,1.1449974313652873,469.73600791465066,188.74819002230007,90.66450708405033,188.88776037675618,120.74170813080578,1.238359283883545,2.081831094579508,45.295756874687044,43.855790357522764,46.05850924930591,46.02968932024632,44.58972280308204,46.79244169486518
CMR_1621,CMR,0.1589986918592629,159.44224598825198,54.08412683540841,31.387076941066013,60.26254339648218,44.9937131204321,1.1279807700592162,1.7231335984857572,8.255303356039068,163.1331593757721,12.287074869597603,8.992932728536406,163.87078874826943,13.024704242094941
CMR_1622,CMR,0.14393622727191707,147.98108999468525,40.993576541695546,40.309956590000425,55.04951601425963,42.80949619916037,1.1003129701508938,1.016959084293946,163.49392956930777,150.19775779856312,15.015828942231272,164.22910823187217,150.93293646112753,15.751007604795689
CMR_1623,CMR,0.31404572099328787,301.7432396600435,128.53065575319167,37.99174904662838,129.99869312218584,63.23412297355913,1.5189244628739205,3.383120255807182,88.87277017152668,83.60412563466419,95.74336792052151,89.6077904706544,84.3391459337919,96.47838821964922
CMR_1624,CMR,0.11865756324734988,139.12146779140878,51.35811102568024,34.357521516174096,53.76556872935693,38.86894670664997,1.1393089427563226,1.494814199607005,158.95899735736975,151.71152035273164,169.66768685180998,159.6961139863228,152.4486369816847,170.40480348076304
CMR_1626,CMR,0.939864351677451,508.4396147828453,212.38112622275875,77.89643079177443,213.76709478353007,109.39252530418185,1.4794553417871505,2.7264551669957307,111.36056166148384,112.44672644951365,105.91874638594929,112.09278173357585,113.17894652160565,106.6509664580413
CMR_1627,CMR,0.2591234876157611,197.37512412017674,70.70682668829753,46.836545795179724,75.32196988321311,57.439208856153236,1.0937903662904416,1.5096507542956863,71.19296664721786,53.00878448491874,79.67297872767656,71.92453205986875,53.74034989756963,80.40454414032746
CMR_1628,CMR,0.4895978548474368,264.0876367434539,81.81241459693645,75.5079139669291,98.28977869071575,78.95412274284749,1.0646905148720722,1.0834945676392091,147.1971949859527,144.15567889417076,10.44657094565587,147.92739271194435,144.8858766201624,11.176768671647523
CMR_1629,CMR,3.011267834919698,643.1158897282971,226.14618128766602,164.7993355538322,242.28272327447996,195.80769359779498,1.0454652822932125,1.3722517783683337,11.510626214340062,19.514736744465278,175.78277243764762,12.247790172770436,20.25190070289565,176.519936396078
CMR_1630,CMR,1.70279985279941,489.4182913492754,149.53061652696104,138.15902117303204,164.42592391948847,147.2437472137076,1.0580189893533913,1.0823080191027632,127.73663048982728,104.24409604365727,131.84427234891322,128.46699844749037,104.97446400132036,132.5746403065763
CMR_1631,CMR,0.6695671858640311,320.9902463083635,123.18764602428635,70.4974160454048,127.9459451483299,92.33197814945389,1.106597852838556,1.7474065424603038,3.069530747196561,177.82629756952412,13.501222018040915,3.8111015247541706,178.5678683470817,14.242792795598525
CMR_1632,CMR,1.7049985615059446,568.3800746300266,178.90618678770895,148.47876107837084,205.51911720277525,147.3387794243571,1.2279251774140154,1.2049277990222302,60.60792295851519,55.90469647897381,86.21573034544899,61.3425185137864,56.639292034245024,86.9503259007202
CMR_1633,CMR,0.2224083791028825,218.87609280789502,88.1165661254807,43.597003764275904,91.18983486059838,53.214579144651665,1.3092356513926522,2.021161055055918,154.73623548609746,145.8939538218859,161.0618220913189,155.47051777149835,146.6282361072868,161.7961043767198
CMR_1635,CMR,0.2989958614236528,215.83800589477664,76.4640048952925,55.19756948518799,81.75873273316392,61.7003528739301,1.1135004564865552,1.3852784752743734,173.1316029960847,162.36339967642837,10.435280766678877,173.87237427865122,163.1041709589949,11.176052049245413
CMR_1636,CMR,0.10891608729895338,128.366743405775,39.90499686204481,31.382520381475697,46.91561889504808,37.23926280243134,1.0972398594477102,1.2715676235360533,28.195686086933446,53.88756082675925,19.41949939935332,28.924548624892797,54.6164233647186,20.14836193731267
CMR_1637,CMR,0.1589450554042069,157.22084563236461,57.12401073867456,40.01052420374867,60.92518223900066,44.986123413865926,1.1124530339845222,1.4277246268451163,31.9392756450179,39.19652543866719,0.9832242427158184,32.66937549688078,39.92662529053007,1.7133240945787012
CMR_1638,CMR,0.21894308549078806,186.5030658177128,56.39044872545275,49.46200568179208,69.0124974115977,52.79838960547971,1.1243859916364358,1.1400760633977114,171.43917649132936,147.70052938468166,12.287024912978081,172.17469651807778,148.43604941143008,13.022544939726487
CMR_1639,CMR,0.2889909399982046,215.49682290042753,69.18639600100364,49.41316219568995,82.64703983491395,60.659269108348205,1.130820898087004,1.4001612713431728,104.40694722406421,126.17352496970798,90.98591833899127,105.13361688501513,126.9001946306589,91.71258799994219
CMR_1640,CMR,0.3597482834885914,251.78965673472766,95.86772503239894,48.88188390805595,102.60581221632661,67.6790765811909,1.1842232640591472,1.961211748972701,169.31941080697558,150.62199984219234,171.69748394876876,170.06250296930978,151.36509200452653,172.44057611110296
CMR_1641,CMR,1.840314569029204,582.401224729431,222.4104945528678,126.96322321594023,222.50752097785778,153.07388033365558,1.211075770424342,1.75177101619884,98.47972438232799,100.90033280052154,99.20823242625318,99.2081047008509,101.62871311904445,99.93661274477608
CMR_1642,CMR,0.5847192635147318,288.1129471957755,102.48223391930254,77.84473543845507,104.7668284703668,86.28370001775404,1.0628797723219263,1.316495371743233,133.56664349954102,132.12493098569172,144.1122668909201,134.29622461165752,132.85451209780823,144.8418480030366
CMR_1652,CMR,0.7798980178958345,329.1486334919032,115.43684472136067,89.16698595192355,119.98788222624073,99.6492346807314,1.0514005892773501,1.2946141835903382,138.47603506835517,155.69161971549008,117.53130407580778,139.23579210244307,156.45137674957797,118.29106110989567
CMR_1653,CMR,1.78556587849261,487.42792352725735,156.03123531802464,143.68811236808244,166.40620576911067,150.7797428777013,1.029005116334551,1.0859021859673619,130.15512270530496,109.28808450195042,129.62705525005,130.91389670882782,110.04685850547328,130.38582925357287
CMR_1654,CMR,1.645344366243125,475.20594514523225,150.04236962134166,139.37238143841725,164.36789169590116,144.73829872594058,1.0450775754899047,1.0765574073772932,7.30177696859564,25.81173207978096,0.9734499694641957,8.054232595720048,26.56418770690537,1.7259055965886034
CMR_1655,CMR,1.1501935603533655,395.48669801628165,133.42319033081228,111.65641745346853,133.42340033645826,121.01536783159547,1.0402590025421412,1.1949442170345004,17.492208335559987,27.433492629472042,27.535150166912867,18.2479591593077,28.189243453219756,28.29090099066058
CMR_1656,CMR,1.7204956112714034,506.33670796752205,189.47002049066893,120.0340185444017,198.09540238505542,148.0068595982648,1.088949392759812,1.5784693605053488,168.82694674923727,163.82012834633795,0.972306592247633,169.58046322592395,164.57364482302464,1.7258230689343121
CMR_1657,CMR,1.440302776966182,451.97713264395526,159.06281625944627,120.03487811637441,159.30592484106634,135.41973460412675,1.0623916083586036,1.3251383160920451,88.6684651471111,87.79995945385282,90.96571267828698,89.4285832677171,88.56007757445882,91.72583079889297
CMR_1658,CMR,1.2949898069759178,441.2322872906857,134.80755798459586,128.45684688393084,174.75676215711854,128.40686244397898,1.0937779840963433,1.049438478794387,134.13186413244134,138.2640791316461,98.09362087896184,134.88904185217342,139.02125685137818,98.85079859869393
CMR_1659,CMR,1.3854310256752156,442.9910734322099,136.92964284247472,129.33516417618264,148.53902994642493,132.81511843132472,1.0616896617650786,1.0587193646419835,93.29687263631908,128.37204598507114,102.27662759951794,94.05582392825683,129.1309972770089,103.03557889145569
CMR_1660,CMR,0.22403041593058237,185.16252635781942,50.01414905579821,49.29626205859529,67.76389795614358,53.40827508788164,1.103556753957664,1.0145627065263003,115.61323270603543,135.82839127711247,90.97273973687591,116.36617113470231,136.58132970577935,91.72567816554279
CMR_1661,CMR,0.4593371884484361,260.55569224963716,80.02281607261313,69.19055148394638,92.19766338271171,76.47524257562158,1.0845006821980216,1.1565569916172738,82.62083424535044,58.155306717601256,90.97047257495683,83.37593401051885,58.910406482769666,91.72557234012524
CMR_1662,CMR,1.0098202529630607,400.24535809610865,162.9860647952304,89.38748606900218,164.40324454463473,113.39061156670046,1.1235679270167829,1.8233655734474308,28.890169448686404,32.9495698219062,40.770072780409215,29.651194333608593,33.71059470682839,41.5310976653314
CMR_1663,CMR,0.694338096034118,327.26051230297,98.51435801430215,89.71110069281238,117.77689225251136,94.02439690244017,1.107906669496584,1.0981289634560807,45.81019323006169,42.669791575018564,0.9663566884724875,46.56933408408881,43.42893242904568,1.7254975424996049
CMR_1664,CMR,0.6844572471787549,365.0524719967823,152.98413420849474,65.61598130898949,153.8147453924079,93.35298783587811,1.2447358515904772,2.331507220597426,31.787153686939483,40.580299192369,34.2848810393093,32.54030954929636,41.333455054725874,35.038036901666175
CMR_1665,CMR,0.3793119077396725,281.5189312517984,111.33131159610971,54.5073376547276,111.35429255223845,69.49495814252187,1.2894497868689632,2.042501365620333,45.90828610936455,45.06055688307599,46.22461705875911,46.66777311889285,45.82004389260429,46.98410406828741
CMR_1666,CMR,0.6197302763074909,324.8375724742724,129.5250815713954,59.91061636168136,129.86130286811033,88.8293360812939,1.1640187271902704,2.1619721084064696,4.705053978685264,5.087589286098453,0.9636759696327724,5.466681387857344,5.849216695270533,1.7253033788048526
CMR_1667,CMR,2.8461411912984396,624.9553132477608,189.899868544518,180.47863601714462,214.44871158499043,190.3633240585176,1.0449988495089484,1.0522013726127584,121.25409831797778,113.52194148659471,169.65863220858603,122.01078589811411,114.27862906673104,170.41531978872234
CMR_1668,CMR,0.3245285853066524,213.55283459290945,68.02217308890249,60.45006083032747,76.8421183669345,64.2808391520668,1.0574843043459128,1.125262276903717,68.01649423760011,52.49847833326565,102.27300166661117,68.77835562854969,53.260339724215235,103.03486305756074
CMR_1669,CMR,0.7949463487021743,335.70191006312047,120.03473294507596,80.02314566684059,128.7462317143119,100.60602005399261,1.062135613023212,1.5000001805079637,13.715185371700361,22.164267646991412,0.9661690322333241,14.473894284705072,22.922976559996123,1.7248779452380347
CMR_1670,CMR,0.11854207287711717,140.93330243612934,54.3076759936823,26.84053376471727,58.63834728284967,38.850026370907806,1.1547087003148881,2.0233456036955366,141.8300252775316,132.24448075353675,154.40266594151188,142.5871137058174,133.00156918182253,155.15975436979767
CMR_1671,CMR,0.7597049850092057,386.2433420250756,148.57098572812478,76.95475980891788,153.34583867295495,98.35072085379724,1.2500678507685992,1.9306276323522182,133.04641514846423,141.1184254363111,126.7828530714504,133.80081677012106,141.87282705796792,127.53725469310724
CMR_1672,CMR,1.9906479056803412,516.9894134182738,175.99584005090495,145.21472672899745,177.9801257556813,159.2033804024413,1.0336642408434185,1.2119696398241468,35.69794776472117,27.347809653905898,36.50506488776047,36.45532562611313,28.10518751529786,37.26244274915243
CMR_1673,CMR,0.3043538230212385,235.8341709335448,98.69154109621236,39.8367020637866,99.12403640294333,62.250728755731686,1.205903121273796,2.4774023948615844,4.555155611415608,7.0213943094320745,0.964116840150143,5.315736946750951,7.781975644767417,1.7246981754854858
CMR_1674,CMR,1.7505367172016773,492.04961046381317,150.04349402890068,149.6722530331423,163.6617191483612,149.2934215848793,1.049103529417522,1.0024803595070901,132.00134617545157,128.53836995778957,90.96542798052198,132.760588381339,129.297612163677,91.72467018640941
CMR_1675,CMR,1.4902905857366713,546.779898291816,203.81550723693556,120.51675567875694,214.27537797109025,137.74966086733056,1.263490930554662,1.691179837102613,156.94856158103016,147.3635800650464,165.73243672644213,157.71066470256983,148.12568318658606,166.4945398479818
CMR_1676,CMR,0.27419778340753614,249.5831188619949,100.1235317175925,43.566313345304586,104.90027242696354,59.0863318300605,1.3445541751830181,2.298186925389303,117.63261801378968,124.10096399071946,104.99794715842539,118.39542081779135,124.86376679472113,105.76074996242706
CMR_1677,CMR,3.8867895566444086,989.6659050577605,277.6211059074263,257.7868131931238,333.3637283755204,222.45930336992677,1.4160812194717143,1.0769406800472894,173.5878209674566,10.58613019976678,140.2567194027656,174.34030789439944,11.338617126709622,141.00920632970846
CMR_1678,CMR,0.30949000947802585,233.74208692966704,75.59566122281967,62.186464244160014,89.9970160085411,62.77379379708405,1.185246463316355,1.2156288694274644,47.70863937952415,41.627538142233576,79.66105232956562,48.46206854065011,42.38096730335953,80.41448149069159
CMR_1681,CMR,2.135401543079767,631.1099879934799,235.61447822342615,137.86165838811232,235.61450937587622,164.89019645017245,1.218317115101284,1.7090645867621665,74.73734718958791,68.52835611139825,68.49887837468488,75.49155908569801,69.28256800750836,69.25309027079498
CMR_1682,CMR,0.33908387336220586,260.2994315874013,116.01898812736742,42.438868710630416,116.35058179094894,65.7065443123233,1.2609989356380054,2.7337907831248596,126.17444727446617,131.63503017355816,135.96175883580216,126.93696893925421,132.3975518383462,136.7242805005902
CMR_1683,CMR,0.17898434739440425,165.2612035412677,49.08231771381972,40.01159362705153,60.93931607909422,47.737820330548345,1.1019412810549858,1.2267023945938393,161.6016510479513,142.41370825121533,0.9653207293168811,162.36056915331542,143.17262635657946,1.7242388346810174
CMR_1684,CMR,0.19387880889611936,177.71645368810803,70.2206920372904,40.48406915111604,73.8659086735826,49.68442073454119,1.1385642281851385,1.7345265312924851,44.38480477586871,41.926611131919614,60.00166766729948,45.143586165984004,42.68539252203491,60.760449057414775
CMR_1685,CMR,1.3601792523200824,477.148898600316,191.0349467849468,94.87235644508299,191.05119987329533,131.59916458633907,1.1541198766998406,2.0135996821743087,31.120417940849265,29.270090714378426,30.01745801897342,31.88168338140857,30.031356154937733,30.778723459532728
CMR_1686,CMR,0.12393016475404121,136.74959488805442,39.0793083091737,38.98671691318809,47.441275303946455,39.72314017677721,1.095803297291781,1.0023749472465655,129.01913205100755,144.1260081429719,0.9679556640565654,129.7751927486978,144.88206884066216,1.724016361746834
CMR_1687,CMR,0.41930096225271757,255.80138892342848,86.19771992798984,61.535901211586925,97.70707153711912,73.0664469018212,1.1143844328886146,1.4007712283534284,23.632541080343877,38.62645243023769,8.091042636087186,24.390467365834553,39.38437871572837,8.848968921577864
CMR_1688,CMR,0.22431767594651264,178.60069972849269,54.8451613252059,50.42265979264514,62.14535203550442,53.44250514320858,1.0637669070823186,1.0877086125711648,82.61641464811568,52.32446463785733,105.00131854521669,83.37528292717096,53.08333291691261,105.76018682427197
CMR_1689,CMR,0.10383334664434075,127.09028148937995,38.93584522104596,35.822605984167524,46.503906759590436,36.35996741056966,1.1125998155925367,1.0869071121809057,152.82229437877777,145.836149694566,105.00188367990928,153.58058926883837,146.5944445846266,105.76017856996987
CMR_1690,CMR,0.20903477248079222,185.07547951794308,60.01699243030592,39.42897093875797,69.33828951980183,51.58985738953561,1.141917380696548,1.5221546746306354,98.10380935202211,124.08504290347396,90.9712818255403,98.85643491671141,124.83766846816326,91.7239073902296
CMR_1691,CMR,0.16904135193430567,159.33817134974245,41.2427453332836,41.2427418563376,55.840057438957295,46.39290182541417,1.0932473113653325,1.0000000843044337,95.46827818125001,60.00732255239986,15.00732458108832,96.22105259706983,60.760096968219685,15.760098996908141
CMR_1692,CMR,0.4694383478382605,281.6944359962941,107.25660472774412,54.63373302730575,108.54062980383208,77.31154301155901,1.1598025387642479,1.9631937776270503,78.54802104169778,88.48430014084273,79.6624985825024,79.29943279011859,89.23571188926354,80.4139103309232
CMR_1693,CMR,0.21900551273259744,185.2661468449941,59.08495054730472,40.011407722044424,69.04374496098315,52.80591627139361,1.11676967809545,1.4767026183573058,173.69093141000974,147.59804012288126,0.9693490778096454,174.44536379875493,148.35247251162644,1.7237814665548203
CMR_1694,CMR,0.4416867153742257,249.48013766401925,90.4795786775148,63.44612004785604,90.86099658112975,74.9915323485691,1.0589461468240773,1.4260852926746033,39.85876023766937,40.70938091303232,45.96110065510095,40.62137224663648,41.47199292199943,46.72371266406806
CMR_1695,CMR,0.1139119893448402,136.67135295459752,48.69764791476635,29.33457361001016,51.02974038867181,38.083756308077206,1.142320165364987,1.660076896367388,4.5375845257203995,159.99852023230147,0.9694407178986216,5.29182867129867,160.75276437787974,1.7236848634768922
CMR_1696,CMR,0.22919040386153014,189.20539764279275,63.77107942396316,50.70426590334129,75.35429795660933,54.01983760345108,1.1148857764279665,1.2577063938866888,47.30728966077383,51.25550036096554,15.00795360239955,48.059195050628915,52.00740575082063,15.759858992254635
CMR_1697,CMR,1.4452877532719286,589.856554521913,229.90941484967325,105.69770697885184,231.77225343459546,135.6538801873082,1.384089953603846,2.175159910476335,26.33898631879089,31.039668235917404,23.7704813651367,27.100001706368673,31.800683623495186,24.53149675271448
CMR_1698,CMR,11.877021235818443,1573.7817840766832,491.4322196273998,359.5456074325819,525.8651644187611,388.87392701367025,1.2882074774582712,1.366814694626878,90.37942080518245,76.63365571884117,100.45022236429584,91.13620880692561,77.39044372058433,101.207010366039
CMR_1699,CMR,0.1535216669399053,170.00499395561337,66.65207072774218,29.519404540536218,68.26271728052227,44.21197318844165,1.2239731994326466,2.257907019642458,2.7771417885791903,168.49269904710326,0.9637818842633437,3.536759545913706,169.25231680443778,1.7233996415978592
CMR_1700,CMR,0.6149279090344862,383.5991267711351,141.6974604816254,83.20924083185623,141.69748468379493,88.48449191491213,1.379941182237197,1.7029053391793143,13.338087430958375,12.171371363991165,12.204864462931512,14.097807318579916,12.931091251612706,12.964584350553054
CMR_1701,CMR,0.10389104282566525,125.34852885728573,38.69480916355863,30.008562675466052,46.65298916793146,36.37006792259417,1.0970470563537595,1.2894589315067113,109.278473366436,127.67258869315417,90.9689049932914,110.03283995742218,128.42695528414035,91.72327158427758
CMR_1702,CMR,2.5254898096303697,887.1664605998606,359.83214206718156,107.9125446216987,359.97189446379883,179.31964464182568,1.5748071309402463,3.3344792612260177,142.3969308368984,139.57285388742713,141.16945719202926,143.15642034402592,140.33234339455464,141.92894669915677
CMR_1703,CMR,0.45933838120919435,305.2533318108003,125.54839469245464,45.84076916025643,127.66419124947083,76.47534186717841,1.2705422549751286,2.7387933708866314,98.50022311021615,110.87132201567034,100.42552291785199,99.26023084762083,111.63132975307502,101.18553065525667
CMR_1704,CMR,1.45422796735134,637.6745854144663,242.89614544894133,119.64004531007865,243.9885520835141,136.07279504337234,1.4916877737454919,2.03022445218415,172.5592375166723,170.6810336865185,176.10487834727869,173.31865940151016,171.44045557135635,176.86430023211653
CMR_1705,CMR,0.1038914475117368,125.34877297137041,38.69488445118274,30.008621122628206,46.653080033069266,36.370138758564124,1.0970470561759813,1.2894589289210825,72.65717636690803,54.26306113566252,90.96674504455277,73.41315170752334,55.01903647627782,91.72272038516807
CMR_1706,CMR,0.16268017691873726,167.09932892735003,66.39747098190617,33.921670176115754,68.24488922265347,45.5116286675668,1.1686984168544428,1.9573762328677031,37.13419678236201,45.96811164180684,32.60616336523288,37.888645801053876,46.72256066049871,33.360612383924746
CMR_1707,CMR,0.15912713630582576,154.57175773154566,49.082296733512635,40.01158291732981,60.939292927553495,45.01188316267603,1.0930828739810414,1.2267021985839535,55.69812335706088,52.4130032212194,90.96462158652214,56.45601690274363,53.170896766902146,91.72251513220489
CMR_1708,CMR,0.18400071144898003,167.5597370488039,50.05956666178772,41.09341314382549,61.08599121346053,48.40216752132547,1.1019324869178935,1.2181895547731947,117.1013886470942,142.1654828103707,104.9982356247612,117.86185587138846,142.92595003466494,105.75870284905545
CMR_1709,CMR,0.13156017421827892,180.69575567232985,71.45497336162701,28.336734454089605,75.21029421740343,40.92769433121784,1.4053380323963602,2.521637540041757,106.07304150694691,122.02555132644005,102.08529741291586,106.82285442958059,122.77536424907373,102.83511033554954
CMR_1710,CMR,1.0651724783956045,426.7264299679605,134.58687625853239,115.04769757233153,140.636609735653,116.45684700595514,1.1663654379013966,1.1698354604090742,76.27970471809961,99.1162120123456,55.65471682027686,77.03345034152845,99.86995763577444,56.4084624437057
CMR_1711,CMR,0.9795421871466299,466.4709417156815,121.35301229950852,116.29452671168798,148.63999000198123,111.67774390680806,1.3295604582544982,1.043497193985417,127.95874379633194,128.24596697450608,86.93927113818525,128.7107077412588,128.99793091943292,87.6912350831121
CMR_1712,CMR,0.49432478483701897,318.05017293662013,118.85330906603976,59.43115253904804,127.54299692588451,79.3343471642134,1.276099419317561,1.9998486313713937,171.4417287775653,159.60868488622827,0.9597126960435366,172.20344843296112,160.3704045416241,1.721432351439386
CMR_1713,CMR,0.773126488884078,415.0805660883061,170.74474506978476,71.01774723058837,175.57870165061678,99.21568518785013,1.331687096637135,2.40425459449441,126.48006456956547,128.98374309212508,115.40765166008467,127.23768666215496,129.74136518471457,116.16527375267415
CMR_1721,CMR,0.39958370278381394,256.1773351265758,104.59155480739935,47.31179893964534,104.61382001552522,71.32781868360014,1.1432254608643442,2.2106864915625923,53.24850638021944,49.951405194913264,51.16327500976148,53.99936125407086,50.70226006876469,51.9141298836129
CMR_1724,CMR,0.2937384981517427,219.82196790256367,67.67331915262793,59.20727741863969,87.43397362483022,61.1554962090829,1.1441572699293978,1.1429898840665649,40.459055216833626,42.40015933724415,0.9645284944087353,41.213846555755566,43.15495067616609,1.7193198333306725
CMR_1725,CMR,0.7745982973755465,345.78534813066807,113.92747880985362,91.48499987826767,120.17857207787993,99.31007922175236,1.1083154466297809,1.24531320939442,129.08741489816333,146.0802264162575,120.70956064305658,129.84185764629746,146.8346691643916,121.4640033911907
CMR_1726,CMR,0.4042541548748722,250.51493187576924,78.77608531072957,69.45728078082811,86.78700837934775,71.74345796727255,1.1114794534867845,1.1341659855545867,16.996470476631043,27.267260301421526,0.9608612843091758,17.754697434600995,28.02548725939148,1.7190882422791276
CMR_1727,CMR,0.5094358070510004,337.1019042535715,139.1381405063234,55.37788444308493,139.73494661624198,80.53780572137573,1.3323291814841927,2.512521774812899,136.84171537040217,141.46869434943653,136.17137156413403,137.59973589785378,142.22671487688814,136.92939209158564
CMR_1728,CMR,0.22828068993089076,265.49945403746926,114.47427723976884,30.008687942685135,116.93485362726359,53.91252189607125,1.5675597806283286,3.8147045101874535,7.944541701287326,13.68929819849544,0.9622363461804541,8.701254344388271,14.446010841596385,1.7189489892813992
CMR_1729,CMR,0.2343899208794045,187.19247503944644,60.01735649082299,50.01446043372503,75.64962774563288,54.62916035882336,1.0907217872815875,1.2000000793841006,36.166479652427135,40.59765756161593,0.962555858144818,36.92276829098025,41.35394620016905,1.7188444966979355
CMR_1730,CMR,0.5443060804076922,319.22920944394053,100.70800834191007,74.05210748059922,110.78153867731366,83.24854509328502,1.220607678017409,1.3599614078275137,13.610205516771828,167.501446841975,15.320192925272528,14.364370499790988,168.25561182499416,16.074357908291688
CMR_1731,CMR,0.25420384533583706,194.47961625261036,59.29933077660489,50.0143354836275,75.15467480077555,56.89133398904695,1.0881232724540078,1.1856466791609557,146.83210096117304,141.2343622592617,0.9647535539440166,147.58597182832108,141.98823312640974,1.7186244210920631
CMR_1732,CMR,1.6114424698892942,483.47128614333565,184.459569410746,116.90761591111628,184.92599070890128,143.2393897197538,1.0743810788813557,1.5778233776573531,55.20087677155461,54.43092135220383,50.360689608686066,55.957366529724794,55.187411110374015,51.11717936685625
CMR_1733,CMR,0.10317995807121041,132.37520997009022,49.70896421170162,32.44202990904004,51.83320671707898,36.24538630507077,1.1625296986623619,1.5322396394761388,121.3022320262604,118.73561523516173,102.27560473238476,122.05502066369995,119.48840387260128,103.02839336982431
CMR_1734,CMR,1.5198458895837237,539.7287227284992,215.268231623165,100.52398837617879,224.00148508292295,139.10887421445076,1.2350109888531067,2.141461307897899,146.58244275696495,139.71203086933178,156.1914910741933,147.33416279394459,140.46375090631142,156.94321111117293
CMR_1735,CMR,1.800213731764053,541.2056952987059,163.22612334009116,157.79548247982297,182.00212841319802,151.396938947168,1.1378771887367334,1.0344156928634671,174.45817220656429,158.19965416795296,5.3607333465088,175.214437882452,158.95591984384066,6.116999022396502
CMR_1736,CMR,0.23400544776802376,199.22796772448297,71.59305034877238,38.18503212940672,75.31396523579728,54.584337477128585,1.1618027196460918,1.8748982613435532,15.99249031197282,38.607537221018454,16.90803246763911,16.748104580267235,39.36315148931287,17.663646735933526
CMR_1737,CMR,1.3447460999166778,493.7128660693319,194.3863866453867,88.28709453975323,205.44781895958448,130.8504456256186,1.2010175850347564,2.2017531289112693,175.93272984424783,164.74059443580805,3.9756301138517425,176.6880643587739,165.4959289503341,4.7309646283777855
CMR_1738,CMR,1.4699280565489128,542.9342765507245,169.13362126115868,149.36057447507025,198.51156743941831,136.80535550605393,1.2632644908882396,1.1323846460525548,124.78890062453812,127.76672743321608,90.96788021876188,125.53918580293542,128.51701261161338,91.71816539715918
CMR_1739,CMR,0.26401165874587557,255.4570599251165,93.72511085949446,43.156367034536245,99.69105206150516,57.97845153040686,1.4024953327179523,2.171756273749599,110.17249959678921,119.55658055358212,98.08856460230388,110.92709269468253,120.31117365147544,98.8431577001972
CMR_1748,CMR,0.10892026486067828,128.36920613638824,39.90576501888797,31.383124334906608,46.91651783767783,37.239976966110405,1.0972398675746315,1.2715676295652265,118.17969041192573,143.87157198308097,109.40352019024802,118.9272890158801,144.61917058703534,110.15111879420239
CMR_1749,CMR,1.6909989426451608,486.54604856125184,160.00572996240732,138.611539754013,173.32741519286137,146.73263862826042,1.0554735387337133,1.1543463859240113,83.25659188333276,67.90417020625863,117.53269425502758,84.00509440699025,68.65267272991612,118.28119677868507
CMR_1750,CMR,1.7002221643672264,545.7956511899657,191.204653623213,141.72813161677354,213.79585079087516,147.13225664372717,1.1807890096497937,1.3490945759464448,70.04273393696499,69.30990530646854,42.732770643134224,70.7930221436095,70.06019351311305,43.48305884977873
CMR_1751,CMR,0.138960904744037,147.8810156336605,49.86505615975476,31.25524053088885,53.816960780057094,42.06310962022232,1.1190801079638544,1.595414250946949,105.48517115031416,135.46129567980765,102.27715196101774,106.23316550834807,136.20929003784155,103.02514631905164
CMR_1752,CMR,0.1587959455838546,156.78262264786707,44.24466865919213,43.41739289240809,59.58481490021469,44.96501723128511,1.1098730044723806,1.019054017564668,62.04927042175757,72.31097767701979,27.5316162732273,62.797894349715435,73.05960160497766,28.280240201185165
CMR_1753,CMR,0.6596375285308798,360.90640493715097,125.92468430814877,88.2583889143023,132.84327241533143,91.64478089432508,1.2535364868296535,1.4267729771321787,142.58913607965366,153.82656002122582,131.2870309452057,143.33943339745431,154.57685733902647,132.03732826300634
CMR_1755,CMR,0.2241121498684996,187.53180774953302,71.74800977035544,40.869923373373645,75.1965202438121,53.41801677975204,1.1174736910716039,1.7555210249574034,51.35812474272816,41.140533673469214,60.00031585453302,52.10912131405473,41.89153024479579,60.751312425859595
CMR_1756,CMR,0.7447632203894142,356.2574280785394,139.7814042531425,75.83415719526018,140.13257514732345,97.37874427533514,1.1645278672229995,1.8432512395862586,138.8345070551078,136.77877600741888,140.8358980521851,139.5872611576695,137.5315301099806,141.5886521547468
CMR_1758,CMR,0.7198310094554983,340.10612818160064,128.22189614976898,75.26951446684211,129.3883271119282,95.73491039142259,1.1308220011829098,1.7035036967888715,132.7830513267283,124.00670433735912,131.70591816381057,133.53816358621867,124.76181659684948,132.46103042330094
CMR_1760,CMR,1.2897411384255335,588.9591910003215,253.43872523309977,82.85135561062593,262.67444295608317,128.14637801807496,1.4629483560414562,3.0589568917155474,107.60581493354978,109.98474983349384,94.54578932114455,108.35123473195496,110.73016963189902,95.29120911954973
CMR_1761,CMR,1.0750881065216926,414.52567786219976,146.27631058913437,100.3803549748113,159.3188027959563,116.99763635637551,1.1277802308643416,1.4572204952437144,153.42678094880017,150.8838676990259,175.7698144115423,154.17740528236178,151.6344920325875,176.52043874510392
CMR_1763,CMR,0.449097869384753,287.5835615859304,122.24558025713468,52.84262682791534,124.43552144217131,75.61806442623181,1.2105664360934278,2.3133895416523016,133.50519648777626,129.60308368855078,140.36824800183368,134.2504973895334,130.34838459030792,141.1135489035908
CMR_1765,CMR,1.429891313710232,571.2459804180817,227.96947787941298,108.73364487618906,228.17644999364643,134.92939506605592,1.347617714589244,2.096586370658257,134.73307634514748,125.4894258957497,127.92999422297383,135.48686007527527,126.24320962587751,128.68377795310164
CMR_1766,CMR,0.17345015696165192,175.14070745682653,67.55750767675066,31.31380808691133,72.26296655445455,46.99399949824405,1.1863007884403223,2.157435067917805,54.34162381603596,42.091359472541036,64.40091927808733,55.09042289457159,42.84015855107666,65.14971835662296
CMR_1767,CMR,0.6095372352621945,316.99914655318554,121.14891316973333,63.47590120425264,125.1978154500974,88.09579512805173,1.1453890859720854,1.9085812232881985,29.20542411050388,19.845138629749133,34.65207101218506,29.958090566359584,20.597805085604836,35.404737468040764
CMR_1768,CMR,4.752261314311702,1023.6983541362579,412.8369978900015,164.4707940435697,419.4811617672456,245.98306917950183,1.324698109014407,2.5100930550662843,37.25839805855449,26.326440185200788,40.77188606384492,38.00677206360788,27.074814190254177,41.52026006889831
CMR_1769,CMR,0.24443899157387683,185.0781211429711,59.43101550141761,50.014592320867074,68.79917297222131,55.78793689921193,1.0560024075197725,1.1882735166596934,61.06532376612056,46.05075248324536,90.95761162910063,61.8223674615531,46.807796178677904,91.71465532453317
CMR_1770,CMR,0.36051181041145436,230.29364013501623,69.72365099215631,68.65392782453982,78.4993105669075,67.75085928310648,1.081975094572804,1.015581383345617,74.43863467767343,62.418722440413866,90.25810389774082,75.1841907350492,63.16427849778964,91.00365995511659
CMR_1771,CMR,0.174302861807108,157.5956827824105,50.32149619830111,43.08322714617528,54.97193579388312,47.10937235978825,1.0648467881594028,1.1680066590083285,30.23417102923105,47.47827073209332,14.997856195825316,30.986821476927012,48.230921179789284,15.750506643521277
CMR_1772,CMR,0.35440989960488184,257.48725914466513,103.57633873633223,46.41396618307509,104.41148503795357,67.1750473928046,1.2201069196550165,2.231576985422579,56.978773028315985,49.9098549135861,57.559141534941034,57.728947100264634,50.66002898553475,58.30931560688968
CMR_1773,CMR,0.21927414701526182,178.0354081458317,54.54815653356981,46.83727962974036,62.25217536038469,52.83829247031958,1.0725257735271712,1.1646311862000898,16.845317662177447,52.16280916704366,12.27815522142828,17.59127310767596,52.90876461254218,13.024110666926793
CMR_1774,CMR,0.4995542889426091,282.7239275706094,111.41014824908754,54.489782462549535,112.32805402206016,79.75288555430365,1.1284083400989708,2.0446062218299184,60.70645354836362,53.89029780022653,61.22004077892252,61.45566411931276,54.639508371175666,61.969251349871655
CMR_1775,CMR,0.4140160905540598,281.41110873598427,107.8390751072583,61.90739700886773,108.6036092020655,72.60452180478038,1.2337515042583436,1.7419416793087137,20.219921973139417,12.498700066092152,19.53320241764947,20.974481340220965,13.253259433173701,20.287761784731018
CMR_1776,CMR,0.1187771405877312,137.66985279995492,40.01135722582529,38.08794940596446,52.795199024142164,38.88852689507116,1.12685356516415,1.0504991171711553,120.21179883034293,134.1922800344832,90.9643918202705,120.9612025535219,134.94168375766216,91.71379554344948
CMR_1777,CMR,0.32451524991566516,213.86906390590158,70.27811815840279,57.29173847273602,71.68344804923353,64.2795184380094,1.0590719881601773,1.2266710704170152,11.489978854166266,165.85881205841017,10.430085848643921,12.235879986442553,166.60471319068645,11.175986980920209
CMR_1778,CMR,0.2791313014708794,205.831734334758,69.08784399828126,49.60220255007565,73.90770757680768,59.615519053860126,1.0990137630088574,1.392838229885739,5.547923845865832,24.68441347493184,0.9620833234978557,6.2987987827824155,25.435288411848425,1.7129582604144389
CMR_1779,CMR,0.7797065605954309,342.5037236014233,119.6658819878714,84.8160907159681,129.94239158463012,99.63700247596502,1.0941951139426591,1.4108865543993083,173.89780569156804,8.919943280167782,154.39528094664706,174.65039217924064,9.672529767840379,155.14786743431966
CMR_1780,CMR,0.25940460654787434,191.0329047003825,60.08294326278942,54.999549418859765,68.72496506855518,57.47035785021871,1.0580700108222185,1.092426099807038,60.18077375456071,46.13170482697468,76.92627107959167,60.931158597963616,46.88208967037759,77.67665592299457
CMR_1781,CMR,1.1397013919912502,411.5243386694198,120.03451667430622,118.7811116480202,147.61883432669293,120.46214681272166,1.0874143361181492,1.0105522250877748,73.8763425559096,53.588301742669714,90.96021374056727,74.62880926109644,54.34076844785654,91.7126804457541
CMR_1782,CMR,0.8782430730977787,443.92751609570723,131.20336494813037,114.40278706445243,160.90451529351776,105.74562925047191,1.336287070433664,1.1468546205453265,23.824998165467324,28.917873095424273,64.35735216604488,24.56853395207426,29.66140888203121,65.10088795265182
CMR_1783,CMR,0.2694011791652373,199.06256313074374,57.76091539796995,57.50668054097746,74.09559167918195,58.567246367868684,1.0818945015035464,1.0044209621317184,165.04189780474817,157.8787408713445,27.533062197838692,165.786128441011,158.6229715076073,28.2772928341015
CMR_1784,CMR,0.4469111961794947,322.35096505616565,123.5998467199417,62.4566536018283,123.93310977314074,75.43374629173782,1.3602333709031453,1.9789700470971685,134.78820408057263,130.56165292165662,134.7644160024906,135.53258113824228,131.30602997932627,135.50879306016026
CMR_1788,CMR,0.4767476922916666,280.23031787728814,117.75581362861071,56.26939981483247,117.96804423698264,77.9111041307323,1.1448956035726594,2.092714939489555,52.574954253271684,49.40428202569231,45.966925611880995,53.319939552476114,50.14926732489674,46.711910911085425
CMR_1789,CMR,0.24938254467671286,190.74493720575776,60.01794249220542,50.0149548329367,75.65036921098209,56.349242909650016,1.077494498895942,1.1999999338734058,56.72296708903952,51.3220808209979,90.95718253831713,57.490809265482326,52.0899229974407,91.72502471475994
CMR_1790,CMR,0.4245062716026243,246.06982221339823,70.02092099420177,69.81898422762286,90.10434621136346,73.51858078013657,1.0653967510098459,1.0028922902390067,151.40549827658435,140.40448503633996,0.9574141460554776,152.17300605875442,141.17199281851003,1.7249219282255617
CMR_1791,CMR,0.6793410570104415,352.69337818264853,114.22171832937264,97.7156097144256,126.77311098491849,93.00343532084601,1.2071144327066807,1.168919875372893,45.61047295603383,57.318972999914514,12.880755191194678,46.38040552070714,58.088905564587826,13.65068775586799
CMR_1792,CMR,0.6598198683608553,302.4264663355364,99.36423185028008,80.02418740659054,106.49993162288015,91.65744644048242,1.0502729218049982,1.2416774861508528,73.9079471068671,67.54851986931915,90.95398477614737,74.6785080319691,68.31908079442115,91.72454570124937
CMR_1793,CMR,1.9296825987237178,623.9804979705661,201.6163168858498,156.19767778041725,236.85391386949536,156.74655318323119,1.267135750396611,1.2907766603885245,125.2418275882762,123.59593228523079,156.319260619589,126.00854827506137,124.36265297201597,157.08598130637415
CMR_1794,CMR,0.22885189307214523,188.89032478797512,58.20122673626816,49.43287466567061,68.87789216074978,53.97992961712328,1.1138520967134942,1.1773789634914125,168.28637954982153,147.26485777822492,0.9512308526381946,169.05960019592325,148.03807842432664,1.724451498739925
CMR_1797,CMR,0.4748217963406211,270.17275280865806,80.02472719306253,78.85583749785212,92.96858637737989,77.75357791144177,1.1060411688634368,1.0148231219437907,30.795462604196484,33.63734418585398,0.9474465626828854,31.572265805571615,34.414147387229114,1.7242497640580154
CMR_1798,CMR,0.31934644521046274,216.92362052122346,66.45638600518971,52.885803296417464,78.49155704299575,63.76554888907977,1.082856403836453,1.2566016182587045,91.28342769542712,61.38819989157378,102.25631198387461,92.06126976817892,62.166041964325565,103.0341540566264
CMR_1799,CMR,0.10892675010085509,128.3730282473712,39.90695612467913,31.384054716926514,46.91791526953604,37.24108560553701,1.097239872202164,1.271567886451457,28.156851942266986,53.84873067816854,19.380676507775444,28.93522245249702,54.627101188398576,20.159047018005477
CMR_1800,CMR,0.12901215709830863,140.0451157809861,43.1727090489615,31.539300611051978,51.058653267193236,40.52941896562937,1.0998861074876314,1.368854356707991,9.278094049415431,159.53329790203932,14.985754880931838,10.0526798507817,160.3078837034056,15.760340682298107
CMR_1801,CMR,0.4144935140178298,274.09993637360316,111.6628841048052,54.65449248984205,112.01196759498956,72.64637176650596,1.2010058785935465,2.043068721671116,37.04329907810486,38.75206527694778,34.22743687730359,37.81056163340572,39.51932783224864,34.99469943260445
CMR_1802,CMR,0.508931988409659,290.0529587971685,97.53586398891075,69.45226890587654,117.36444639718236,80.49797098212323,1.1469447387997158,1.4043582092486253,27.260310432054432,35.33307025289325,0.9560205560717427,28.028193801173874,36.100953622012696,1.7239039251911858
CMR_1803,CMR,0.20902825600157718,195.5937275056484,73.99719685619063,29.707413444484736,77.67327922867598,51.58905324855586,1.2068338769587548,2.490866362178307,10.706839939356609,29.928985390919742,9.085043281001456,11.475703508701999,30.69784896026513,9.853906850346846
CMR_1804,CMR,8.754707640788933,1288.9417923795572,386.2428049820853,330.33594517208326,474.63432234742487,333.86883608458504,1.2288745485844734,1.169242435245363,36.74870839726801,33.8821955243289,69.41634864938202,37.51833141887437,34.65181854593526,70.18597167098838
CMR_1805,CMR,0.2294788350793703,177.106247442604,53.775175905136855,52.98901612970297,62.6561449567369,54.0538183205232,1.0429359334359765,1.0148362780224034,30.633667642547593,52.22591887925022,19.384768818871514,31.40751748182003,52.99976871852266,20.15861865814395
CMR_1806,CMR,0.9546860292391992,461.56946726257917,180.00913131840034,84.96786451794618,180.52577714162544,110.25171224219324,1.3326062843134467,2.118555436689601,15.858100878045624,8.468892414682939,18.73272191711048,16.63340357828654,9.244195114923855,19.508024617351396
CMR_1807,CMR,5.958072933718205,1036.4074180032512,379.28352481550087,220.06530216518723,394.6825616668142,275.42792286960054,1.1977679090323736,1.7235044374728368,11.214545476522842,21.70439063840995,0.9583306728762885,11.979882767522357,22.469727929409466,1.7236679638758026
CMR_1808,CMR,0.13829418239201882,151.31484372832935,47.51112968587437,42.90346710581254,54.510903851344345,41.962080719184506,1.1478222685716866,1.1073960425785168,29.594357270049315,14.1764078095309,61.92028356659697,30.36728956819815,14.949340107679737,62.69321586474581
CMR_1809,CMR,0.5646318846130838,309.40772252558867,120.63543625032258,56.07394442001428,121.01305436932796,84.78865747891753,1.161565000200583,2.151363480812393,9.162047971136744,10.674238303248917,6.146712599405746,9.933346949651359,11.445537281763531,6.918011577920362
CMR_1810,CMR,0.24865619804059289,221.22630585714847,92.86696696251256,36.74453508765927,94.7256351566993,56.26712222859642,1.25150385250129,2.527368130824497,141.2137472794813,129.78525234155506,141.15412750723783,141.97756111429922,130.54906617637297,141.91794134205574
CMR_1811,CMR,4.206938068286021,865.9094256036482,324.57162050167426,204.83980688502132,325.91319429479773,231.43983906824508,1.190925174416899,1.5845143843738323,157.76138599808698,157.33783606775035,162.53831135721424,158.53873849719457,158.11518856685794,163.31566385632183
CMR_1812,CMR,0.30843078106355976,236.13796700470002,94.89091549880652,49.279891044398916,98.41128657133255,62.666280188286066,1.199449674930411,1.925550432189758,172.40144855889426,165.31655216733287,0.9591601589244662,173.1657524965552,166.0808561049938,1.7234640965854169
CMR_1813,CMR,1.8556406158215524,502.90509703745744,155.51454840198767,148.53726937131634,173.79733621971047,153.70995455339613,1.0414397991616895,1.0469732549965585,172.53127811949594,168.54331017117838,135.95356404187407,173.30117770868839,169.31320976037082,136.72346363106652
CMR_1814,CMR,3.4865961133253665,858.3884916599097,288.7822628747137,177.57006657678664,295.43422700827836,210.69580081258803,1.2968153234566848,1.6263003581734625,27.80046756781912,48.67010945017913,36.48861874269918,28.573277674603933,49.44291955696394,37.26142884948399
CMR_1815,CMR,1.2805205396000041,423.51130873456384,139.72041170370557,119.82438100422378,151.6781490794904,127.68748524676701,1.055763892759886,1.1660432587486553,30.814461456745423,25.080355136197873,0.9526770371993186,31.58509460263992,25.85098828209237,1.7233101830938153
CMR_1816,CMR,0.6547904451298279,304.2149277249199,93.9205072886821,91.91966028527202,115.11700631859149,91.30745250274134,1.0605335749195508,1.021767345497149,128.2801564733662,122.48684313803551,169.64237006370527,129.051088851144,123.2577755158133,170.41330244148307
CMR_1817,CMR,0.5216739494031929,331.22031505345575,139.34016493842904,62.18949664747314,139.35361605750396,81.49944182866014,1.2936370902769665,2.240573930486872,40.621990246301095,40.17793883658156,39.38185177969769,41.38703138679474,40.942979977075204,40.146892920191334
CMR_1818,CMR,2.76627601093965,622.094158571476,222.96418126824793,154.16793852090774,230.9014348807474,187.6734400169774,1.0551238406061842,1.4462422174634597,3.790218395789983,173.4377738569434,9.076433450367238,4.566879600814744,174.21443506196817,9.853094655391999
CMR_1819,CMR,1.13012810101819,396.15256808398516,129.76521415338766,109.77949963098527,143.18403365018386,119.95514948649826,1.0512202218748683,1.1820532484624426,154.03875452104913,146.87663209219505,0.9517257762862057,154.80997586872957,147.6478534398755,1.7229471239666339
CMR_1820,CMR,4.822593496921501,1121.3695721624579,447.22960053489675,191.25647381486854,455.40999917630944,247.79662524867217,1.440467643684791,2.338376273567627,26.282804641215677,26.768643817837326,15.813971694603763,27.057350231228384,27.543189407850033,16.588517284616472
CMR_1821,CMR,0.7799809472295435,327.02827743790124,103.93211470357144,97.00015053349843,116.53012392307683,99.6545325689025,1.0445719937341118,1.071463437241565,28.900662307792373,20.90564748995459,166.91846677956036,29.66880974829266,21.673794930454875,167.68661422006065
CMR_1822,CMR,0.26939026616962836,199.02326071525698,64.47108905266728,51.16339350976827,70.08525498895463,58.566060124777216,1.0817028041706833,1.2601018937564856,115.11453510221821,146.9410401958016,121.92117942836482,115.87985568065606,147.70636077423944,122.68650000680267
CMR_1823,CMR,0.23442011486824277,182.77222965110997,59.43201727265435,50.01543166654751,68.8003356894938,54.63267889565786,1.064897581334354,1.1882736046124154,31.01434730995795,45.85367765963825,0.9468235268225562,31.79022321724298,46.62955356692328,1.7226994341075819
CMR_1824,CMR,0.64970616672796,309.1431402867293,114.88178178850883,72.57116235417091,115.43210801961712,90.95227231555766,1.0819225874616907,1.5830224852655428,100.58501930666594,111.60744371255741,104.98672697403155,101.35719401866946,112.37961842456093,105.75890168603507
CMR_1825,CMR,0.19399609656910197,172.187937075015,50.09575964652157,43.48289572081246,63.9203457353306,49.69944684561812,1.1028115226880464,1.1520796583596424,77.84832574323117,64.45435750033889,104.98547059571654,78.62176157759434,65.22779333470206,105.7589064300797
CMR_1826,CMR,2.951338328204959,633.845495082113,219.90682067307765,170.0510965902065,227.52025445523458,193.8494433668335,1.0408040585182081,1.2931808443612378,10.550320789723838,23.43726547208095,0.9543418307190679,11.318637448766324,24.205582131123435,1.722658489761554
CMR_1827,CMR,0.10892502133445928,128.37200861851002,39.90663640793576,31.383803512605844,46.917543735571435,37.24079007944848,1.0972398642823764,1.2715678771028047,63.741136436574884,38.04926440086963,72.51732389779586,64.51150686257914,38.81963482687389,73.28769432380012
CMR_1828,CMR,1.0201022435949858,378.3273066497623,140.8765400041601,91.83910750245252,143.1285827221692,113.9664212045898,1.056673717109369,1.5339493581250019,132.11224204019055,125.78238687443611,135.95971679905324,132.87510029780094,126.54524513204652,136.72257505666363
CMR_1829,CMR,3.691792509575519,722.4481754630222,231.83505040191696,210.18559157492533,274.22153758772475,216.80720039123742,1.0606769336550876,1.1030016313904858,166.759588436333,162.47176835473735,27.518644048492707,167.52844225351365,163.240622171918,28.287497865673362
CMR_1830,CMR,2.340843500961979,597.3410044783557,185.27167845362794,180.01862776325754,205.70082783773518,172.63992914332113,1.1013648354232568,1.0291805951175157,40.05195730651967,39.85405784787142,5.039991237929765,40.81994194294552,40.62204248429727,5.80797587435562
CMR_1831,CMR,0.1789866733263105,165.262278164598,49.082636673226276,40.01185753316877,60.93971105140543,47.73813051007055,1.1019412865769849,1.22670227525773,71.59441523599135,52.406462296927884,90.95807316693131,72.35866154326149,53.170708604198026,91.72231947420146
CMR_1832,CMR,0.4594166494046594,323.2036213811257,120.75415872776404,55.49747063123786,123.58308714791139,76.48185703366141,1.3451413436618795,2.175849770346023,13.416179896173325,28.349230803012695,13.596179946330519,14.185350108043215,29.118401014882586,14.365350158200409
CMR_1833,CMR,0.17412044490686063,160.0360165470364,56.486571976965095,39.86816509805247,61.29887880319378,47.08471471744256,1.081901982800445,1.4168340037230462,129.2041824849317,142.01341893421588,117.52079015480088,129.9703627580584,142.77959920734259,118.28697042792757
CMR_1834,CMR,0.8045639664652041,459.5672232271537,187.49665724133814,79.55195807959106,187.5002332803997,101.21277875705584,1.4453193787947263,2.356908136110859,124.07628929364066,122.37275745055827,122.72662287175518,124.84337469588107,123.13984285279868,123.4937082739956
CMR_1835,CMR,0.13896439464220667,145.25709875843387,40.0120625821133,39.079871256705125,53.48177533140837,42.06363780852064,1.0992099823524715,1.023853490183856,65.87813974367117,46.19839425511323,90.95290931474253,66.64695456100343,46.96720907244549,91.72172413207478
CMR_1836,CMR,0.10892604025312609,128.37260901433456,39.90682296809689,31.383950323263093,46.917763177610276,37.24096426003149,1.097239864122534,1.2715678732933848,118.15846214810021,143.85033412658498,109.3822746335916,118.93281291347516,144.62468489195993,110.15662539896655
CMR_1837,CMR,3.2816225990788843,684.002118292397,206.19065109598384,204.25118879084746,233.77202958422302,204.40870001161448,1.0651436871852986,1.009495476215428,41.056201343636886,50.550489387850554,84.60483571102539,41.832852348358735,51.3271403925724,85.38148671574723
CMR_1838,CMR,0.20938356234396638,173.0495980558528,50.01543021118539,50.01542983104154,68.24644702796421,51.632880182482396,1.0668279140468617,1.0000000076005315,135.946062626646,135.94606263897313,0.9460663066570818,136.72131005056747,136.7213100628946,1.7213137305785438
CMR_1839,CMR,0.3042761035793724,217.4807013752369,80.6032639369484,47.29183805417414,83.504770797817,62.24278011104496,1.112197385438419,1.7043800210221278,110.34319607887932,124.52855733948381,109.38041433115198,111.11902384707253,125.30438510767702,110.15624209934519
CMR_1840,CMR,0.23930599765377647,186.872276479991,61.957490007952885,46.83826750685882,68.52098821276118,55.19908146926797,1.0776138202656336,1.3227963651490753,110.81632007646947,135.73788757250097,102.26286632989158,111.58461713144051,136.506184627472,103.03116338486262
CMR_1841,CMR,0.2793536068857658,205.41633496017678,69.24208543479617,49.6505485035001,76.41399483640636,59.639253789040495,1.0963592943793816,1.3945885296698177,74.97447506876655,52.85189546451222,90.95514031417147,75.74032978224623,53.61775017799191,91.72099502765116
CMR_1842,CMR,0.4143487365637543,254.93142581493947,80.07634774994251,74.56711508730889,96.21595875113702,72.63368341919777,1.1172115926916752,1.073882872579729,82.64747011138887,68.82482802927146,117.51700488540529,83.41634178410379,69.59369970198638,118.28587655812021
CMR_1843,CMR,0.6750181813576029,372.570972224921,137.38829803279768,68.80680096759524,137.85842548902406,92.70705700860705,1.2792232607846508,1.9967255576596432,50.76085415715191,59.576197417862325,54.84302547448608,51.53042396766443,60.34576722837485,55.612595284998605
CMR_1844,CMR,0.6945409596324628,338.51259817602437,109.95367166401931,92.15092642548966,122.91050942369826,94.03813137458442,1.1458320685677892,1.1931911694118928,80.56105486089336,78.53373583761562,50.5446927094532,81.33349768737328,79.30617866409554,51.31713553593312
CMR_1845,CMR,0.20938395755473097,181.3365964727287,75.31976812217037,35.36628324648352,75.65116224933634,51.63292891090261,1.117915109634659,2.1297055050210694,52.63089807510603,51.3094828147946,45.944591876563564,53.40662322269793,52.0852079623865,46.72031702415546
CMR_1846,CMR,0.6944459110139847,342.081545923627,124.61674531734953,64.74829574126478,136.50032484577858,94.03169654869794,1.1579918468463777,1.9246335967717207,88.61230823470048,70.22303468158049,95.70986280421764,89.38628660641473,70.99701305329474,96.48384117593189
CMR_1847,CMR,0.5997730823832181,299.2586390105458,113.33577678993919,65.35106054902849,113.33628052268107,87.38734498530172,1.0900546679726322,1.7342607118810414,8.198406627025022,14.811923369562008,14.982750431695077,8.972031174776607,15.585547917313592,15.756374979446662
CMR_1848,CMR,0.103895490583521,125.35121292854856,38.69564091188719,30.0092021208084,46.653988362069065,36.3708464474775,1.0970470642718217,1.2894591717603716,162.63743895538113,144.2433239980206,0.9470060819049918,163.41051571883997,145.01640076147945,1.7200828453638435
CMR_1849,CMR,0.10885811991353246,128.84753785185933,42.32203128830763,30.517843254208096,49.98737538095618,37.22935173212553,1.10164274156018,1.3867962731105468,33.32588065024446,22.971795444629283,57.25777804623223,34.09802990858033,23.743944702965155,58.029927304568105
CMR_1850,CMR,0.10892545694775028,128.37226474690812,39.90671326373806,31.383870215387457,46.91763683901083,37.24086454611696,1.0972398594598254,1.2715676234275233,28.159819328125913,53.851694073567884,19.38363266259636,28.930926631578917,54.622801377020885,20.154739966049362
CMR_1888,CMR,0.14867044120109935,158.9629789459569,60.27732910010293,34.054395853933244,60.52440402203348,43.50782514335364,1.1629974049266758,1.7700307871748948,72.64035981166487,55.47351592654335,72.51894398128894,73.40049972024784,56.23365583512633,73.27908388987191
CMR_1906,CMR,0.22397284309848536,205.37745847049402,78.7085608957753,30.009458593234335,82.42556480499279,53.40141203936049,1.22419376068697,2.6227917658441275,92.61248214080997,109.15478814199271,90.94171772696555,93.39498618835705,109.93729218953979,91.72422177451263
CMR_1907,CMR,2.901313558277976,631.6329125196612,210.06569381745004,179.74129616752734,227.42810162453526,192.1995617600572,1.046074187958178,1.1687113551337638,163.79725002729887,157.8397130657122,0.9439202189670438,164.57740220115173,158.61986523956506,1.7240723928198938
CMR_1908,CMR,0.5043706595929076,282.5082202023659,91.84706056521686,60.60621385740921,105.20582356351126,80.13642548790452,1.12215086798666,1.515472667230283,7.66017286714257,159.4342497275523,10.400861270184413,8.445676425402072,160.2197532858118,11.186364828443914
CMR_1909,CMR,0.8049055546313303,333.6018782073843,105.8554208082267,92.09547779876411,118.84521794286378,101.23426208224163,1.0489410768522682,1.1494095403851332,116.21462178096192,133.0682142445329,102.25011829931331,116.9984308439556,133.8520233075266,103.033927362307
CMR_1910,CMR,2.671067494244441,653.2787744337845,219.90987941851796,170.05341738337054,229.67107743032622,184.41552972373785,1.1275899196115133,1.2931811827265451,166.639017999911,164.17797755851873,0.9423396684788555,167.42059633102966,164.9595558896374,1.7239179995975178
CMR_1911,CMR,0.1740143279390192,165.1626598532702,50.01589978948602,39.294817369100215,61.12352132409706,47.070364740723235,1.1169003628778509,1.272837059393395,11.8333573573599,39.13248206644809,0.9388675915996508,12.618381429022598,39.91750613811079,1.72389166326235
CMR_1912,CMR,0.3045443617209231,206.25370228942447,69.71730893409358,52.887308884288764,71.83033130240793,62.27021153562985,1.0543178011073073,1.3182237932852072,1.5195379253971633,165.515989630383,12.249774814789658,2.3034510646452646,166.2999027696311,13.03368795403776
CMR_1913,CMR,0.5045528019842493,278.3850333789329,99.25272088323135,70.02208149496296,106.26948789968954,80.150893937203,1.1055735493049599,1.4174488784708734,117.36725521076123,112.15894131668915,90.94099655438889,118.14986051229045,112.94154661821837,91.7236018559181
CMR_1914,CMR,1.0847608411132965,414.7570253823075,139.60117082224434,99.35798418676754,163.61612214609062,117.52278074848408,1.1233674076000182,1.4050322373673556,166.86159735896243,148.41213101745439,0.9426083763298617,167.64246192917705,149.192995587669,1.7234729465444902
CMR_1915,CMR,0.9098882006559891,380.6422155521679,110.03439195043002,109.90178613175392,146.49434166621185,107.63389978826967,1.1256879156798998,1.0012065847457394,147.44589995447535,138.68422321875258,0.943643046271356,148.2256244025018,139.46394766677903,1.7233674942978041
CMR_1916,CMR,0.8844496791372223,417.49193898552284,136.6118131959602,103.30957634163136,147.05642463592667,106.11862733779766,1.2522948601484412,1.3223538226911575,91.0660989889751,73.17273803236273,112.12449021145154,91.85178148362084,73.95842052700847,112.91017270609728
CMR_1917,CMR,2.8004893536075177,627.1571045623494,189.86652526850935,180.05780132677666,220.50901582759155,188.8304474819383,1.0571934199948971,1.054475417723953,54.291300000029565,54.72045939717121,90.93538798253603,55.078687048650536,55.50784644579218,91.722775031157
CMR_1918,CMR,2.1256327859006916,610.0513770340289,229.36296374053506,139.58772256050915,252.66852247299644,164.5126050062527,1.180367816694569,1.6431456831105595,158.83954010163336,155.4851518172804,0.9285720535089703,159.63349762790395,156.279109343551,1.7225295797795719
CMR_1919,CMR,3.161701028555952,656.6735385390774,218.74812282736923,174.47156190997006,236.62775105786667,200.63904849722738,1.0417995942358615,1.2537752309470729,44.85922093418198,22.9318593845767,64.35826955910655,45.65832991528265,23.730968365677374,65.15737854020722
CMR_1920,CMR,0.10893107110962386,128.3755738928926,39.907744549162786,31.38468109053707,46.91884513328932,37.24182425541626,1.0972398675846957,1.27156762989048,118.13729339775627,143.82917496184078,109.36112316402021,118.93344781619842,144.62532938028292,110.15727758246237
CMR_1921,CMR,0.159105422134238,155.86687893042316,56.34572193013105,33.966230839711955,60.36423420235155,45.008811942006766,1.1023167764590764,1.6588747275501021,1.0947372179999704,164.6999475836429,14.961896607203569,1.8914039826238815,165.49661434826683,15.75856337182748
CMR_1922,CMR,1.790536979301342,509.194348375831,156.52396186004958,149.90680465627227,173.52242175508772,150.9894860034007,1.0734627911329513,1.0441418067642099,100.66317158602367,105.08681007068108,70.73789710833124,101.45079146632595,105.87442995098337,71.52551698863353
CMR_1923,CMR,0.25400847659068576,199.51876769496835,60.16471840041542,50.20897780620818,74.82776375205675,56.86946782705083,1.1167468004036185,1.1982860641503887,28.62702892562968,50.886443537347226,10.399354224521407,29.412326193808614,51.67174080552616,11.18465149270034
CMR_1925,CMR,0.4897604558649684,259.5393846914693,90.9999310686411,69.84700021599642,93.22514177919837,78.96723243566271,1.0461801617355788,1.3028466618069623,48.451284217519635,58.24995833644319,37.800593114642446,49.242687219310056,59.041361338233614,38.59199611643287
CMR_1926,CMR,0.22394682031728388,192.85111952904833,68.92785242119132,41.78766533370102,70.22022960495161,53.39830966853406,1.14959477722721,1.6494784255296073,13.079299251312463,166.93052823425973,9.058747474811195,13.872609323376285,167.72383830632356,9.852057546875017
CMR_1927,CMR,0.2190201818852807,185.27235001286007,59.08692335398767,40.0127541236985,69.0460581467986,52.80768473162096,1.116769669893965,1.4767022327761248,98.21535887486812,124.30824616168401,90.93693530156455,99.00028072004054,125.09316800685643,91.72185714673697
CMR_1928,CMR,0.47475134771113736,253.71790533334865,79.71021342959615,70.02203840291921,85.0027264931807,77.74780960400965,1.0387548920128413,1.1383589402372074,5.18830886623479,37.15003481070136,0.940491863133777,5.969620890849062,37.93134683531563,1.721803887748049
CMR_1929,CMR,0.4897356956504423,262.0734211784337,94.338658315144,65.51392673689816,97.23520336845478,78.96523628600926,1.0564213417276127,1.4399786887146155,148.95229035537116,156.28928633482116,142.26922061545267,149.74505772046192,157.0820536999119,143.06198798054342
CMR_1930,CMR,0.7498213948632156,319.41526551018984,99.71361057401975,99.17390971956259,106.95701530607961,97.70886609864661,1.0405712487469148,1.005441964080909,64.55608703617985,57.192097867331306,90.92982226802428,65.3477293740321,57.98374020518356,91.72146460587653
CMR_1931,CMR,0.17899404690065726,165.26568352031757,49.08365394256433,40.01267648988721,60.94096708530884,47.739113815203694,1.1019412952463539,1.2267025914892176,161.5746964072371,142.38674349881552,0.9383523934531531,162.357797849966,143.16984494154443,1.721453836182049
CMR_1932,CMR,0.11901953483339348,134.41056790719028,40.01243563169055,30.00932434805263,47.55577241268145,38.928187518283046,1.099054831472499,1.3333334388878717,0.9440134106554768,144.4977088532951,0.9440133162219152,1.721418157792376,145.275113600432,1.7214180633588143
CMR_1933,CMR,0.3092625552630739,214.40325300954217,60.01860807357382,59.436234046728615,82.00002864106266,62.750722311921585,1.0875838962245081,1.0097982995757664,126.02265812007721,135.85003556268398,90.94465187309393,126.79939866686556,136.62677610947233,91.72139241988228
CMR_1934,CMR,0.8499424019935812,341.1368568197129,111.2754282135283,95.96399230365954,119.09371023527265,104.02789419023236,1.0438280512418048,1.1595539695912054,113.26712345386426,133.33058481271468,102.25165812203323,114.04669607877209,134.11015743762252,103.03123074694106
CMR_1935,CMR,14.16887666176586,1659.0348900850477,445.8669802167138,396.357631665044,540.0698621964606,424.7396151789404,1.2433198792051197,1.124910799228686,61.12071718310518,116.18100160466477,73.70665712752815,61.90647748588411,116.96676190744371,74.49241743030709
CMR_1936,CMR,0.3395100782836482,244.7091446230247,97.1869461613561,48.49049032935851,98.53037158544167,65.7478256299683,1.1847287606357504,2.0042475442347585,149.91365139787936,144.90748602184135,154.37977549552605,150.69002538883984,145.68386001280183,155.15614948648653
CMR_1937,CMR,0.5798861773984029,278.54201440329734,90.02815867423169,79.7812354938091,97.42136484702483,85.92636455180426,1.0318448518634047,1.1284377600446878,107.06634904473236,114.72370505947471,90.9420523781124,107.84546501410559,115.50282102884793,91.72116834748562
CMR_1938,CMR,1.3051735695460727,525.1193387607976,206.00682375215143,94.90083159697039,210.86235335465418,128.91076764526727,1.2966385974352204,2.1707588888897362,126.20644853112363,139.2719012027685,120.68786420643592,126.99082692815645,140.05627959980131,121.47224260346874
CMR_1939,CMR,0.20402184365318832,176.33532277552894,49.29786488556363,49.25245065870911,61.51275597373661,50.96750723049088,1.101275686664969,1.0009220703994854,130.17134498988668,142.29015712210497,0.9395629495742321,130.95280932130657,143.07162145352487,1.7210272809941216
CMR_1940,CMR,0.849771448930584,354.43913173372204,112.74833568658264,95.94964837967545,138.94502714101534,104.01743184511508,1.0846401192565207,1.175078153912918,144.00761191146475,136.02105806252152,172.80942662490386,144.78901945113202,136.8024656021888,173.59083416457113
CMR_1941,CMR,1.0147340307571742,400.2193977968535,135.16999224500603,96.21700048436095,144.28771827782273,113.66615570822042,1.1207715275273313,1.4048452099374733,0.3205742822608516,165.90287917505466,11.229292445270886,1.117000275806648,166.69930516860046,12.025718438816682
CMR_1942,CMR,0.1990703716213277,174.4234819830026,50.01567869693688,40.01254882902206,61.58107749463325,50.345235060867374,1.1027998703485145,1.2499998165740271,90.94111623389968,52.53674368117042,90.94111635635035,91.72087121941861,53.31649866668935,91.72087134186928
CMR_1943,CMR,3.5171085150843537,862.6431646389202,297.51299326618897,173.40269546331274,313.752573858403,211.6157282559632,1.2975776886551058,1.7157345361400946,6.374731405829112,170.00024576510808,13.464422733406469,7.1599239941047905,170.78543835338377,14.249615321682148
CMR_1944,CMR,0.3393964723728742,238.2264690389785,96.40985176530754,44.519687438965185,97.98330563485595,65.73682453303921,1.1535367092100965,2.1655554499901153,33.099620441754105,38.67156508714101,27.49944674581859,33.88595847601015,39.45790312139706,28.285784780074636
CMR_1945,CMR,0.1387308000354935,148.5213462122215,48.83842483217798,37.76440316455383,59.455147093599095,42.02826913851398,1.124857477543677,1.2932396844555025,139.19212411444983,130.91561907261803,166.9079875696802,139.96847943159167,131.69197438975988,167.68434288682204
CMR_1946,CMR,0.2091824399927222,205.89845710567326,79.07585864907132,39.4259195141423,83.22860781106417,51.60807637016944,1.2699468582519806,2.0056820392155057,168.8092230835714,162.41218556423487,0.9438794191806733,169.58590504643465,163.18886752709813,1.720561382043921
CMR_1947,CMR,0.20529112565719926,196.1179129297658,74.53809808480396,43.59193272401507,82.15614479148338,51.12580359954662,1.22103255397691,1.709905788227198,125.67432011220546,125.16359400908102,99.07412976436619,126.45081881585047,125.94009271272603,99.8506284680112
CMR_1948,CMR,0.4745029729096892,334.27432551659433,141.5961330174261,51.985556566275754,141.59618036540044,77.72746935305523,1.368921738929201,2.7237591048372622,122.53716376509578,124.32603084638346,124.27917368528634,123.33237054272897,125.12123762401664,125.07438046291952
CMR_1949,CMR,0.2844829869596227,224.54467440674367,84.41414800366286,50.26721681377092,84.56331890807951,60.18429934803339,1.1875986017592883,1.6793081724894154,26.400321099680543,35.037474467320635,31.633764174578143,27.180538901336,35.81769226897609,32.4139819762336
CMR_1950,CMR,0.7493215689660163,463.00398683190156,198.1405061741172,60.01920073358563,202.92608195778087,97.67629463337194,1.508848660816733,3.3012853179039663,9.136178116915493,13.402893452795388,0.9350023711703938,9.92159270335337,14.188308039233265,1.7204169576082706
CMR_1951,CMR,0.2891086661267412,218.188172040389,74.29261977610959,41.02537153708993,82.5907605274698,60.67162322191505,1.1447106327582015,1.8108945024164775,6.196417284645921,160.85204387409274,9.063727946568344,6.983102322271842,161.63872891171866,9.850412984194264
CMR_1952,CMR,0.18878229844924527,182.5861878731834,73.15452557371641,34.361607377425536,76.98948566510346,49.02704230642255,1.1854475804882816,2.1289611038910996,110.31516914672837,120.09970452469982,100.40160273758748,111.09617130940468,120.88070668737613,101.1826049002638
CMR_1953,CMR,1.2553355789304859,540.8739332046597,208.9427406660238,96.83698857151789,209.221682878987,126.42558684883784,1.3617933237201902,2.157674910674359,117.8689548702008,116.61761001268242,119.57657394441702,118.65178366487453,117.40043880735615,120.35940273909075
CMR_1954,CMR,2.586252011261421,586.8523561600101,188.35518224523048,171.08475213267755,201.2964161984986,181.46400010439788,1.0294102774573137,1.1009466354965378,80.2530830385475,83.09555632615184,61.17924461019733,81.04906469034538,83.89153797794971,61.9752262619952
CMR_1955,CMR,1.5103431810015364,464.8034714325645,161.46180650567342,121.97166176508424,164.25371429921603,138.67330904583815,1.0669071150571978,1.3237649153017745,26.78031200925627,25.578406060938832,36.4695979090199,27.568441324521928,26.36653537620449,37.25772722428556
CMR_1956,CMR,4.04718410590277,979.388227006438,369.132070702621,166.29353173431807,369.85016341906646,227.00297021094303,1.3733254449422858,2.219762048787151,5.8555888879380955,178.0621367412196,5.3442011637476,6.644429625315961,178.85097747859746,6.133041901125466
CMR_1957,CMR,0.4640077007788767,359.2589954725739,157.75964647239354,39.4689870268214,158.24012645978976,76.86305703608897,1.4877848262746736,3.9970533412774683,164.05073279861176,160.51059905476538,164.9766834912822,164.84854708644679,161.3084133426004,165.7744977791172
CMR_1958,CMR,2.3899502351214807,743.8372475859388,314.4130602471599,101.97648128799722,316.2942471679448,174.44136978669277,1.3573084750931963,3.0831918916598937,4.492575025547796,176.51587884359674,2.7679432676790032,5.292129962268889,177.31543378031782,3.5674982044000956
CMR_1959,CMR,0.16895253264837837,164.68948233860118,58.09594051046078,40.01294838661893,68.07878457506177,46.3807121281114,1.130260575432052,1.451928509469428,30.782920443698565,35.339023540234386,0.931158500262383,31.571624181270444,36.127727277806265,1.7198622378342634
CMR_1960,CMR,0.6592518931963784,411.07310721045934,186.02744914652982,49.5130006819973,186.11613847322653,91.6179884279911,1.4281980669355283,3.7571435094655565,137.67211475275133,137.70926868353803,135.94038799321964,138.45160027400604,138.48875420479274,136.71987351447436
CMR_1961,CMR,0.4830745720786492,298.63413368430326,115.34093242766797,61.5462759597978,115.5114127544677,78.42637618980956,1.212069226220311,1.874052176658243,21.676661996546503,30.824418536861245,27.711155649097083,22.45934632179638,31.607102862111123,28.49383997434696
CMR_1962,CMR,0.5145685458432031,291.92728414065635,100.0317966320468,69.44800553383159,110.108214143661,80.94251176263525,1.1480165189493265,1.4403840090600777,170.64017248531857,154.57992490443033,0.9364831161230915,171.42351967311805,155.3632720922298,1.7198303039225598
CMR_1963,CMR,0.18585105279600833,175.98391393228368,65.17330607051063,38.762800962911804,72.77340865322928,48.644928805636084,1.1515572329807369,1.6813363444212497,130.88412293000442,139.69060621738294,112.74337689354586,131.66190750326325,140.46839079064176,113.52116146680468
CMR_1964,CMR,0.24931889105153815,195.27047693457922,66.92132789554195,44.29575028943461,74.06027015394903,56.34205102197967,1.103199513696306,1.5107843858218601,88.36682137992727,68.08405315576758,100.40337712840874,89.14546325452372,68.86269503036402,101.18201900300518
CMR_1965,CMR,0.2583202870085357,220.08804557179596,90.70144659225976,36.78148393150966,96.01479789709991,57.3501181015876,1.2215528590939724,2.4659539773097188,110.53516901596194,118.21081373933637,99.06048532812724,111.32442209073457,119.000066814109,99.84973840289987
CMR_1966,CMR,0.4394316815450923,286.3580528121662,114.29668353561186,54.396678958377414,115.00722305033295,74.79985255016753,1.218593300532494,2.1011702501740595,20.86889121942781,30.6903145345345,24.318061121660225,21.65970347490204,31.481126790008734,25.108873377134458
CMR_1967,CMR,0.8695755372120142,401.24024664297883,133.07933370660234,92.87928873176922,140.44139630355815,105.22252425753051,1.2137965529955645,1.4328203361992666,23.058271049425127,171.4077743829667,21.3314372769321,23.844284468214457,172.19378780175603,22.11745069572143
CMR_1968,CMR,0.10339036387884273,137.0968162231677,56.39741581752297,23.925471052817308,58.1194671826571,36.28232349713846,1.2027694966006892,2.3572123488403367,154.77226281758243,144.38590921283043,159.13546956946288,155.55483950470148,145.16848589994947,159.91804625658193
CMR_1969,CMR,4.119298308833153,958.0018632964164,361.59816763215315,179.373555133277,361.61974013078697,229.01645144764274,1.3315264564714329,2.0158945244937625,35.34722084348499,29.358153773391948,29.983993499063256,36.13368195294736,30.144614882854317,30.770454608525625
CMR_1971,CMR,1.0334855579445614,490.4150024098481,179.44956249150724,100.03227598660666,179.66707284398086,114.71158098848169,1.3608385679522346,1.7939166206268642,1.4935673017321802,3.7513632151578746,0.9316988126531586,2.2811150176508517,4.538910931076546,1.71924652857183
CMR_1972,CMR,0.2389370047781555,195.87579993178505,72.4722571853634,47.05621256408722,80.26441101692973,55.15650851750155,1.1304051916676636,1.5401209157379876,49.83184836175358,46.77541707507276,72.50006219304497,50.61592207281953,47.55949078613871,73.28413590411093
CMR_1973,CMR,0.27911626203324946,206.6340990754172,68.37612143301759,50.015944780270644,82.47353987799248,59.613913006897555,1.1033276166718988,1.3670864707925965,152.74003013128402,145.4983961102082,0.9351230558595263,153.52388501391664,146.28225099284083,1.718977938492145
CMR_1974,CMR,0.9298546962802994,422.0134755228736,159.26449801901703,92.45315584591613,159.50527695063883,108.80844499218713,1.2345646642717605,1.7226507474168835,149.8623898752861,150.81250815025635,153.96108283833243,150.64671565870967,151.5968339336799,154.74540862175598
CMR_1975,CMR,1.5555395498297757,477.37577664177087,162.4592596700763,123.7014712693113,166.9720147057318,140.73288415444358,1.0797293755664348,1.3133171174365839,157.1820968148257,163.86934794735873,148.8447457321039,157.9708232577678,164.6580743903008,149.63347217504597
CMR_1976,CMR,0.1639349391902243,160.9859780400766,52.213113785365785,39.453684912888875,63.09670245575133,45.686808527270514,1.1216241623998695,1.3234027163913558,139.31690040185495,153.1066274505843,117.49709909018905,140.10374992855762,153.89347697728698,118.28394861689172
CMR_2024,CMR,0.319385445539467,221.19483914246962,79.15266731915987,49.69847529651388,81.03789972870231,63.769442468451,1.1041103912224886,1.5926578601640133,85.82111642523472,103.29110831395721,90.90823179694128,86.63470434977361,104.1046962384961,91.72181972148017
CMR_2025,CMR,1.0048686342377047,384.67246620523304,109.85611672348865,109.35965815162879,134.61098448021139,113.1122664601616,1.0825090219454778,1.0045396865741067,124.78403932162452,127.47239904681341,90.91044610730731,125.59527992065725,128.28363964584614,91.72168670634004
CMR_2026,CMR,1.235362326118897,426.5570061659803,156.21550345149794,104.53937758300401,160.48074484273127,125.41579508541163,1.082617320977183,1.4943221115647376,159.11318314875115,158.96226779579456,172.7791108669346,159.9256364968325,159.77472114387592,173.59156421501595
CMR_2027,CMR,2.9617137969596583,641.6494510330409,200.07020659032412,189.88121449791015,213.29849278108327,194.18988455830456,1.0517713844507484,1.053659821585595,9.387116564497342,53.14589611335348,0.9067529917755549,10.20197979983525,53.96075934869139,1.7216162271134634
CMR_2028,CMR,0.133926364622734,145.3641141894776,48.70097602389367,30.01059910095599,55.00228963774485,41.29410896487357,1.1205190232393678,1.622792529401464,174.2262357883131,150.44135650030807,0.9045209883510977,175.04328283163449,151.25840354362947,1.7215680316724955
CMR_2029,CMR,0.5598535595800463,352.2480738775497,140.243645888299,69.0271530966496,140.2437056336439,84.42912360779653,1.3280256801584087,2.031717079392429,140.30540630756326,141.64376136498223,141.59087244106232,141.12679072926355,142.4651457866825,142.4122568627626
CMR_2030,CMR,0.15897806240450327,156.57426238226765,48.9423971190222,39.29601163541233,55.59113269758491,44.99079414711281,1.1077629675805336,1.2454800139288655,86.12136263867077,121.58504723257258,90.90895303427389,86.9337570818719,122.3974416757737,91.72134747747502
CMR_2031,CMR,0.6397963252644324,294.11783488597905,89.78740401151727,89.66027823618448,98.99731607524645,90.25596832913135,1.0372789332421535,1.001417860593717,143.3389927951841,127.44818632148882,90.91070089718545,144.14964556007396,128.25883908637869,91.72135366207532
CMR_2032,CMR,4.932891204842606,853.6630344870724,269.45146694019735,240.92476420425058,298.40769672572907,250.61428833731503,1.08425335662089,1.118405025029982,131.30016978994013,154.95645162577785,106.1729944662301,132.1035855283471,155.75986736418483,106.97641020463708
CMR_2033,CMR,0.22905164886269616,187.33472428485044,50.8581400088606,50.289920047908424,69.06462712515561,54.00348295422969,1.1041972017975583,1.0112988837606198,162.28318452641372,147.33614471311586,12.221116025882935,163.09330983352706,148.1462700202292,13.031241332996274
CMR_2034,CMR,0.9696386553201366,396.19873910547636,110.03892996351877,109.7574621546863,126.22992179837873,111.11175815625572,1.1350191702796415,1.0025644525967246,40.39313591150059,39.47375622556627,0.9039086167479512,41.21048787290285,40.29110818696853,1.7212605781502106
CMR_2035,CMR,0.12875480364315595,148.02727788251826,53.381261770142316,30.572868575190117,59.31377245548166,40.48897474289478,1.1637376909166948,1.7460337959082195,1.1741756993144734,163.3391921423114,12.220988010003616,1.9843789304587771,164.1493953734557,13.03119124114792
CMR_2036,CMR,0.17901166653714573,166.11230134321468,48.836442932308366,43.7035482067304,60.37416423800258,47.741463404889274,1.1075317755942768,1.117448009056333,100.14254027800953,72.77507664953797,117.46496258779473,100.9638801138679,73.59641648539633,118.2863024236531
CMR_2037,CMR,0.20934641804117232,175.9482368245687,60.130799175448324,42.765909300189996,62.365793781559354,51.62830018494501,1.0847938637770351,1.4060451457577492,18.20580242131076,38.82892216427494,12.215767008258346,19.021110974761147,39.64423071772533,13.03107556170873
CMR_2038,CMR,0.649943499951269,312.42576420373496,109.62685273110773,70.0247838190961,112.52213309511292,90.96888292056421,1.0932112855712957,1.5655436083076055,6.03657857309493,167.87787301445948,0.9035589225130038,6.854161074818902,168.69545551618344,1.7211414242369756
CMR_2039,CMR,0.9301243897062424,362.76046523647295,132.483967297905,85.92533226297519,137.86924926509536,108.82422315351704,1.0610711388999134,1.5418499272419073,139.336003245642,149.3716292556211,129.57049984495467,140.14628624419703,150.18191225417613,130.3807828435097
CMR_2040,CMR,0.10893638407683463,128.3787035788774,39.908714883310836,31.385444352747065,46.91999011026574,37.24273245441099,1.0972398594715667,1.2715676233469595,28.113789239830307,53.80566398193819,19.33760256780017,28.932041660169077,54.623916402276954,20.15585498813894
CMR_2041,CMR,1.350476677333995,429.4241294476628,135.58625728774362,123.6026918762066,142.21657679241795,131.12895598700504,1.0424085568301555,1.09695230119696,82.01401317707735,116.6607178353456,97.24430358623918,82.8307906935776,117.47749535184585,98.06108110273944
CMR_2046,CMR,0.1791744264204792,164.55004092887634,58.038566571568616,41.48069974899983,64.3135480383135,47.76316207327514,1.0966171946332606,1.3991703834014522,148.84193024579744,154.1250136726831,127.76449618285277,149.66761008606323,154.9506935129489,128.59017602311854
CMR_2048,CMR,0.20413394624732417,177.93644176641862,61.951750381023224,40.731394564564994,67.94453005174148,50.98150770474871,1.110970057116254,1.520982795784735,65.16004186636955,46.27784570675288,72.46065778244646,65.98467234026947,47.1024761806528,73.28528825634638
CMR_2049,CMR,0.6927450745159953,367.8090970406587,146.2886288252714,72.09917767049262,147.20319482653434,93.91647476850227,1.2466105878118021,2.0289916411229973,126.15123610685228,133.0277566066332,126.22257771631428,126.97393247172872,133.85045297150964,127.04527408119071
CMR_2050,CMR,0.1589246215273853,156.11134208678044,49.08549879442994,38.819002989304245,60.302623393941126,44.983231626989195,1.1046734913066505,1.2644708780376046,132.49305970807154,129.6154177884466,166.8771996988939,133.29966407529338,130.42202215566843,167.68380406611573
CMR_2051,CMR,0.1339227083509505,145.36212745478934,48.70030671060608,30.010190427742806,55.00153865778977,41.29354528379274,1.1205190043037603,1.6227923254224093,174.2380818372788,150.45320309819922,0.9163709663610181,175.04172851608988,151.2568497770103,1.7200176451721063
CMR_2053,CMR,0.11392504724298758,136.67918740095445,48.700440885008796,29.336256199771377,51.03266627076105,38.085939043903515,1.1423201758302175,1.6600768875678256,94.48191646522838,69.94285630757183,90.9137728270124,95.2880397836377,70.74897962598115,91.71989614542171
CMR_2054,CMR,0.1938259939616694,176.536477667247,66.18635971271591,40.013644359655366,67.821498321176,49.677652954784044,1.131158635145165,1.6540947662205385,19.828843360187516,34.15941767379395,0.9149362922354121,20.633737211168455,34.96431152477489,1.7198301432163525
CMR_2055,CMR,0.2040431366746427,176.34452381090904,49.30044287837661,49.255012569366244,61.51596587442975,50.97016680823761,1.1012756837655346,1.0009223489476606,40.122410077441884,52.240905063804064,90.89030916136689,40.951886064089834,53.07038105045201,91.71978514801484
CMR_2057,CMR,2.2811409207377995,610.6701880966936,215.4630210704677,153.75182273224632,224.60722768572606,170.4241422861487,1.1405799405023094,1.4013688894322207,147.08606245243894,135.8440758497815,163.8431752406151,147.91729105912128,136.67530445646383,164.67440384729744
CMR_2058,CMR,0.2743995100648063,216.83095485848193,74.9125309420457,48.702401736069525,83.27689000534968,59.108062670879825,1.1676822660629875,1.5381691307138283,132.65958329428082,145.05546683903518,117.47151544691184,133.47240427654356,145.8682878212979,118.28433642917457
CMR_2060,CMR,0.3242072868997548,237.6913191857674,102.55044658425443,42.44122088468845,102.82567187145597,64.24901076063865,1.1775978472068325,2.4162935100967284,144.42462289074533,140.10028013309812,135.90725043130698,145.23660654231963,140.91226378467243,136.7192340828813
CMR_2063,CMR,0.1590282354339273,159.4570582947808,54.089151295425104,31.389992829517546,60.26814183249631,44.99789307111277,1.1279807700507203,1.7231335983155252,8.1717434114955,163.04959943254505,12.203514919646844,8.997252238613946,163.8751082596635,13.02902374676529
CMR_2064,CMR,0.20918282356267842,206.29869308895823,83.05261341254017,34.781062232244544,83.07125068025226,51.608123686040024,1.2724142795134001,2.3878688022226195,45.30312021019997,47.12328495718725,45.90958565352374,46.11260599456401,47.93277074155129,46.71907143788778
CMR_2065,CMR,0.3439857017042968,246.26769937649757,98.87066269346903,43.569239100788835,104.07739344381862,66.17977018949101,1.1844925289831958,2.269276781831128,110.33333874611917,124.07120777365344,104.93227234443364,111.1562576924526,124.89412671998687,105.75519129076707
CMR_2066,CMR,1.0699845200548328,420.12977915890775,165.18844644553815,92.82201254181484,167.93979371588756,116.7196043168536,1.1457497904418703,1.7796257797268011,144.72844472696093,140.68121029081541,151.0667299871105,145.5360502791453,141.48881584299977,151.87433553929486
CMR_2067,CMR,0.4429095836366243,328.59068407863407,142.69640934313682,49.89558196069019,144.25247251653138,75.09527259610527,1.3928128846761594,2.8599006913189022,154.79345195633184,152.9999785825012,162.4763452881533,155.60093709866027,153.80746372482963,163.28383043048174
CMR_2068,CMR,0.154016333449694,152.98055930486896,43.47276347593617,40.43456257750861,55.45867179761744,44.283144229296475,1.0996333993025293,1.0751387106662442,33.23407987508262,59.68192174830563,14.927463814770487,34.06159869704515,60.50944057026816,15.754982636733017
CMR_2070,CMR,0.43947870494292085,317.37506620844425,110.04018942334764,60.021911527626685,122.96223684000769,74.80385459335123,1.3505135764937195,1.8333336380448115,164.71869821678396,152.60827857857802,0.8918397951436349,165.54554884400437,153.43512920579843,1.718690422364045
CMR_2072,CMR,0.1942958843243379,167.08966402015932,52.50675673347844,45.79671844554699,61.74569942734394,49.73783301482241,1.0693327134074107,1.1465178841560402,132.58457088656024,142.1935559527475,104.93591113665086,133.40353619266068,143.01252125884793,105.75487644275128
CMR_2075,CMR,0.23884430400317383,197.39708105163228,61.80542437042466,49.57124694450623,76.8237653330484,55.14580789974772,1.1394056011797955,1.246799872507026,102.01509668561107,120.20367042778933,81.44529740922155,102.82570439085904,121.01427813303731,82.25590511446953
CMR_2076,CMR,0.49417912298907296,288.6597890473141,90.03166261520396,68.70790543741644,110.78134709993913,79.32265764409493,1.1583482869390183,1.3103537655824853,75.6706170113578,53.41899941094325,90.90403034143823,76.48447825204858,54.23286065163402,91.717891582129
CMR_2077,CMR,0.5841516599091879,309.74616824907156,108.04585287159958,67.7208324527321,111.08234580369569,86.2418108297283,1.1432420842355573,1.5954596090798738,84.09278941103368,53.16527450468141,85.70817107073002,84.90809192626688,53.98057701991462,86.52347358596322
CMR_2078,CMR,0.20909416034418823,178.84841927088476,52.67136887764813,41.19950785873503,64.42527422887896,51.59718534216913,1.1033396415858236,1.2784465547075912,97.33525293990189,64.56542543542434,102.19974458487663,98.1633004184856,65.39347291400806,103.02779206346034
CMR_2079,CMR,0.23438952511311212,192.23807705879835,70.02563932937927,39.81270987744935,74.21931672283083,54.629114238262176,1.1201221414993872,1.7588764880594847,179.82438974940658,160.01083046529746,0.8904900947609583,0.6517357916507571,160.83817650754165,1.7178361370051507
CMR_2082,CMR,0.15376212577112894,167.77277904028216,63.93947763267057,30.56281272416733,68.81951911711036,44.24658393755873,1.2069572258146395,2.0920678410632956,92.0290004744415,75.87143913793858,100.34999387790313,92.85873339152732,76.7011720550244,101.17972679498895
CMR_2083,CMR,0.13898269154901283,145.26666153818454,40.01469599719525,39.08244751981865,53.485295044628145,42.066406895993936,1.0992099851751842,1.0238533801370515,155.81431892539152,136.13457309656852,0.8890958044127706,156.64233793460093,136.96259210577793,1.7171148136221746
CMR_2120,CMR,0.1488882583098295,153.3193572939852,51.621870448159825,33.754444039306016,59.49135220695924,43.53968514204238,1.1208870025312978,1.529335526547193,91.5639109308519,72.85871304886534,104.92206016081953,92.39648403211099,73.69128615012443,105.75463326207861
CMR_2121,CMR,1.2751749935621859,476.0087068668544,189.16607206026003,99.57956285741494,191.99646037896036,127.42069016689486,1.1891183222035926,1.8996475444577055,28.0676820604605,35.289843512273265,25.439553697755276,28.898148627578234,36.120310079391,26.27002026487301
CMR_2122,CMR,0.1187978366747015,137.6818462790464,40.0148429190832,38.09126754553801,52.79979841917118,38.89191477456711,1.1268535651352543,1.050499116923467,120.13375221002072,134.1142334033373,90.88634516927672,120.9657285911567,134.9462097844733,91.71832155041271
CMR_2124,CMR,0.14392024499115186,149.62486530601046,48.09494312087876,39.191716043295465,54.7813832726692,42.807119409124844,1.112597028326763,1.2271711467736655,73.65589919641535,61.0682100856386,90.88700152065294,74.48702703319366,61.899337922416905,91.71812935743125
CMR_2126,CMR,0.6644671957484191,328.4158831491353,105.02393771321788,75.52735472313894,118.47045413236445,91.97966676424564,1.1365340413125569,1.3905417195955654,18.520045492569306,42.3524517421521,6.594790224274017,19.353850380858333,43.18625663044113,7.428595112563044
CMR_2127,CMR,0.1287221621749388,147.1151614505405,48.59532629321093,37.866296355223646,59.31018351814481,40.48384210582598,1.156713588962757,1.2833398291012745,154.78909751963857,144.02374857872726,0.8796342420316776,155.62674922537644,144.86140028446513,1.7172859477695401
CRR_1467,CRR,0.949762697481544,362.1837315452856,127.75730186735557,91.91910693078432,131.42740937105737,109.96705982010435,1.0483745091884649,1.3898884152949575,134.62362790705555,117.33805826317646,136.2743697074973,135.06286919924636,117.77729955536729,136.71361099968811
CRR_1468,CRR,3.919777222377321,773.874036893079,295.45140148888845,178.54335147565985,313.1474290187107,223.401328690833,1.1026423076692047,1.6547880335335043,11.456765445627894,20.990579856629072,174.1856820614803,11.897296675674244,21.431111086675422,174.62621329152665
CRR_1469,CRR,5.050376411310554,831.0537683047667,260.1347058552575,249.59381941375617,310.88967022559103,253.5811302656066,1.0431873622639949,1.0422321613021495,36.88688591211341,34.84657462689694,177.89632134477014,37.377352987065265,35.3370417018488,178.386788419722
CRR_1470,CRR,10.335008440828494,1198.0596220747912,364.89508216551656,362.5392757540238,422.3097451976497,362.75255260348666,1.0512792238318673,1.006498072261531,11.569231028093991,16.835897286938096,51.83288911026301,12.115248377953007,17.381914636797113,52.378906460122025
CRR_1471,CRR,4.304787822560535,880.6908570593903,327.09827904254615,212.60995864373274,328.9129996245371,234.11591332881343,1.1974094476865196,1.5384899236571499,60.7968113246897,65.7430383043564,71.76449926127485,61.34420600985584,66.29043298952254,72.31189394644099
CMR_2128,CMR,1.9114776586612374,512.7298716946107,156.15100099486753,148.72134269482913,182.40809356741022,156.00541477414393,1.0461623228810566,1.049956907094927,110.77336518276972,121.30955293522167,85.34744900605556,111.43877194553231,121.97495969798426,86.01285576881814
CMR_2129,CMR,0.8294622980284967,343.38386394727314,110.83918539078887,90.01692885495329,118.77286263308808,102.76693041619882,1.0635958299789579,1.231314895994586,1.9615804905208694,132.73347816081716,1.059890736576456,2.625244161742893,133.39714183203918,1.72355440779848
CMR_2130,CMR,1.69224178569561,476.5396303637755,153.99047771281997,141.7047656562772,164.6156001692157,146.78655118235108,1.0333867393254568,1.0866993569316032,106.94059357908345,105.02727988432478,143.90490077915356,107.64582908997305,105.73251539521438,144.61013629004316
CRR_1472,CRR,2.8848896715806736,633.7171059155609,235.43220315618623,162.49146380656077,241.7731179609799,191.65478371422276,1.0525091831649065,1.448889668668739,39.0321534279496,42.54562426882077,55.696762914835816,39.51177738402198,43.02524822489315,56.176386870908196
CRR_1473,CRR,6.5468972902601115,968.3199071004552,340.8773362414425,244.31090415587616,364.39686425660193,288.7173102756164,1.0675695167858312,1.3952604261329027,24.082710577042498,44.4374539289089,23.739440026752376,24.520107506041136,44.87485085790754,24.176836955751014
CMR_2131,CMR,0.7869658579502279,332.67297328114205,111.15354601353432,97.66993565680951,113.93728322186203,100.09975278184582,1.0578757021740461,1.1380528231748122,43.946877170793044,21.415700414910596,64.4713076791666,44.62642689950112,22.09525014361867,65.15085740787467
CRR_1474,CRR,4.476170093261918,877.4215272702802,252.90394946029272,249.66014644049386,282.67827556632506,238.73074313338773,1.169903560868823,1.0129928747781618,103.22571608386887,68.27852963151358,19.947510955522045,103.67532298932981,68.72813653697452,20.397117860982988
